year,freq_desc,reference_period_desc,state_name,state_alpha,state_fips,short_desc,unit_desc,value
2015,MONTHLY,APR THRU JUN,ALASKA,AK,02,"CATTLE, COWS, MILK - INVENTORY, AVG, MEASURED IN HEAD",HEAD,300
2015,MONTHLY,JAN THRU MAR,ALASKA,AK,02,"CATTLE, COWS, MILK - INVENTORY, AVG, MEASURED IN HEAD",HEAD,300
2015,MONTHLY,JUL THRU SEP,ALASKA,AK,02,"CATTLE, COWS, MILK - INVENTORY, AVG, MEASURED IN HEAD",HEAD,300
2015,MONTHLY,OCT THRU DEC,ALASKA,AK,02,"CATTLE, COWS, MILK - INVENTORY, AVG, MEASURED IN HEAD",HEAD,300
2015,MONTHLY,APR THRU JUN,ALABAMA,AL,01,"CATTLE, COWS, MILK - INVENTORY, AVG, MEASURED IN HEAD",HEAD,"8,000"
2015,MONTHLY,JAN THRU MAR,ALABAMA,AL,01,"CATTLE, COWS, MILK - INVENTORY, AVG, MEASURED IN HEAD",HEAD,"8,000"
2015,MONTHLY,JUL THRU SEP,ALABAMA,AL,01,"CATTLE, COWS, MILK - INVENTORY, AVG, MEASURED IN HEAD",HEAD,"7,500"
2015,MONTHLY,OCT THRU DEC,ALABAMA,AL,01,"CATTLE, COWS, MILK - INVENTORY, AVG, MEASURED IN HEAD",HEAD,"7,000"
2015,MONTHLY,APR THRU JUN,ARKANSAS,AR,05,"CATTLE, COWS, MILK - INVENTORY, AVG, MEASURED IN HEAD",HEAD,"7,000"
2015,MONTHLY,JAN THRU MAR,ARKANSAS,AR,05,"CATTLE, COWS, MILK - INVENTORY, AVG, MEASURED IN HEAD",HEAD,"7,000"
2015,MONTHLY,JUL THRU SEP,ARKANSAS,AR,05,"CATTLE, COWS, MILK - INVENTORY, AVG, MEASURED IN HEAD",HEAD,"7,000"
2015,MONTHLY,OCT THRU DEC,ARKANSAS,AR,05,"CATTLE, COWS, MILK - INVENTORY, AVG, MEASURED IN HEAD",HEAD,"7,000"
2015,MONTHLY,APR,ARIZONA,AZ,04,"CATTLE, COWS, MILK - INVENTORY, AVG, MEASURED IN HEAD",HEAD,"199,000"
2015,MONTHLY,APR THRU JUN,ARIZONA,AZ,04,"CATTLE, COWS, MILK - INVENTORY, AVG, MEASURED IN HEAD",HEAD,"199,000"
2015,MONTHLY,AUG,ARIZONA,AZ,04,"CATTLE, COWS, MILK - INVENTORY, AVG, MEASURED IN HEAD",HEAD,"197,000"
2015,MONTHLY,DEC,ARIZONA,AZ,04,"CATTLE, COWS, MILK - INVENTORY, AVG, MEASURED IN HEAD",HEAD,"199,000"
2015,MONTHLY,FEB,ARIZONA,AZ,04,"CATTLE, COWS, MILK - INVENTORY, AVG, MEASURED IN HEAD",HEAD,"200,000"
2015,MONTHLY,JAN,ARIZONA,AZ,04,"CATTLE, COWS, MILK - INVENTORY, AVG, MEASURED IN HEAD",HEAD,"200,000"
2015,MONTHLY,JAN THRU MAR,ARIZONA,AZ,04,"CATTLE, COWS, MILK - INVENTORY, AVG, MEASURED IN HEAD",HEAD,"200,000"
2015,MONTHLY,JUL,ARIZONA,AZ,04,"CATTLE, COWS, MILK - INVENTORY, AVG, MEASURED IN HEAD",HEAD,"198,000"
2015,MONTHLY,JUL THRU SEP,ARIZONA,AZ,04,"CATTLE, COWS, MILK - INVENTORY, AVG, MEASURED IN HEAD",HEAD,"197,000"
2015,MONTHLY,JUN,ARIZONA,AZ,04,"CATTLE, COWS, MILK - INVENTORY, AVG, MEASURED IN HEAD",HEAD,"198,000"
2015,MONTHLY,MAR,ARIZONA,AZ,04,"CATTLE, COWS, MILK - INVENTORY, AVG, MEASURED IN HEAD",HEAD,"200,000"
2015,MONTHLY,MAY,ARIZONA,AZ,04,"CATTLE, COWS, MILK - INVENTORY, AVG, MEASURED IN HEAD",HEAD,"199,000"
2015,MONTHLY,NOV,ARIZONA,AZ,04,"CATTLE, COWS, MILK - INVENTORY, AVG, MEASURED IN HEAD",HEAD,"198,000"
2015,MONTHLY,OCT,ARIZONA,AZ,04,"CATTLE, COWS, MILK - INVENTORY, AVG, MEASURED IN HEAD",HEAD,"197,000"
2015,MONTHLY,OCT THRU DEC,ARIZONA,AZ,04,"CATTLE, COWS, MILK - INVENTORY, AVG, MEASURED IN HEAD",HEAD,"198,000"
2015,MONTHLY,SEP,ARIZONA,AZ,04,"CATTLE, COWS, MILK - INVENTORY, AVG, MEASURED IN HEAD",HEAD,"197,000"
2015,MONTHLY,APR,CALIFORNIA,CA,06,"CATTLE, COWS, MILK - INVENTORY, AVG, MEASURED IN HEAD",HEAD,"1,777,000"
2015,MONTHLY,APR THRU JUN,CALIFORNIA,CA,06,"CATTLE, COWS, MILK - INVENTORY, AVG, MEASURED IN HEAD",HEAD,"1,777,000"
2015,MONTHLY,AUG,CALIFORNIA,CA,06,"CATTLE, COWS, MILK - INVENTORY, AVG, MEASURED IN HEAD",HEAD,"1,776,000"
2015,MONTHLY,DEC,CALIFORNIA,CA,06,"CATTLE, COWS, MILK - INVENTORY, AVG, MEASURED IN HEAD",HEAD,"1,770,000"
2015,MONTHLY,FEB,CALIFORNIA,CA,06,"CATTLE, COWS, MILK - INVENTORY, AVG, MEASURED IN HEAD",HEAD,"1,779,000"
2015,MONTHLY,JAN,CALIFORNIA,CA,06,"CATTLE, COWS, MILK - INVENTORY, AVG, MEASURED IN HEAD",HEAD,"1,780,000"
2015,MONTHLY,JAN THRU MAR,CALIFORNIA,CA,06,"CATTLE, COWS, MILK - INVENTORY, AVG, MEASURED IN HEAD",HEAD,"1,779,000"
2015,MONTHLY,JUL,CALIFORNIA,CA,06,"CATTLE, COWS, MILK - INVENTORY, AVG, MEASURED IN HEAD",HEAD,"1,777,000"
2015,MONTHLY,JUL THRU SEP,CALIFORNIA,CA,06,"CATTLE, COWS, MILK - INVENTORY, AVG, MEASURED IN HEAD",HEAD,"1,776,000"
2015,MONTHLY,JUN,CALIFORNIA,CA,06,"CATTLE, COWS, MILK - INVENTORY, AVG, MEASURED IN HEAD",HEAD,"1,777,000"
2015,MONTHLY,MAR,CALIFORNIA,CA,06,"CATTLE, COWS, MILK - INVENTORY, AVG, MEASURED IN HEAD",HEAD,"1,778,000"
2015,MONTHLY,MAY,CALIFORNIA,CA,06,"CATTLE, COWS, MILK - INVENTORY, AVG, MEASURED IN HEAD",HEAD,"1,777,000"
2015,MONTHLY,NOV,CALIFORNIA,CA,06,"CATTLE, COWS, MILK - INVENTORY, AVG, MEASURED IN HEAD",HEAD,"1,771,000"
2015,MONTHLY,OCT,CALIFORNIA,CA,06,"CATTLE, COWS, MILK - INVENTORY, AVG, MEASURED IN HEAD",HEAD,"1,773,000"
2015,MONTHLY,OCT THRU DEC,CALIFORNIA,CA,06,"CATTLE, COWS, MILK - INVENTORY, AVG, MEASURED IN HEAD",HEAD,"1,771,000"
2015,MONTHLY,SEP,CALIFORNIA,CA,06,"CATTLE, COWS, MILK - INVENTORY, AVG, MEASURED IN HEAD",HEAD,"1,774,000"
2015,MONTHLY,APR,COLORADO,CO,08,"CATTLE, COWS, MILK - INVENTORY, AVG, MEASURED IN HEAD",HEAD,"148,000"
2015,MONTHLY,APR THRU JUN,COLORADO,CO,08,"CATTLE, COWS, MILK - INVENTORY, AVG, MEASURED IN HEAD",HEAD,"148,000"
2015,MONTHLY,AUG,COLORADO,CO,08,"CATTLE, COWS, MILK - INVENTORY, AVG, MEASURED IN HEAD",HEAD,"148,000"
2015,MONTHLY,DEC,COLORADO,CO,08,"CATTLE, COWS, MILK - INVENTORY, AVG, MEASURED IN HEAD",HEAD,"149,000"
2015,MONTHLY,FEB,COLORADO,CO,08,"CATTLE, COWS, MILK - INVENTORY, AVG, MEASURED IN HEAD",HEAD,"147,000"
2015,MONTHLY,JAN,COLORADO,CO,08,"CATTLE, COWS, MILK - INVENTORY, AVG, MEASURED IN HEAD",HEAD,"146,000"
2015,MONTHLY,JAN THRU MAR,COLORADO,CO,08,"CATTLE, COWS, MILK - INVENTORY, AVG, MEASURED IN HEAD",HEAD,"147,000"
2015,MONTHLY,JUL,COLORADO,CO,08,"CATTLE, COWS, MILK - INVENTORY, AVG, MEASURED IN HEAD",HEAD,"148,000"
2015,MONTHLY,JUL THRU SEP,COLORADO,CO,08,"CATTLE, COWS, MILK - INVENTORY, AVG, MEASURED IN HEAD",HEAD,"148,000"
2015,MONTHLY,JUN,COLORADO,CO,08,"CATTLE, COWS, MILK - INVENTORY, AVG, MEASURED IN HEAD",HEAD,"148,000"
2015,MONTHLY,MAR,COLORADO,CO,08,"CATTLE, COWS, MILK - INVENTORY, AVG, MEASURED IN HEAD",HEAD,"147,000"
2015,MONTHLY,MAY,COLORADO,CO,08,"CATTLE, COWS, MILK - INVENTORY, AVG, MEASURED IN HEAD",HEAD,"148,000"
2015,MONTHLY,NOV,COLORADO,CO,08,"CATTLE, COWS, MILK - INVENTORY, AVG, MEASURED IN HEAD",HEAD,"149,000"
2015,MONTHLY,OCT,COLORADO,CO,08,"CATTLE, COWS, MILK - INVENTORY, AVG, MEASURED IN HEAD",HEAD,"149,000"
2015,MONTHLY,OCT THRU DEC,COLORADO,CO,08,"CATTLE, COWS, MILK - INVENTORY, AVG, MEASURED IN HEAD",HEAD,"149,000"
2015,MONTHLY,SEP,COLORADO,CO,08,"CATTLE, COWS, MILK - INVENTORY, AVG, MEASURED IN HEAD",HEAD,"149,000"
2015,MONTHLY,APR THRU JUN,CONNECTICUT,CT,09,"CATTLE, COWS, MILK - INVENTORY, AVG, MEASURED IN HEAD",HEAD,"19,500"
2015,MONTHLY,JAN THRU MAR,CONNECTICUT,CT,09,"CATTLE, COWS, MILK - INVENTORY, AVG, MEASURED IN HEAD",HEAD,"19,000"
2015,MONTHLY,JUL THRU SEP,CONNECTICUT,CT,09,"CATTLE, COWS, MILK - INVENTORY, AVG, MEASURED IN HEAD",HEAD,"19,500"
2015,MONTHLY,OCT THRU DEC,CONNECTICUT,CT,09,"CATTLE, COWS, MILK - INVENTORY, AVG, MEASURED IN HEAD",HEAD,"19,000"
2015,MONTHLY,APR THRU JUN,DELAWARE,DE,10,"CATTLE, COWS, MILK - INVENTORY, AVG, MEASURED IN HEAD",HEAD,"5,000"
2015,MONTHLY,JAN THRU MAR,DELAWARE,DE,10,"CATTLE, COWS, MILK - INVENTORY, AVG, MEASURED IN HEAD",HEAD,"5,000"
2015,MONTHLY,JUL THRU SEP,DELAWARE,DE,10,"CATTLE, COWS, MILK - INVENTORY, AVG, MEASURED IN HEAD",HEAD,"5,000"
2015,MONTHLY,OCT THRU DEC,DELAWARE,DE,10,"CATTLE, COWS, MILK - INVENTORY, AVG, MEASURED IN HEAD",HEAD,"5,000"
2015,MONTHLY,APR,FLORIDA,FL,12,"CATTLE, COWS, MILK - INVENTORY, AVG, MEASURED IN HEAD",HEAD,"125,000"
2015,MONTHLY,APR THRU JUN,FLORIDA,FL,12,"CATTLE, COWS, MILK - INVENTORY, AVG, MEASURED IN HEAD",HEAD,"125,000"
2015,MONTHLY,AUG,FLORIDA,FL,12,"CATTLE, COWS, MILK - INVENTORY, AVG, MEASURED IN HEAD",HEAD,"125,000"
2015,MONTHLY,DEC,FLORIDA,FL,12,"CATTLE, COWS, MILK - INVENTORY, AVG, MEASURED IN HEAD",HEAD,"125,000"
2015,MONTHLY,FEB,FLORIDA,FL,12,"CATTLE, COWS, MILK - INVENTORY, AVG, MEASURED IN HEAD",HEAD,"124,000"
2015,MONTHLY,JAN,FLORIDA,FL,12,"CATTLE, COWS, MILK - INVENTORY, AVG, MEASURED IN HEAD",HEAD,"124,000"
2015,MONTHLY,JAN THRU MAR,FLORIDA,FL,12,"CATTLE, COWS, MILK - INVENTORY, AVG, MEASURED IN HEAD",HEAD,"124,000"
2015,MONTHLY,JUL,FLORIDA,FL,12,"CATTLE, COWS, MILK - INVENTORY, AVG, MEASURED IN HEAD",HEAD,"125,000"
2015,MONTHLY,JUL THRU SEP,FLORIDA,FL,12,"CATTLE, COWS, MILK - INVENTORY, AVG, MEASURED IN HEAD",HEAD,"125,000"
2015,MONTHLY,JUN,FLORIDA,FL,12,"CATTLE, COWS, MILK - INVENTORY, AVG, MEASURED IN HEAD",HEAD,"125,000"
2015,MONTHLY,MAR,FLORIDA,FL,12,"CATTLE, COWS, MILK - INVENTORY, AVG, MEASURED IN HEAD",HEAD,"125,000"
2015,MONTHLY,MAY,FLORIDA,FL,12,"CATTLE, COWS, MILK - INVENTORY, AVG, MEASURED IN HEAD",HEAD,"125,000"
2015,MONTHLY,NOV,FLORIDA,FL,12,"CATTLE, COWS, MILK - INVENTORY, AVG, MEASURED IN HEAD",HEAD,"125,000"
2015,MONTHLY,OCT,FLORIDA,FL,12,"CATTLE, COWS, MILK - INVENTORY, AVG, MEASURED IN HEAD",HEAD,"125,000"
2015,MONTHLY,OCT THRU DEC,FLORIDA,FL,12,"CATTLE, COWS, MILK - INVENTORY, AVG, MEASURED IN HEAD",HEAD,"125,000"
2015,MONTHLY,SEP,FLORIDA,FL,12,"CATTLE, COWS, MILK - INVENTORY, AVG, MEASURED IN HEAD",HEAD,"125,000"
2015,MONTHLY,APR THRU JUN,GEORGIA,GA,13,"CATTLE, COWS, MILK - INVENTORY, AVG, MEASURED IN HEAD",HEAD,"82,000"
2015,MONTHLY,JAN THRU MAR,GEORGIA,GA,13,"CATTLE, COWS, MILK - INVENTORY, AVG, MEASURED IN HEAD",HEAD,"81,000"
2015,MONTHLY,JUL THRU SEP,GEORGIA,GA,13,"CATTLE, COWS, MILK - INVENTORY, AVG, MEASURED IN HEAD",HEAD,"84,000"
2015,MONTHLY,OCT THRU DEC,GEORGIA,GA,13,"CATTLE, COWS, MILK - INVENTORY, AVG, MEASURED IN HEAD",HEAD,"85,000"
2015,MONTHLY,APR THRU JUN,HAWAII,HI,15,"CATTLE, COWS, MILK - INVENTORY, AVG, MEASURED IN HEAD",HEAD,"2,300"
2015,MONTHLY,JAN THRU MAR,HAWAII,HI,15,"CATTLE, COWS, MILK - INVENTORY, AVG, MEASURED IN HEAD",HEAD,"2,200"
2015,MONTHLY,JUL THRU SEP,HAWAII,HI,15,"CATTLE, COWS, MILK - INVENTORY, AVG, MEASURED IN HEAD",HEAD,"2,200"
2015,MONTHLY,OCT THRU DEC,HAWAII,HI,15,"CATTLE, COWS, MILK - INVENTORY, AVG, MEASURED IN HEAD",HEAD,"2,200"
2015,MONTHLY,APR,IOWA,IA,19,"CATTLE, COWS, MILK - INVENTORY, AVG, MEASURED IN HEAD",HEAD,"212,000"
2015,MONTHLY,APR THRU JUN,IOWA,IA,19,"CATTLE, COWS, MILK - INVENTORY, AVG, MEASURED IN HEAD",HEAD,"212,000"
2015,MONTHLY,AUG,IOWA,IA,19,"CATTLE, COWS, MILK - INVENTORY, AVG, MEASURED IN HEAD",HEAD,"211,000"
2015,MONTHLY,DEC,IOWA,IA,19,"CATTLE, COWS, MILK - INVENTORY, AVG, MEASURED IN HEAD",HEAD,"210,000"
2015,MONTHLY,FEB,IOWA,IA,19,"CATTLE, COWS, MILK - INVENTORY, AVG, MEASURED IN HEAD",HEAD,"211,000"
2015,MONTHLY,JAN,IOWA,IA,19,"CATTLE, COWS, MILK - INVENTORY, AVG, MEASURED IN HEAD",HEAD,"211,000"
2015,MONTHLY,JAN THRU MAR,IOWA,IA,19,"CATTLE, COWS, MILK - INVENTORY, AVG, MEASURED IN HEAD",HEAD,"211,000"
2015,MONTHLY,JUL,IOWA,IA,19,"CATTLE, COWS, MILK - INVENTORY, AVG, MEASURED IN HEAD",HEAD,"211,000"
2015,MONTHLY,JUL THRU SEP,IOWA,IA,19,"CATTLE, COWS, MILK - INVENTORY, AVG, MEASURED IN HEAD",HEAD,"211,000"
2015,MONTHLY,JUN,IOWA,IA,19,"CATTLE, COWS, MILK - INVENTORY, AVG, MEASURED IN HEAD",HEAD,"212,000"
2015,MONTHLY,MAR,IOWA,IA,19,"CATTLE, COWS, MILK - INVENTORY, AVG, MEASURED IN HEAD",HEAD,"211,000"
2015,MONTHLY,MAY,IOWA,IA,19,"CATTLE, COWS, MILK - INVENTORY, AVG, MEASURED IN HEAD",HEAD,"212,000"
2015,MONTHLY,NOV,IOWA,IA,19,"CATTLE, COWS, MILK - INVENTORY, AVG, MEASURED IN HEAD",HEAD,"210,000"
2015,MONTHLY,OCT,IOWA,IA,19,"CATTLE, COWS, MILK - INVENTORY, AVG, MEASURED IN HEAD",HEAD,"210,000"
2015,MONTHLY,OCT THRU DEC,IOWA,IA,19,"CATTLE, COWS, MILK - INVENTORY, AVG, MEASURED IN HEAD",HEAD,"210,000"
2015,MONTHLY,SEP,IOWA,IA,19,"CATTLE, COWS, MILK - INVENTORY, AVG, MEASURED IN HEAD",HEAD,"210,000"
2015,MONTHLY,APR,IDAHO,ID,16,"CATTLE, COWS, MILK - INVENTORY, AVG, MEASURED IN HEAD",HEAD,"585,000"
2015,MONTHLY,APR THRU JUN,IDAHO,ID,16,"CATTLE, COWS, MILK - INVENTORY, AVG, MEASURED IN HEAD",HEAD,"586,000"
2015,MONTHLY,AUG,IDAHO,ID,16,"CATTLE, COWS, MILK - INVENTORY, AVG, MEASURED IN HEAD",HEAD,"586,000"
2015,MONTHLY,DEC,IDAHO,ID,16,"CATTLE, COWS, MILK - INVENTORY, AVG, MEASURED IN HEAD",HEAD,"587,000"
2015,MONTHLY,FEB,IDAHO,ID,16,"CATTLE, COWS, MILK - INVENTORY, AVG, MEASURED IN HEAD",HEAD,"581,000"
2015,MONTHLY,JAN,IDAHO,ID,16,"CATTLE, COWS, MILK - INVENTORY, AVG, MEASURED IN HEAD",HEAD,"580,000"
2015,MONTHLY,JAN THRU MAR,IDAHO,ID,16,"CATTLE, COWS, MILK - INVENTORY, AVG, MEASURED IN HEAD",HEAD,"581,000"
2015,MONTHLY,JUL,IDAHO,ID,16,"CATTLE, COWS, MILK - INVENTORY, AVG, MEASURED IN HEAD",HEAD,"586,000"
2015,MONTHLY,JUL THRU SEP,IDAHO,ID,16,"CATTLE, COWS, MILK - INVENTORY, AVG, MEASURED IN HEAD",HEAD,"586,000"
2015,MONTHLY,JUN,IDAHO,ID,16,"CATTLE, COWS, MILK - INVENTORY, AVG, MEASURED IN HEAD",HEAD,"586,000"
2015,MONTHLY,MAR,IDAHO,ID,16,"CATTLE, COWS, MILK - INVENTORY, AVG, MEASURED IN HEAD",HEAD,"583,000"
2015,MONTHLY,MAY,IDAHO,ID,16,"CATTLE, COWS, MILK - INVENTORY, AVG, MEASURED IN HEAD",HEAD,"586,000"
2015,MONTHLY,NOV,IDAHO,ID,16,"CATTLE, COWS, MILK - INVENTORY, AVG, MEASURED IN HEAD",HEAD,"587,000"
2015,MONTHLY,OCT,IDAHO,ID,16,"CATTLE, COWS, MILK - INVENTORY, AVG, MEASURED IN HEAD",HEAD,"587,000"
2015,MONTHLY,OCT THRU DEC,IDAHO,ID,16,"CATTLE, COWS, MILK - INVENTORY, AVG, MEASURED IN HEAD",HEAD,"587,000"
2015,MONTHLY,SEP,IDAHO,ID,16,"CATTLE, COWS, MILK - INVENTORY, AVG, MEASURED IN HEAD",HEAD,"587,000"
2015,MONTHLY,APR,ILLINOIS,IL,17,"CATTLE, COWS, MILK - INVENTORY, AVG, MEASURED IN HEAD",HEAD,"95,000"
2015,MONTHLY,APR THRU JUN,ILLINOIS,IL,17,"CATTLE, COWS, MILK - INVENTORY, AVG, MEASURED IN HEAD",HEAD,"95,000"
2015,MONTHLY,AUG,ILLINOIS,IL,17,"CATTLE, COWS, MILK - INVENTORY, AVG, MEASURED IN HEAD",HEAD,"94,000"
2015,MONTHLY,DEC,ILLINOIS,IL,17,"CATTLE, COWS, MILK - INVENTORY, AVG, MEASURED IN HEAD",HEAD,"94,000"
2015,MONTHLY,FEB,ILLINOIS,IL,17,"CATTLE, COWS, MILK - INVENTORY, AVG, MEASURED IN HEAD",HEAD,"95,000"
2015,MONTHLY,JAN,ILLINOIS,IL,17,"CATTLE, COWS, MILK - INVENTORY, AVG, MEASURED IN HEAD",HEAD,"95,000"
2015,MONTHLY,JAN THRU MAR,ILLINOIS,IL,17,"CATTLE, COWS, MILK - INVENTORY, AVG, MEASURED IN HEAD",HEAD,"95,000"
2015,MONTHLY,JUL,ILLINOIS,IL,17,"CATTLE, COWS, MILK - INVENTORY, AVG, MEASURED IN HEAD",HEAD,"94,000"
2015,MONTHLY,JUL THRU SEP,ILLINOIS,IL,17,"CATTLE, COWS, MILK - INVENTORY, AVG, MEASURED IN HEAD",HEAD,"94,000"
2015,MONTHLY,JUN,ILLINOIS,IL,17,"CATTLE, COWS, MILK - INVENTORY, AVG, MEASURED IN HEAD",HEAD,"94,000"
2015,MONTHLY,MAR,ILLINOIS,IL,17,"CATTLE, COWS, MILK - INVENTORY, AVG, MEASURED IN HEAD",HEAD,"95,000"
2015,MONTHLY,MAY,ILLINOIS,IL,17,"CATTLE, COWS, MILK - INVENTORY, AVG, MEASURED IN HEAD",HEAD,"95,000"
2015,MONTHLY,NOV,ILLINOIS,IL,17,"CATTLE, COWS, MILK - INVENTORY, AVG, MEASURED IN HEAD",HEAD,"94,000"
2015,MONTHLY,OCT,ILLINOIS,IL,17,"CATTLE, COWS, MILK - INVENTORY, AVG, MEASURED IN HEAD",HEAD,"94,000"
2015,MONTHLY,OCT THRU DEC,ILLINOIS,IL,17,"CATTLE, COWS, MILK - INVENTORY, AVG, MEASURED IN HEAD",HEAD,"94,000"
2015,MONTHLY,SEP,ILLINOIS,IL,17,"CATTLE, COWS, MILK - INVENTORY, AVG, MEASURED IN HEAD",HEAD,"94,000"
2015,MONTHLY,APR,INDIANA,IN,18,"CATTLE, COWS, MILK - INVENTORY, AVG, MEASURED IN HEAD",HEAD,"181,000"
2015,MONTHLY,APR THRU JUN,INDIANA,IN,18,"CATTLE, COWS, MILK - INVENTORY, AVG, MEASURED IN HEAD",HEAD,"181,000"
2015,MONTHLY,AUG,INDIANA,IN,18,"CATTLE, COWS, MILK - INVENTORY, AVG, MEASURED IN HEAD",HEAD,"182,000"
2015,MONTHLY,DEC,INDIANA,IN,18,"CATTLE, COWS, MILK - INVENTORY, AVG, MEASURED IN HEAD",HEAD,"184,000"
2015,MONTHLY,FEB,INDIANA,IN,18,"CATTLE, COWS, MILK - INVENTORY, AVG, MEASURED IN HEAD",HEAD,"181,000"
2015,MONTHLY,JAN,INDIANA,IN,18,"CATTLE, COWS, MILK - INVENTORY, AVG, MEASURED IN HEAD",HEAD,"181,000"
2015,MONTHLY,JAN THRU MAR,INDIANA,IN,18,"CATTLE, COWS, MILK - INVENTORY, AVG, MEASURED IN HEAD",HEAD,"181,000"
2015,MONTHLY,JUL,INDIANA,IN,18,"CATTLE, COWS, MILK - INVENTORY, AVG, MEASURED IN HEAD",HEAD,"182,000"
2015,MONTHLY,JUL THRU SEP,INDIANA,IN,18,"CATTLE, COWS, MILK - INVENTORY, AVG, MEASURED IN HEAD",HEAD,"182,000"
2015,MONTHLY,JUN,INDIANA,IN,18,"CATTLE, COWS, MILK - INVENTORY, AVG, MEASURED IN HEAD",HEAD,"181,000"
2015,MONTHLY,MAR,INDIANA,IN,18,"CATTLE, COWS, MILK - INVENTORY, AVG, MEASURED IN HEAD",HEAD,"181,000"
2015,MONTHLY,MAY,INDIANA,IN,18,"CATTLE, COWS, MILK - INVENTORY, AVG, MEASURED IN HEAD",HEAD,"181,000"
2015,MONTHLY,NOV,INDIANA,IN,18,"CATTLE, COWS, MILK - INVENTORY, AVG, MEASURED IN HEAD",HEAD,"184,000"
2015,MONTHLY,OCT,INDIANA,IN,18,"CATTLE, COWS, MILK - INVENTORY, AVG, MEASURED IN HEAD",HEAD,"183,000"
2015,MONTHLY,OCT THRU DEC,INDIANA,IN,18,"CATTLE, COWS, MILK - INVENTORY, AVG, MEASURED IN HEAD",HEAD,"184,000"
2015,MONTHLY,SEP,INDIANA,IN,18,"CATTLE, COWS, MILK - INVENTORY, AVG, MEASURED IN HEAD",HEAD,"183,000"
2015,MONTHLY,APR,KANSAS,KS,20,"CATTLE, COWS, MILK - INVENTORY, AVG, MEASURED IN HEAD",HEAD,"144,000"
2015,MONTHLY,APR THRU JUN,KANSAS,KS,20,"CATTLE, COWS, MILK - INVENTORY, AVG, MEASURED IN HEAD",HEAD,"144,000"
2015,MONTHLY,AUG,KANSAS,KS,20,"CATTLE, COWS, MILK - INVENTORY, AVG, MEASURED IN HEAD",HEAD,"143,000"
2015,MONTHLY,DEC,KANSAS,KS,20,"CATTLE, COWS, MILK - INVENTORY, AVG, MEASURED IN HEAD",HEAD,"142,000"
2015,MONTHLY,FEB,KANSAS,KS,20,"CATTLE, COWS, MILK - INVENTORY, AVG, MEASURED IN HEAD",HEAD,"143,000"
2015,MONTHLY,JAN,KANSAS,KS,20,"CATTLE, COWS, MILK - INVENTORY, AVG, MEASURED IN HEAD",HEAD,"143,000"
2015,MONTHLY,JAN THRU MAR,KANSAS,KS,20,"CATTLE, COWS, MILK - INVENTORY, AVG, MEASURED IN HEAD",HEAD,"143,000"
2015,MONTHLY,JUL,KANSAS,KS,20,"CATTLE, COWS, MILK - INVENTORY, AVG, MEASURED IN HEAD",HEAD,"143,000"
2015,MONTHLY,JUL THRU SEP,KANSAS,KS,20,"CATTLE, COWS, MILK - INVENTORY, AVG, MEASURED IN HEAD",HEAD,"143,000"
2015,MONTHLY,JUN,KANSAS,KS,20,"CATTLE, COWS, MILK - INVENTORY, AVG, MEASURED IN HEAD",HEAD,"143,000"
2015,MONTHLY,MAR,KANSAS,KS,20,"CATTLE, COWS, MILK - INVENTORY, AVG, MEASURED IN HEAD",HEAD,"144,000"
2015,MONTHLY,MAY,KANSAS,KS,20,"CATTLE, COWS, MILK - INVENTORY, AVG, MEASURED IN HEAD",HEAD,"144,000"
2015,MONTHLY,NOV,KANSAS,KS,20,"CATTLE, COWS, MILK - INVENTORY, AVG, MEASURED IN HEAD",HEAD,"142,000"
2015,MONTHLY,OCT,KANSAS,KS,20,"CATTLE, COWS, MILK - INVENTORY, AVG, MEASURED IN HEAD",HEAD,"142,000"
2015,MONTHLY,OCT THRU DEC,KANSAS,KS,20,"CATTLE, COWS, MILK - INVENTORY, AVG, MEASURED IN HEAD",HEAD,"142,000"
2015,MONTHLY,SEP,KANSAS,KS,20,"CATTLE, COWS, MILK - INVENTORY, AVG, MEASURED IN HEAD",HEAD,"143,000"
2015,MONTHLY,APR THRU JUN,KENTUCKY,KY,21,"CATTLE, COWS, MILK - INVENTORY, AVG, MEASURED IN HEAD",HEAD,"62,000"
2015,MONTHLY,JAN THRU MAR,KENTUCKY,KY,21,"CATTLE, COWS, MILK - INVENTORY, AVG, MEASURED IN HEAD",HEAD,"63,000"
2015,MONTHLY,JUL THRU SEP,KENTUCKY,KY,21,"CATTLE, COWS, MILK - INVENTORY, AVG, MEASURED IN HEAD",HEAD,"60,000"
2015,MONTHLY,OCT THRU DEC,KENTUCKY,KY,21,"CATTLE, COWS, MILK - INVENTORY, AVG, MEASURED IN HEAD",HEAD,"60,000"
2015,MONTHLY,APR THRU JUN,LOUISIANA,LA,22,"CATTLE, COWS, MILK - INVENTORY, AVG, MEASURED IN HEAD",HEAD,"14,000"
2015,MONTHLY,JAN THRU MAR,LOUISIANA,LA,22,"CATTLE, COWS, MILK - INVENTORY, AVG, MEASURED IN HEAD",HEAD,"14,000"
2015,MONTHLY,JUL THRU SEP,LOUISIANA,LA,22,"CATTLE, COWS, MILK - INVENTORY, AVG, MEASURED IN HEAD",HEAD,"13,000"
2015,MONTHLY,OCT THRU DEC,LOUISIANA,LA,22,"CATTLE, COWS, MILK - INVENTORY, AVG, MEASURED IN HEAD",HEAD,"13,000"
2015,MONTHLY,APR THRU JUN,MASSACHUSETTS,MA,25,"CATTLE, COWS, MILK - INVENTORY, AVG, MEASURED IN HEAD",HEAD,"12,000"
2015,MONTHLY,JAN THRU MAR,MASSACHUSETTS,MA,25,"CATTLE, COWS, MILK - INVENTORY, AVG, MEASURED IN HEAD",HEAD,"12,000"
2015,MONTHLY,JUL THRU SEP,MASSACHUSETTS,MA,25,"CATTLE, COWS, MILK - INVENTORY, AVG, MEASURED IN HEAD",HEAD,"12,000"
2015,MONTHLY,OCT THRU DEC,MASSACHUSETTS,MA,25,"CATTLE, COWS, MILK - INVENTORY, AVG, MEASURED IN HEAD",HEAD,"12,000"
2015,MONTHLY,APR THRU JUN,MARYLAND,MD,24,"CATTLE, COWS, MILK - INVENTORY, AVG, MEASURED IN HEAD",HEAD,"49,000"
2015,MONTHLY,JAN THRU MAR,MARYLAND,MD,24,"CATTLE, COWS, MILK - INVENTORY, AVG, MEASURED IN HEAD",HEAD,"49,000"
2015,MONTHLY,JUL THRU SEP,MARYLAND,MD,24,"CATTLE, COWS, MILK - INVENTORY, AVG, MEASURED IN HEAD",HEAD,"49,000"
2015,MONTHLY,OCT THRU DEC,MARYLAND,MD,24,"CATTLE, COWS, MILK - INVENTORY, AVG, MEASURED IN HEAD",HEAD,"49,000"
2015,MONTHLY,APR THRU JUN,MAINE,ME,23,"CATTLE, COWS, MILK - INVENTORY, AVG, MEASURED IN HEAD",HEAD,"30,000"
2015,MONTHLY,JAN THRU MAR,MAINE,ME,23,"CATTLE, COWS, MILK - INVENTORY, AVG, MEASURED IN HEAD",HEAD,"30,000"
2015,MONTHLY,JUL THRU SEP,MAINE,ME,23,"CATTLE, COWS, MILK - INVENTORY, AVG, MEASURED IN HEAD",HEAD,"30,000"
2015,MONTHLY,OCT THRU DEC,MAINE,ME,23,"CATTLE, COWS, MILK - INVENTORY, AVG, MEASURED IN HEAD",HEAD,"30,000"
2015,MONTHLY,APR,MICHIGAN,MI,26,"CATTLE, COWS, MILK - INVENTORY, AVG, MEASURED IN HEAD",HEAD,"404,000"
2015,MONTHLY,APR THRU JUN,MICHIGAN,MI,26,"CATTLE, COWS, MILK - INVENTORY, AVG, MEASURED IN HEAD",HEAD,"406,000"
2015,MONTHLY,AUG,MICHIGAN,MI,26,"CATTLE, COWS, MILK - INVENTORY, AVG, MEASURED IN HEAD",HEAD,"410,000"
2015,MONTHLY,DEC,MICHIGAN,MI,26,"CATTLE, COWS, MILK - INVENTORY, AVG, MEASURED IN HEAD",HEAD,"412,000"
2015,MONTHLY,FEB,MICHIGAN,MI,26,"CATTLE, COWS, MILK - INVENTORY, AVG, MEASURED IN HEAD",HEAD,"403,000"
2015,MONTHLY,JAN,MICHIGAN,MI,26,"CATTLE, COWS, MILK - INVENTORY, AVG, MEASURED IN HEAD",HEAD,"403,000"
2015,MONTHLY,JAN THRU MAR,MICHIGAN,MI,26,"CATTLE, COWS, MILK - INVENTORY, AVG, MEASURED IN HEAD",HEAD,"403,000"
2015,MONTHLY,JUL,MICHIGAN,MI,26,"CATTLE, COWS, MILK - INVENTORY, AVG, MEASURED IN HEAD",HEAD,"409,000"
2015,MONTHLY,JUL THRU SEP,MICHIGAN,MI,26,"CATTLE, COWS, MILK - INVENTORY, AVG, MEASURED IN HEAD",HEAD,"410,000"
2015,MONTHLY,JUN,MICHIGAN,MI,26,"CATTLE, COWS, MILK - INVENTORY, AVG, MEASURED IN HEAD",HEAD,"408,000"
2015,MONTHLY,MAR,MICHIGAN,MI,26,"CATTLE, COWS, MILK - INVENTORY, AVG, MEASURED IN HEAD",HEAD,"403,000"
2015,MONTHLY,MAY,MICHIGAN,MI,26,"CATTLE, COWS, MILK - INVENTORY, AVG, MEASURED IN HEAD",HEAD,"407,000"
2015,MONTHLY,NOV,MICHIGAN,MI,26,"CATTLE, COWS, MILK - INVENTORY, AVG, MEASURED IN HEAD",HEAD,"411,000"
2015,MONTHLY,OCT,MICHIGAN,MI,26,"CATTLE, COWS, MILK - INVENTORY, AVG, MEASURED IN HEAD",HEAD,"410,000"
2015,MONTHLY,OCT THRU DEC,MICHIGAN,MI,26,"CATTLE, COWS, MILK - INVENTORY, AVG, MEASURED IN HEAD",HEAD,"411,000"
2015,MONTHLY,SEP,MICHIGAN,MI,26,"CATTLE, COWS, MILK - INVENTORY, AVG, MEASURED IN HEAD",HEAD,"410,000"
2015,MONTHLY,APR,MINNESOTA,MN,27,"CATTLE, COWS, MILK - INVENTORY, AVG, MEASURED IN HEAD",HEAD,"460,000"
2015,MONTHLY,APR THRU JUN,MINNESOTA,MN,27,"CATTLE, COWS, MILK - INVENTORY, AVG, MEASURED IN HEAD",HEAD,"460,000"
2015,MONTHLY,AUG,MINNESOTA,MN,27,"CATTLE, COWS, MILK - INVENTORY, AVG, MEASURED IN HEAD",HEAD,"460,000"
2015,MONTHLY,DEC,MINNESOTA,MN,27,"CATTLE, COWS, MILK - INVENTORY, AVG, MEASURED IN HEAD",HEAD,"460,000"
2015,MONTHLY,FEB,MINNESOTA,MN,27,"CATTLE, COWS, MILK - INVENTORY, AVG, MEASURED IN HEAD",HEAD,"460,000"
2015,MONTHLY,JAN,MINNESOTA,MN,27,"CATTLE, COWS, MILK - INVENTORY, AVG, MEASURED IN HEAD",HEAD,"460,000"
2015,MONTHLY,JAN THRU MAR,MINNESOTA,MN,27,"CATTLE, COWS, MILK - INVENTORY, AVG, MEASURED IN HEAD",HEAD,"460,000"
2015,MONTHLY,JUL,MINNESOTA,MN,27,"CATTLE, COWS, MILK - INVENTORY, AVG, MEASURED IN HEAD",HEAD,"460,000"
2015,MONTHLY,JUL THRU SEP,MINNESOTA,MN,27,"CATTLE, COWS, MILK - INVENTORY, AVG, MEASURED IN HEAD",HEAD,"460,000"
2015,MONTHLY,JUN,MINNESOTA,MN,27,"CATTLE, COWS, MILK - INVENTORY, AVG, MEASURED IN HEAD",HEAD,"460,000"
2015,MONTHLY,MAR,MINNESOTA,MN,27,"CATTLE, COWS, MILK - INVENTORY, AVG, MEASURED IN HEAD",HEAD,"460,000"
2015,MONTHLY,MAY,MINNESOTA,MN,27,"CATTLE, COWS, MILK - INVENTORY, AVG, MEASURED IN HEAD",HEAD,"460,000"
2015,MONTHLY,NOV,MINNESOTA,MN,27,"CATTLE, COWS, MILK - INVENTORY, AVG, MEASURED IN HEAD",HEAD,"460,000"
2015,MONTHLY,OCT,MINNESOTA,MN,27,"CATTLE, COWS, MILK - INVENTORY, AVG, MEASURED IN HEAD",HEAD,"460,000"
2015,MONTHLY,OCT THRU DEC,MINNESOTA,MN,27,"CATTLE, COWS, MILK - INVENTORY, AVG, MEASURED IN HEAD",HEAD,"460,000"
2015,MONTHLY,SEP,MINNESOTA,MN,27,"CATTLE, COWS, MILK - INVENTORY, AVG, MEASURED IN HEAD",HEAD,"460,000"
2015,MONTHLY,APR THRU JUN,MISSOURI,MO,29,"CATTLE, COWS, MILK - INVENTORY, AVG, MEASURED IN HEAD",HEAD,"89,000"
2015,MONTHLY,JAN THRU MAR,MISSOURI,MO,29,"CATTLE, COWS, MILK - INVENTORY, AVG, MEASURED IN HEAD",HEAD,"88,000"
2015,MONTHLY,JUL THRU SEP,MISSOURI,MO,29,"CATTLE, COWS, MILK - INVENTORY, AVG, MEASURED IN HEAD",HEAD,"87,000"
2015,MONTHLY,OCT THRU DEC,MISSOURI,MO,29,"CATTLE, COWS, MILK - INVENTORY, AVG, MEASURED IN HEAD",HEAD,"86,000"
2015,MONTHLY,APR THRU JUN,MISSISSIPPI,MS,28,"CATTLE, COWS, MILK - INVENTORY, AVG, MEASURED IN HEAD",HEAD,"12,000"
2015,MONTHLY,JAN THRU MAR,MISSISSIPPI,MS,28,"CATTLE, COWS, MILK - INVENTORY, AVG, MEASURED IN HEAD",HEAD,"12,000"
2015,MONTHLY,JUL THRU SEP,MISSISSIPPI,MS,28,"CATTLE, COWS, MILK - INVENTORY, AVG, MEASURED IN HEAD",HEAD,"10,500"
2015,MONTHLY,OCT THRU DEC,MISSISSIPPI,MS,28,"CATTLE, COWS, MILK - INVENTORY, AVG, MEASURED IN HEAD",HEAD,"10,000"
2015,MONTHLY,APR THRU JUN,MONTANA,MT,30,"CATTLE, COWS, MILK - INVENTORY, AVG, MEASURED IN HEAD",HEAD,"14,000"
2015,MONTHLY,JAN THRU MAR,MONTANA,MT,30,"CATTLE, COWS, MILK - INVENTORY, AVG, MEASURED IN HEAD",HEAD,"14,000"
2015,MONTHLY,JUL THRU SEP,MONTANA,MT,30,"CATTLE, COWS, MILK - INVENTORY, AVG, MEASURED IN HEAD",HEAD,"14,000"
2015,MONTHLY,OCT THRU DEC,MONTANA,MT,30,"CATTLE, COWS, MILK - INVENTORY, AVG, MEASURED IN HEAD",HEAD,"14,000"
2015,MONTHLY,APR THRU JUN,NORTH CAROLINA,NC,37,"CATTLE, COWS, MILK - INVENTORY, AVG, MEASURED IN HEAD",HEAD,"46,000"
2015,MONTHLY,JAN THRU MAR,NORTH CAROLINA,NC,37,"CATTLE, COWS, MILK - INVENTORY, AVG, MEASURED IN HEAD",HEAD,"47,000"
2015,MONTHLY,JUL THRU SEP,NORTH CAROLINA,NC,37,"CATTLE, COWS, MILK - INVENTORY, AVG, MEASURED IN HEAD",HEAD,"46,000"
2015,MONTHLY,OCT THRU DEC,NORTH CAROLINA,NC,37,"CATTLE, COWS, MILK - INVENTORY, AVG, MEASURED IN HEAD",HEAD,"47,000"
2015,MONTHLY,APR THRU JUN,NORTH DAKOTA,ND,38,"CATTLE, COWS, MILK - INVENTORY, AVG, MEASURED IN HEAD",HEAD,"16,000"
2015,MONTHLY,JAN THRU MAR,NORTH DAKOTA,ND,38,"CATTLE, COWS, MILK - INVENTORY, AVG, MEASURED IN HEAD",HEAD,"16,000"
2015,MONTHLY,JUL THRU SEP,NORTH DAKOTA,ND,38,"CATTLE, COWS, MILK - INVENTORY, AVG, MEASURED IN HEAD",HEAD,"16,000"
2015,MONTHLY,OCT THRU DEC,NORTH DAKOTA,ND,38,"CATTLE, COWS, MILK - INVENTORY, AVG, MEASURED IN HEAD",HEAD,"16,000"
2015,MONTHLY,APR THRU JUN,NEBRASKA,NE,31,"CATTLE, COWS, MILK - INVENTORY, AVG, MEASURED IN HEAD",HEAD,"56,000"
2015,MONTHLY,JAN THRU MAR,NEBRASKA,NE,31,"CATTLE, COWS, MILK - INVENTORY, AVG, MEASURED IN HEAD",HEAD,"55,000"
2015,MONTHLY,JUL THRU SEP,NEBRASKA,NE,31,"CATTLE, COWS, MILK - INVENTORY, AVG, MEASURED IN HEAD",HEAD,"57,000"
2015,MONTHLY,OCT THRU DEC,NEBRASKA,NE,31,"CATTLE, COWS, MILK - INVENTORY, AVG, MEASURED IN HEAD",HEAD,"58,000"
2015,MONTHLY,APR THRU JUN,NEW HAMPSHIRE,NH,33,"CATTLE, COWS, MILK - INVENTORY, AVG, MEASURED IN HEAD",HEAD,"14,000"
2015,MONTHLY,JAN THRU MAR,NEW HAMPSHIRE,NH,33,"CATTLE, COWS, MILK - INVENTORY, AVG, MEASURED IN HEAD",HEAD,"14,000"
2015,MONTHLY,JUL THRU SEP,NEW HAMPSHIRE,NH,33,"CATTLE, COWS, MILK - INVENTORY, AVG, MEASURED IN HEAD",HEAD,"14,000"
2015,MONTHLY,OCT THRU DEC,NEW HAMPSHIRE,NH,33,"CATTLE, COWS, MILK - INVENTORY, AVG, MEASURED IN HEAD",HEAD,"14,000"
2015,MONTHLY,APR THRU JUN,NEW JERSEY,NJ,34,"CATTLE, COWS, MILK - INVENTORY, AVG, MEASURED IN HEAD",HEAD,"7,000"
2015,MONTHLY,JAN THRU MAR,NEW JERSEY,NJ,34,"CATTLE, COWS, MILK - INVENTORY, AVG, MEASURED IN HEAD",HEAD,"7,000"
2015,MONTHLY,JUL THRU SEP,NEW JERSEY,NJ,34,"CATTLE, COWS, MILK - INVENTORY, AVG, MEASURED IN HEAD",HEAD,"7,000"
2015,MONTHLY,OCT THRU DEC,NEW JERSEY,NJ,34,"CATTLE, COWS, MILK - INVENTORY, AVG, MEASURED IN HEAD",HEAD,"7,000"
2015,MONTHLY,APR,NEW MEXICO,NM,35,"CATTLE, COWS, MILK - INVENTORY, AVG, MEASURED IN HEAD",HEAD,"323,000"
2015,MONTHLY,APR THRU JUN,NEW MEXICO,NM,35,"CATTLE, COWS, MILK - INVENTORY, AVG, MEASURED IN HEAD",HEAD,"323,000"
2015,MONTHLY,AUG,NEW MEXICO,NM,35,"CATTLE, COWS, MILK - INVENTORY, AVG, MEASURED IN HEAD",HEAD,"323,000"
2015,MONTHLY,DEC,NEW MEXICO,NM,35,"CATTLE, COWS, MILK - INVENTORY, AVG, MEASURED IN HEAD",HEAD,"319,000"
2015,MONTHLY,FEB,NEW MEXICO,NM,35,"CATTLE, COWS, MILK - INVENTORY, AVG, MEASURED IN HEAD",HEAD,"323,000"
2015,MONTHLY,JAN,NEW MEXICO,NM,35,"CATTLE, COWS, MILK - INVENTORY, AVG, MEASURED IN HEAD",HEAD,"323,000"
2015,MONTHLY,JAN THRU MAR,NEW MEXICO,NM,35,"CATTLE, COWS, MILK - INVENTORY, AVG, MEASURED IN HEAD",HEAD,"323,000"
2015,MONTHLY,JUL,NEW MEXICO,NM,35,"CATTLE, COWS, MILK - INVENTORY, AVG, MEASURED IN HEAD",HEAD,"323,000"
2015,MONTHLY,JUL THRU SEP,NEW MEXICO,NM,35,"CATTLE, COWS, MILK - INVENTORY, AVG, MEASURED IN HEAD",HEAD,"323,000"
2015,MONTHLY,JUN,NEW MEXICO,NM,35,"CATTLE, COWS, MILK - INVENTORY, AVG, MEASURED IN HEAD",HEAD,"323,000"
2015,MONTHLY,MAR,NEW MEXICO,NM,35,"CATTLE, COWS, MILK - INVENTORY, AVG, MEASURED IN HEAD",HEAD,"323,000"
2015,MONTHLY,MAY,NEW MEXICO,NM,35,"CATTLE, COWS, MILK - INVENTORY, AVG, MEASURED IN HEAD",HEAD,"323,000"
2015,MONTHLY,NOV,NEW MEXICO,NM,35,"CATTLE, COWS, MILK - INVENTORY, AVG, MEASURED IN HEAD",HEAD,"322,000"
2015,MONTHLY,OCT,NEW MEXICO,NM,35,"CATTLE, COWS, MILK - INVENTORY, AVG, MEASURED IN HEAD",HEAD,"323,000"
2015,MONTHLY,OCT THRU DEC,NEW MEXICO,NM,35,"CATTLE, COWS, MILK - INVENTORY, AVG, MEASURED IN HEAD",HEAD,"321,000"
2015,MONTHLY,SEP,NEW MEXICO,NM,35,"CATTLE, COWS, MILK - INVENTORY, AVG, MEASURED IN HEAD",HEAD,"323,000"
2015,MONTHLY,APR THRU JUN,NEVADA,NV,32,"CATTLE, COWS, MILK - INVENTORY, AVG, MEASURED IN HEAD",HEAD,"29,000"
2015,MONTHLY,JAN THRU MAR,NEVADA,NV,32,"CATTLE, COWS, MILK - INVENTORY, AVG, MEASURED IN HEAD",HEAD,"28,000"
2015,MONTHLY,JUL THRU SEP,NEVADA,NV,32,"CATTLE, COWS, MILK - INVENTORY, AVG, MEASURED IN HEAD",HEAD,"29,000"
2015,MONTHLY,OCT THRU DEC,NEVADA,NV,32,"CATTLE, COWS, MILK - INVENTORY, AVG, MEASURED IN HEAD",HEAD,"28,000"
2015,MONTHLY,APR,NEW YORK,NY,36,"CATTLE, COWS, MILK - INVENTORY, AVG, MEASURED IN HEAD",HEAD,"618,000"
2015,MONTHLY,APR THRU JUN,NEW YORK,NY,36,"CATTLE, COWS, MILK - INVENTORY, AVG, MEASURED IN HEAD",HEAD,"618,000"
2015,MONTHLY,AUG,NEW YORK,NY,36,"CATTLE, COWS, MILK - INVENTORY, AVG, MEASURED IN HEAD",HEAD,"619,000"
2015,MONTHLY,DEC,NEW YORK,NY,36,"CATTLE, COWS, MILK - INVENTORY, AVG, MEASURED IN HEAD",HEAD,"620,000"
2015,MONTHLY,FEB,NEW YORK,NY,36,"CATTLE, COWS, MILK - INVENTORY, AVG, MEASURED IN HEAD",HEAD,"616,000"
2015,MONTHLY,JAN,NEW YORK,NY,36,"CATTLE, COWS, MILK - INVENTORY, AVG, MEASURED IN HEAD",HEAD,"616,000"
2015,MONTHLY,JAN THRU MAR,NEW YORK,NY,36,"CATTLE, COWS, MILK - INVENTORY, AVG, MEASURED IN HEAD",HEAD,"616,000"
2015,MONTHLY,JUL,NEW YORK,NY,36,"CATTLE, COWS, MILK - INVENTORY, AVG, MEASURED IN HEAD",HEAD,"619,000"
2015,MONTHLY,JUL THRU SEP,NEW YORK,NY,36,"CATTLE, COWS, MILK - INVENTORY, AVG, MEASURED IN HEAD",HEAD,"619,000"
2015,MONTHLY,JUN,NEW YORK,NY,36,"CATTLE, COWS, MILK - INVENTORY, AVG, MEASURED IN HEAD",HEAD,"618,000"
2015,MONTHLY,MAR,NEW YORK,NY,36,"CATTLE, COWS, MILK - INVENTORY, AVG, MEASURED IN HEAD",HEAD,"617,000"
2015,MONTHLY,MAY,NEW YORK,NY,36,"CATTLE, COWS, MILK - INVENTORY, AVG, MEASURED IN HEAD",HEAD,"618,000"
2015,MONTHLY,NOV,NEW YORK,NY,36,"CATTLE, COWS, MILK - INVENTORY, AVG, MEASURED IN HEAD",HEAD,"619,000"
2015,MONTHLY,OCT,NEW YORK,NY,36,"CATTLE, COWS, MILK - INVENTORY, AVG, MEASURED IN HEAD",HEAD,"619,000"
2015,MONTHLY,OCT THRU DEC,NEW YORK,NY,36,"CATTLE, COWS, MILK - INVENTORY, AVG, MEASURED IN HEAD",HEAD,"619,000"
2015,MONTHLY,SEP,NEW YORK,NY,36,"CATTLE, COWS, MILK - INVENTORY, AVG, MEASURED IN HEAD",HEAD,"619,000"
2015,MONTHLY,APR,OHIO,OH,39,"CATTLE, COWS, MILK - INVENTORY, AVG, MEASURED IN HEAD",HEAD,"268,000"
2015,MONTHLY,APR THRU JUN,OHIO,OH,39,"CATTLE, COWS, MILK - INVENTORY, AVG, MEASURED IN HEAD",HEAD,"267,000"
2015,MONTHLY,AUG,OHIO,OH,39,"CATTLE, COWS, MILK - INVENTORY, AVG, MEASURED IN HEAD",HEAD,"266,000"
2015,MONTHLY,DEC,OHIO,OH,39,"CATTLE, COWS, MILK - INVENTORY, AVG, MEASURED IN HEAD",HEAD,"266,000"
2015,MONTHLY,FEB,OHIO,OH,39,"CATTLE, COWS, MILK - INVENTORY, AVG, MEASURED IN HEAD",HEAD,"268,000"
2015,MONTHLY,JAN,OHIO,OH,39,"CATTLE, COWS, MILK - INVENTORY, AVG, MEASURED IN HEAD",HEAD,"268,000"
2015,MONTHLY,JAN THRU MAR,OHIO,OH,39,"CATTLE, COWS, MILK - INVENTORY, AVG, MEASURED IN HEAD",HEAD,"268,000"
2015,MONTHLY,JUL,OHIO,OH,39,"CATTLE, COWS, MILK - INVENTORY, AVG, MEASURED IN HEAD",HEAD,"266,000"
2015,MONTHLY,JUL THRU SEP,OHIO,OH,39,"CATTLE, COWS, MILK - INVENTORY, AVG, MEASURED IN HEAD",HEAD,"266,000"
2015,MONTHLY,JUN,OHIO,OH,39,"CATTLE, COWS, MILK - INVENTORY, AVG, MEASURED IN HEAD",HEAD,"266,000"
2015,MONTHLY,MAR,OHIO,OH,39,"CATTLE, COWS, MILK - INVENTORY, AVG, MEASURED IN HEAD",HEAD,"268,000"
2015,MONTHLY,MAY,OHIO,OH,39,"CATTLE, COWS, MILK - INVENTORY, AVG, MEASURED IN HEAD",HEAD,"267,000"
2015,MONTHLY,NOV,OHIO,OH,39,"CATTLE, COWS, MILK - INVENTORY, AVG, MEASURED IN HEAD",HEAD,"266,000"
2015,MONTHLY,OCT,OHIO,OH,39,"CATTLE, COWS, MILK - INVENTORY, AVG, MEASURED IN HEAD",HEAD,"266,000"
2015,MONTHLY,OCT THRU DEC,OHIO,OH,39,"CATTLE, COWS, MILK - INVENTORY, AVG, MEASURED IN HEAD",HEAD,"266,000"
2015,MONTHLY,SEP,OHIO,OH,39,"CATTLE, COWS, MILK - INVENTORY, AVG, MEASURED IN HEAD",HEAD,"266,000"
2015,MONTHLY,APR THRU JUN,OKLAHOMA,OK,40,"CATTLE, COWS, MILK - INVENTORY, AVG, MEASURED IN HEAD",HEAD,"40,000"
2015,MONTHLY,JAN THRU MAR,OKLAHOMA,OK,40,"CATTLE, COWS, MILK - INVENTORY, AVG, MEASURED IN HEAD",HEAD,"40,000"
2015,MONTHLY,JUL THRU SEP,OKLAHOMA,OK,40,"CATTLE, COWS, MILK - INVENTORY, AVG, MEASURED IN HEAD",HEAD,"38,000"
2015,MONTHLY,OCT THRU DEC,OKLAHOMA,OK,40,"CATTLE, COWS, MILK - INVENTORY, AVG, MEASURED IN HEAD",HEAD,"37,000"
2015,MONTHLY,APR,OREGON,OR,41,"CATTLE, COWS, MILK - INVENTORY, AVG, MEASURED IN HEAD",HEAD,"125,000"
2015,MONTHLY,APR THRU JUN,OREGON,OR,41,"CATTLE, COWS, MILK - INVENTORY, AVG, MEASURED IN HEAD",HEAD,"124,000"
2015,MONTHLY,AUG,OREGON,OR,41,"CATTLE, COWS, MILK - INVENTORY, AVG, MEASURED IN HEAD",HEAD,"123,000"
2015,MONTHLY,DEC,OREGON,OR,41,"CATTLE, COWS, MILK - INVENTORY, AVG, MEASURED IN HEAD",HEAD,"126,000"
2015,MONTHLY,FEB,OREGON,OR,41,"CATTLE, COWS, MILK - INVENTORY, AVG, MEASURED IN HEAD",HEAD,"125,000"
2015,MONTHLY,JAN,OREGON,OR,41,"CATTLE, COWS, MILK - INVENTORY, AVG, MEASURED IN HEAD",HEAD,"125,000"
2015,MONTHLY,JAN THRU MAR,OREGON,OR,41,"CATTLE, COWS, MILK - INVENTORY, AVG, MEASURED IN HEAD",HEAD,"125,000"
2015,MONTHLY,JUL,OREGON,OR,41,"CATTLE, COWS, MILK - INVENTORY, AVG, MEASURED IN HEAD",HEAD,"122,000"
2015,MONTHLY,JUL THRU SEP,OREGON,OR,41,"CATTLE, COWS, MILK - INVENTORY, AVG, MEASURED IN HEAD",HEAD,"123,000"
2015,MONTHLY,JUN,OREGON,OR,41,"CATTLE, COWS, MILK - INVENTORY, AVG, MEASURED IN HEAD",HEAD,"124,000"
2015,MONTHLY,MAR,OREGON,OR,41,"CATTLE, COWS, MILK - INVENTORY, AVG, MEASURED IN HEAD",HEAD,"125,000"
2015,MONTHLY,MAY,OREGON,OR,41,"CATTLE, COWS, MILK - INVENTORY, AVG, MEASURED IN HEAD",HEAD,"124,000"
2015,MONTHLY,NOV,OREGON,OR,41,"CATTLE, COWS, MILK - INVENTORY, AVG, MEASURED IN HEAD",HEAD,"126,000"
2015,MONTHLY,OCT,OREGON,OR,41,"CATTLE, COWS, MILK - INVENTORY, AVG, MEASURED IN HEAD",HEAD,"126,000"
2015,MONTHLY,OCT THRU DEC,OREGON,OR,41,"CATTLE, COWS, MILK - INVENTORY, AVG, MEASURED IN HEAD",HEAD,"126,000"
2015,MONTHLY,SEP,OREGON,OR,41,"CATTLE, COWS, MILK - INVENTORY, AVG, MEASURED IN HEAD",HEAD,"125,000"
2015,MONTHLY,APR,PENNSYLVANIA,PA,42,"CATTLE, COWS, MILK - INVENTORY, AVG, MEASURED IN HEAD",HEAD,"530,000"
2015,MONTHLY,APR THRU JUN,PENNSYLVANIA,PA,42,"CATTLE, COWS, MILK - INVENTORY, AVG, MEASURED IN HEAD",HEAD,"530,000"
2015,MONTHLY,AUG,PENNSYLVANIA,PA,42,"CATTLE, COWS, MILK - INVENTORY, AVG, MEASURED IN HEAD",HEAD,"530,000"
2015,MONTHLY,DEC,PENNSYLVANIA,PA,42,"CATTLE, COWS, MILK - INVENTORY, AVG, MEASURED IN HEAD",HEAD,"530,000"
2015,MONTHLY,FEB,PENNSYLVANIA,PA,42,"CATTLE, COWS, MILK - INVENTORY, AVG, MEASURED IN HEAD",HEAD,"530,000"
2015,MONTHLY,JAN,PENNSYLVANIA,PA,42,"CATTLE, COWS, MILK - INVENTORY, AVG, MEASURED IN HEAD",HEAD,"530,000"
2015,MONTHLY,JAN THRU MAR,PENNSYLVANIA,PA,42,"CATTLE, COWS, MILK - INVENTORY, AVG, MEASURED IN HEAD",HEAD,"530,000"
2015,MONTHLY,JUL,PENNSYLVANIA,PA,42,"CATTLE, COWS, MILK - INVENTORY, AVG, MEASURED IN HEAD",HEAD,"530,000"
2015,MONTHLY,JUL THRU SEP,PENNSYLVANIA,PA,42,"CATTLE, COWS, MILK - INVENTORY, AVG, MEASURED IN HEAD",HEAD,"530,000"
2015,MONTHLY,JUN,PENNSYLVANIA,PA,42,"CATTLE, COWS, MILK - INVENTORY, AVG, MEASURED IN HEAD",HEAD,"530,000"
2015,MONTHLY,MAR,PENNSYLVANIA,PA,42,"CATTLE, COWS, MILK - INVENTORY, AVG, MEASURED IN HEAD",HEAD,"530,000"
2015,MONTHLY,MAY,PENNSYLVANIA,PA,42,"CATTLE, COWS, MILK - INVENTORY, AVG, MEASURED IN HEAD",HEAD,"530,000"
2015,MONTHLY,NOV,PENNSYLVANIA,PA,42,"CATTLE, COWS, MILK - INVENTORY, AVG, MEASURED IN HEAD",HEAD,"530,000"
2015,MONTHLY,OCT,PENNSYLVANIA,PA,42,"CATTLE, COWS, MILK - INVENTORY, AVG, MEASURED IN HEAD",HEAD,"530,000"
2015,MONTHLY,OCT THRU DEC,PENNSYLVANIA,PA,42,"CATTLE, COWS, MILK - INVENTORY, AVG, MEASURED IN HEAD",HEAD,"530,000"
2015,MONTHLY,SEP,PENNSYLVANIA,PA,42,"CATTLE, COWS, MILK - INVENTORY, AVG, MEASURED IN HEAD",HEAD,"530,000"
2015,MONTHLY,APR THRU JUN,RHODE ISLAND,RI,44,"CATTLE, COWS, MILK - INVENTORY, AVG, MEASURED IN HEAD",HEAD,900
2015,MONTHLY,JAN THRU MAR,RHODE ISLAND,RI,44,"CATTLE, COWS, MILK - INVENTORY, AVG, MEASURED IN HEAD",HEAD,900
2015,MONTHLY,JUL THRU SEP,RHODE ISLAND,RI,44,"CATTLE, COWS, MILK - INVENTORY, AVG, MEASURED IN HEAD",HEAD,900
2015,MONTHLY,OCT THRU DEC,RHODE ISLAND,RI,44,"CATTLE, COWS, MILK - INVENTORY, AVG, MEASURED IN HEAD",HEAD,900
2015,MONTHLY,APR THRU JUN,SOUTH CAROLINA,SC,45,"CATTLE, COWS, MILK - INVENTORY, AVG, MEASURED IN HEAD",HEAD,"15,000"
2015,MONTHLY,JAN THRU MAR,SOUTH CAROLINA,SC,45,"CATTLE, COWS, MILK - INVENTORY, AVG, MEASURED IN HEAD",HEAD,"15,000"
2015,MONTHLY,JUL THRU SEP,SOUTH CAROLINA,SC,45,"CATTLE, COWS, MILK - INVENTORY, AVG, MEASURED IN HEAD",HEAD,"15,000"
2015,MONTHLY,OCT THRU DEC,SOUTH CAROLINA,SC,45,"CATTLE, COWS, MILK - INVENTORY, AVG, MEASURED IN HEAD",HEAD,"15,000"
2015,MONTHLY,APR,SOUTH DAKOTA,SD,46,"CATTLE, COWS, MILK - INVENTORY, AVG, MEASURED IN HEAD",HEAD,"103,000"
2015,MONTHLY,APR THRU JUN,SOUTH DAKOTA,SD,46,"CATTLE, COWS, MILK - INVENTORY, AVG, MEASURED IN HEAD",HEAD,"105,000"
2015,MONTHLY,AUG,SOUTH DAKOTA,SD,46,"CATTLE, COWS, MILK - INVENTORY, AVG, MEASURED IN HEAD",HEAD,"107,000"
2015,MONTHLY,DEC,SOUTH DAKOTA,SD,46,"CATTLE, COWS, MILK - INVENTORY, AVG, MEASURED IN HEAD",HEAD,"110,000"
2015,MONTHLY,FEB,SOUTH DAKOTA,SD,46,"CATTLE, COWS, MILK - INVENTORY, AVG, MEASURED IN HEAD",HEAD,"101,000"
2015,MONTHLY,JAN,SOUTH DAKOTA,SD,46,"CATTLE, COWS, MILK - INVENTORY, AVG, MEASURED IN HEAD",HEAD,"100,000"
2015,MONTHLY,JAN THRU MAR,SOUTH DAKOTA,SD,46,"CATTLE, COWS, MILK - INVENTORY, AVG, MEASURED IN HEAD",HEAD,"101,000"
2015,MONTHLY,JUL,SOUTH DAKOTA,SD,46,"CATTLE, COWS, MILK - INVENTORY, AVG, MEASURED IN HEAD",HEAD,"107,000"
2015,MONTHLY,JUL THRU SEP,SOUTH DAKOTA,SD,46,"CATTLE, COWS, MILK - INVENTORY, AVG, MEASURED IN HEAD",HEAD,"107,000"
2015,MONTHLY,JUN,SOUTH DAKOTA,SD,46,"CATTLE, COWS, MILK - INVENTORY, AVG, MEASURED IN HEAD",HEAD,"106,000"
2015,MONTHLY,MAR,SOUTH DAKOTA,SD,46,"CATTLE, COWS, MILK - INVENTORY, AVG, MEASURED IN HEAD",HEAD,"102,000"
2015,MONTHLY,MAY,SOUTH DAKOTA,SD,46,"CATTLE, COWS, MILK - INVENTORY, AVG, MEASURED IN HEAD",HEAD,"105,000"
2015,MONTHLY,NOV,SOUTH DAKOTA,SD,46,"CATTLE, COWS, MILK - INVENTORY, AVG, MEASURED IN HEAD",HEAD,"110,000"
2015,MONTHLY,OCT,SOUTH DAKOTA,SD,46,"CATTLE, COWS, MILK - INVENTORY, AVG, MEASURED IN HEAD",HEAD,"109,000"
2015,MONTHLY,OCT THRU DEC,SOUTH DAKOTA,SD,46,"CATTLE, COWS, MILK - INVENTORY, AVG, MEASURED IN HEAD",HEAD,"110,000"
2015,MONTHLY,SEP,SOUTH DAKOTA,SD,46,"CATTLE, COWS, MILK - INVENTORY, AVG, MEASURED IN HEAD",HEAD,"108,000"
2015,MONTHLY,APR THRU JUN,TENNESSEE,TN,47,"CATTLE, COWS, MILK - INVENTORY, AVG, MEASURED IN HEAD",HEAD,"46,000"
2015,MONTHLY,JAN THRU MAR,TENNESSEE,TN,47,"CATTLE, COWS, MILK - INVENTORY, AVG, MEASURED IN HEAD",HEAD,"46,000"
2015,MONTHLY,JUL THRU SEP,TENNESSEE,TN,47,"CATTLE, COWS, MILK - INVENTORY, AVG, MEASURED IN HEAD",HEAD,"43,000"
2015,MONTHLY,OCT THRU DEC,TENNESSEE,TN,47,"CATTLE, COWS, MILK - INVENTORY, AVG, MEASURED IN HEAD",HEAD,"43,000"
2015,MONTHLY,APR,TEXAS,TX,48,"CATTLE, COWS, MILK - INVENTORY, AVG, MEASURED IN HEAD",HEAD,"462,000"
2015,MONTHLY,APR THRU JUN,TEXAS,TX,48,"CATTLE, COWS, MILK - INVENTORY, AVG, MEASURED IN HEAD",HEAD,"462,000"
2015,MONTHLY,AUG,TEXAS,TX,48,"CATTLE, COWS, MILK - INVENTORY, AVG, MEASURED IN HEAD",HEAD,"462,000"
2015,MONTHLY,DEC,TEXAS,TX,48,"CATTLE, COWS, MILK - INVENTORY, AVG, MEASURED IN HEAD",HEAD,"461,000"
2015,MONTHLY,FEB,TEXAS,TX,48,"CATTLE, COWS, MILK - INVENTORY, AVG, MEASURED IN HEAD",HEAD,"468,000"
2015,MONTHLY,JAN,TEXAS,TX,48,"CATTLE, COWS, MILK - INVENTORY, AVG, MEASURED IN HEAD",HEAD,"470,000"
2015,MONTHLY,JAN THRU MAR,TEXAS,TX,48,"CATTLE, COWS, MILK - INVENTORY, AVG, MEASURED IN HEAD",HEAD,"467,000"
2015,MONTHLY,JUL,TEXAS,TX,48,"CATTLE, COWS, MILK - INVENTORY, AVG, MEASURED IN HEAD",HEAD,"462,000"
2015,MONTHLY,JUL THRU SEP,TEXAS,TX,48,"CATTLE, COWS, MILK - INVENTORY, AVG, MEASURED IN HEAD",HEAD,"462,000"
2015,MONTHLY,JUN,TEXAS,TX,48,"CATTLE, COWS, MILK - INVENTORY, AVG, MEASURED IN HEAD",HEAD,"462,000"
2015,MONTHLY,MAR,TEXAS,TX,48,"CATTLE, COWS, MILK - INVENTORY, AVG, MEASURED IN HEAD",HEAD,"464,000"
2015,MONTHLY,MAY,TEXAS,TX,48,"CATTLE, COWS, MILK - INVENTORY, AVG, MEASURED IN HEAD",HEAD,"462,000"
2015,MONTHLY,NOV,TEXAS,TX,48,"CATTLE, COWS, MILK - INVENTORY, AVG, MEASURED IN HEAD",HEAD,"462,000"
2015,MONTHLY,OCT,TEXAS,TX,48,"CATTLE, COWS, MILK - INVENTORY, AVG, MEASURED IN HEAD",HEAD,"462,000"
2015,MONTHLY,OCT THRU DEC,TEXAS,TX,48,"CATTLE, COWS, MILK - INVENTORY, AVG, MEASURED IN HEAD",HEAD,"462,000"
2015,MONTHLY,SEP,TEXAS,TX,48,"CATTLE, COWS, MILK - INVENTORY, AVG, MEASURED IN HEAD",HEAD,"462,000"
2015,MONTHLY,APR,US TOTAL,US,99,"CATTLE, COWS, MILK - INVENTORY, AVG, MEASURED IN HEAD",HEAD,"9,326,000"
2015,MONTHLY,APR THRU JUN,US TOTAL,US,99,"CATTLE, COWS, MILK - INVENTORY, AVG, MEASURED IN HEAD",HEAD,"9,329,000"
2015,MONTHLY,AUG,US TOTAL,US,99,"CATTLE, COWS, MILK - INVENTORY, AVG, MEASURED IN HEAD",HEAD,"9,318,000"
2015,MONTHLY,DEC,US TOTAL,US,99,"CATTLE, COWS, MILK - INVENTORY, AVG, MEASURED IN HEAD",HEAD,"9,315,000"
2015,MONTHLY,FEB,US TOTAL,US,99,"CATTLE, COWS, MILK - INVENTORY, AVG, MEASURED IN HEAD",HEAD,"9,316,000"
2015,MONTHLY,JAN,US TOTAL,US,99,"CATTLE, COWS, MILK - INVENTORY, AVG, MEASURED IN HEAD",HEAD,"9,316,000"
2015,MONTHLY,JAN THRU MAR,US TOTAL,US,99,"CATTLE, COWS, MILK - INVENTORY, AVG, MEASURED IN HEAD",HEAD,"9,316,000"
2015,MONTHLY,JUL,US TOTAL,US,99,"CATTLE, COWS, MILK - INVENTORY, AVG, MEASURED IN HEAD",HEAD,"9,318,000"
2015,MONTHLY,JUL THRU SEP,US TOTAL,US,99,"CATTLE, COWS, MILK - INVENTORY, AVG, MEASURED IN HEAD",HEAD,"9,318,000"
2015,MONTHLY,JUN,US TOTAL,US,99,"CATTLE, COWS, MILK - INVENTORY, AVG, MEASURED IN HEAD",HEAD,"9,329,000"
2015,MONTHLY,MAR,US TOTAL,US,99,"CATTLE, COWS, MILK - INVENTORY, AVG, MEASURED IN HEAD",HEAD,"9,317,000"
2015,MONTHLY,MAY,US TOTAL,US,99,"CATTLE, COWS, MILK - INVENTORY, AVG, MEASURED IN HEAD",HEAD,"9,333,000"
2015,MONTHLY,NOV,US TOTAL,US,99,"CATTLE, COWS, MILK - INVENTORY, AVG, MEASURED IN HEAD",HEAD,"9,317,000"
2015,MONTHLY,OCT,US TOTAL,US,99,"CATTLE, COWS, MILK - INVENTORY, AVG, MEASURED IN HEAD",HEAD,"9,317,000"
2015,MONTHLY,OCT THRU DEC,US TOTAL,US,99,"CATTLE, COWS, MILK - INVENTORY, AVG, MEASURED IN HEAD",HEAD,"9,316,000"
2015,MONTHLY,SEP,US TOTAL,US,99,"CATTLE, COWS, MILK - INVENTORY, AVG, MEASURED IN HEAD",HEAD,"9,318,000"
2015,MONTHLY,APR,UTAH,UT,49,"CATTLE, COWS, MILK - INVENTORY, AVG, MEASURED IN HEAD",HEAD,"97,000"
2015,MONTHLY,APR THRU JUN,UTAH,UT,49,"CATTLE, COWS, MILK - INVENTORY, AVG, MEASURED IN HEAD",HEAD,"97,000"
2015,MONTHLY,AUG,UTAH,UT,49,"CATTLE, COWS, MILK - INVENTORY, AVG, MEASURED IN HEAD",HEAD,"96,000"
2015,MONTHLY,DEC,UTAH,UT,49,"CATTLE, COWS, MILK - INVENTORY, AVG, MEASURED IN HEAD",HEAD,"92,000"
2015,MONTHLY,FEB,UTAH,UT,49,"CATTLE, COWS, MILK - INVENTORY, AVG, MEASURED IN HEAD",HEAD,"97,000"
2015,MONTHLY,JAN,UTAH,UT,49,"CATTLE, COWS, MILK - INVENTORY, AVG, MEASURED IN HEAD",HEAD,"97,000"
2015,MONTHLY,JAN THRU MAR,UTAH,UT,49,"CATTLE, COWS, MILK - INVENTORY, AVG, MEASURED IN HEAD",HEAD,"97,000"
2015,MONTHLY,JUL,UTAH,UT,49,"CATTLE, COWS, MILK - INVENTORY, AVG, MEASURED IN HEAD",HEAD,"96,000"
2015,MONTHLY,JUL THRU SEP,UTAH,UT,49,"CATTLE, COWS, MILK - INVENTORY, AVG, MEASURED IN HEAD",HEAD,"96,000"
2015,MONTHLY,JUN,UTAH,UT,49,"CATTLE, COWS, MILK - INVENTORY, AVG, MEASURED IN HEAD",HEAD,"97,000"
2015,MONTHLY,MAR,UTAH,UT,49,"CATTLE, COWS, MILK - INVENTORY, AVG, MEASURED IN HEAD",HEAD,"97,000"
2015,MONTHLY,MAY,UTAH,UT,49,"CATTLE, COWS, MILK - INVENTORY, AVG, MEASURED IN HEAD",HEAD,"97,000"
2015,MONTHLY,NOV,UTAH,UT,49,"CATTLE, COWS, MILK - INVENTORY, AVG, MEASURED IN HEAD",HEAD,"93,000"
2015,MONTHLY,OCT,UTAH,UT,49,"CATTLE, COWS, MILK - INVENTORY, AVG, MEASURED IN HEAD",HEAD,"94,000"
2015,MONTHLY,OCT THRU DEC,UTAH,UT,49,"CATTLE, COWS, MILK - INVENTORY, AVG, MEASURED IN HEAD",HEAD,"93,000"
2015,MONTHLY,SEP,UTAH,UT,49,"CATTLE, COWS, MILK - INVENTORY, AVG, MEASURED IN HEAD",HEAD,"95,000"
2015,MONTHLY,APR,VIRGINIA,VA,51,"CATTLE, COWS, MILK - INVENTORY, AVG, MEASURED IN HEAD",HEAD,"92,000"
2015,MONTHLY,APR THRU JUN,VIRGINIA,VA,51,"CATTLE, COWS, MILK - INVENTORY, AVG, MEASURED IN HEAD",HEAD,"92,000"
2015,MONTHLY,AUG,VIRGINIA,VA,51,"CATTLE, COWS, MILK - INVENTORY, AVG, MEASURED IN HEAD",HEAD,"91,000"
2015,MONTHLY,DEC,VIRGINIA,VA,51,"CATTLE, COWS, MILK - INVENTORY, AVG, MEASURED IN HEAD",HEAD,"91,000"
2015,MONTHLY,FEB,VIRGINIA,VA,51,"CATTLE, COWS, MILK - INVENTORY, AVG, MEASURED IN HEAD",HEAD,"93,000"
2015,MONTHLY,JAN,VIRGINIA,VA,51,"CATTLE, COWS, MILK - INVENTORY, AVG, MEASURED IN HEAD",HEAD,"93,000"
2015,MONTHLY,JAN THRU MAR,VIRGINIA,VA,51,"CATTLE, COWS, MILK - INVENTORY, AVG, MEASURED IN HEAD",HEAD,"93,000"
2015,MONTHLY,JUL,VIRGINIA,VA,51,"CATTLE, COWS, MILK - INVENTORY, AVG, MEASURED IN HEAD",HEAD,"91,000"
2015,MONTHLY,JUL THRU SEP,VIRGINIA,VA,51,"CATTLE, COWS, MILK - INVENTORY, AVG, MEASURED IN HEAD",HEAD,"91,000"
2015,MONTHLY,JUN,VIRGINIA,VA,51,"CATTLE, COWS, MILK - INVENTORY, AVG, MEASURED IN HEAD",HEAD,"91,000"
2015,MONTHLY,MAR,VIRGINIA,VA,51,"CATTLE, COWS, MILK - INVENTORY, AVG, MEASURED IN HEAD",HEAD,"92,000"
2015,MONTHLY,MAY,VIRGINIA,VA,51,"CATTLE, COWS, MILK - INVENTORY, AVG, MEASURED IN HEAD",HEAD,"92,000"
2015,MONTHLY,NOV,VIRGINIA,VA,51,"CATTLE, COWS, MILK - INVENTORY, AVG, MEASURED IN HEAD",HEAD,"90,000"
2015,MONTHLY,OCT,VIRGINIA,VA,51,"CATTLE, COWS, MILK - INVENTORY, AVG, MEASURED IN HEAD",HEAD,"90,000"
2015,MONTHLY,OCT THRU DEC,VIRGINIA,VA,51,"CATTLE, COWS, MILK - INVENTORY, AVG, MEASURED IN HEAD",HEAD,"90,000"
2015,MONTHLY,SEP,VIRGINIA,VA,51,"CATTLE, COWS, MILK - INVENTORY, AVG, MEASURED IN HEAD",HEAD,"90,000"
2015,MONTHLY,APR,VERMONT,VT,50,"CATTLE, COWS, MILK - INVENTORY, AVG, MEASURED IN HEAD",HEAD,"131,000"
2015,MONTHLY,APR THRU JUN,VERMONT,VT,50,"CATTLE, COWS, MILK - INVENTORY, AVG, MEASURED IN HEAD",HEAD,"132,000"
2015,MONTHLY,AUG,VERMONT,VT,50,"CATTLE, COWS, MILK - INVENTORY, AVG, MEASURED IN HEAD",HEAD,"132,000"
2015,MONTHLY,DEC,VERMONT,VT,50,"CATTLE, COWS, MILK - INVENTORY, AVG, MEASURED IN HEAD",HEAD,"131,000"
2015,MONTHLY,FEB,VERMONT,VT,50,"CATTLE, COWS, MILK - INVENTORY, AVG, MEASURED IN HEAD",HEAD,"132,000"
2015,MONTHLY,JAN,VERMONT,VT,50,"CATTLE, COWS, MILK - INVENTORY, AVG, MEASURED IN HEAD",HEAD,"132,000"
2015,MONTHLY,JAN THRU MAR,VERMONT,VT,50,"CATTLE, COWS, MILK - INVENTORY, AVG, MEASURED IN HEAD",HEAD,"132,000"
2015,MONTHLY,JUL,VERMONT,VT,50,"CATTLE, COWS, MILK - INVENTORY, AVG, MEASURED IN HEAD",HEAD,"132,000"
2015,MONTHLY,JUL THRU SEP,VERMONT,VT,50,"CATTLE, COWS, MILK - INVENTORY, AVG, MEASURED IN HEAD",HEAD,"132,000"
2015,MONTHLY,JUN,VERMONT,VT,50,"CATTLE, COWS, MILK - INVENTORY, AVG, MEASURED IN HEAD",HEAD,"132,000"
2015,MONTHLY,MAR,VERMONT,VT,50,"CATTLE, COWS, MILK - INVENTORY, AVG, MEASURED IN HEAD",HEAD,"132,000"
2015,MONTHLY,MAY,VERMONT,VT,50,"CATTLE, COWS, MILK - INVENTORY, AVG, MEASURED IN HEAD",HEAD,"132,000"
2015,MONTHLY,NOV,VERMONT,VT,50,"CATTLE, COWS, MILK - INVENTORY, AVG, MEASURED IN HEAD",HEAD,"131,000"
2015,MONTHLY,OCT,VERMONT,VT,50,"CATTLE, COWS, MILK - INVENTORY, AVG, MEASURED IN HEAD",HEAD,"131,000"
2015,MONTHLY,OCT THRU DEC,VERMONT,VT,50,"CATTLE, COWS, MILK - INVENTORY, AVG, MEASURED IN HEAD",HEAD,"131,000"
2015,MONTHLY,SEP,VERMONT,VT,50,"CATTLE, COWS, MILK - INVENTORY, AVG, MEASURED IN HEAD",HEAD,"131,000"
2015,MONTHLY,APR,WASHINGTON,WA,53,"CATTLE, COWS, MILK - INVENTORY, AVG, MEASURED IN HEAD",HEAD,"277,000"
2015,MONTHLY,APR THRU JUN,WASHINGTON,WA,53,"CATTLE, COWS, MILK - INVENTORY, AVG, MEASURED IN HEAD",HEAD,"276,000"
2015,MONTHLY,AUG,WASHINGTON,WA,53,"CATTLE, COWS, MILK - INVENTORY, AVG, MEASURED IN HEAD",HEAD,"276,000"
2015,MONTHLY,DEC,WASHINGTON,WA,53,"CATTLE, COWS, MILK - INVENTORY, AVG, MEASURED IN HEAD",HEAD,"277,000"
2015,MONTHLY,FEB,WASHINGTON,WA,53,"CATTLE, COWS, MILK - INVENTORY, AVG, MEASURED IN HEAD",HEAD,"277,000"
2015,MONTHLY,JAN,WASHINGTON,WA,53,"CATTLE, COWS, MILK - INVENTORY, AVG, MEASURED IN HEAD",HEAD,"277,000"
2015,MONTHLY,JAN THRU MAR,WASHINGTON,WA,53,"CATTLE, COWS, MILK - INVENTORY, AVG, MEASURED IN HEAD",HEAD,"277,000"
2015,MONTHLY,JUL,WASHINGTON,WA,53,"CATTLE, COWS, MILK - INVENTORY, AVG, MEASURED IN HEAD",HEAD,"275,000"
2015,MONTHLY,JUL THRU SEP,WASHINGTON,WA,53,"CATTLE, COWS, MILK - INVENTORY, AVG, MEASURED IN HEAD",HEAD,"276,000"
2015,MONTHLY,JUN,WASHINGTON,WA,53,"CATTLE, COWS, MILK - INVENTORY, AVG, MEASURED IN HEAD",HEAD,"275,000"
2015,MONTHLY,MAR,WASHINGTON,WA,53,"CATTLE, COWS, MILK - INVENTORY, AVG, MEASURED IN HEAD",HEAD,"277,000"
2015,MONTHLY,MAY,WASHINGTON,WA,53,"CATTLE, COWS, MILK - INVENTORY, AVG, MEASURED IN HEAD",HEAD,"276,000"
2015,MONTHLY,NOV,WASHINGTON,WA,53,"CATTLE, COWS, MILK - INVENTORY, AVG, MEASURED IN HEAD",HEAD,"277,000"
2015,MONTHLY,OCT,WASHINGTON,WA,53,"CATTLE, COWS, MILK - INVENTORY, AVG, MEASURED IN HEAD",HEAD,"277,000"
2015,MONTHLY,OCT THRU DEC,WASHINGTON,WA,53,"CATTLE, COWS, MILK - INVENTORY, AVG, MEASURED IN HEAD",HEAD,"277,000"
2015,MONTHLY,SEP,WASHINGTON,WA,53,"CATTLE, COWS, MILK - INVENTORY, AVG, MEASURED IN HEAD",HEAD,"277,000"
2015,MONTHLY,APR,WISCONSIN,WI,55,"CATTLE, COWS, MILK - INVENTORY, AVG, MEASURED IN HEAD",HEAD,"1,278,000"
2015,MONTHLY,APR THRU JUN,WISCONSIN,WI,55,"CATTLE, COWS, MILK - INVENTORY, AVG, MEASURED IN HEAD",HEAD,"1,279,000"
2015,MONTHLY,AUG,WISCONSIN,WI,55,"CATTLE, COWS, MILK - INVENTORY, AVG, MEASURED IN HEAD",HEAD,"1,280,000"
2015,MONTHLY,DEC,WISCONSIN,WI,55,"CATTLE, COWS, MILK - INVENTORY, AVG, MEASURED IN HEAD",HEAD,"1,280,000"
2015,MONTHLY,FEB,WISCONSIN,WI,55,"CATTLE, COWS, MILK - INVENTORY, AVG, MEASURED IN HEAD",HEAD,"1,275,000"
2015,MONTHLY,JAN,WISCONSIN,WI,55,"CATTLE, COWS, MILK - INVENTORY, AVG, MEASURED IN HEAD",HEAD,"1,275,000"
2015,MONTHLY,JAN THRU MAR,WISCONSIN,WI,55,"CATTLE, COWS, MILK - INVENTORY, AVG, MEASURED IN HEAD",HEAD,"1,275,000"
2015,MONTHLY,JUL,WISCONSIN,WI,55,"CATTLE, COWS, MILK - INVENTORY, AVG, MEASURED IN HEAD",HEAD,"1,280,000"
2015,MONTHLY,JUL THRU SEP,WISCONSIN,WI,55,"CATTLE, COWS, MILK - INVENTORY, AVG, MEASURED IN HEAD",HEAD,"1,280,000"
2015,MONTHLY,JUN,WISCONSIN,WI,55,"CATTLE, COWS, MILK - INVENTORY, AVG, MEASURED IN HEAD",HEAD,"1,280,000"
2015,MONTHLY,MAR,WISCONSIN,WI,55,"CATTLE, COWS, MILK - INVENTORY, AVG, MEASURED IN HEAD",HEAD,"1,276,000"
2015,MONTHLY,MAY,WISCONSIN,WI,55,"CATTLE, COWS, MILK - INVENTORY, AVG, MEASURED IN HEAD",HEAD,"1,280,000"
2015,MONTHLY,NOV,WISCONSIN,WI,55,"CATTLE, COWS, MILK - INVENTORY, AVG, MEASURED IN HEAD",HEAD,"1,280,000"
2015,MONTHLY,OCT,WISCONSIN,WI,55,"CATTLE, COWS, MILK - INVENTORY, AVG, MEASURED IN HEAD",HEAD,"1,279,000"
2015,MONTHLY,OCT THRU DEC,WISCONSIN,WI,55,"CATTLE, COWS, MILK - INVENTORY, AVG, MEASURED IN HEAD",HEAD,"1,280,000"
2015,MONTHLY,SEP,WISCONSIN,WI,55,"CATTLE, COWS, MILK - INVENTORY, AVG, MEASURED IN HEAD",HEAD,"1,279,000"
2015,MONTHLY,APR THRU JUN,WEST VIRGINIA,WV,54,"CATTLE, COWS, MILK - INVENTORY, AVG, MEASURED IN HEAD",HEAD,"9,000"
2015,MONTHLY,JAN THRU MAR,WEST VIRGINIA,WV,54,"CATTLE, COWS, MILK - INVENTORY, AVG, MEASURED IN HEAD",HEAD,"9,000"
2015,MONTHLY,JUL THRU SEP,WEST VIRGINIA,WV,54,"CATTLE, COWS, MILK - INVENTORY, AVG, MEASURED IN HEAD",HEAD,"8,500"
2015,MONTHLY,OCT THRU DEC,WEST VIRGINIA,WV,54,"CATTLE, COWS, MILK - INVENTORY, AVG, MEASURED IN HEAD",HEAD,"8,500"
2015,MONTHLY,APR THRU JUN,WYOMING,WY,56,"CATTLE, COWS, MILK - INVENTORY, AVG, MEASURED IN HEAD",HEAD,"6,000"
2015,MONTHLY,JAN THRU MAR,WYOMING,WY,56,"CATTLE, COWS, MILK - INVENTORY, AVG, MEASURED IN HEAD",HEAD,"6,000"
2015,MONTHLY,JUL THRU SEP,WYOMING,WY,56,"CATTLE, COWS, MILK - INVENTORY, AVG, MEASURED IN HEAD",HEAD,"6,000"
2015,MONTHLY,OCT THRU DEC,WYOMING,WY,56,"CATTLE, COWS, MILK - INVENTORY, AVG, MEASURED IN HEAD",HEAD,"6,000"
2016,MONTHLY,APR THRU JUN,ALASKA,AK,02,"CATTLE, COWS, MILK - INVENTORY, AVG, MEASURED IN HEAD",HEAD,300
2016,MONTHLY,JAN THRU MAR,ALASKA,AK,02,"CATTLE, COWS, MILK - INVENTORY, AVG, MEASURED IN HEAD",HEAD,300
2016,MONTHLY,JUL THRU SEP,ALASKA,AK,02,"CATTLE, COWS, MILK - INVENTORY, AVG, MEASURED IN HEAD",HEAD,300
2016,MONTHLY,OCT THRU DEC,ALASKA,AK,02,"CATTLE, COWS, MILK - INVENTORY, AVG, MEASURED IN HEAD",HEAD,300
2016,MONTHLY,APR THRU JUN,ALABAMA,AL,01,"CATTLE, COWS, MILK - INVENTORY, AVG, MEASURED IN HEAD",HEAD,"7,000"
2016,MONTHLY,JAN THRU MAR,ALABAMA,AL,01,"CATTLE, COWS, MILK - INVENTORY, AVG, MEASURED IN HEAD",HEAD,"7,000"
2016,MONTHLY,JUL THRU SEP,ALABAMA,AL,01,"CATTLE, COWS, MILK - INVENTORY, AVG, MEASURED IN HEAD",HEAD,"7,000"
2016,MONTHLY,OCT THRU DEC,ALABAMA,AL,01,"CATTLE, COWS, MILK - INVENTORY, AVG, MEASURED IN HEAD",HEAD,"7,000"
2016,MONTHLY,APR THRU JUN,ARKANSAS,AR,05,"CATTLE, COWS, MILK - INVENTORY, AVG, MEASURED IN HEAD",HEAD,"6,500"
2016,MONTHLY,JAN THRU MAR,ARKANSAS,AR,05,"CATTLE, COWS, MILK - INVENTORY, AVG, MEASURED IN HEAD",HEAD,"6,500"
2016,MONTHLY,JUL THRU SEP,ARKANSAS,AR,05,"CATTLE, COWS, MILK - INVENTORY, AVG, MEASURED IN HEAD",HEAD,"6,000"
2016,MONTHLY,OCT THRU DEC,ARKANSAS,AR,05,"CATTLE, COWS, MILK - INVENTORY, AVG, MEASURED IN HEAD",HEAD,"6,000"
2016,MONTHLY,APR,ARIZONA,AZ,04,"CATTLE, COWS, MILK - INVENTORY, AVG, MEASURED IN HEAD",HEAD,"201,000"
2016,MONTHLY,APR THRU JUN,ARIZONA,AZ,04,"CATTLE, COWS, MILK - INVENTORY, AVG, MEASURED IN HEAD",HEAD,"200,000"
2016,MONTHLY,AUG,ARIZONA,AZ,04,"CATTLE, COWS, MILK - INVENTORY, AVG, MEASURED IN HEAD",HEAD,"201,000"
2016,MONTHLY,DEC,ARIZONA,AZ,04,"CATTLE, COWS, MILK - INVENTORY, AVG, MEASURED IN HEAD",HEAD,"205,000"
2016,MONTHLY,FEB,ARIZONA,AZ,04,"CATTLE, COWS, MILK - INVENTORY, AVG, MEASURED IN HEAD",HEAD,"201,000"
2016,MONTHLY,JAN,ARIZONA,AZ,04,"CATTLE, COWS, MILK - INVENTORY, AVG, MEASURED IN HEAD",HEAD,"200,000"
2016,MONTHLY,JAN THRU MAR,ARIZONA,AZ,04,"CATTLE, COWS, MILK - INVENTORY, AVG, MEASURED IN HEAD",HEAD,"201,000"
2016,MONTHLY,JUL,ARIZONA,AZ,04,"CATTLE, COWS, MILK - INVENTORY, AVG, MEASURED IN HEAD",HEAD,"199,000"
2016,MONTHLY,JUL THRU SEP,ARIZONA,AZ,04,"CATTLE, COWS, MILK - INVENTORY, AVG, MEASURED IN HEAD",HEAD,"201,000"
2016,MONTHLY,JUN,ARIZONA,AZ,04,"CATTLE, COWS, MILK - INVENTORY, AVG, MEASURED IN HEAD",HEAD,"199,000"
2016,MONTHLY,MAR,ARIZONA,AZ,04,"CATTLE, COWS, MILK - INVENTORY, AVG, MEASURED IN HEAD",HEAD,"201,000"
2016,MONTHLY,MAY,ARIZONA,AZ,04,"CATTLE, COWS, MILK - INVENTORY, AVG, MEASURED IN HEAD",HEAD,"200,000"
2016,MONTHLY,NOV,ARIZONA,AZ,04,"CATTLE, COWS, MILK - INVENTORY, AVG, MEASURED IN HEAD",HEAD,"205,000"
2016,MONTHLY,OCT,ARIZONA,AZ,04,"CATTLE, COWS, MILK - INVENTORY, AVG, MEASURED IN HEAD",HEAD,"203,000"
2016,MONTHLY,OCT THRU DEC,ARIZONA,AZ,04,"CATTLE, COWS, MILK - INVENTORY, AVG, MEASURED IN HEAD",HEAD,"204,000"
2016,MONTHLY,SEP,ARIZONA,AZ,04,"CATTLE, COWS, MILK - INVENTORY, AVG, MEASURED IN HEAD",HEAD,"202,000"
2016,MONTHLY,APR,CALIFORNIA,CA,06,"CATTLE, COWS, MILK - INVENTORY, AVG, MEASURED IN HEAD",HEAD,"1,766,000"
2016,MONTHLY,APR THRU JUN,CALIFORNIA,CA,06,"CATTLE, COWS, MILK - INVENTORY, AVG, MEASURED IN HEAD",HEAD,"1,764,000"
2016,MONTHLY,AUG,CALIFORNIA,CA,06,"CATTLE, COWS, MILK - INVENTORY, AVG, MEASURED IN HEAD",HEAD,"1,759,000"
2016,MONTHLY,DEC,CALIFORNIA,CA,06,"CATTLE, COWS, MILK - INVENTORY, AVG, MEASURED IN HEAD",HEAD,"1,756,000"
2016,MONTHLY,FEB,CALIFORNIA,CA,06,"CATTLE, COWS, MILK - INVENTORY, AVG, MEASURED IN HEAD",HEAD,"1,769,000"
2016,MONTHLY,JAN,CALIFORNIA,CA,06,"CATTLE, COWS, MILK - INVENTORY, AVG, MEASURED IN HEAD",HEAD,"1,769,000"
2016,MONTHLY,JAN THRU MAR,CALIFORNIA,CA,06,"CATTLE, COWS, MILK - INVENTORY, AVG, MEASURED IN HEAD",HEAD,"1,768,000"
2016,MONTHLY,JUL,CALIFORNIA,CA,06,"CATTLE, COWS, MILK - INVENTORY, AVG, MEASURED IN HEAD",HEAD,"1,760,000"
2016,MONTHLY,JUL THRU SEP,CALIFORNIA,CA,06,"CATTLE, COWS, MILK - INVENTORY, AVG, MEASURED IN HEAD",HEAD,"1,759,000"
2016,MONTHLY,JUN,CALIFORNIA,CA,06,"CATTLE, COWS, MILK - INVENTORY, AVG, MEASURED IN HEAD",HEAD,"1,763,000"
2016,MONTHLY,MAR,CALIFORNIA,CA,06,"CATTLE, COWS, MILK - INVENTORY, AVG, MEASURED IN HEAD",HEAD,"1,767,000"
2016,MONTHLY,MAY,CALIFORNIA,CA,06,"CATTLE, COWS, MILK - INVENTORY, AVG, MEASURED IN HEAD",HEAD,"1,764,000"
2016,MONTHLY,NOV,CALIFORNIA,CA,06,"CATTLE, COWS, MILK - INVENTORY, AVG, MEASURED IN HEAD",HEAD,"1,757,000"
2016,MONTHLY,OCT,CALIFORNIA,CA,06,"CATTLE, COWS, MILK - INVENTORY, AVG, MEASURED IN HEAD",HEAD,"1,758,000"
2016,MONTHLY,OCT THRU DEC,CALIFORNIA,CA,06,"CATTLE, COWS, MILK - INVENTORY, AVG, MEASURED IN HEAD",HEAD,"1,757,000"
2016,MONTHLY,SEP,CALIFORNIA,CA,06,"CATTLE, COWS, MILK - INVENTORY, AVG, MEASURED IN HEAD",HEAD,"1,758,000"
2016,MONTHLY,APR,COLORADO,CO,08,"CATTLE, COWS, MILK - INVENTORY, AVG, MEASURED IN HEAD",HEAD,"150,000"
2016,MONTHLY,APR THRU JUN,COLORADO,CO,08,"CATTLE, COWS, MILK - INVENTORY, AVG, MEASURED IN HEAD",HEAD,"151,000"
2016,MONTHLY,AUG,COLORADO,CO,08,"CATTLE, COWS, MILK - INVENTORY, AVG, MEASURED IN HEAD",HEAD,"154,000"
2016,MONTHLY,DEC,COLORADO,CO,08,"CATTLE, COWS, MILK - INVENTORY, AVG, MEASURED IN HEAD",HEAD,"156,000"
2016,MONTHLY,FEB,COLORADO,CO,08,"CATTLE, COWS, MILK - INVENTORY, AVG, MEASURED IN HEAD",HEAD,"150,000"
2016,MONTHLY,JAN,COLORADO,CO,08,"CATTLE, COWS, MILK - INVENTORY, AVG, MEASURED IN HEAD",HEAD,"150,000"
2016,MONTHLY,JAN THRU MAR,COLORADO,CO,08,"CATTLE, COWS, MILK - INVENTORY, AVG, MEASURED IN HEAD",HEAD,"150,000"
2016,MONTHLY,JUL,COLORADO,CO,08,"CATTLE, COWS, MILK - INVENTORY, AVG, MEASURED IN HEAD",HEAD,"153,000"
2016,MONTHLY,JUL THRU SEP,COLORADO,CO,08,"CATTLE, COWS, MILK - INVENTORY, AVG, MEASURED IN HEAD",HEAD,"154,000"
2016,MONTHLY,JUN,COLORADO,CO,08,"CATTLE, COWS, MILK - INVENTORY, AVG, MEASURED IN HEAD",HEAD,"152,000"
2016,MONTHLY,MAR,COLORADO,CO,08,"CATTLE, COWS, MILK - INVENTORY, AVG, MEASURED IN HEAD",HEAD,"150,000"
2016,MONTHLY,MAY,COLORADO,CO,08,"CATTLE, COWS, MILK - INVENTORY, AVG, MEASURED IN HEAD",HEAD,"150,000"
2016,MONTHLY,NOV,COLORADO,CO,08,"CATTLE, COWS, MILK - INVENTORY, AVG, MEASURED IN HEAD",HEAD,"156,000"
2016,MONTHLY,OCT,COLORADO,CO,08,"CATTLE, COWS, MILK - INVENTORY, AVG, MEASURED IN HEAD",HEAD,"156,000"
2016,MONTHLY,OCT THRU DEC,COLORADO,CO,08,"CATTLE, COWS, MILK - INVENTORY, AVG, MEASURED IN HEAD",HEAD,"156,000"
2016,MONTHLY,SEP,COLORADO,CO,08,"CATTLE, COWS, MILK - INVENTORY, AVG, MEASURED IN HEAD",HEAD,"155,000"
2016,MONTHLY,APR THRU JUN,CONNECTICUT,CT,09,"CATTLE, COWS, MILK - INVENTORY, AVG, MEASURED IN HEAD",HEAD,"19,000"
2016,MONTHLY,JAN THRU MAR,CONNECTICUT,CT,09,"CATTLE, COWS, MILK - INVENTORY, AVG, MEASURED IN HEAD",HEAD,"19,000"
2016,MONTHLY,JUL THRU SEP,CONNECTICUT,CT,09,"CATTLE, COWS, MILK - INVENTORY, AVG, MEASURED IN HEAD",HEAD,"19,000"
2016,MONTHLY,OCT THRU DEC,CONNECTICUT,CT,09,"CATTLE, COWS, MILK - INVENTORY, AVG, MEASURED IN HEAD",HEAD,"19,000"
2016,MONTHLY,APR THRU JUN,DELAWARE,DE,10,"CATTLE, COWS, MILK - INVENTORY, AVG, MEASURED IN HEAD",HEAD,"5,000"
2016,MONTHLY,JAN THRU MAR,DELAWARE,DE,10,"CATTLE, COWS, MILK - INVENTORY, AVG, MEASURED IN HEAD",HEAD,"5,000"
2016,MONTHLY,JUL THRU SEP,DELAWARE,DE,10,"CATTLE, COWS, MILK - INVENTORY, AVG, MEASURED IN HEAD",HEAD,"5,000"
2016,MONTHLY,OCT THRU DEC,DELAWARE,DE,10,"CATTLE, COWS, MILK - INVENTORY, AVG, MEASURED IN HEAD",HEAD,"5,000"
2016,MONTHLY,APR,FLORIDA,FL,12,"CATTLE, COWS, MILK - INVENTORY, AVG, MEASURED IN HEAD",HEAD,"124,000"
2016,MONTHLY,APR THRU JUN,FLORIDA,FL,12,"CATTLE, COWS, MILK - INVENTORY, AVG, MEASURED IN HEAD",HEAD,"123,000"
2016,MONTHLY,AUG,FLORIDA,FL,12,"CATTLE, COWS, MILK - INVENTORY, AVG, MEASURED IN HEAD",HEAD,"120,000"
2016,MONTHLY,DEC,FLORIDA,FL,12,"CATTLE, COWS, MILK - INVENTORY, AVG, MEASURED IN HEAD",HEAD,"122,000"
2016,MONTHLY,FEB,FLORIDA,FL,12,"CATTLE, COWS, MILK - INVENTORY, AVG, MEASURED IN HEAD",HEAD,"126,000"
2016,MONTHLY,JAN,FLORIDA,FL,12,"CATTLE, COWS, MILK - INVENTORY, AVG, MEASURED IN HEAD",HEAD,"126,000"
2016,MONTHLY,JAN THRU MAR,FLORIDA,FL,12,"CATTLE, COWS, MILK - INVENTORY, AVG, MEASURED IN HEAD",HEAD,"126,000"
2016,MONTHLY,JUL,FLORIDA,FL,12,"CATTLE, COWS, MILK - INVENTORY, AVG, MEASURED IN HEAD",HEAD,"121,000"
2016,MONTHLY,JUL THRU SEP,FLORIDA,FL,12,"CATTLE, COWS, MILK - INVENTORY, AVG, MEASURED IN HEAD",HEAD,"120,000"
2016,MONTHLY,JUN,FLORIDA,FL,12,"CATTLE, COWS, MILK - INVENTORY, AVG, MEASURED IN HEAD",HEAD,"122,000"
2016,MONTHLY,MAR,FLORIDA,FL,12,"CATTLE, COWS, MILK - INVENTORY, AVG, MEASURED IN HEAD",HEAD,"125,000"
2016,MONTHLY,MAY,FLORIDA,FL,12,"CATTLE, COWS, MILK - INVENTORY, AVG, MEASURED IN HEAD",HEAD,"123,000"
2016,MONTHLY,NOV,FLORIDA,FL,12,"CATTLE, COWS, MILK - INVENTORY, AVG, MEASURED IN HEAD",HEAD,"121,000"
2016,MONTHLY,OCT,FLORIDA,FL,12,"CATTLE, COWS, MILK - INVENTORY, AVG, MEASURED IN HEAD",HEAD,"120,000"
2016,MONTHLY,OCT THRU DEC,FLORIDA,FL,12,"CATTLE, COWS, MILK - INVENTORY, AVG, MEASURED IN HEAD",HEAD,"121,000"
2016,MONTHLY,SEP,FLORIDA,FL,12,"CATTLE, COWS, MILK - INVENTORY, AVG, MEASURED IN HEAD",HEAD,"120,000"
2016,MONTHLY,APR THRU JUN,GEORGIA,GA,13,"CATTLE, COWS, MILK - INVENTORY, AVG, MEASURED IN HEAD",HEAD,"85,000"
2016,MONTHLY,JAN THRU MAR,GEORGIA,GA,13,"CATTLE, COWS, MILK - INVENTORY, AVG, MEASURED IN HEAD",HEAD,"85,000"
2016,MONTHLY,JUL THRU SEP,GEORGIA,GA,13,"CATTLE, COWS, MILK - INVENTORY, AVG, MEASURED IN HEAD",HEAD,"83,000"
2016,MONTHLY,OCT THRU DEC,GEORGIA,GA,13,"CATTLE, COWS, MILK - INVENTORY, AVG, MEASURED IN HEAD",HEAD,"83,000"
2016,MONTHLY,APR THRU JUN,HAWAII,HI,15,"CATTLE, COWS, MILK - INVENTORY, AVG, MEASURED IN HEAD",HEAD,"2,500"
2016,MONTHLY,JAN THRU MAR,HAWAII,HI,15,"CATTLE, COWS, MILK - INVENTORY, AVG, MEASURED IN HEAD",HEAD,"2,400"
2016,MONTHLY,JUL THRU SEP,HAWAII,HI,15,"CATTLE, COWS, MILK - INVENTORY, AVG, MEASURED IN HEAD",HEAD,"2,400"
2016,MONTHLY,OCT THRU DEC,HAWAII,HI,15,"CATTLE, COWS, MILK - INVENTORY, AVG, MEASURED IN HEAD",HEAD,"2,400"
2016,MONTHLY,APR,IOWA,IA,19,"CATTLE, COWS, MILK - INVENTORY, AVG, MEASURED IN HEAD",HEAD,"212,000"
2016,MONTHLY,APR THRU JUN,IOWA,IA,19,"CATTLE, COWS, MILK - INVENTORY, AVG, MEASURED IN HEAD",HEAD,"213,000"
2016,MONTHLY,AUG,IOWA,IA,19,"CATTLE, COWS, MILK - INVENTORY, AVG, MEASURED IN HEAD",HEAD,"214,000"
2016,MONTHLY,DEC,IOWA,IA,19,"CATTLE, COWS, MILK - INVENTORY, AVG, MEASURED IN HEAD",HEAD,"215,000"
2016,MONTHLY,FEB,IOWA,IA,19,"CATTLE, COWS, MILK - INVENTORY, AVG, MEASURED IN HEAD",HEAD,"211,000"
2016,MONTHLY,JAN,IOWA,IA,19,"CATTLE, COWS, MILK - INVENTORY, AVG, MEASURED IN HEAD",HEAD,"210,000"
2016,MONTHLY,JAN THRU MAR,IOWA,IA,19,"CATTLE, COWS, MILK - INVENTORY, AVG, MEASURED IN HEAD",HEAD,"211,000"
2016,MONTHLY,JUL,IOWA,IA,19,"CATTLE, COWS, MILK - INVENTORY, AVG, MEASURED IN HEAD",HEAD,"214,000"
2016,MONTHLY,JUL THRU SEP,IOWA,IA,19,"CATTLE, COWS, MILK - INVENTORY, AVG, MEASURED IN HEAD",HEAD,"214,000"
2016,MONTHLY,JUN,IOWA,IA,19,"CATTLE, COWS, MILK - INVENTORY, AVG, MEASURED IN HEAD",HEAD,"213,000"
2016,MONTHLY,MAR,IOWA,IA,19,"CATTLE, COWS, MILK - INVENTORY, AVG, MEASURED IN HEAD",HEAD,"212,000"
2016,MONTHLY,MAY,IOWA,IA,19,"CATTLE, COWS, MILK - INVENTORY, AVG, MEASURED IN HEAD",HEAD,"213,000"
2016,MONTHLY,NOV,IOWA,IA,19,"CATTLE, COWS, MILK - INVENTORY, AVG, MEASURED IN HEAD",HEAD,"215,000"
2016,MONTHLY,OCT,IOWA,IA,19,"CATTLE, COWS, MILK - INVENTORY, AVG, MEASURED IN HEAD",HEAD,"215,000"
2016,MONTHLY,OCT THRU DEC,IOWA,IA,19,"CATTLE, COWS, MILK - INVENTORY, AVG, MEASURED IN HEAD",HEAD,"215,000"
2016,MONTHLY,SEP,IOWA,IA,19,"CATTLE, COWS, MILK - INVENTORY, AVG, MEASURED IN HEAD",HEAD,"214,000"
2016,MONTHLY,APR,IDAHO,ID,16,"CATTLE, COWS, MILK - INVENTORY, AVG, MEASURED IN HEAD",HEAD,"591,000"
2016,MONTHLY,APR THRU JUN,IDAHO,ID,16,"CATTLE, COWS, MILK - INVENTORY, AVG, MEASURED IN HEAD",HEAD,"592,000"
2016,MONTHLY,AUG,IDAHO,ID,16,"CATTLE, COWS, MILK - INVENTORY, AVG, MEASURED IN HEAD",HEAD,"599,000"
2016,MONTHLY,DEC,IDAHO,ID,16,"CATTLE, COWS, MILK - INVENTORY, AVG, MEASURED IN HEAD",HEAD,"600,000"
2016,MONTHLY,FEB,IDAHO,ID,16,"CATTLE, COWS, MILK - INVENTORY, AVG, MEASURED IN HEAD",HEAD,"589,000"
2016,MONTHLY,JAN,IDAHO,ID,16,"CATTLE, COWS, MILK - INVENTORY, AVG, MEASURED IN HEAD",HEAD,"588,000"
2016,MONTHLY,JAN THRU MAR,IDAHO,ID,16,"CATTLE, COWS, MILK - INVENTORY, AVG, MEASURED IN HEAD",HEAD,"589,000"
2016,MONTHLY,JUL,IDAHO,ID,16,"CATTLE, COWS, MILK - INVENTORY, AVG, MEASURED IN HEAD",HEAD,"599,000"
2016,MONTHLY,JUL THRU SEP,IDAHO,ID,16,"CATTLE, COWS, MILK - INVENTORY, AVG, MEASURED IN HEAD",HEAD,"599,000"
2016,MONTHLY,JUN,IDAHO,ID,16,"CATTLE, COWS, MILK - INVENTORY, AVG, MEASURED IN HEAD",HEAD,"594,000"
2016,MONTHLY,MAR,IDAHO,ID,16,"CATTLE, COWS, MILK - INVENTORY, AVG, MEASURED IN HEAD",HEAD,"591,000"
2016,MONTHLY,MAY,IDAHO,ID,16,"CATTLE, COWS, MILK - INVENTORY, AVG, MEASURED IN HEAD",HEAD,"592,000"
2016,MONTHLY,NOV,IDAHO,ID,16,"CATTLE, COWS, MILK - INVENTORY, AVG, MEASURED IN HEAD",HEAD,"599,000"
2016,MONTHLY,OCT,IDAHO,ID,16,"CATTLE, COWS, MILK - INVENTORY, AVG, MEASURED IN HEAD",HEAD,"599,000"
2016,MONTHLY,OCT THRU DEC,IDAHO,ID,16,"CATTLE, COWS, MILK - INVENTORY, AVG, MEASURED IN HEAD",HEAD,"599,000"
2016,MONTHLY,SEP,IDAHO,ID,16,"CATTLE, COWS, MILK - INVENTORY, AVG, MEASURED IN HEAD",HEAD,"599,000"
2016,MONTHLY,APR,ILLINOIS,IL,17,"CATTLE, COWS, MILK - INVENTORY, AVG, MEASURED IN HEAD",HEAD,"94,000"
2016,MONTHLY,APR THRU JUN,ILLINOIS,IL,17,"CATTLE, COWS, MILK - INVENTORY, AVG, MEASURED IN HEAD",HEAD,"94,000"
2016,MONTHLY,AUG,ILLINOIS,IL,17,"CATTLE, COWS, MILK - INVENTORY, AVG, MEASURED IN HEAD",HEAD,"94,000"
2016,MONTHLY,DEC,ILLINOIS,IL,17,"CATTLE, COWS, MILK - INVENTORY, AVG, MEASURED IN HEAD",HEAD,"93,000"
2016,MONTHLY,FEB,ILLINOIS,IL,17,"CATTLE, COWS, MILK - INVENTORY, AVG, MEASURED IN HEAD",HEAD,"94,000"
2016,MONTHLY,JAN,ILLINOIS,IL,17,"CATTLE, COWS, MILK - INVENTORY, AVG, MEASURED IN HEAD",HEAD,"94,000"
2016,MONTHLY,JAN THRU MAR,ILLINOIS,IL,17,"CATTLE, COWS, MILK - INVENTORY, AVG, MEASURED IN HEAD",HEAD,"94,000"
2016,MONTHLY,JUL,ILLINOIS,IL,17,"CATTLE, COWS, MILK - INVENTORY, AVG, MEASURED IN HEAD",HEAD,"94,000"
2016,MONTHLY,JUL THRU SEP,ILLINOIS,IL,17,"CATTLE, COWS, MILK - INVENTORY, AVG, MEASURED IN HEAD",HEAD,"94,000"
2016,MONTHLY,JUN,ILLINOIS,IL,17,"CATTLE, COWS, MILK - INVENTORY, AVG, MEASURED IN HEAD",HEAD,"94,000"
2016,MONTHLY,MAR,ILLINOIS,IL,17,"CATTLE, COWS, MILK - INVENTORY, AVG, MEASURED IN HEAD",HEAD,"94,000"
2016,MONTHLY,MAY,ILLINOIS,IL,17,"CATTLE, COWS, MILK - INVENTORY, AVG, MEASURED IN HEAD",HEAD,"94,000"
2016,MONTHLY,NOV,ILLINOIS,IL,17,"CATTLE, COWS, MILK - INVENTORY, AVG, MEASURED IN HEAD",HEAD,"93,000"
2016,MONTHLY,OCT,ILLINOIS,IL,17,"CATTLE, COWS, MILK - INVENTORY, AVG, MEASURED IN HEAD",HEAD,"93,000"
2016,MONTHLY,OCT THRU DEC,ILLINOIS,IL,17,"CATTLE, COWS, MILK - INVENTORY, AVG, MEASURED IN HEAD",HEAD,"93,000"
2016,MONTHLY,SEP,ILLINOIS,IL,17,"CATTLE, COWS, MILK - INVENTORY, AVG, MEASURED IN HEAD",HEAD,"94,000"
2016,MONTHLY,APR,INDIANA,IN,18,"CATTLE, COWS, MILK - INVENTORY, AVG, MEASURED IN HEAD",HEAD,"184,000"
2016,MONTHLY,APR THRU JUN,INDIANA,IN,18,"CATTLE, COWS, MILK - INVENTORY, AVG, MEASURED IN HEAD",HEAD,"184,000"
2016,MONTHLY,AUG,INDIANA,IN,18,"CATTLE, COWS, MILK - INVENTORY, AVG, MEASURED IN HEAD",HEAD,"184,000"
2016,MONTHLY,DEC,INDIANA,IN,18,"CATTLE, COWS, MILK - INVENTORY, AVG, MEASURED IN HEAD",HEAD,"185,000"
2016,MONTHLY,FEB,INDIANA,IN,18,"CATTLE, COWS, MILK - INVENTORY, AVG, MEASURED IN HEAD",HEAD,"184,000"
2016,MONTHLY,JAN,INDIANA,IN,18,"CATTLE, COWS, MILK - INVENTORY, AVG, MEASURED IN HEAD",HEAD,"184,000"
2016,MONTHLY,JAN THRU MAR,INDIANA,IN,18,"CATTLE, COWS, MILK - INVENTORY, AVG, MEASURED IN HEAD",HEAD,"184,000"
2016,MONTHLY,JUL,INDIANA,IN,18,"CATTLE, COWS, MILK - INVENTORY, AVG, MEASURED IN HEAD",HEAD,"184,000"
2016,MONTHLY,JUL THRU SEP,INDIANA,IN,18,"CATTLE, COWS, MILK - INVENTORY, AVG, MEASURED IN HEAD",HEAD,"184,000"
2016,MONTHLY,JUN,INDIANA,IN,18,"CATTLE, COWS, MILK - INVENTORY, AVG, MEASURED IN HEAD",HEAD,"184,000"
2016,MONTHLY,MAR,INDIANA,IN,18,"CATTLE, COWS, MILK - INVENTORY, AVG, MEASURED IN HEAD",HEAD,"184,000"
2016,MONTHLY,MAY,INDIANA,IN,18,"CATTLE, COWS, MILK - INVENTORY, AVG, MEASURED IN HEAD",HEAD,"184,000"
2016,MONTHLY,NOV,INDIANA,IN,18,"CATTLE, COWS, MILK - INVENTORY, AVG, MEASURED IN HEAD",HEAD,"185,000"
2016,MONTHLY,OCT,INDIANA,IN,18,"CATTLE, COWS, MILK - INVENTORY, AVG, MEASURED IN HEAD",HEAD,"184,000"
2016,MONTHLY,OCT THRU DEC,INDIANA,IN,18,"CATTLE, COWS, MILK - INVENTORY, AVG, MEASURED IN HEAD",HEAD,"185,000"
2016,MONTHLY,SEP,INDIANA,IN,18,"CATTLE, COWS, MILK - INVENTORY, AVG, MEASURED IN HEAD",HEAD,"184,000"
2016,MONTHLY,APR,KANSAS,KS,20,"CATTLE, COWS, MILK - INVENTORY, AVG, MEASURED IN HEAD",HEAD,"144,000"
2016,MONTHLY,APR THRU JUN,KANSAS,KS,20,"CATTLE, COWS, MILK - INVENTORY, AVG, MEASURED IN HEAD",HEAD,"145,000"
2016,MONTHLY,AUG,KANSAS,KS,20,"CATTLE, COWS, MILK - INVENTORY, AVG, MEASURED IN HEAD",HEAD,"146,000"
2016,MONTHLY,DEC,KANSAS,KS,20,"CATTLE, COWS, MILK - INVENTORY, AVG, MEASURED IN HEAD",HEAD,"150,000"
2016,MONTHLY,FEB,KANSAS,KS,20,"CATTLE, COWS, MILK - INVENTORY, AVG, MEASURED IN HEAD",HEAD,"143,000"
2016,MONTHLY,JAN,KANSAS,KS,20,"CATTLE, COWS, MILK - INVENTORY, AVG, MEASURED IN HEAD",HEAD,"142,000"
2016,MONTHLY,JAN THRU MAR,KANSAS,KS,20,"CATTLE, COWS, MILK - INVENTORY, AVG, MEASURED IN HEAD",HEAD,"143,000"
2016,MONTHLY,JUL,KANSAS,KS,20,"CATTLE, COWS, MILK - INVENTORY, AVG, MEASURED IN HEAD",HEAD,"145,000"
2016,MONTHLY,JUL THRU SEP,KANSAS,KS,20,"CATTLE, COWS, MILK - INVENTORY, AVG, MEASURED IN HEAD",HEAD,"146,000"
2016,MONTHLY,JUN,KANSAS,KS,20,"CATTLE, COWS, MILK - INVENTORY, AVG, MEASURED IN HEAD",HEAD,"145,000"
2016,MONTHLY,MAR,KANSAS,KS,20,"CATTLE, COWS, MILK - INVENTORY, AVG, MEASURED IN HEAD",HEAD,"144,000"
2016,MONTHLY,MAY,KANSAS,KS,20,"CATTLE, COWS, MILK - INVENTORY, AVG, MEASURED IN HEAD",HEAD,"145,000"
2016,MONTHLY,NOV,KANSAS,KS,20,"CATTLE, COWS, MILK - INVENTORY, AVG, MEASURED IN HEAD",HEAD,"149,000"
2016,MONTHLY,OCT,KANSAS,KS,20,"CATTLE, COWS, MILK - INVENTORY, AVG, MEASURED IN HEAD",HEAD,"147,000"
2016,MONTHLY,OCT THRU DEC,KANSAS,KS,20,"CATTLE, COWS, MILK - INVENTORY, AVG, MEASURED IN HEAD",HEAD,"149,000"
2016,MONTHLY,SEP,KANSAS,KS,20,"CATTLE, COWS, MILK - INVENTORY, AVG, MEASURED IN HEAD",HEAD,"147,000"
2016,MONTHLY,APR THRU JUN,KENTUCKY,KY,21,"CATTLE, COWS, MILK - INVENTORY, AVG, MEASURED IN HEAD",HEAD,"58,000"
2016,MONTHLY,JAN THRU MAR,KENTUCKY,KY,21,"CATTLE, COWS, MILK - INVENTORY, AVG, MEASURED IN HEAD",HEAD,"59,000"
2016,MONTHLY,JUL THRU SEP,KENTUCKY,KY,21,"CATTLE, COWS, MILK - INVENTORY, AVG, MEASURED IN HEAD",HEAD,"56,000"
2016,MONTHLY,OCT THRU DEC,KENTUCKY,KY,21,"CATTLE, COWS, MILK - INVENTORY, AVG, MEASURED IN HEAD",HEAD,"57,000"
2016,MONTHLY,APR THRU JUN,LOUISIANA,LA,22,"CATTLE, COWS, MILK - INVENTORY, AVG, MEASURED IN HEAD",HEAD,"12,500"
2016,MONTHLY,JAN THRU MAR,LOUISIANA,LA,22,"CATTLE, COWS, MILK - INVENTORY, AVG, MEASURED IN HEAD",HEAD,"13,000"
2016,MONTHLY,JUL THRU SEP,LOUISIANA,LA,22,"CATTLE, COWS, MILK - INVENTORY, AVG, MEASURED IN HEAD",HEAD,"12,000"
2016,MONTHLY,OCT THRU DEC,LOUISIANA,LA,22,"CATTLE, COWS, MILK - INVENTORY, AVG, MEASURED IN HEAD",HEAD,"12,000"
2016,MONTHLY,APR THRU JUN,MASSACHUSETTS,MA,25,"CATTLE, COWS, MILK - INVENTORY, AVG, MEASURED IN HEAD",HEAD,"11,500"
2016,MONTHLY,JAN THRU MAR,MASSACHUSETTS,MA,25,"CATTLE, COWS, MILK - INVENTORY, AVG, MEASURED IN HEAD",HEAD,"11,500"
2016,MONTHLY,JUL THRU SEP,MASSACHUSETTS,MA,25,"CATTLE, COWS, MILK - INVENTORY, AVG, MEASURED IN HEAD",HEAD,"11,500"
2016,MONTHLY,OCT THRU DEC,MASSACHUSETTS,MA,25,"CATTLE, COWS, MILK - INVENTORY, AVG, MEASURED IN HEAD",HEAD,"11,500"
2016,MONTHLY,APR THRU JUN,MARYLAND,MD,24,"CATTLE, COWS, MILK - INVENTORY, AVG, MEASURED IN HEAD",HEAD,"48,000"
2016,MONTHLY,JAN THRU MAR,MARYLAND,MD,24,"CATTLE, COWS, MILK - INVENTORY, AVG, MEASURED IN HEAD",HEAD,"48,000"
2016,MONTHLY,JUL THRU SEP,MARYLAND,MD,24,"CATTLE, COWS, MILK - INVENTORY, AVG, MEASURED IN HEAD",HEAD,"47,000"
2016,MONTHLY,OCT THRU DEC,MARYLAND,MD,24,"CATTLE, COWS, MILK - INVENTORY, AVG, MEASURED IN HEAD",HEAD,"47,000"
2016,MONTHLY,APR THRU JUN,MAINE,ME,23,"CATTLE, COWS, MILK - INVENTORY, AVG, MEASURED IN HEAD",HEAD,"30,000"
2016,MONTHLY,JAN THRU MAR,MAINE,ME,23,"CATTLE, COWS, MILK - INVENTORY, AVG, MEASURED IN HEAD",HEAD,"30,000"
2016,MONTHLY,JUL THRU SEP,MAINE,ME,23,"CATTLE, COWS, MILK - INVENTORY, AVG, MEASURED IN HEAD",HEAD,"30,000"
2016,MONTHLY,OCT THRU DEC,MAINE,ME,23,"CATTLE, COWS, MILK - INVENTORY, AVG, MEASURED IN HEAD",HEAD,"30,000"
2016,MONTHLY,APR,MICHIGAN,MI,26,"CATTLE, COWS, MILK - INVENTORY, AVG, MEASURED IN HEAD",HEAD,"417,000"
2016,MONTHLY,APR THRU JUN,MICHIGAN,MI,26,"CATTLE, COWS, MILK - INVENTORY, AVG, MEASURED IN HEAD",HEAD,"418,000"
2016,MONTHLY,AUG,MICHIGAN,MI,26,"CATTLE, COWS, MILK - INVENTORY, AVG, MEASURED IN HEAD",HEAD,"422,000"
2016,MONTHLY,DEC,MICHIGAN,MI,26,"CATTLE, COWS, MILK - INVENTORY, AVG, MEASURED IN HEAD",HEAD,"425,000"
2016,MONTHLY,FEB,MICHIGAN,MI,26,"CATTLE, COWS, MILK - INVENTORY, AVG, MEASURED IN HEAD",HEAD,"414,000"
2016,MONTHLY,JAN,MICHIGAN,MI,26,"CATTLE, COWS, MILK - INVENTORY, AVG, MEASURED IN HEAD",HEAD,"413,000"
2016,MONTHLY,JAN THRU MAR,MICHIGAN,MI,26,"CATTLE, COWS, MILK - INVENTORY, AVG, MEASURED IN HEAD",HEAD,"414,000"
2016,MONTHLY,JUL,MICHIGAN,MI,26,"CATTLE, COWS, MILK - INVENTORY, AVG, MEASURED IN HEAD",HEAD,"420,000"
2016,MONTHLY,JUL THRU SEP,MICHIGAN,MI,26,"CATTLE, COWS, MILK - INVENTORY, AVG, MEASURED IN HEAD",HEAD,"421,000"
2016,MONTHLY,JUN,MICHIGAN,MI,26,"CATTLE, COWS, MILK - INVENTORY, AVG, MEASURED IN HEAD",HEAD,"419,000"
2016,MONTHLY,MAR,MICHIGAN,MI,26,"CATTLE, COWS, MILK - INVENTORY, AVG, MEASURED IN HEAD",HEAD,"416,000"
2016,MONTHLY,MAY,MICHIGAN,MI,26,"CATTLE, COWS, MILK - INVENTORY, AVG, MEASURED IN HEAD",HEAD,"418,000"
2016,MONTHLY,NOV,MICHIGAN,MI,26,"CATTLE, COWS, MILK - INVENTORY, AVG, MEASURED IN HEAD",HEAD,"423,000"
2016,MONTHLY,OCT,MICHIGAN,MI,26,"CATTLE, COWS, MILK - INVENTORY, AVG, MEASURED IN HEAD",HEAD,"422,000"
2016,MONTHLY,OCT THRU DEC,MICHIGAN,MI,26,"CATTLE, COWS, MILK - INVENTORY, AVG, MEASURED IN HEAD",HEAD,"423,000"
2016,MONTHLY,SEP,MICHIGAN,MI,26,"CATTLE, COWS, MILK - INVENTORY, AVG, MEASURED IN HEAD",HEAD,"422,000"
2016,MONTHLY,APR,MINNESOTA,MN,27,"CATTLE, COWS, MILK - INVENTORY, AVG, MEASURED IN HEAD",HEAD,"460,000"
2016,MONTHLY,APR THRU JUN,MINNESOTA,MN,27,"CATTLE, COWS, MILK - INVENTORY, AVG, MEASURED IN HEAD",HEAD,"461,000"
2016,MONTHLY,AUG,MINNESOTA,MN,27,"CATTLE, COWS, MILK - INVENTORY, AVG, MEASURED IN HEAD",HEAD,"462,000"
2016,MONTHLY,DEC,MINNESOTA,MN,27,"CATTLE, COWS, MILK - INVENTORY, AVG, MEASURED IN HEAD",HEAD,"461,000"
2016,MONTHLY,FEB,MINNESOTA,MN,27,"CATTLE, COWS, MILK - INVENTORY, AVG, MEASURED IN HEAD",HEAD,"460,000"
2016,MONTHLY,JAN,MINNESOTA,MN,27,"CATTLE, COWS, MILK - INVENTORY, AVG, MEASURED IN HEAD",HEAD,"460,000"
2016,MONTHLY,JAN THRU MAR,MINNESOTA,MN,27,"CATTLE, COWS, MILK - INVENTORY, AVG, MEASURED IN HEAD",HEAD,"460,000"
2016,MONTHLY,JUL,MINNESOTA,MN,27,"CATTLE, COWS, MILK - INVENTORY, AVG, MEASURED IN HEAD",HEAD,"462,000"
2016,MONTHLY,JUL THRU SEP,MINNESOTA,MN,27,"CATTLE, COWS, MILK - INVENTORY, AVG, MEASURED IN HEAD",HEAD,"462,000"
2016,MONTHLY,JUN,MINNESOTA,MN,27,"CATTLE, COWS, MILK - INVENTORY, AVG, MEASURED IN HEAD",HEAD,"462,000"
2016,MONTHLY,MAR,MINNESOTA,MN,27,"CATTLE, COWS, MILK - INVENTORY, AVG, MEASURED IN HEAD",HEAD,"460,000"
2016,MONTHLY,MAY,MINNESOTA,MN,27,"CATTLE, COWS, MILK - INVENTORY, AVG, MEASURED IN HEAD",HEAD,"461,000"
2016,MONTHLY,NOV,MINNESOTA,MN,27,"CATTLE, COWS, MILK - INVENTORY, AVG, MEASURED IN HEAD",HEAD,"461,000"
2016,MONTHLY,OCT,MINNESOTA,MN,27,"CATTLE, COWS, MILK - INVENTORY, AVG, MEASURED IN HEAD",HEAD,"461,000"
2016,MONTHLY,OCT THRU DEC,MINNESOTA,MN,27,"CATTLE, COWS, MILK - INVENTORY, AVG, MEASURED IN HEAD",HEAD,"461,000"
2016,MONTHLY,SEP,MINNESOTA,MN,27,"CATTLE, COWS, MILK - INVENTORY, AVG, MEASURED IN HEAD",HEAD,"461,000"
2016,MONTHLY,APR THRU JUN,MISSOURI,MO,29,"CATTLE, COWS, MILK - INVENTORY, AVG, MEASURED IN HEAD",HEAD,"85,000"
2016,MONTHLY,JAN THRU MAR,MISSOURI,MO,29,"CATTLE, COWS, MILK - INVENTORY, AVG, MEASURED IN HEAD",HEAD,"85,000"
2016,MONTHLY,JUL THRU SEP,MISSOURI,MO,29,"CATTLE, COWS, MILK - INVENTORY, AVG, MEASURED IN HEAD",HEAD,"85,000"
2016,MONTHLY,OCT THRU DEC,MISSOURI,MO,29,"CATTLE, COWS, MILK - INVENTORY, AVG, MEASURED IN HEAD",HEAD,"85,000"
2016,MONTHLY,APR THRU JUN,MISSISSIPPI,MS,28,"CATTLE, COWS, MILK - INVENTORY, AVG, MEASURED IN HEAD",HEAD,"10,000"
2016,MONTHLY,JAN THRU MAR,MISSISSIPPI,MS,28,"CATTLE, COWS, MILK - INVENTORY, AVG, MEASURED IN HEAD",HEAD,"10,000"
2016,MONTHLY,JUL THRU SEP,MISSISSIPPI,MS,28,"CATTLE, COWS, MILK - INVENTORY, AVG, MEASURED IN HEAD",HEAD,"9,500"
2016,MONTHLY,OCT THRU DEC,MISSISSIPPI,MS,28,"CATTLE, COWS, MILK - INVENTORY, AVG, MEASURED IN HEAD",HEAD,"9,500"
2016,MONTHLY,APR THRU JUN,MONTANA,MT,30,"CATTLE, COWS, MILK - INVENTORY, AVG, MEASURED IN HEAD",HEAD,"14,000"
2016,MONTHLY,JAN THRU MAR,MONTANA,MT,30,"CATTLE, COWS, MILK - INVENTORY, AVG, MEASURED IN HEAD",HEAD,"14,000"
2016,MONTHLY,JUL THRU SEP,MONTANA,MT,30,"CATTLE, COWS, MILK - INVENTORY, AVG, MEASURED IN HEAD",HEAD,"14,000"
2016,MONTHLY,OCT THRU DEC,MONTANA,MT,30,"CATTLE, COWS, MILK - INVENTORY, AVG, MEASURED IN HEAD",HEAD,"14,000"
2016,MONTHLY,APR THRU JUN,NORTH CAROLINA,NC,37,"CATTLE, COWS, MILK - INVENTORY, AVG, MEASURED IN HEAD",HEAD,"47,000"
2016,MONTHLY,JAN THRU MAR,NORTH CAROLINA,NC,37,"CATTLE, COWS, MILK - INVENTORY, AVG, MEASURED IN HEAD",HEAD,"47,000"
2016,MONTHLY,JUL THRU SEP,NORTH CAROLINA,NC,37,"CATTLE, COWS, MILK - INVENTORY, AVG, MEASURED IN HEAD",HEAD,"45,000"
2016,MONTHLY,OCT THRU DEC,NORTH CAROLINA,NC,37,"CATTLE, COWS, MILK - INVENTORY, AVG, MEASURED IN HEAD",HEAD,"45,000"
2016,MONTHLY,APR THRU JUN,NORTH DAKOTA,ND,38,"CATTLE, COWS, MILK - INVENTORY, AVG, MEASURED IN HEAD",HEAD,"16,000"
2016,MONTHLY,JAN THRU MAR,NORTH DAKOTA,ND,38,"CATTLE, COWS, MILK - INVENTORY, AVG, MEASURED IN HEAD",HEAD,"16,000"
2016,MONTHLY,JUL THRU SEP,NORTH DAKOTA,ND,38,"CATTLE, COWS, MILK - INVENTORY, AVG, MEASURED IN HEAD",HEAD,"16,000"
2016,MONTHLY,OCT THRU DEC,NORTH DAKOTA,ND,38,"CATTLE, COWS, MILK - INVENTORY, AVG, MEASURED IN HEAD",HEAD,"16,000"
2016,MONTHLY,APR THRU JUN,NEBRASKA,NE,31,"CATTLE, COWS, MILK - INVENTORY, AVG, MEASURED IN HEAD",HEAD,"60,000"
2016,MONTHLY,JAN THRU MAR,NEBRASKA,NE,31,"CATTLE, COWS, MILK - INVENTORY, AVG, MEASURED IN HEAD",HEAD,"60,000"
2016,MONTHLY,JUL THRU SEP,NEBRASKA,NE,31,"CATTLE, COWS, MILK - INVENTORY, AVG, MEASURED IN HEAD",HEAD,"60,000"
2016,MONTHLY,OCT THRU DEC,NEBRASKA,NE,31,"CATTLE, COWS, MILK - INVENTORY, AVG, MEASURED IN HEAD",HEAD,"60,000"
2016,MONTHLY,APR THRU JUN,NEW HAMPSHIRE,NH,33,"CATTLE, COWS, MILK - INVENTORY, AVG, MEASURED IN HEAD",HEAD,"13,500"
2016,MONTHLY,JAN THRU MAR,NEW HAMPSHIRE,NH,33,"CATTLE, COWS, MILK - INVENTORY, AVG, MEASURED IN HEAD",HEAD,"13,500"
2016,MONTHLY,JUL THRU SEP,NEW HAMPSHIRE,NH,33,"CATTLE, COWS, MILK - INVENTORY, AVG, MEASURED IN HEAD",HEAD,"13,500"
2016,MONTHLY,OCT THRU DEC,NEW HAMPSHIRE,NH,33,"CATTLE, COWS, MILK - INVENTORY, AVG, MEASURED IN HEAD",HEAD,"13,500"
2016,MONTHLY,APR THRU JUN,NEW JERSEY,NJ,34,"CATTLE, COWS, MILK - INVENTORY, AVG, MEASURED IN HEAD",HEAD,"6,500"
2016,MONTHLY,JAN THRU MAR,NEW JERSEY,NJ,34,"CATTLE, COWS, MILK - INVENTORY, AVG, MEASURED IN HEAD",HEAD,"6,500"
2016,MONTHLY,JUL THRU SEP,NEW JERSEY,NJ,34,"CATTLE, COWS, MILK - INVENTORY, AVG, MEASURED IN HEAD",HEAD,"6,500"
2016,MONTHLY,OCT THRU DEC,NEW JERSEY,NJ,34,"CATTLE, COWS, MILK - INVENTORY, AVG, MEASURED IN HEAD",HEAD,"6,500"
2016,MONTHLY,APR,NEW MEXICO,NM,35,"CATTLE, COWS, MILK - INVENTORY, AVG, MEASURED IN HEAD",HEAD,"311,000"
2016,MONTHLY,APR THRU JUN,NEW MEXICO,NM,35,"CATTLE, COWS, MILK - INVENTORY, AVG, MEASURED IN HEAD",HEAD,"310,000"
2016,MONTHLY,AUG,NEW MEXICO,NM,35,"CATTLE, COWS, MILK - INVENTORY, AVG, MEASURED IN HEAD",HEAD,"317,000"
2016,MONTHLY,DEC,NEW MEXICO,NM,35,"CATTLE, COWS, MILK - INVENTORY, AVG, MEASURED IN HEAD",HEAD,"325,000"
2016,MONTHLY,FEB,NEW MEXICO,NM,35,"CATTLE, COWS, MILK - INVENTORY, AVG, MEASURED IN HEAD",HEAD,"311,000"
2016,MONTHLY,JAN,NEW MEXICO,NM,35,"CATTLE, COWS, MILK - INVENTORY, AVG, MEASURED IN HEAD",HEAD,"310,000"
2016,MONTHLY,JAN THRU MAR,NEW MEXICO,NM,35,"CATTLE, COWS, MILK - INVENTORY, AVG, MEASURED IN HEAD",HEAD,"311,000"
2016,MONTHLY,JUL,NEW MEXICO,NM,35,"CATTLE, COWS, MILK - INVENTORY, AVG, MEASURED IN HEAD",HEAD,"313,000"
2016,MONTHLY,JUL THRU SEP,NEW MEXICO,NM,35,"CATTLE, COWS, MILK - INVENTORY, AVG, MEASURED IN HEAD",HEAD,"316,000"
2016,MONTHLY,JUN,NEW MEXICO,NM,35,"CATTLE, COWS, MILK - INVENTORY, AVG, MEASURED IN HEAD",HEAD,"310,000"
2016,MONTHLY,MAR,NEW MEXICO,NM,35,"CATTLE, COWS, MILK - INVENTORY, AVG, MEASURED IN HEAD",HEAD,"311,000"
2016,MONTHLY,MAY,NEW MEXICO,NM,35,"CATTLE, COWS, MILK - INVENTORY, AVG, MEASURED IN HEAD",HEAD,"310,000"
2016,MONTHLY,NOV,NEW MEXICO,NM,35,"CATTLE, COWS, MILK - INVENTORY, AVG, MEASURED IN HEAD",HEAD,"323,000"
2016,MONTHLY,OCT,NEW MEXICO,NM,35,"CATTLE, COWS, MILK - INVENTORY, AVG, MEASURED IN HEAD",HEAD,"321,000"
2016,MONTHLY,OCT THRU DEC,NEW MEXICO,NM,35,"CATTLE, COWS, MILK - INVENTORY, AVG, MEASURED IN HEAD",HEAD,"323,000"
2016,MONTHLY,SEP,NEW MEXICO,NM,35,"CATTLE, COWS, MILK - INVENTORY, AVG, MEASURED IN HEAD",HEAD,"318,000"
2016,MONTHLY,APR THRU JUN,NEVADA,NV,32,"CATTLE, COWS, MILK - INVENTORY, AVG, MEASURED IN HEAD",HEAD,"30,000"
2016,MONTHLY,JAN THRU MAR,NEVADA,NV,32,"CATTLE, COWS, MILK - INVENTORY, AVG, MEASURED IN HEAD",HEAD,"29,000"
2016,MONTHLY,JUL THRU SEP,NEVADA,NV,32,"CATTLE, COWS, MILK - INVENTORY, AVG, MEASURED IN HEAD",HEAD,"30,000"
2016,MONTHLY,OCT THRU DEC,NEVADA,NV,32,"CATTLE, COWS, MILK - INVENTORY, AVG, MEASURED IN HEAD",HEAD,"30,000"
2016,MONTHLY,APR,NEW YORK,NY,36,"CATTLE, COWS, MILK - INVENTORY, AVG, MEASURED IN HEAD",HEAD,"620,000"
2016,MONTHLY,APR THRU JUN,NEW YORK,NY,36,"CATTLE, COWS, MILK - INVENTORY, AVG, MEASURED IN HEAD",HEAD,"620,000"
2016,MONTHLY,AUG,NEW YORK,NY,36,"CATTLE, COWS, MILK - INVENTORY, AVG, MEASURED IN HEAD",HEAD,"620,000"
2016,MONTHLY,DEC,NEW YORK,NY,36,"CATTLE, COWS, MILK - INVENTORY, AVG, MEASURED IN HEAD",HEAD,"620,000"
2016,MONTHLY,FEB,NEW YORK,NY,36,"CATTLE, COWS, MILK - INVENTORY, AVG, MEASURED IN HEAD",HEAD,"620,000"
2016,MONTHLY,JAN,NEW YORK,NY,36,"CATTLE, COWS, MILK - INVENTORY, AVG, MEASURED IN HEAD",HEAD,"620,000"
2016,MONTHLY,JAN THRU MAR,NEW YORK,NY,36,"CATTLE, COWS, MILK - INVENTORY, AVG, MEASURED IN HEAD",HEAD,"620,000"
2016,MONTHLY,JUL,NEW YORK,NY,36,"CATTLE, COWS, MILK - INVENTORY, AVG, MEASURED IN HEAD",HEAD,"620,000"
2016,MONTHLY,JUL THRU SEP,NEW YORK,NY,36,"CATTLE, COWS, MILK - INVENTORY, AVG, MEASURED IN HEAD",HEAD,"620,000"
2016,MONTHLY,JUN,NEW YORK,NY,36,"CATTLE, COWS, MILK - INVENTORY, AVG, MEASURED IN HEAD",HEAD,"620,000"
2016,MONTHLY,MAR,NEW YORK,NY,36,"CATTLE, COWS, MILK - INVENTORY, AVG, MEASURED IN HEAD",HEAD,"620,000"
2016,MONTHLY,MAY,NEW YORK,NY,36,"CATTLE, COWS, MILK - INVENTORY, AVG, MEASURED IN HEAD",HEAD,"620,000"
2016,MONTHLY,NOV,NEW YORK,NY,36,"CATTLE, COWS, MILK - INVENTORY, AVG, MEASURED IN HEAD",HEAD,"620,000"
2016,MONTHLY,OCT,NEW YORK,NY,36,"CATTLE, COWS, MILK - INVENTORY, AVG, MEASURED IN HEAD",HEAD,"620,000"
2016,MONTHLY,OCT THRU DEC,NEW YORK,NY,36,"CATTLE, COWS, MILK - INVENTORY, AVG, MEASURED IN HEAD",HEAD,"620,000"
2016,MONTHLY,SEP,NEW YORK,NY,36,"CATTLE, COWS, MILK - INVENTORY, AVG, MEASURED IN HEAD",HEAD,"620,000"
2016,MONTHLY,APR,OHIO,OH,39,"CATTLE, COWS, MILK - INVENTORY, AVG, MEASURED IN HEAD",HEAD,"266,000"
2016,MONTHLY,APR THRU JUN,OHIO,OH,39,"CATTLE, COWS, MILK - INVENTORY, AVG, MEASURED IN HEAD",HEAD,"266,000"
2016,MONTHLY,AUG,OHIO,OH,39,"CATTLE, COWS, MILK - INVENTORY, AVG, MEASURED IN HEAD",HEAD,"264,000"
2016,MONTHLY,DEC,OHIO,OH,39,"CATTLE, COWS, MILK - INVENTORY, AVG, MEASURED IN HEAD",HEAD,"262,000"
2016,MONTHLY,FEB,OHIO,OH,39,"CATTLE, COWS, MILK - INVENTORY, AVG, MEASURED IN HEAD",HEAD,"266,000"
2016,MONTHLY,JAN,OHIO,OH,39,"CATTLE, COWS, MILK - INVENTORY, AVG, MEASURED IN HEAD",HEAD,"266,000"
2016,MONTHLY,JAN THRU MAR,OHIO,OH,39,"CATTLE, COWS, MILK - INVENTORY, AVG, MEASURED IN HEAD",HEAD,"266,000"
2016,MONTHLY,JUL,OHIO,OH,39,"CATTLE, COWS, MILK - INVENTORY, AVG, MEASURED IN HEAD",HEAD,"266,000"
2016,MONTHLY,JUL THRU SEP,OHIO,OH,39,"CATTLE, COWS, MILK - INVENTORY, AVG, MEASURED IN HEAD",HEAD,"265,000"
2016,MONTHLY,JUN,OHIO,OH,39,"CATTLE, COWS, MILK - INVENTORY, AVG, MEASURED IN HEAD",HEAD,"266,000"
2016,MONTHLY,MAR,OHIO,OH,39,"CATTLE, COWS, MILK - INVENTORY, AVG, MEASURED IN HEAD",HEAD,"266,000"
2016,MONTHLY,MAY,OHIO,OH,39,"CATTLE, COWS, MILK - INVENTORY, AVG, MEASURED IN HEAD",HEAD,"266,000"
2016,MONTHLY,NOV,OHIO,OH,39,"CATTLE, COWS, MILK - INVENTORY, AVG, MEASURED IN HEAD",HEAD,"262,000"
2016,MONTHLY,OCT,OHIO,OH,39,"CATTLE, COWS, MILK - INVENTORY, AVG, MEASURED IN HEAD",HEAD,"263,000"
2016,MONTHLY,OCT THRU DEC,OHIO,OH,39,"CATTLE, COWS, MILK - INVENTORY, AVG, MEASURED IN HEAD",HEAD,"262,000"
2016,MONTHLY,SEP,OHIO,OH,39,"CATTLE, COWS, MILK - INVENTORY, AVG, MEASURED IN HEAD",HEAD,"264,000"
2016,MONTHLY,APR THRU JUN,OKLAHOMA,OK,40,"CATTLE, COWS, MILK - INVENTORY, AVG, MEASURED IN HEAD",HEAD,"38,000"
2016,MONTHLY,JAN THRU MAR,OKLAHOMA,OK,40,"CATTLE, COWS, MILK - INVENTORY, AVG, MEASURED IN HEAD",HEAD,"38,000"
2016,MONTHLY,JUL THRU SEP,OKLAHOMA,OK,40,"CATTLE, COWS, MILK - INVENTORY, AVG, MEASURED IN HEAD",HEAD,"36,000"
2016,MONTHLY,OCT THRU DEC,OKLAHOMA,OK,40,"CATTLE, COWS, MILK - INVENTORY, AVG, MEASURED IN HEAD",HEAD,"36,000"
2016,MONTHLY,APR,OREGON,OR,41,"CATTLE, COWS, MILK - INVENTORY, AVG, MEASURED IN HEAD",HEAD,"126,000"
2016,MONTHLY,APR THRU JUN,OREGON,OR,41,"CATTLE, COWS, MILK - INVENTORY, AVG, MEASURED IN HEAD",HEAD,"126,000"
2016,MONTHLY,AUG,OREGON,OR,41,"CATTLE, COWS, MILK - INVENTORY, AVG, MEASURED IN HEAD",HEAD,"125,000"
2016,MONTHLY,DEC,OREGON,OR,41,"CATTLE, COWS, MILK - INVENTORY, AVG, MEASURED IN HEAD",HEAD,"124,000"
2016,MONTHLY,FEB,OREGON,OR,41,"CATTLE, COWS, MILK - INVENTORY, AVG, MEASURED IN HEAD",HEAD,"126,000"
2016,MONTHLY,JAN,OREGON,OR,41,"CATTLE, COWS, MILK - INVENTORY, AVG, MEASURED IN HEAD",HEAD,"126,000"
2016,MONTHLY,JAN THRU MAR,OREGON,OR,41,"CATTLE, COWS, MILK - INVENTORY, AVG, MEASURED IN HEAD",HEAD,"126,000"
2016,MONTHLY,JUL,OREGON,OR,41,"CATTLE, COWS, MILK - INVENTORY, AVG, MEASURED IN HEAD",HEAD,"125,000"
2016,MONTHLY,JUL THRU SEP,OREGON,OR,41,"CATTLE, COWS, MILK - INVENTORY, AVG, MEASURED IN HEAD",HEAD,"125,000"
2016,MONTHLY,JUN,OREGON,OR,41,"CATTLE, COWS, MILK - INVENTORY, AVG, MEASURED IN HEAD",HEAD,"125,000"
2016,MONTHLY,MAR,OREGON,OR,41,"CATTLE, COWS, MILK - INVENTORY, AVG, MEASURED IN HEAD",HEAD,"126,000"
2016,MONTHLY,MAY,OREGON,OR,41,"CATTLE, COWS, MILK - INVENTORY, AVG, MEASURED IN HEAD",HEAD,"126,000"
2016,MONTHLY,NOV,OREGON,OR,41,"CATTLE, COWS, MILK - INVENTORY, AVG, MEASURED IN HEAD",HEAD,"124,000"
2016,MONTHLY,OCT,OREGON,OR,41,"CATTLE, COWS, MILK - INVENTORY, AVG, MEASURED IN HEAD",HEAD,"124,000"
2016,MONTHLY,OCT THRU DEC,OREGON,OR,41,"CATTLE, COWS, MILK - INVENTORY, AVG, MEASURED IN HEAD",HEAD,"124,000"
2016,MONTHLY,SEP,OREGON,OR,41,"CATTLE, COWS, MILK - INVENTORY, AVG, MEASURED IN HEAD",HEAD,"125,000"
2016,MONTHLY,APR,PENNSYLVANIA,PA,42,"CATTLE, COWS, MILK - INVENTORY, AVG, MEASURED IN HEAD",HEAD,"530,000"
2016,MONTHLY,APR THRU JUN,PENNSYLVANIA,PA,42,"CATTLE, COWS, MILK - INVENTORY, AVG, MEASURED IN HEAD",HEAD,"530,000"
2016,MONTHLY,AUG,PENNSYLVANIA,PA,42,"CATTLE, COWS, MILK - INVENTORY, AVG, MEASURED IN HEAD",HEAD,"529,000"
2016,MONTHLY,DEC,PENNSYLVANIA,PA,42,"CATTLE, COWS, MILK - INVENTORY, AVG, MEASURED IN HEAD",HEAD,"525,000"
2016,MONTHLY,FEB,PENNSYLVANIA,PA,42,"CATTLE, COWS, MILK - INVENTORY, AVG, MEASURED IN HEAD",HEAD,"530,000"
2016,MONTHLY,JAN,PENNSYLVANIA,PA,42,"CATTLE, COWS, MILK - INVENTORY, AVG, MEASURED IN HEAD",HEAD,"530,000"
2016,MONTHLY,JAN THRU MAR,PENNSYLVANIA,PA,42,"CATTLE, COWS, MILK - INVENTORY, AVG, MEASURED IN HEAD",HEAD,"530,000"
2016,MONTHLY,JUL,PENNSYLVANIA,PA,42,"CATTLE, COWS, MILK - INVENTORY, AVG, MEASURED IN HEAD",HEAD,"530,000"
2016,MONTHLY,JUL THRU SEP,PENNSYLVANIA,PA,42,"CATTLE, COWS, MILK - INVENTORY, AVG, MEASURED IN HEAD",HEAD,"529,000"
2016,MONTHLY,JUN,PENNSYLVANIA,PA,42,"CATTLE, COWS, MILK - INVENTORY, AVG, MEASURED IN HEAD",HEAD,"530,000"
2016,MONTHLY,MAR,PENNSYLVANIA,PA,42,"CATTLE, COWS, MILK - INVENTORY, AVG, MEASURED IN HEAD",HEAD,"530,000"
2016,MONTHLY,MAY,PENNSYLVANIA,PA,42,"CATTLE, COWS, MILK - INVENTORY, AVG, MEASURED IN HEAD",HEAD,"530,000"
2016,MONTHLY,NOV,PENNSYLVANIA,PA,42,"CATTLE, COWS, MILK - INVENTORY, AVG, MEASURED IN HEAD",HEAD,"525,000"
2016,MONTHLY,OCT,PENNSYLVANIA,PA,42,"CATTLE, COWS, MILK - INVENTORY, AVG, MEASURED IN HEAD",HEAD,"526,000"
2016,MONTHLY,OCT THRU DEC,PENNSYLVANIA,PA,42,"CATTLE, COWS, MILK - INVENTORY, AVG, MEASURED IN HEAD",HEAD,"525,000"
2016,MONTHLY,SEP,PENNSYLVANIA,PA,42,"CATTLE, COWS, MILK - INVENTORY, AVG, MEASURED IN HEAD",HEAD,"527,000"
2016,MONTHLY,APR THRU JUN,RHODE ISLAND,RI,44,"CATTLE, COWS, MILK - INVENTORY, AVG, MEASURED IN HEAD",HEAD,800
2016,MONTHLY,JAN THRU MAR,RHODE ISLAND,RI,44,"CATTLE, COWS, MILK - INVENTORY, AVG, MEASURED IN HEAD",HEAD,800
2016,MONTHLY,JUL THRU SEP,RHODE ISLAND,RI,44,"CATTLE, COWS, MILK - INVENTORY, AVG, MEASURED IN HEAD",HEAD,800
2016,MONTHLY,OCT THRU DEC,RHODE ISLAND,RI,44,"CATTLE, COWS, MILK - INVENTORY, AVG, MEASURED IN HEAD",HEAD,800
2016,MONTHLY,APR THRU JUN,SOUTH CAROLINA,SC,45,"CATTLE, COWS, MILK - INVENTORY, AVG, MEASURED IN HEAD",HEAD,"15,000"
2016,MONTHLY,JAN THRU MAR,SOUTH CAROLINA,SC,45,"CATTLE, COWS, MILK - INVENTORY, AVG, MEASURED IN HEAD",HEAD,"15,000"
2016,MONTHLY,JUL THRU SEP,SOUTH CAROLINA,SC,45,"CATTLE, COWS, MILK - INVENTORY, AVG, MEASURED IN HEAD",HEAD,"14,500"
2016,MONTHLY,OCT THRU DEC,SOUTH CAROLINA,SC,45,"CATTLE, COWS, MILK - INVENTORY, AVG, MEASURED IN HEAD",HEAD,"15,000"
2016,MONTHLY,APR,SOUTH DAKOTA,SD,46,"CATTLE, COWS, MILK - INVENTORY, AVG, MEASURED IN HEAD",HEAD,"114,000"
2016,MONTHLY,APR THRU JUN,SOUTH DAKOTA,SD,46,"CATTLE, COWS, MILK - INVENTORY, AVG, MEASURED IN HEAD",HEAD,"114,000"
2016,MONTHLY,AUG,SOUTH DAKOTA,SD,46,"CATTLE, COWS, MILK - INVENTORY, AVG, MEASURED IN HEAD",HEAD,"115,000"
2016,MONTHLY,DEC,SOUTH DAKOTA,SD,46,"CATTLE, COWS, MILK - INVENTORY, AVG, MEASURED IN HEAD",HEAD,"116,000"
2016,MONTHLY,FEB,SOUTH DAKOTA,SD,46,"CATTLE, COWS, MILK - INVENTORY, AVG, MEASURED IN HEAD",HEAD,"113,000"
2016,MONTHLY,JAN,SOUTH DAKOTA,SD,46,"CATTLE, COWS, MILK - INVENTORY, AVG, MEASURED IN HEAD",HEAD,"112,000"
2016,MONTHLY,JAN THRU MAR,SOUTH DAKOTA,SD,46,"CATTLE, COWS, MILK - INVENTORY, AVG, MEASURED IN HEAD",HEAD,"113,000"
2016,MONTHLY,JUL,SOUTH DAKOTA,SD,46,"CATTLE, COWS, MILK - INVENTORY, AVG, MEASURED IN HEAD",HEAD,"115,000"
2016,MONTHLY,JUL THRU SEP,SOUTH DAKOTA,SD,46,"CATTLE, COWS, MILK - INVENTORY, AVG, MEASURED IN HEAD",HEAD,"115,000"
2016,MONTHLY,JUN,SOUTH DAKOTA,SD,46,"CATTLE, COWS, MILK - INVENTORY, AVG, MEASURED IN HEAD",HEAD,"115,000"
2016,MONTHLY,MAR,SOUTH DAKOTA,SD,46,"CATTLE, COWS, MILK - INVENTORY, AVG, MEASURED IN HEAD",HEAD,"114,000"
2016,MONTHLY,MAY,SOUTH DAKOTA,SD,46,"CATTLE, COWS, MILK - INVENTORY, AVG, MEASURED IN HEAD",HEAD,"114,000"
2016,MONTHLY,NOV,SOUTH DAKOTA,SD,46,"CATTLE, COWS, MILK - INVENTORY, AVG, MEASURED IN HEAD",HEAD,"116,000"
2016,MONTHLY,OCT,SOUTH DAKOTA,SD,46,"CATTLE, COWS, MILK - INVENTORY, AVG, MEASURED IN HEAD",HEAD,"115,000"
2016,MONTHLY,OCT THRU DEC,SOUTH DAKOTA,SD,46,"CATTLE, COWS, MILK - INVENTORY, AVG, MEASURED IN HEAD",HEAD,"116,000"
2016,MONTHLY,SEP,SOUTH DAKOTA,SD,46,"CATTLE, COWS, MILK - INVENTORY, AVG, MEASURED IN HEAD",HEAD,"115,000"
2016,MONTHLY,APR THRU JUN,TENNESSEE,TN,47,"CATTLE, COWS, MILK - INVENTORY, AVG, MEASURED IN HEAD",HEAD,"43,000"
2016,MONTHLY,JAN THRU MAR,TENNESSEE,TN,47,"CATTLE, COWS, MILK - INVENTORY, AVG, MEASURED IN HEAD",HEAD,"44,000"
2016,MONTHLY,JUL THRU SEP,TENNESSEE,TN,47,"CATTLE, COWS, MILK - INVENTORY, AVG, MEASURED IN HEAD",HEAD,"41,000"
2016,MONTHLY,OCT THRU DEC,TENNESSEE,TN,47,"CATTLE, COWS, MILK - INVENTORY, AVG, MEASURED IN HEAD",HEAD,"41,000"
2016,MONTHLY,APR,TEXAS,TX,48,"CATTLE, COWS, MILK - INVENTORY, AVG, MEASURED IN HEAD",HEAD,"465,000"
2016,MONTHLY,APR THRU JUN,TEXAS,TX,48,"CATTLE, COWS, MILK - INVENTORY, AVG, MEASURED IN HEAD",HEAD,"470,000"
2016,MONTHLY,AUG,TEXAS,TX,48,"CATTLE, COWS, MILK - INVENTORY, AVG, MEASURED IN HEAD",HEAD,"485,000"
2016,MONTHLY,DEC,TEXAS,TX,48,"CATTLE, COWS, MILK - INVENTORY, AVG, MEASURED IN HEAD",HEAD,"499,000"
2016,MONTHLY,FEB,TEXAS,TX,48,"CATTLE, COWS, MILK - INVENTORY, AVG, MEASURED IN HEAD",HEAD,"455,000"
2016,MONTHLY,JAN,TEXAS,TX,48,"CATTLE, COWS, MILK - INVENTORY, AVG, MEASURED IN HEAD",HEAD,"455,000"
2016,MONTHLY,JAN THRU MAR,TEXAS,TX,48,"CATTLE, COWS, MILK - INVENTORY, AVG, MEASURED IN HEAD",HEAD,"457,000"
2016,MONTHLY,JUL,TEXAS,TX,48,"CATTLE, COWS, MILK - INVENTORY, AVG, MEASURED IN HEAD",HEAD,"480,000"
2016,MONTHLY,JUL THRU SEP,TEXAS,TX,48,"CATTLE, COWS, MILK - INVENTORY, AVG, MEASURED IN HEAD",HEAD,"485,000"
2016,MONTHLY,JUN,TEXAS,TX,48,"CATTLE, COWS, MILK - INVENTORY, AVG, MEASURED IN HEAD",HEAD,"475,000"
2016,MONTHLY,MAR,TEXAS,TX,48,"CATTLE, COWS, MILK - INVENTORY, AVG, MEASURED IN HEAD",HEAD,"460,000"
2016,MONTHLY,MAY,TEXAS,TX,48,"CATTLE, COWS, MILK - INVENTORY, AVG, MEASURED IN HEAD",HEAD,"470,000"
2016,MONTHLY,NOV,TEXAS,TX,48,"CATTLE, COWS, MILK - INVENTORY, AVG, MEASURED IN HEAD",HEAD,"498,000"
2016,MONTHLY,OCT,TEXAS,TX,48,"CATTLE, COWS, MILK - INVENTORY, AVG, MEASURED IN HEAD",HEAD,"497,000"
2016,MONTHLY,OCT THRU DEC,TEXAS,TX,48,"CATTLE, COWS, MILK - INVENTORY, AVG, MEASURED IN HEAD",HEAD,"498,000"
2016,MONTHLY,SEP,TEXAS,TX,48,"CATTLE, COWS, MILK - INVENTORY, AVG, MEASURED IN HEAD",HEAD,"489,000"
2016,MONTHLY,APR,US TOTAL,US,99,"CATTLE, COWS, MILK - INVENTORY, AVG, MEASURED IN HEAD",HEAD,"9,323,000"
2016,MONTHLY,APR THRU JUN,US TOTAL,US,99,"CATTLE, COWS, MILK - INVENTORY, AVG, MEASURED IN HEAD",HEAD,"9,326,000"
2016,MONTHLY,AUG,US TOTAL,US,99,"CATTLE, COWS, MILK - INVENTORY, AVG, MEASURED IN HEAD",HEAD,"9,337,000"
2016,MONTHLY,DEC,US TOTAL,US,99,"CATTLE, COWS, MILK - INVENTORY, AVG, MEASURED IN HEAD",HEAD,"9,370,000"
2016,MONTHLY,FEB,US TOTAL,US,99,"CATTLE, COWS, MILK - INVENTORY, AVG, MEASURED IN HEAD",HEAD,"9,313,000"
2016,MONTHLY,JAN,US TOTAL,US,99,"CATTLE, COWS, MILK - INVENTORY, AVG, MEASURED IN HEAD",HEAD,"9,305,000"
2016,MONTHLY,JAN THRU MAR,US TOTAL,US,99,"CATTLE, COWS, MILK - INVENTORY, AVG, MEASURED IN HEAD",HEAD,"9,313,000"
2016,MONTHLY,JUL,US TOTAL,US,99,"CATTLE, COWS, MILK - INVENTORY, AVG, MEASURED IN HEAD",HEAD,"9,330,000"
2016,MONTHLY,JUL THRU SEP,US TOTAL,US,99,"CATTLE, COWS, MILK - INVENTORY, AVG, MEASURED IN HEAD",HEAD,"9,336,000"
2016,MONTHLY,JUN,US TOTAL,US,99,"CATTLE, COWS, MILK - INVENTORY, AVG, MEASURED IN HEAD",HEAD,"9,330,000"
2016,MONTHLY,MAR,US TOTAL,US,99,"CATTLE, COWS, MILK - INVENTORY, AVG, MEASURED IN HEAD",HEAD,"9,322,000"
2016,MONTHLY,MAY,US TOTAL,US,99,"CATTLE, COWS, MILK - INVENTORY, AVG, MEASURED IN HEAD",HEAD,"9,325,000"
2016,MONTHLY,NOV,US TOTAL,US,99,"CATTLE, COWS, MILK - INVENTORY, AVG, MEASURED IN HEAD",HEAD,"9,361,000"
2016,MONTHLY,OCT,US TOTAL,US,99,"CATTLE, COWS, MILK - INVENTORY, AVG, MEASURED IN HEAD",HEAD,"9,350,000"
2016,MONTHLY,OCT THRU DEC,US TOTAL,US,99,"CATTLE, COWS, MILK - INVENTORY, AVG, MEASURED IN HEAD",HEAD,"9,360,000"
2016,MONTHLY,SEP,US TOTAL,US,99,"CATTLE, COWS, MILK - INVENTORY, AVG, MEASURED IN HEAD",HEAD,"9,341,000"
2016,MONTHLY,APR,UTAH,UT,49,"CATTLE, COWS, MILK - INVENTORY, AVG, MEASURED IN HEAD",HEAD,"90,000"
2016,MONTHLY,APR THRU JUN,UTAH,UT,49,"CATTLE, COWS, MILK - INVENTORY, AVG, MEASURED IN HEAD",HEAD,"91,000"
2016,MONTHLY,AUG,UTAH,UT,49,"CATTLE, COWS, MILK - INVENTORY, AVG, MEASURED IN HEAD",HEAD,"90,000"
2016,MONTHLY,DEC,UTAH,UT,49,"CATTLE, COWS, MILK - INVENTORY, AVG, MEASURED IN HEAD",HEAD,"92,000"
2016,MONTHLY,FEB,UTAH,UT,49,"CATTLE, COWS, MILK - INVENTORY, AVG, MEASURED IN HEAD",HEAD,"90,000"
2016,MONTHLY,JAN,UTAH,UT,49,"CATTLE, COWS, MILK - INVENTORY, AVG, MEASURED IN HEAD",HEAD,"90,000"
2016,MONTHLY,JAN THRU MAR,UTAH,UT,49,"CATTLE, COWS, MILK - INVENTORY, AVG, MEASURED IN HEAD",HEAD,"90,000"
2016,MONTHLY,JUL,UTAH,UT,49,"CATTLE, COWS, MILK - INVENTORY, AVG, MEASURED IN HEAD",HEAD,"90,000"
2016,MONTHLY,JUL THRU SEP,UTAH,UT,49,"CATTLE, COWS, MILK - INVENTORY, AVG, MEASURED IN HEAD",HEAD,"90,000"
2016,MONTHLY,JUN,UTAH,UT,49,"CATTLE, COWS, MILK - INVENTORY, AVG, MEASURED IN HEAD",HEAD,"91,000"
2016,MONTHLY,MAR,UTAH,UT,49,"CATTLE, COWS, MILK - INVENTORY, AVG, MEASURED IN HEAD",HEAD,"90,000"
2016,MONTHLY,MAY,UTAH,UT,49,"CATTLE, COWS, MILK - INVENTORY, AVG, MEASURED IN HEAD",HEAD,"91,000"
2016,MONTHLY,NOV,UTAH,UT,49,"CATTLE, COWS, MILK - INVENTORY, AVG, MEASURED IN HEAD",HEAD,"92,000"
2016,MONTHLY,OCT,UTAH,UT,49,"CATTLE, COWS, MILK - INVENTORY, AVG, MEASURED IN HEAD",HEAD,"91,000"
2016,MONTHLY,OCT THRU DEC,UTAH,UT,49,"CATTLE, COWS, MILK - INVENTORY, AVG, MEASURED IN HEAD",HEAD,"92,000"
2016,MONTHLY,SEP,UTAH,UT,49,"CATTLE, COWS, MILK - INVENTORY, AVG, MEASURED IN HEAD",HEAD,"91,000"
2016,MONTHLY,APR,VIRGINIA,VA,51,"CATTLE, COWS, MILK - INVENTORY, AVG, MEASURED IN HEAD",HEAD,"90,000"
2016,MONTHLY,APR THRU JUN,VIRGINIA,VA,51,"CATTLE, COWS, MILK - INVENTORY, AVG, MEASURED IN HEAD",HEAD,"90,000"
2016,MONTHLY,AUG,VIRGINIA,VA,51,"CATTLE, COWS, MILK - INVENTORY, AVG, MEASURED IN HEAD",HEAD,"89,000"
2016,MONTHLY,DEC,VIRGINIA,VA,51,"CATTLE, COWS, MILK - INVENTORY, AVG, MEASURED IN HEAD",HEAD,"88,000"
2016,MONTHLY,FEB,VIRGINIA,VA,51,"CATTLE, COWS, MILK - INVENTORY, AVG, MEASURED IN HEAD",HEAD,"91,000"
2016,MONTHLY,JAN,VIRGINIA,VA,51,"CATTLE, COWS, MILK - INVENTORY, AVG, MEASURED IN HEAD",HEAD,"91,000"
2016,MONTHLY,JAN THRU MAR,VIRGINIA,VA,51,"CATTLE, COWS, MILK - INVENTORY, AVG, MEASURED IN HEAD",HEAD,"91,000"
2016,MONTHLY,JUL,VIRGINIA,VA,51,"CATTLE, COWS, MILK - INVENTORY, AVG, MEASURED IN HEAD",HEAD,"89,000"
2016,MONTHLY,JUL THRU SEP,VIRGINIA,VA,51,"CATTLE, COWS, MILK - INVENTORY, AVG, MEASURED IN HEAD",HEAD,"89,000"
2016,MONTHLY,JUN,VIRGINIA,VA,51,"CATTLE, COWS, MILK - INVENTORY, AVG, MEASURED IN HEAD",HEAD,"90,000"
2016,MONTHLY,MAR,VIRGINIA,VA,51,"CATTLE, COWS, MILK - INVENTORY, AVG, MEASURED IN HEAD",HEAD,"91,000"
2016,MONTHLY,MAY,VIRGINIA,VA,51,"CATTLE, COWS, MILK - INVENTORY, AVG, MEASURED IN HEAD",HEAD,"90,000"
2016,MONTHLY,NOV,VIRGINIA,VA,51,"CATTLE, COWS, MILK - INVENTORY, AVG, MEASURED IN HEAD",HEAD,"88,000"
2016,MONTHLY,OCT,VIRGINIA,VA,51,"CATTLE, COWS, MILK - INVENTORY, AVG, MEASURED IN HEAD",HEAD,"88,000"
2016,MONTHLY,OCT THRU DEC,VIRGINIA,VA,51,"CATTLE, COWS, MILK - INVENTORY, AVG, MEASURED IN HEAD",HEAD,"88,000"
2016,MONTHLY,SEP,VIRGINIA,VA,51,"CATTLE, COWS, MILK - INVENTORY, AVG, MEASURED IN HEAD",HEAD,"89,000"
2016,MONTHLY,APR,VERMONT,VT,50,"CATTLE, COWS, MILK - INVENTORY, AVG, MEASURED IN HEAD",HEAD,"131,000"
2016,MONTHLY,APR THRU JUN,VERMONT,VT,50,"CATTLE, COWS, MILK - INVENTORY, AVG, MEASURED IN HEAD",HEAD,"131,000"
2016,MONTHLY,AUG,VERMONT,VT,50,"CATTLE, COWS, MILK - INVENTORY, AVG, MEASURED IN HEAD",HEAD,"130,000"
2016,MONTHLY,DEC,VERMONT,VT,50,"CATTLE, COWS, MILK - INVENTORY, AVG, MEASURED IN HEAD",HEAD,"129,000"
2016,MONTHLY,FEB,VERMONT,VT,50,"CATTLE, COWS, MILK - INVENTORY, AVG, MEASURED IN HEAD",HEAD,"131,000"
2016,MONTHLY,JAN,VERMONT,VT,50,"CATTLE, COWS, MILK - INVENTORY, AVG, MEASURED IN HEAD",HEAD,"131,000"
2016,MONTHLY,JAN THRU MAR,VERMONT,VT,50,"CATTLE, COWS, MILK - INVENTORY, AVG, MEASURED IN HEAD",HEAD,"131,000"
2016,MONTHLY,JUL,VERMONT,VT,50,"CATTLE, COWS, MILK - INVENTORY, AVG, MEASURED IN HEAD",HEAD,"130,000"
2016,MONTHLY,JUL THRU SEP,VERMONT,VT,50,"CATTLE, COWS, MILK - INVENTORY, AVG, MEASURED IN HEAD",HEAD,"130,000"
2016,MONTHLY,JUN,VERMONT,VT,50,"CATTLE, COWS, MILK - INVENTORY, AVG, MEASURED IN HEAD",HEAD,"131,000"
2016,MONTHLY,MAR,VERMONT,VT,50,"CATTLE, COWS, MILK - INVENTORY, AVG, MEASURED IN HEAD",HEAD,"131,000"
2016,MONTHLY,MAY,VERMONT,VT,50,"CATTLE, COWS, MILK - INVENTORY, AVG, MEASURED IN HEAD",HEAD,"131,000"
2016,MONTHLY,NOV,VERMONT,VT,50,"CATTLE, COWS, MILK - INVENTORY, AVG, MEASURED IN HEAD",HEAD,"129,000"
2016,MONTHLY,OCT,VERMONT,VT,50,"CATTLE, COWS, MILK - INVENTORY, AVG, MEASURED IN HEAD",HEAD,"129,000"
2016,MONTHLY,OCT THRU DEC,VERMONT,VT,50,"CATTLE, COWS, MILK - INVENTORY, AVG, MEASURED IN HEAD",HEAD,"129,000"
2016,MONTHLY,SEP,VERMONT,VT,50,"CATTLE, COWS, MILK - INVENTORY, AVG, MEASURED IN HEAD",HEAD,"130,000"
2016,MONTHLY,APR,WASHINGTON,WA,53,"CATTLE, COWS, MILK - INVENTORY, AVG, MEASURED IN HEAD",HEAD,"276,000"
2016,MONTHLY,APR THRU JUN,WASHINGTON,WA,53,"CATTLE, COWS, MILK - INVENTORY, AVG, MEASURED IN HEAD",HEAD,"275,000"
2016,MONTHLY,AUG,WASHINGTON,WA,53,"CATTLE, COWS, MILK - INVENTORY, AVG, MEASURED IN HEAD",HEAD,"275,000"
2016,MONTHLY,DEC,WASHINGTON,WA,53,"CATTLE, COWS, MILK - INVENTORY, AVG, MEASURED IN HEAD",HEAD,"275,000"
2016,MONTHLY,FEB,WASHINGTON,WA,53,"CATTLE, COWS, MILK - INVENTORY, AVG, MEASURED IN HEAD",HEAD,"277,000"
2016,MONTHLY,JAN,WASHINGTON,WA,53,"CATTLE, COWS, MILK - INVENTORY, AVG, MEASURED IN HEAD",HEAD,"277,000"
2016,MONTHLY,JAN THRU MAR,WASHINGTON,WA,53,"CATTLE, COWS, MILK - INVENTORY, AVG, MEASURED IN HEAD",HEAD,"277,000"
2016,MONTHLY,JUL,WASHINGTON,WA,53,"CATTLE, COWS, MILK - INVENTORY, AVG, MEASURED IN HEAD",HEAD,"275,000"
2016,MONTHLY,JUL THRU SEP,WASHINGTON,WA,53,"CATTLE, COWS, MILK - INVENTORY, AVG, MEASURED IN HEAD",HEAD,"275,000"
2016,MONTHLY,JUN,WASHINGTON,WA,53,"CATTLE, COWS, MILK - INVENTORY, AVG, MEASURED IN HEAD",HEAD,"275,000"
2016,MONTHLY,MAR,WASHINGTON,WA,53,"CATTLE, COWS, MILK - INVENTORY, AVG, MEASURED IN HEAD",HEAD,"277,000"
2016,MONTHLY,MAY,WASHINGTON,WA,53,"CATTLE, COWS, MILK - INVENTORY, AVG, MEASURED IN HEAD",HEAD,"275,000"
2016,MONTHLY,NOV,WASHINGTON,WA,53,"CATTLE, COWS, MILK - INVENTORY, AVG, MEASURED IN HEAD",HEAD,"275,000"
2016,MONTHLY,OCT,WASHINGTON,WA,53,"CATTLE, COWS, MILK - INVENTORY, AVG, MEASURED IN HEAD",HEAD,"275,000"
2016,MONTHLY,OCT THRU DEC,WASHINGTON,WA,53,"CATTLE, COWS, MILK - INVENTORY, AVG, MEASURED IN HEAD",HEAD,"275,000"
2016,MONTHLY,SEP,WASHINGTON,WA,53,"CATTLE, COWS, MILK - INVENTORY, AVG, MEASURED IN HEAD",HEAD,"275,000"
2016,MONTHLY,APR,WISCONSIN,WI,55,"CATTLE, COWS, MILK - INVENTORY, AVG, MEASURED IN HEAD",HEAD,"1,279,000"
2016,MONTHLY,APR THRU JUN,WISCONSIN,WI,55,"CATTLE, COWS, MILK - INVENTORY, AVG, MEASURED IN HEAD",HEAD,"1,279,000"
2016,MONTHLY,AUG,WISCONSIN,WI,55,"CATTLE, COWS, MILK - INVENTORY, AVG, MEASURED IN HEAD",HEAD,"1,278,000"
2016,MONTHLY,DEC,WISCONSIN,WI,55,"CATTLE, COWS, MILK - INVENTORY, AVG, MEASURED IN HEAD",HEAD,"1,279,000"
2016,MONTHLY,FEB,WISCONSIN,WI,55,"CATTLE, COWS, MILK - INVENTORY, AVG, MEASURED IN HEAD",HEAD,"1,280,000"
2016,MONTHLY,JAN,WISCONSIN,WI,55,"CATTLE, COWS, MILK - INVENTORY, AVG, MEASURED IN HEAD",HEAD,"1,280,000"
2016,MONTHLY,JAN THRU MAR,WISCONSIN,WI,55,"CATTLE, COWS, MILK - INVENTORY, AVG, MEASURED IN HEAD",HEAD,"1,280,000"
2016,MONTHLY,JUL,WISCONSIN,WI,55,"CATTLE, COWS, MILK - INVENTORY, AVG, MEASURED IN HEAD",HEAD,"1,278,000"
2016,MONTHLY,JUL THRU SEP,WISCONSIN,WI,55,"CATTLE, COWS, MILK - INVENTORY, AVG, MEASURED IN HEAD",HEAD,"1,278,000"
2016,MONTHLY,JUN,WISCONSIN,WI,55,"CATTLE, COWS, MILK - INVENTORY, AVG, MEASURED IN HEAD",HEAD,"1,278,000"
2016,MONTHLY,MAR,WISCONSIN,WI,55,"CATTLE, COWS, MILK - INVENTORY, AVG, MEASURED IN HEAD",HEAD,"1,280,000"
2016,MONTHLY,MAY,WISCONSIN,WI,55,"CATTLE, COWS, MILK - INVENTORY, AVG, MEASURED IN HEAD",HEAD,"1,279,000"
2016,MONTHLY,NOV,WISCONSIN,WI,55,"CATTLE, COWS, MILK - INVENTORY, AVG, MEASURED IN HEAD",HEAD,"1,278,000"
2016,MONTHLY,OCT,WISCONSIN,WI,55,"CATTLE, COWS, MILK - INVENTORY, AVG, MEASURED IN HEAD",HEAD,"1,277,000"
2016,MONTHLY,OCT THRU DEC,WISCONSIN,WI,55,"CATTLE, COWS, MILK - INVENTORY, AVG, MEASURED IN HEAD",HEAD,"1,278,000"
2016,MONTHLY,SEP,WISCONSIN,WI,55,"CATTLE, COWS, MILK - INVENTORY, AVG, MEASURED IN HEAD",HEAD,"1,277,000"
2016,MONTHLY,APR THRU JUN,WEST VIRGINIA,WV,54,"CATTLE, COWS, MILK - INVENTORY, AVG, MEASURED IN HEAD",HEAD,"9,000"
2016,MONTHLY,JAN THRU MAR,WEST VIRGINIA,WV,54,"CATTLE, COWS, MILK - INVENTORY, AVG, MEASURED IN HEAD",HEAD,"9,000"
2016,MONTHLY,JUL THRU SEP,WEST VIRGINIA,WV,54,"CATTLE, COWS, MILK - INVENTORY, AVG, MEASURED IN HEAD",HEAD,"8,000"
2016,MONTHLY,OCT THRU DEC,WEST VIRGINIA,WV,54,"CATTLE, COWS, MILK - INVENTORY, AVG, MEASURED IN HEAD",HEAD,"8,000"
2016,MONTHLY,APR THRU JUN,WYOMING,WY,56,"CATTLE, COWS, MILK - INVENTORY, AVG, MEASURED IN HEAD",HEAD,"6,000"
2016,MONTHLY,JAN THRU MAR,WYOMING,WY,56,"CATTLE, COWS, MILK - INVENTORY, AVG, MEASURED IN HEAD",HEAD,"6,000"
2016,MONTHLY,JUL THRU SEP,WYOMING,WY,56,"CATTLE, COWS, MILK - INVENTORY, AVG, MEASURED IN HEAD",HEAD,"6,000"
2016,MONTHLY,OCT THRU DEC,WYOMING,WY,56,"CATTLE, COWS, MILK - INVENTORY, AVG, MEASURED IN HEAD",HEAD,"6,000"
2017,MONTHLY,APR THRU JUN,ALASKA,AK,02,"CATTLE, COWS, MILK - INVENTORY, AVG, MEASURED IN HEAD",HEAD,300
2017,MONTHLY,JAN THRU MAR,ALASKA,AK,02,"CATTLE, COWS, MILK - INVENTORY, AVG, MEASURED IN HEAD",HEAD,300
2017,MONTHLY,JUL THRU SEP,ALASKA,AK,02,"CATTLE, COWS, MILK - INVENTORY, AVG, MEASURED IN HEAD",HEAD,300
2017,MONTHLY,OCT THRU DEC,ALASKA,AK,02,"CATTLE, COWS, MILK - INVENTORY, AVG, MEASURED IN HEAD",HEAD,300
2017,MONTHLY,APR THRU JUN,ALABAMA,AL,01,"CATTLE, COWS, MILK - INVENTORY, AVG, MEASURED IN HEAD",HEAD,"6,500"
2017,MONTHLY,JAN THRU MAR,ALABAMA,AL,01,"CATTLE, COWS, MILK - INVENTORY, AVG, MEASURED IN HEAD",HEAD,"6,500"
2017,MONTHLY,JUL THRU SEP,ALABAMA,AL,01,"CATTLE, COWS, MILK - INVENTORY, AVG, MEASURED IN HEAD",HEAD,"6,000"
2017,MONTHLY,OCT THRU DEC,ALABAMA,AL,01,"CATTLE, COWS, MILK - INVENTORY, AVG, MEASURED IN HEAD",HEAD,"6,000"
2017,MONTHLY,APR THRU JUN,ARKANSAS,AR,05,"CATTLE, COWS, MILK - INVENTORY, AVG, MEASURED IN HEAD",HEAD,"6,000"
2017,MONTHLY,JAN THRU MAR,ARKANSAS,AR,05,"CATTLE, COWS, MILK - INVENTORY, AVG, MEASURED IN HEAD",HEAD,"6,000"
2017,MONTHLY,JUL THRU SEP,ARKANSAS,AR,05,"CATTLE, COWS, MILK - INVENTORY, AVG, MEASURED IN HEAD",HEAD,"6,000"
2017,MONTHLY,OCT THRU DEC,ARKANSAS,AR,05,"CATTLE, COWS, MILK - INVENTORY, AVG, MEASURED IN HEAD",HEAD,"6,000"
2017,MONTHLY,APR,ARIZONA,AZ,04,"CATTLE, COWS, MILK - INVENTORY, AVG, MEASURED IN HEAD",HEAD,"207,000"
2017,MONTHLY,APR THRU JUN,ARIZONA,AZ,04,"CATTLE, COWS, MILK - INVENTORY, AVG, MEASURED IN HEAD",HEAD,"208,000"
2017,MONTHLY,AUG,ARIZONA,AZ,04,"CATTLE, COWS, MILK - INVENTORY, AVG, MEASURED IN HEAD",HEAD,"209,000"
2017,MONTHLY,DEC,ARIZONA,AZ,04,"CATTLE, COWS, MILK - INVENTORY, AVG, MEASURED IN HEAD",HEAD,"210,000"
2017,MONTHLY,FEB,ARIZONA,AZ,04,"CATTLE, COWS, MILK - INVENTORY, AVG, MEASURED IN HEAD",HEAD,"205,000"
2017,MONTHLY,JAN,ARIZONA,AZ,04,"CATTLE, COWS, MILK - INVENTORY, AVG, MEASURED IN HEAD",HEAD,"205,000"
2017,MONTHLY,JAN THRU MAR,ARIZONA,AZ,04,"CATTLE, COWS, MILK - INVENTORY, AVG, MEASURED IN HEAD",HEAD,"205,000"
2017,MONTHLY,JUL,ARIZONA,AZ,04,"CATTLE, COWS, MILK - INVENTORY, AVG, MEASURED IN HEAD",HEAD,"209,000"
2017,MONTHLY,JUL THRU SEP,ARIZONA,AZ,04,"CATTLE, COWS, MILK - INVENTORY, AVG, MEASURED IN HEAD",HEAD,"209,000"
2017,MONTHLY,JUN,ARIZONA,AZ,04,"CATTLE, COWS, MILK - INVENTORY, AVG, MEASURED IN HEAD",HEAD,"209,000"
2017,MONTHLY,MAR,ARIZONA,AZ,04,"CATTLE, COWS, MILK - INVENTORY, AVG, MEASURED IN HEAD",HEAD,"206,000"
2017,MONTHLY,MAY,ARIZONA,AZ,04,"CATTLE, COWS, MILK - INVENTORY, AVG, MEASURED IN HEAD",HEAD,"209,000"
2017,MONTHLY,NOV,ARIZONA,AZ,04,"CATTLE, COWS, MILK - INVENTORY, AVG, MEASURED IN HEAD",HEAD,"210,000"
2017,MONTHLY,OCT,ARIZONA,AZ,04,"CATTLE, COWS, MILK - INVENTORY, AVG, MEASURED IN HEAD",HEAD,"211,000"
2017,MONTHLY,OCT THRU DEC,ARIZONA,AZ,04,"CATTLE, COWS, MILK - INVENTORY, AVG, MEASURED IN HEAD",HEAD,"210,000"
2017,MONTHLY,SEP,ARIZONA,AZ,04,"CATTLE, COWS, MILK - INVENTORY, AVG, MEASURED IN HEAD",HEAD,"209,000"
2017,MONTHLY,APR,CALIFORNIA,CA,06,"CATTLE, COWS, MILK - INVENTORY, AVG, MEASURED IN HEAD",HEAD,"1,755,000"
2017,MONTHLY,APR THRU JUN,CALIFORNIA,CA,06,"CATTLE, COWS, MILK - INVENTORY, AVG, MEASURED IN HEAD",HEAD,"1,752,000"
2017,MONTHLY,AUG,CALIFORNIA,CA,06,"CATTLE, COWS, MILK - INVENTORY, AVG, MEASURED IN HEAD",HEAD,"1,746,000"
2017,MONTHLY,DEC,CALIFORNIA,CA,06,"CATTLE, COWS, MILK - INVENTORY, AVG, MEASURED IN HEAD",HEAD,"1,741,000"
2017,MONTHLY,FEB,CALIFORNIA,CA,06,"CATTLE, COWS, MILK - INVENTORY, AVG, MEASURED IN HEAD",HEAD,"1,755,000"
2017,MONTHLY,JAN,CALIFORNIA,CA,06,"CATTLE, COWS, MILK - INVENTORY, AVG, MEASURED IN HEAD",HEAD,"1,755,000"
2017,MONTHLY,JAN THRU MAR,CALIFORNIA,CA,06,"CATTLE, COWS, MILK - INVENTORY, AVG, MEASURED IN HEAD",HEAD,"1,755,000"
2017,MONTHLY,JUL,CALIFORNIA,CA,06,"CATTLE, COWS, MILK - INVENTORY, AVG, MEASURED IN HEAD",HEAD,"1,747,000"
2017,MONTHLY,JUL THRU SEP,CALIFORNIA,CA,06,"CATTLE, COWS, MILK - INVENTORY, AVG, MEASURED IN HEAD",HEAD,"1,746,000"
2017,MONTHLY,JUN,CALIFORNIA,CA,06,"CATTLE, COWS, MILK - INVENTORY, AVG, MEASURED IN HEAD",HEAD,"1,749,000"
2017,MONTHLY,MAR,CALIFORNIA,CA,06,"CATTLE, COWS, MILK - INVENTORY, AVG, MEASURED IN HEAD",HEAD,"1,755,000"
2017,MONTHLY,MAY,CALIFORNIA,CA,06,"CATTLE, COWS, MILK - INVENTORY, AVG, MEASURED IN HEAD",HEAD,"1,753,000"
2017,MONTHLY,NOV,CALIFORNIA,CA,06,"CATTLE, COWS, MILK - INVENTORY, AVG, MEASURED IN HEAD",HEAD,"1,743,000"
2017,MONTHLY,OCT,CALIFORNIA,CA,06,"CATTLE, COWS, MILK - INVENTORY, AVG, MEASURED IN HEAD",HEAD,"1,743,000"
2017,MONTHLY,OCT THRU DEC,CALIFORNIA,CA,06,"CATTLE, COWS, MILK - INVENTORY, AVG, MEASURED IN HEAD",HEAD,"1,742,000"
2017,MONTHLY,SEP,CALIFORNIA,CA,06,"CATTLE, COWS, MILK - INVENTORY, AVG, MEASURED IN HEAD",HEAD,"1,745,000"
2017,MONTHLY,APR,COLORADO,CO,08,"CATTLE, COWS, MILK - INVENTORY, AVG, MEASURED IN HEAD",HEAD,"160,000"
2017,MONTHLY,APR THRU JUN,COLORADO,CO,08,"CATTLE, COWS, MILK - INVENTORY, AVG, MEASURED IN HEAD",HEAD,"161,000"
2017,MONTHLY,AUG,COLORADO,CO,08,"CATTLE, COWS, MILK - INVENTORY, AVG, MEASURED IN HEAD",HEAD,"164,000"
2017,MONTHLY,DEC,COLORADO,CO,08,"CATTLE, COWS, MILK - INVENTORY, AVG, MEASURED IN HEAD",HEAD,"167,000"
2017,MONTHLY,FEB,COLORADO,CO,08,"CATTLE, COWS, MILK - INVENTORY, AVG, MEASURED IN HEAD",HEAD,"158,000"
2017,MONTHLY,JAN,COLORADO,CO,08,"CATTLE, COWS, MILK - INVENTORY, AVG, MEASURED IN HEAD",HEAD,"157,000"
2017,MONTHLY,JAN THRU MAR,COLORADO,CO,08,"CATTLE, COWS, MILK - INVENTORY, AVG, MEASURED IN HEAD",HEAD,"158,000"
2017,MONTHLY,JUL,COLORADO,CO,08,"CATTLE, COWS, MILK - INVENTORY, AVG, MEASURED IN HEAD",HEAD,"163,000"
2017,MONTHLY,JUL THRU SEP,COLORADO,CO,08,"CATTLE, COWS, MILK - INVENTORY, AVG, MEASURED IN HEAD",HEAD,"164,000"
2017,MONTHLY,JUN,COLORADO,CO,08,"CATTLE, COWS, MILK - INVENTORY, AVG, MEASURED IN HEAD",HEAD,"162,000"
2017,MONTHLY,MAR,COLORADO,CO,08,"CATTLE, COWS, MILK - INVENTORY, AVG, MEASURED IN HEAD",HEAD,"159,000"
2017,MONTHLY,MAY,COLORADO,CO,08,"CATTLE, COWS, MILK - INVENTORY, AVG, MEASURED IN HEAD",HEAD,"161,000"
2017,MONTHLY,NOV,COLORADO,CO,08,"CATTLE, COWS, MILK - INVENTORY, AVG, MEASURED IN HEAD",HEAD,"166,000"
2017,MONTHLY,OCT,COLORADO,CO,08,"CATTLE, COWS, MILK - INVENTORY, AVG, MEASURED IN HEAD",HEAD,"166,000"
2017,MONTHLY,OCT THRU DEC,COLORADO,CO,08,"CATTLE, COWS, MILK - INVENTORY, AVG, MEASURED IN HEAD",HEAD,"166,000"
2017,MONTHLY,SEP,COLORADO,CO,08,"CATTLE, COWS, MILK - INVENTORY, AVG, MEASURED IN HEAD",HEAD,"165,000"
2017,MONTHLY,APR THRU JUN,CONNECTICUT,CT,09,"CATTLE, COWS, MILK - INVENTORY, AVG, MEASURED IN HEAD",HEAD,"18,500"
2017,MONTHLY,JAN THRU MAR,CONNECTICUT,CT,09,"CATTLE, COWS, MILK - INVENTORY, AVG, MEASURED IN HEAD",HEAD,"19,000"
2017,MONTHLY,JUL THRU SEP,CONNECTICUT,CT,09,"CATTLE, COWS, MILK - INVENTORY, AVG, MEASURED IN HEAD",HEAD,"19,000"
2017,MONTHLY,OCT THRU DEC,CONNECTICUT,CT,09,"CATTLE, COWS, MILK - INVENTORY, AVG, MEASURED IN HEAD",HEAD,"20,000"
2017,MONTHLY,APR THRU JUN,DELAWARE,DE,10,"CATTLE, COWS, MILK - INVENTORY, AVG, MEASURED IN HEAD",HEAD,"5,000"
2017,MONTHLY,JAN THRU MAR,DELAWARE,DE,10,"CATTLE, COWS, MILK - INVENTORY, AVG, MEASURED IN HEAD",HEAD,"5,000"
2017,MONTHLY,JUL THRU SEP,DELAWARE,DE,10,"CATTLE, COWS, MILK - INVENTORY, AVG, MEASURED IN HEAD",HEAD,"5,000"
2017,MONTHLY,OCT THRU DEC,DELAWARE,DE,10,"CATTLE, COWS, MILK - INVENTORY, AVG, MEASURED IN HEAD",HEAD,"5,000"
2017,MONTHLY,APR,FLORIDA,FL,12,"CATTLE, COWS, MILK - INVENTORY, AVG, MEASURED IN HEAD",HEAD,"124,000"
2017,MONTHLY,APR THRU JUN,FLORIDA,FL,12,"CATTLE, COWS, MILK - INVENTORY, AVG, MEASURED IN HEAD",HEAD,"124,000"
2017,MONTHLY,AUG,FLORIDA,FL,12,"CATTLE, COWS, MILK - INVENTORY, AVG, MEASURED IN HEAD",HEAD,"124,000"
2017,MONTHLY,DEC,FLORIDA,FL,12,"CATTLE, COWS, MILK - INVENTORY, AVG, MEASURED IN HEAD",HEAD,"124,000"
2017,MONTHLY,FEB,FLORIDA,FL,12,"CATTLE, COWS, MILK - INVENTORY, AVG, MEASURED IN HEAD",HEAD,"123,000"
2017,MONTHLY,JAN,FLORIDA,FL,12,"CATTLE, COWS, MILK - INVENTORY, AVG, MEASURED IN HEAD",HEAD,"122,000"
2017,MONTHLY,JAN THRU MAR,FLORIDA,FL,12,"CATTLE, COWS, MILK - INVENTORY, AVG, MEASURED IN HEAD",HEAD,"123,000"
2017,MONTHLY,JUL,FLORIDA,FL,12,"CATTLE, COWS, MILK - INVENTORY, AVG, MEASURED IN HEAD",HEAD,"124,000"
2017,MONTHLY,JUL THRU SEP,FLORIDA,FL,12,"CATTLE, COWS, MILK - INVENTORY, AVG, MEASURED IN HEAD",HEAD,"124,000"
2017,MONTHLY,JUN,FLORIDA,FL,12,"CATTLE, COWS, MILK - INVENTORY, AVG, MEASURED IN HEAD",HEAD,"124,000"
2017,MONTHLY,MAR,FLORIDA,FL,12,"CATTLE, COWS, MILK - INVENTORY, AVG, MEASURED IN HEAD",HEAD,"124,000"
2017,MONTHLY,MAY,FLORIDA,FL,12,"CATTLE, COWS, MILK - INVENTORY, AVG, MEASURED IN HEAD",HEAD,"124,000"
2017,MONTHLY,NOV,FLORIDA,FL,12,"CATTLE, COWS, MILK - INVENTORY, AVG, MEASURED IN HEAD",HEAD,"124,000"
2017,MONTHLY,OCT,FLORIDA,FL,12,"CATTLE, COWS, MILK - INVENTORY, AVG, MEASURED IN HEAD",HEAD,"124,000"
2017,MONTHLY,OCT THRU DEC,FLORIDA,FL,12,"CATTLE, COWS, MILK - INVENTORY, AVG, MEASURED IN HEAD",HEAD,"124,000"
2017,MONTHLY,SEP,FLORIDA,FL,12,"CATTLE, COWS, MILK - INVENTORY, AVG, MEASURED IN HEAD",HEAD,"123,000"
2017,MONTHLY,APR THRU JUN,GEORGIA,GA,13,"CATTLE, COWS, MILK - INVENTORY, AVG, MEASURED IN HEAD",HEAD,"84,000"
2017,MONTHLY,JAN THRU MAR,GEORGIA,GA,13,"CATTLE, COWS, MILK - INVENTORY, AVG, MEASURED IN HEAD",HEAD,"84,000"
2017,MONTHLY,JUL THRU SEP,GEORGIA,GA,13,"CATTLE, COWS, MILK - INVENTORY, AVG, MEASURED IN HEAD",HEAD,"84,000"
2017,MONTHLY,OCT THRU DEC,GEORGIA,GA,13,"CATTLE, COWS, MILK - INVENTORY, AVG, MEASURED IN HEAD",HEAD,"85,000"
2017,MONTHLY,APR THRU JUN,HAWAII,HI,15,"CATTLE, COWS, MILK - INVENTORY, AVG, MEASURED IN HEAD",HEAD,"2,300"
2017,MONTHLY,JAN THRU MAR,HAWAII,HI,15,"CATTLE, COWS, MILK - INVENTORY, AVG, MEASURED IN HEAD",HEAD,"2,400"
2017,MONTHLY,JUL THRU SEP,HAWAII,HI,15,"CATTLE, COWS, MILK - INVENTORY, AVG, MEASURED IN HEAD",HEAD,"2,200"
2017,MONTHLY,OCT THRU DEC,HAWAII,HI,15,"CATTLE, COWS, MILK - INVENTORY, AVG, MEASURED IN HEAD",HEAD,"2,100"
2017,MONTHLY,APR,IOWA,IA,19,"CATTLE, COWS, MILK - INVENTORY, AVG, MEASURED IN HEAD",HEAD,"217,000"
2017,MONTHLY,APR THRU JUN,IOWA,IA,19,"CATTLE, COWS, MILK - INVENTORY, AVG, MEASURED IN HEAD",HEAD,"217,000"
2017,MONTHLY,AUG,IOWA,IA,19,"CATTLE, COWS, MILK - INVENTORY, AVG, MEASURED IN HEAD",HEAD,"219,000"
2017,MONTHLY,DEC,IOWA,IA,19,"CATTLE, COWS, MILK - INVENTORY, AVG, MEASURED IN HEAD",HEAD,"220,000"
2017,MONTHLY,FEB,IOWA,IA,19,"CATTLE, COWS, MILK - INVENTORY, AVG, MEASURED IN HEAD",HEAD,"216,000"
2017,MONTHLY,JAN,IOWA,IA,19,"CATTLE, COWS, MILK - INVENTORY, AVG, MEASURED IN HEAD",HEAD,"215,000"
2017,MONTHLY,JAN THRU MAR,IOWA,IA,19,"CATTLE, COWS, MILK - INVENTORY, AVG, MEASURED IN HEAD",HEAD,"216,000"
2017,MONTHLY,JUL,IOWA,IA,19,"CATTLE, COWS, MILK - INVENTORY, AVG, MEASURED IN HEAD",HEAD,"217,000"
2017,MONTHLY,JUL THRU SEP,IOWA,IA,19,"CATTLE, COWS, MILK - INVENTORY, AVG, MEASURED IN HEAD",HEAD,"218,000"
2017,MONTHLY,JUN,IOWA,IA,19,"CATTLE, COWS, MILK - INVENTORY, AVG, MEASURED IN HEAD",HEAD,"217,000"
2017,MONTHLY,MAR,IOWA,IA,19,"CATTLE, COWS, MILK - INVENTORY, AVG, MEASURED IN HEAD",HEAD,"216,000"
2017,MONTHLY,MAY,IOWA,IA,19,"CATTLE, COWS, MILK - INVENTORY, AVG, MEASURED IN HEAD",HEAD,"217,000"
2017,MONTHLY,NOV,IOWA,IA,19,"CATTLE, COWS, MILK - INVENTORY, AVG, MEASURED IN HEAD",HEAD,"219,000"
2017,MONTHLY,OCT,IOWA,IA,19,"CATTLE, COWS, MILK - INVENTORY, AVG, MEASURED IN HEAD",HEAD,"219,000"
2017,MONTHLY,OCT THRU DEC,IOWA,IA,19,"CATTLE, COWS, MILK - INVENTORY, AVG, MEASURED IN HEAD",HEAD,"219,000"
2017,MONTHLY,SEP,IOWA,IA,19,"CATTLE, COWS, MILK - INVENTORY, AVG, MEASURED IN HEAD",HEAD,"219,000"
2017,MONTHLY,APR,IDAHO,ID,16,"CATTLE, COWS, MILK - INVENTORY, AVG, MEASURED IN HEAD",HEAD,"596,000"
2017,MONTHLY,APR THRU JUN,IDAHO,ID,16,"CATTLE, COWS, MILK - INVENTORY, AVG, MEASURED IN HEAD",HEAD,"599,000"
2017,MONTHLY,AUG,IDAHO,ID,16,"CATTLE, COWS, MILK - INVENTORY, AVG, MEASURED IN HEAD",HEAD,"603,000"
2017,MONTHLY,DEC,IDAHO,ID,16,"CATTLE, COWS, MILK - INVENTORY, AVG, MEASURED IN HEAD",HEAD,"600,000"
2017,MONTHLY,FEB,IDAHO,ID,16,"CATTLE, COWS, MILK - INVENTORY, AVG, MEASURED IN HEAD",HEAD,"596,000"
2017,MONTHLY,JAN,IDAHO,ID,16,"CATTLE, COWS, MILK - INVENTORY, AVG, MEASURED IN HEAD",HEAD,"600,000"
2017,MONTHLY,JAN THRU MAR,IDAHO,ID,16,"CATTLE, COWS, MILK - INVENTORY, AVG, MEASURED IN HEAD",HEAD,"597,000"
2017,MONTHLY,JUL,IDAHO,ID,16,"CATTLE, COWS, MILK - INVENTORY, AVG, MEASURED IN HEAD",HEAD,"601,000"
2017,MONTHLY,JUL THRU SEP,IDAHO,ID,16,"CATTLE, COWS, MILK - INVENTORY, AVG, MEASURED IN HEAD",HEAD,"602,000"
2017,MONTHLY,JUN,IDAHO,ID,16,"CATTLE, COWS, MILK - INVENTORY, AVG, MEASURED IN HEAD",HEAD,"601,000"
2017,MONTHLY,MAR,IDAHO,ID,16,"CATTLE, COWS, MILK - INVENTORY, AVG, MEASURED IN HEAD",HEAD,"596,000"
2017,MONTHLY,MAY,IDAHO,ID,16,"CATTLE, COWS, MILK - INVENTORY, AVG, MEASURED IN HEAD",HEAD,"600,000"
2017,MONTHLY,NOV,IDAHO,ID,16,"CATTLE, COWS, MILK - INVENTORY, AVG, MEASURED IN HEAD",HEAD,"600,000"
2017,MONTHLY,OCT,IDAHO,ID,16,"CATTLE, COWS, MILK - INVENTORY, AVG, MEASURED IN HEAD",HEAD,"600,000"
2017,MONTHLY,OCT THRU DEC,IDAHO,ID,16,"CATTLE, COWS, MILK - INVENTORY, AVG, MEASURED IN HEAD",HEAD,"600,000"
2017,MONTHLY,SEP,IDAHO,ID,16,"CATTLE, COWS, MILK - INVENTORY, AVG, MEASURED IN HEAD",HEAD,"603,000"
2017,MONTHLY,APR,ILLINOIS,IL,17,"CATTLE, COWS, MILK - INVENTORY, AVG, MEASURED IN HEAD",HEAD,"93,000"
2017,MONTHLY,APR THRU JUN,ILLINOIS,IL,17,"CATTLE, COWS, MILK - INVENTORY, AVG, MEASURED IN HEAD",HEAD,"93,000"
2017,MONTHLY,AUG,ILLINOIS,IL,17,"CATTLE, COWS, MILK - INVENTORY, AVG, MEASURED IN HEAD",HEAD,"93,000"
2017,MONTHLY,DEC,ILLINOIS,IL,17,"CATTLE, COWS, MILK - INVENTORY, AVG, MEASURED IN HEAD",HEAD,"93,000"
2017,MONTHLY,FEB,ILLINOIS,IL,17,"CATTLE, COWS, MILK - INVENTORY, AVG, MEASURED IN HEAD",HEAD,"93,000"
2017,MONTHLY,JAN,ILLINOIS,IL,17,"CATTLE, COWS, MILK - INVENTORY, AVG, MEASURED IN HEAD",HEAD,"93,000"
2017,MONTHLY,JAN THRU MAR,ILLINOIS,IL,17,"CATTLE, COWS, MILK - INVENTORY, AVG, MEASURED IN HEAD",HEAD,"93,000"
2017,MONTHLY,JUL,ILLINOIS,IL,17,"CATTLE, COWS, MILK - INVENTORY, AVG, MEASURED IN HEAD",HEAD,"93,000"
2017,MONTHLY,JUL THRU SEP,ILLINOIS,IL,17,"CATTLE, COWS, MILK - INVENTORY, AVG, MEASURED IN HEAD",HEAD,"93,000"
2017,MONTHLY,JUN,ILLINOIS,IL,17,"CATTLE, COWS, MILK - INVENTORY, AVG, MEASURED IN HEAD",HEAD,"93,000"
2017,MONTHLY,MAR,ILLINOIS,IL,17,"CATTLE, COWS, MILK - INVENTORY, AVG, MEASURED IN HEAD",HEAD,"93,000"
2017,MONTHLY,MAY,ILLINOIS,IL,17,"CATTLE, COWS, MILK - INVENTORY, AVG, MEASURED IN HEAD",HEAD,"93,000"
2017,MONTHLY,NOV,ILLINOIS,IL,17,"CATTLE, COWS, MILK - INVENTORY, AVG, MEASURED IN HEAD",HEAD,"93,000"
2017,MONTHLY,OCT,ILLINOIS,IL,17,"CATTLE, COWS, MILK - INVENTORY, AVG, MEASURED IN HEAD",HEAD,"93,000"
2017,MONTHLY,OCT THRU DEC,ILLINOIS,IL,17,"CATTLE, COWS, MILK - INVENTORY, AVG, MEASURED IN HEAD",HEAD,"93,000"
2017,MONTHLY,SEP,ILLINOIS,IL,17,"CATTLE, COWS, MILK - INVENTORY, AVG, MEASURED IN HEAD",HEAD,"93,000"
2017,MONTHLY,APR,INDIANA,IN,18,"CATTLE, COWS, MILK - INVENTORY, AVG, MEASURED IN HEAD",HEAD,"187,000"
2017,MONTHLY,APR THRU JUN,INDIANA,IN,18,"CATTLE, COWS, MILK - INVENTORY, AVG, MEASURED IN HEAD",HEAD,"188,000"
2017,MONTHLY,AUG,INDIANA,IN,18,"CATTLE, COWS, MILK - INVENTORY, AVG, MEASURED IN HEAD",HEAD,"187,000"
2017,MONTHLY,DEC,INDIANA,IN,18,"CATTLE, COWS, MILK - INVENTORY, AVG, MEASURED IN HEAD",HEAD,"187,000"
2017,MONTHLY,FEB,INDIANA,IN,18,"CATTLE, COWS, MILK - INVENTORY, AVG, MEASURED IN HEAD",HEAD,"186,000"
2017,MONTHLY,JAN,INDIANA,IN,18,"CATTLE, COWS, MILK - INVENTORY, AVG, MEASURED IN HEAD",HEAD,"186,000"
2017,MONTHLY,JAN THRU MAR,INDIANA,IN,18,"CATTLE, COWS, MILK - INVENTORY, AVG, MEASURED IN HEAD",HEAD,"186,000"
2017,MONTHLY,JUL,INDIANA,IN,18,"CATTLE, COWS, MILK - INVENTORY, AVG, MEASURED IN HEAD",HEAD,"187,000"
2017,MONTHLY,JUL THRU SEP,INDIANA,IN,18,"CATTLE, COWS, MILK - INVENTORY, AVG, MEASURED IN HEAD",HEAD,"187,000"
2017,MONTHLY,JUN,INDIANA,IN,18,"CATTLE, COWS, MILK - INVENTORY, AVG, MEASURED IN HEAD",HEAD,"188,000"
2017,MONTHLY,MAR,INDIANA,IN,18,"CATTLE, COWS, MILK - INVENTORY, AVG, MEASURED IN HEAD",HEAD,"186,000"
2017,MONTHLY,MAY,INDIANA,IN,18,"CATTLE, COWS, MILK - INVENTORY, AVG, MEASURED IN HEAD",HEAD,"188,000"
2017,MONTHLY,NOV,INDIANA,IN,18,"CATTLE, COWS, MILK - INVENTORY, AVG, MEASURED IN HEAD",HEAD,"187,000"
2017,MONTHLY,OCT,INDIANA,IN,18,"CATTLE, COWS, MILK - INVENTORY, AVG, MEASURED IN HEAD",HEAD,"187,000"
2017,MONTHLY,OCT THRU DEC,INDIANA,IN,18,"CATTLE, COWS, MILK - INVENTORY, AVG, MEASURED IN HEAD",HEAD,"187,000"
2017,MONTHLY,SEP,INDIANA,IN,18,"CATTLE, COWS, MILK - INVENTORY, AVG, MEASURED IN HEAD",HEAD,"187,000"
2017,MONTHLY,APR,KANSAS,KS,20,"CATTLE, COWS, MILK - INVENTORY, AVG, MEASURED IN HEAD",HEAD,"152,000"
2017,MONTHLY,APR THRU JUN,KANSAS,KS,20,"CATTLE, COWS, MILK - INVENTORY, AVG, MEASURED IN HEAD",HEAD,"151,000"
2017,MONTHLY,AUG,KANSAS,KS,20,"CATTLE, COWS, MILK - INVENTORY, AVG, MEASURED IN HEAD",HEAD,"152,000"
2017,MONTHLY,DEC,KANSAS,KS,20,"CATTLE, COWS, MILK - INVENTORY, AVG, MEASURED IN HEAD",HEAD,"155,000"
2017,MONTHLY,FEB,KANSAS,KS,20,"CATTLE, COWS, MILK - INVENTORY, AVG, MEASURED IN HEAD",HEAD,"151,000"
2017,MONTHLY,JAN,KANSAS,KS,20,"CATTLE, COWS, MILK - INVENTORY, AVG, MEASURED IN HEAD",HEAD,"151,000"
2017,MONTHLY,JAN THRU MAR,KANSAS,KS,20,"CATTLE, COWS, MILK - INVENTORY, AVG, MEASURED IN HEAD",HEAD,"152,000"
2017,MONTHLY,JUL,KANSAS,KS,20,"CATTLE, COWS, MILK - INVENTORY, AVG, MEASURED IN HEAD",HEAD,"151,000"
2017,MONTHLY,JUL THRU SEP,KANSAS,KS,20,"CATTLE, COWS, MILK - INVENTORY, AVG, MEASURED IN HEAD",HEAD,"152,000"
2017,MONTHLY,JUN,KANSAS,KS,20,"CATTLE, COWS, MILK - INVENTORY, AVG, MEASURED IN HEAD",HEAD,"151,000"
2017,MONTHLY,MAR,KANSAS,KS,20,"CATTLE, COWS, MILK - INVENTORY, AVG, MEASURED IN HEAD",HEAD,"153,000"
2017,MONTHLY,MAY,KANSAS,KS,20,"CATTLE, COWS, MILK - INVENTORY, AVG, MEASURED IN HEAD",HEAD,"150,000"
2017,MONTHLY,NOV,KANSAS,KS,20,"CATTLE, COWS, MILK - INVENTORY, AVG, MEASURED IN HEAD",HEAD,"153,000"
2017,MONTHLY,OCT,KANSAS,KS,20,"CATTLE, COWS, MILK - INVENTORY, AVG, MEASURED IN HEAD",HEAD,"152,000"
2017,MONTHLY,OCT THRU DEC,KANSAS,KS,20,"CATTLE, COWS, MILK - INVENTORY, AVG, MEASURED IN HEAD",HEAD,"153,000"
2017,MONTHLY,SEP,KANSAS,KS,20,"CATTLE, COWS, MILK - INVENTORY, AVG, MEASURED IN HEAD",HEAD,"152,000"
2017,MONTHLY,APR THRU JUN,KENTUCKY,KY,21,"CATTLE, COWS, MILK - INVENTORY, AVG, MEASURED IN HEAD",HEAD,"56,000"
2017,MONTHLY,JAN THRU MAR,KENTUCKY,KY,21,"CATTLE, COWS, MILK - INVENTORY, AVG, MEASURED IN HEAD",HEAD,"56,000"
2017,MONTHLY,JUL THRU SEP,KENTUCKY,KY,21,"CATTLE, COWS, MILK - INVENTORY, AVG, MEASURED IN HEAD",HEAD,"55,000"
2017,MONTHLY,OCT THRU DEC,KENTUCKY,KY,21,"CATTLE, COWS, MILK - INVENTORY, AVG, MEASURED IN HEAD",HEAD,"56,000"
2017,MONTHLY,APR THRU JUN,LOUISIANA,LA,22,"CATTLE, COWS, MILK - INVENTORY, AVG, MEASURED IN HEAD",HEAD,"12,000"
2017,MONTHLY,JAN THRU MAR,LOUISIANA,LA,22,"CATTLE, COWS, MILK - INVENTORY, AVG, MEASURED IN HEAD",HEAD,"12,000"
2017,MONTHLY,JUL THRU SEP,LOUISIANA,LA,22,"CATTLE, COWS, MILK - INVENTORY, AVG, MEASURED IN HEAD",HEAD,"12,000"
2017,MONTHLY,OCT THRU DEC,LOUISIANA,LA,22,"CATTLE, COWS, MILK - INVENTORY, AVG, MEASURED IN HEAD",HEAD,"12,000"
2017,MONTHLY,APR THRU JUN,MASSACHUSETTS,MA,25,"CATTLE, COWS, MILK - INVENTORY, AVG, MEASURED IN HEAD",HEAD,"11,500"
2017,MONTHLY,JAN THRU MAR,MASSACHUSETTS,MA,25,"CATTLE, COWS, MILK - INVENTORY, AVG, MEASURED IN HEAD",HEAD,"11,500"
2017,MONTHLY,JUL THRU SEP,MASSACHUSETTS,MA,25,"CATTLE, COWS, MILK - INVENTORY, AVG, MEASURED IN HEAD",HEAD,"11,500"
2017,MONTHLY,OCT THRU DEC,MASSACHUSETTS,MA,25,"CATTLE, COWS, MILK - INVENTORY, AVG, MEASURED IN HEAD",HEAD,"11,500"
2017,MONTHLY,APR THRU JUN,MARYLAND,MD,24,"CATTLE, COWS, MILK - INVENTORY, AVG, MEASURED IN HEAD",HEAD,"48,000"
2017,MONTHLY,JAN THRU MAR,MARYLAND,MD,24,"CATTLE, COWS, MILK - INVENTORY, AVG, MEASURED IN HEAD",HEAD,"47,000"
2017,MONTHLY,JUL THRU SEP,MARYLAND,MD,24,"CATTLE, COWS, MILK - INVENTORY, AVG, MEASURED IN HEAD",HEAD,"48,000"
2017,MONTHLY,OCT THRU DEC,MARYLAND,MD,24,"CATTLE, COWS, MILK - INVENTORY, AVG, MEASURED IN HEAD",HEAD,"47,000"
2017,MONTHLY,APR THRU JUN,MAINE,ME,23,"CATTLE, COWS, MILK - INVENTORY, AVG, MEASURED IN HEAD",HEAD,"30,000"
2017,MONTHLY,JAN THRU MAR,MAINE,ME,23,"CATTLE, COWS, MILK - INVENTORY, AVG, MEASURED IN HEAD",HEAD,"30,000"
2017,MONTHLY,JUL THRU SEP,MAINE,ME,23,"CATTLE, COWS, MILK - INVENTORY, AVG, MEASURED IN HEAD",HEAD,"30,000"
2017,MONTHLY,OCT THRU DEC,MAINE,ME,23,"CATTLE, COWS, MILK - INVENTORY, AVG, MEASURED IN HEAD",HEAD,"30,000"
2017,MONTHLY,APR,MICHIGAN,MI,26,"CATTLE, COWS, MILK - INVENTORY, AVG, MEASURED IN HEAD",HEAD,"426,000"
2017,MONTHLY,APR THRU JUN,MICHIGAN,MI,26,"CATTLE, COWS, MILK - INVENTORY, AVG, MEASURED IN HEAD",HEAD,"427,000"
2017,MONTHLY,AUG,MICHIGAN,MI,26,"CATTLE, COWS, MILK - INVENTORY, AVG, MEASURED IN HEAD",HEAD,"428,000"
2017,MONTHLY,DEC,MICHIGAN,MI,26,"CATTLE, COWS, MILK - INVENTORY, AVG, MEASURED IN HEAD",HEAD,"428,000"
2017,MONTHLY,FEB,MICHIGAN,MI,26,"CATTLE, COWS, MILK - INVENTORY, AVG, MEASURED IN HEAD",HEAD,"425,000"
2017,MONTHLY,JAN,MICHIGAN,MI,26,"CATTLE, COWS, MILK - INVENTORY, AVG, MEASURED IN HEAD",HEAD,"425,000"
2017,MONTHLY,JAN THRU MAR,MICHIGAN,MI,26,"CATTLE, COWS, MILK - INVENTORY, AVG, MEASURED IN HEAD",HEAD,"425,000"
2017,MONTHLY,JUL,MICHIGAN,MI,26,"CATTLE, COWS, MILK - INVENTORY, AVG, MEASURED IN HEAD",HEAD,"427,000"
2017,MONTHLY,JUL THRU SEP,MICHIGAN,MI,26,"CATTLE, COWS, MILK - INVENTORY, AVG, MEASURED IN HEAD",HEAD,"428,000"
2017,MONTHLY,JUN,MICHIGAN,MI,26,"CATTLE, COWS, MILK - INVENTORY, AVG, MEASURED IN HEAD",HEAD,"427,000"
2017,MONTHLY,MAR,MICHIGAN,MI,26,"CATTLE, COWS, MILK - INVENTORY, AVG, MEASURED IN HEAD",HEAD,"425,000"
2017,MONTHLY,MAY,MICHIGAN,MI,26,"CATTLE, COWS, MILK - INVENTORY, AVG, MEASURED IN HEAD",HEAD,"427,000"
2017,MONTHLY,NOV,MICHIGAN,MI,26,"CATTLE, COWS, MILK - INVENTORY, AVG, MEASURED IN HEAD",HEAD,"428,000"
2017,MONTHLY,OCT,MICHIGAN,MI,26,"CATTLE, COWS, MILK - INVENTORY, AVG, MEASURED IN HEAD",HEAD,"428,000"
2017,MONTHLY,OCT THRU DEC,MICHIGAN,MI,26,"CATTLE, COWS, MILK - INVENTORY, AVG, MEASURED IN HEAD",HEAD,"428,000"
2017,MONTHLY,SEP,MICHIGAN,MI,26,"CATTLE, COWS, MILK - INVENTORY, AVG, MEASURED IN HEAD",HEAD,"428,000"
2017,MONTHLY,APR,MINNESOTA,MN,27,"CATTLE, COWS, MILK - INVENTORY, AVG, MEASURED IN HEAD",HEAD,"459,000"
2017,MONTHLY,APR THRU JUN,MINNESOTA,MN,27,"CATTLE, COWS, MILK - INVENTORY, AVG, MEASURED IN HEAD",HEAD,"459,000"
2017,MONTHLY,AUG,MINNESOTA,MN,27,"CATTLE, COWS, MILK - INVENTORY, AVG, MEASURED IN HEAD",HEAD,"458,000"
2017,MONTHLY,DEC,MINNESOTA,MN,27,"CATTLE, COWS, MILK - INVENTORY, AVG, MEASURED IN HEAD",HEAD,"456,000"
2017,MONTHLY,FEB,MINNESOTA,MN,27,"CATTLE, COWS, MILK - INVENTORY, AVG, MEASURED IN HEAD",HEAD,"460,000"
2017,MONTHLY,JAN,MINNESOTA,MN,27,"CATTLE, COWS, MILK - INVENTORY, AVG, MEASURED IN HEAD",HEAD,"460,000"
2017,MONTHLY,JAN THRU MAR,MINNESOTA,MN,27,"CATTLE, COWS, MILK - INVENTORY, AVG, MEASURED IN HEAD",HEAD,"460,000"
2017,MONTHLY,JUL,MINNESOTA,MN,27,"CATTLE, COWS, MILK - INVENTORY, AVG, MEASURED IN HEAD",HEAD,"458,000"
2017,MONTHLY,JUL THRU SEP,MINNESOTA,MN,27,"CATTLE, COWS, MILK - INVENTORY, AVG, MEASURED IN HEAD",HEAD,"458,000"
2017,MONTHLY,JUN,MINNESOTA,MN,27,"CATTLE, COWS, MILK - INVENTORY, AVG, MEASURED IN HEAD",HEAD,"458,000"
2017,MONTHLY,MAR,MINNESOTA,MN,27,"CATTLE, COWS, MILK - INVENTORY, AVG, MEASURED IN HEAD",HEAD,"459,000"
2017,MONTHLY,MAY,MINNESOTA,MN,27,"CATTLE, COWS, MILK - INVENTORY, AVG, MEASURED IN HEAD",HEAD,"459,000"
2017,MONTHLY,NOV,MINNESOTA,MN,27,"CATTLE, COWS, MILK - INVENTORY, AVG, MEASURED IN HEAD",HEAD,"456,000"
2017,MONTHLY,OCT,MINNESOTA,MN,27,"CATTLE, COWS, MILK - INVENTORY, AVG, MEASURED IN HEAD",HEAD,"457,000"
2017,MONTHLY,OCT THRU DEC,MINNESOTA,MN,27,"CATTLE, COWS, MILK - INVENTORY, AVG, MEASURED IN HEAD",HEAD,"456,000"
2017,MONTHLY,SEP,MINNESOTA,MN,27,"CATTLE, COWS, MILK - INVENTORY, AVG, MEASURED IN HEAD",HEAD,"457,000"
2017,MONTHLY,APR THRU JUN,MISSOURI,MO,29,"CATTLE, COWS, MILK - INVENTORY, AVG, MEASURED IN HEAD",HEAD,"85,000"
2017,MONTHLY,JAN THRU MAR,MISSOURI,MO,29,"CATTLE, COWS, MILK - INVENTORY, AVG, MEASURED IN HEAD",HEAD,"85,000"
2017,MONTHLY,JUL THRU SEP,MISSOURI,MO,29,"CATTLE, COWS, MILK - INVENTORY, AVG, MEASURED IN HEAD",HEAD,"85,000"
2017,MONTHLY,OCT THRU DEC,MISSOURI,MO,29,"CATTLE, COWS, MILK - INVENTORY, AVG, MEASURED IN HEAD",HEAD,"84,000"
2017,MONTHLY,APR THRU JUN,MISSISSIPPI,MS,28,"CATTLE, COWS, MILK - INVENTORY, AVG, MEASURED IN HEAD",HEAD,"9,000"
2017,MONTHLY,JAN THRU MAR,MISSISSIPPI,MS,28,"CATTLE, COWS, MILK - INVENTORY, AVG, MEASURED IN HEAD",HEAD,"9,000"
2017,MONTHLY,JUL THRU SEP,MISSISSIPPI,MS,28,"CATTLE, COWS, MILK - INVENTORY, AVG, MEASURED IN HEAD",HEAD,"9,000"
2017,MONTHLY,OCT THRU DEC,MISSISSIPPI,MS,28,"CATTLE, COWS, MILK - INVENTORY, AVG, MEASURED IN HEAD",HEAD,"9,000"
2017,MONTHLY,APR THRU JUN,MONTANA,MT,30,"CATTLE, COWS, MILK - INVENTORY, AVG, MEASURED IN HEAD",HEAD,"13,500"
2017,MONTHLY,JAN THRU MAR,MONTANA,MT,30,"CATTLE, COWS, MILK - INVENTORY, AVG, MEASURED IN HEAD",HEAD,"13,500"
2017,MONTHLY,JUL THRU SEP,MONTANA,MT,30,"CATTLE, COWS, MILK - INVENTORY, AVG, MEASURED IN HEAD",HEAD,"13,500"
2017,MONTHLY,OCT THRU DEC,MONTANA,MT,30,"CATTLE, COWS, MILK - INVENTORY, AVG, MEASURED IN HEAD",HEAD,"13,000"
2017,MONTHLY,APR THRU JUN,NORTH CAROLINA,NC,37,"CATTLE, COWS, MILK - INVENTORY, AVG, MEASURED IN HEAD",HEAD,"45,000"
2017,MONTHLY,JAN THRU MAR,NORTH CAROLINA,NC,37,"CATTLE, COWS, MILK - INVENTORY, AVG, MEASURED IN HEAD",HEAD,"45,000"
2017,MONTHLY,JUL THRU SEP,NORTH CAROLINA,NC,37,"CATTLE, COWS, MILK - INVENTORY, AVG, MEASURED IN HEAD",HEAD,"44,000"
2017,MONTHLY,OCT THRU DEC,NORTH CAROLINA,NC,37,"CATTLE, COWS, MILK - INVENTORY, AVG, MEASURED IN HEAD",HEAD,"45,000"
2017,MONTHLY,APR THRU JUN,NORTH DAKOTA,ND,38,"CATTLE, COWS, MILK - INVENTORY, AVG, MEASURED IN HEAD",HEAD,"16,000"
2017,MONTHLY,JAN THRU MAR,NORTH DAKOTA,ND,38,"CATTLE, COWS, MILK - INVENTORY, AVG, MEASURED IN HEAD",HEAD,"15,500"
2017,MONTHLY,JUL THRU SEP,NORTH DAKOTA,ND,38,"CATTLE, COWS, MILK - INVENTORY, AVG, MEASURED IN HEAD",HEAD,"16,000"
2017,MONTHLY,OCT THRU DEC,NORTH DAKOTA,ND,38,"CATTLE, COWS, MILK - INVENTORY, AVG, MEASURED IN HEAD",HEAD,"16,000"
2017,MONTHLY,APR THRU JUN,NEBRASKA,NE,31,"CATTLE, COWS, MILK - INVENTORY, AVG, MEASURED IN HEAD",HEAD,"60,000"
2017,MONTHLY,JAN THRU MAR,NEBRASKA,NE,31,"CATTLE, COWS, MILK - INVENTORY, AVG, MEASURED IN HEAD",HEAD,"60,000"
2017,MONTHLY,JUL THRU SEP,NEBRASKA,NE,31,"CATTLE, COWS, MILK - INVENTORY, AVG, MEASURED IN HEAD",HEAD,"60,000"
2017,MONTHLY,OCT THRU DEC,NEBRASKA,NE,31,"CATTLE, COWS, MILK - INVENTORY, AVG, MEASURED IN HEAD",HEAD,"60,000"
2017,MONTHLY,APR THRU JUN,NEW HAMPSHIRE,NH,33,"CATTLE, COWS, MILK - INVENTORY, AVG, MEASURED IN HEAD",HEAD,"13,500"
2017,MONTHLY,JAN THRU MAR,NEW HAMPSHIRE,NH,33,"CATTLE, COWS, MILK - INVENTORY, AVG, MEASURED IN HEAD",HEAD,"13,500"
2017,MONTHLY,JUL THRU SEP,NEW HAMPSHIRE,NH,33,"CATTLE, COWS, MILK - INVENTORY, AVG, MEASURED IN HEAD",HEAD,"13,000"
2017,MONTHLY,OCT THRU DEC,NEW HAMPSHIRE,NH,33,"CATTLE, COWS, MILK - INVENTORY, AVG, MEASURED IN HEAD",HEAD,"12,500"
2017,MONTHLY,APR THRU JUN,NEW JERSEY,NJ,34,"CATTLE, COWS, MILK - INVENTORY, AVG, MEASURED IN HEAD",HEAD,"6,000"
2017,MONTHLY,JAN THRU MAR,NEW JERSEY,NJ,34,"CATTLE, COWS, MILK - INVENTORY, AVG, MEASURED IN HEAD",HEAD,"6,000"
2017,MONTHLY,JUL THRU SEP,NEW JERSEY,NJ,34,"CATTLE, COWS, MILK - INVENTORY, AVG, MEASURED IN HEAD",HEAD,"6,000"
2017,MONTHLY,OCT THRU DEC,NEW JERSEY,NJ,34,"CATTLE, COWS, MILK - INVENTORY, AVG, MEASURED IN HEAD",HEAD,"6,000"
2017,MONTHLY,APR,NEW MEXICO,NM,35,"CATTLE, COWS, MILK - INVENTORY, AVG, MEASURED IN HEAD",HEAD,"328,000"
2017,MONTHLY,APR THRU JUN,NEW MEXICO,NM,35,"CATTLE, COWS, MILK - INVENTORY, AVG, MEASURED IN HEAD",HEAD,"330,000"
2017,MONTHLY,AUG,NEW MEXICO,NM,35,"CATTLE, COWS, MILK - INVENTORY, AVG, MEASURED IN HEAD",HEAD,"331,000"
2017,MONTHLY,DEC,NEW MEXICO,NM,35,"CATTLE, COWS, MILK - INVENTORY, AVG, MEASURED IN HEAD",HEAD,"332,000"
2017,MONTHLY,FEB,NEW MEXICO,NM,35,"CATTLE, COWS, MILK - INVENTORY, AVG, MEASURED IN HEAD",HEAD,"325,000"
2017,MONTHLY,JAN,NEW MEXICO,NM,35,"CATTLE, COWS, MILK - INVENTORY, AVG, MEASURED IN HEAD",HEAD,"325,000"
2017,MONTHLY,JAN THRU MAR,NEW MEXICO,NM,35,"CATTLE, COWS, MILK - INVENTORY, AVG, MEASURED IN HEAD",HEAD,"326,000"
2017,MONTHLY,JUL,NEW MEXICO,NM,35,"CATTLE, COWS, MILK - INVENTORY, AVG, MEASURED IN HEAD",HEAD,"332,000"
2017,MONTHLY,JUL THRU SEP,NEW MEXICO,NM,35,"CATTLE, COWS, MILK - INVENTORY, AVG, MEASURED IN HEAD",HEAD,"331,000"
2017,MONTHLY,JUN,NEW MEXICO,NM,35,"CATTLE, COWS, MILK - INVENTORY, AVG, MEASURED IN HEAD",HEAD,"332,000"
2017,MONTHLY,MAR,NEW MEXICO,NM,35,"CATTLE, COWS, MILK - INVENTORY, AVG, MEASURED IN HEAD",HEAD,"327,000"
2017,MONTHLY,MAY,NEW MEXICO,NM,35,"CATTLE, COWS, MILK - INVENTORY, AVG, MEASURED IN HEAD",HEAD,"329,000"
2017,MONTHLY,NOV,NEW MEXICO,NM,35,"CATTLE, COWS, MILK - INVENTORY, AVG, MEASURED IN HEAD",HEAD,"330,000"
2017,MONTHLY,OCT,NEW MEXICO,NM,35,"CATTLE, COWS, MILK - INVENTORY, AVG, MEASURED IN HEAD",HEAD,"329,000"
2017,MONTHLY,OCT THRU DEC,NEW MEXICO,NM,35,"CATTLE, COWS, MILK - INVENTORY, AVG, MEASURED IN HEAD",HEAD,"330,000"
2017,MONTHLY,SEP,NEW MEXICO,NM,35,"CATTLE, COWS, MILK - INVENTORY, AVG, MEASURED IN HEAD",HEAD,"331,000"
2017,MONTHLY,APR THRU JUN,NEVADA,NV,32,"CATTLE, COWS, MILK - INVENTORY, AVG, MEASURED IN HEAD",HEAD,"32,000"
2017,MONTHLY,JAN THRU MAR,NEVADA,NV,32,"CATTLE, COWS, MILK - INVENTORY, AVG, MEASURED IN HEAD",HEAD,"31,000"
2017,MONTHLY,JUL THRU SEP,NEVADA,NV,32,"CATTLE, COWS, MILK - INVENTORY, AVG, MEASURED IN HEAD",HEAD,"32,000"
2017,MONTHLY,OCT THRU DEC,NEVADA,NV,32,"CATTLE, COWS, MILK - INVENTORY, AVG, MEASURED IN HEAD",HEAD,"32,000"
2017,MONTHLY,APR,NEW YORK,NY,36,"CATTLE, COWS, MILK - INVENTORY, AVG, MEASURED IN HEAD",HEAD,"624,000"
2017,MONTHLY,APR THRU JUN,NEW YORK,NY,36,"CATTLE, COWS, MILK - INVENTORY, AVG, MEASURED IN HEAD",HEAD,"624,000"
2017,MONTHLY,AUG,NEW YORK,NY,36,"CATTLE, COWS, MILK - INVENTORY, AVG, MEASURED IN HEAD",HEAD,"624,000"
2017,MONTHLY,DEC,NEW YORK,NY,36,"CATTLE, COWS, MILK - INVENTORY, AVG, MEASURED IN HEAD",HEAD,"625,000"
2017,MONTHLY,FEB,NEW YORK,NY,36,"CATTLE, COWS, MILK - INVENTORY, AVG, MEASURED IN HEAD",HEAD,"622,000"
2017,MONTHLY,JAN,NEW YORK,NY,36,"CATTLE, COWS, MILK - INVENTORY, AVG, MEASURED IN HEAD",HEAD,"621,000"
2017,MONTHLY,JAN THRU MAR,NEW YORK,NY,36,"CATTLE, COWS, MILK - INVENTORY, AVG, MEASURED IN HEAD",HEAD,"622,000"
2017,MONTHLY,JUL,NEW YORK,NY,36,"CATTLE, COWS, MILK - INVENTORY, AVG, MEASURED IN HEAD",HEAD,"624,000"
2017,MONTHLY,JUL THRU SEP,NEW YORK,NY,36,"CATTLE, COWS, MILK - INVENTORY, AVG, MEASURED IN HEAD",HEAD,"624,000"
2017,MONTHLY,JUN,NEW YORK,NY,36,"CATTLE, COWS, MILK - INVENTORY, AVG, MEASURED IN HEAD",HEAD,"624,000"
2017,MONTHLY,MAR,NEW YORK,NY,36,"CATTLE, COWS, MILK - INVENTORY, AVG, MEASURED IN HEAD",HEAD,"623,000"
2017,MONTHLY,MAY,NEW YORK,NY,36,"CATTLE, COWS, MILK - INVENTORY, AVG, MEASURED IN HEAD",HEAD,"624,000"
2017,MONTHLY,NOV,NEW YORK,NY,36,"CATTLE, COWS, MILK - INVENTORY, AVG, MEASURED IN HEAD",HEAD,"625,000"
2017,MONTHLY,OCT,NEW YORK,NY,36,"CATTLE, COWS, MILK - INVENTORY, AVG, MEASURED IN HEAD",HEAD,"624,000"
2017,MONTHLY,OCT THRU DEC,NEW YORK,NY,36,"CATTLE, COWS, MILK - INVENTORY, AVG, MEASURED IN HEAD",HEAD,"625,000"
2017,MONTHLY,SEP,NEW YORK,NY,36,"CATTLE, COWS, MILK - INVENTORY, AVG, MEASURED IN HEAD",HEAD,"624,000"
2017,MONTHLY,APR,OHIO,OH,39,"CATTLE, COWS, MILK - INVENTORY, AVG, MEASURED IN HEAD",HEAD,"264,000"
2017,MONTHLY,APR THRU JUN,OHIO,OH,39,"CATTLE, COWS, MILK - INVENTORY, AVG, MEASURED IN HEAD",HEAD,"264,000"
2017,MONTHLY,AUG,OHIO,OH,39,"CATTLE, COWS, MILK - INVENTORY, AVG, MEASURED IN HEAD",HEAD,"264,000"
2017,MONTHLY,DEC,OHIO,OH,39,"CATTLE, COWS, MILK - INVENTORY, AVG, MEASURED IN HEAD",HEAD,"264,000"
2017,MONTHLY,FEB,OHIO,OH,39,"CATTLE, COWS, MILK - INVENTORY, AVG, MEASURED IN HEAD",HEAD,"264,000"
2017,MONTHLY,JAN,OHIO,OH,39,"CATTLE, COWS, MILK - INVENTORY, AVG, MEASURED IN HEAD",HEAD,"263,000"
2017,MONTHLY,JAN THRU MAR,OHIO,OH,39,"CATTLE, COWS, MILK - INVENTORY, AVG, MEASURED IN HEAD",HEAD,"264,000"
2017,MONTHLY,JUL,OHIO,OH,39,"CATTLE, COWS, MILK - INVENTORY, AVG, MEASURED IN HEAD",HEAD,"264,000"
2017,MONTHLY,JUL THRU SEP,OHIO,OH,39,"CATTLE, COWS, MILK - INVENTORY, AVG, MEASURED IN HEAD",HEAD,"264,000"
2017,MONTHLY,JUN,OHIO,OH,39,"CATTLE, COWS, MILK - INVENTORY, AVG, MEASURED IN HEAD",HEAD,"264,000"
2017,MONTHLY,MAR,OHIO,OH,39,"CATTLE, COWS, MILK - INVENTORY, AVG, MEASURED IN HEAD",HEAD,"264,000"
2017,MONTHLY,MAY,OHIO,OH,39,"CATTLE, COWS, MILK - INVENTORY, AVG, MEASURED IN HEAD",HEAD,"264,000"
2017,MONTHLY,NOV,OHIO,OH,39,"CATTLE, COWS, MILK - INVENTORY, AVG, MEASURED IN HEAD",HEAD,"264,000"
2017,MONTHLY,OCT,OHIO,OH,39,"CATTLE, COWS, MILK - INVENTORY, AVG, MEASURED IN HEAD",HEAD,"264,000"
2017,MONTHLY,OCT THRU DEC,OHIO,OH,39,"CATTLE, COWS, MILK - INVENTORY, AVG, MEASURED IN HEAD",HEAD,"264,000"
2017,MONTHLY,SEP,OHIO,OH,39,"CATTLE, COWS, MILK - INVENTORY, AVG, MEASURED IN HEAD",HEAD,"264,000"
2017,MONTHLY,APR THRU JUN,OKLAHOMA,OK,40,"CATTLE, COWS, MILK - INVENTORY, AVG, MEASURED IN HEAD",HEAD,"39,000"
2017,MONTHLY,JAN THRU MAR,OKLAHOMA,OK,40,"CATTLE, COWS, MILK - INVENTORY, AVG, MEASURED IN HEAD",HEAD,"38,000"
2017,MONTHLY,JUL THRU SEP,OKLAHOMA,OK,40,"CATTLE, COWS, MILK - INVENTORY, AVG, MEASURED IN HEAD",HEAD,"40,000"
2017,MONTHLY,OCT THRU DEC,OKLAHOMA,OK,40,"CATTLE, COWS, MILK - INVENTORY, AVG, MEASURED IN HEAD",HEAD,"41,000"
2017,MONTHLY,APR,OREGON,OR,41,"CATTLE, COWS, MILK - INVENTORY, AVG, MEASURED IN HEAD",HEAD,"124,000"
2017,MONTHLY,APR THRU JUN,OREGON,OR,41,"CATTLE, COWS, MILK - INVENTORY, AVG, MEASURED IN HEAD",HEAD,"124,000"
2017,MONTHLY,AUG,OREGON,OR,41,"CATTLE, COWS, MILK - INVENTORY, AVG, MEASURED IN HEAD",HEAD,"123,000"
2017,MONTHLY,DEC,OREGON,OR,41,"CATTLE, COWS, MILK - INVENTORY, AVG, MEASURED IN HEAD",HEAD,"124,000"
2017,MONTHLY,FEB,OREGON,OR,41,"CATTLE, COWS, MILK - INVENTORY, AVG, MEASURED IN HEAD",HEAD,"124,000"
2017,MONTHLY,JAN,OREGON,OR,41,"CATTLE, COWS, MILK - INVENTORY, AVG, MEASURED IN HEAD",HEAD,"124,000"
2017,MONTHLY,JAN THRU MAR,OREGON,OR,41,"CATTLE, COWS, MILK - INVENTORY, AVG, MEASURED IN HEAD",HEAD,"124,000"
2017,MONTHLY,JUL,OREGON,OR,41,"CATTLE, COWS, MILK - INVENTORY, AVG, MEASURED IN HEAD",HEAD,"124,000"
2017,MONTHLY,JUL THRU SEP,OREGON,OR,41,"CATTLE, COWS, MILK - INVENTORY, AVG, MEASURED IN HEAD",HEAD,"123,000"
2017,MONTHLY,JUN,OREGON,OR,41,"CATTLE, COWS, MILK - INVENTORY, AVG, MEASURED IN HEAD",HEAD,"124,000"
2017,MONTHLY,MAR,OREGON,OR,41,"CATTLE, COWS, MILK - INVENTORY, AVG, MEASURED IN HEAD",HEAD,"124,000"
2017,MONTHLY,MAY,OREGON,OR,41,"CATTLE, COWS, MILK - INVENTORY, AVG, MEASURED IN HEAD",HEAD,"124,000"
2017,MONTHLY,NOV,OREGON,OR,41,"CATTLE, COWS, MILK - INVENTORY, AVG, MEASURED IN HEAD",HEAD,"124,000"
2017,MONTHLY,OCT,OREGON,OR,41,"CATTLE, COWS, MILK - INVENTORY, AVG, MEASURED IN HEAD",HEAD,"123,000"
2017,MONTHLY,OCT THRU DEC,OREGON,OR,41,"CATTLE, COWS, MILK - INVENTORY, AVG, MEASURED IN HEAD",HEAD,"124,000"
2017,MONTHLY,SEP,OREGON,OR,41,"CATTLE, COWS, MILK - INVENTORY, AVG, MEASURED IN HEAD",HEAD,"123,000"
2017,MONTHLY,APR,PENNSYLVANIA,PA,42,"CATTLE, COWS, MILK - INVENTORY, AVG, MEASURED IN HEAD",HEAD,"525,000"
2017,MONTHLY,APR THRU JUN,PENNSYLVANIA,PA,42,"CATTLE, COWS, MILK - INVENTORY, AVG, MEASURED IN HEAD",HEAD,"525,000"
2017,MONTHLY,AUG,PENNSYLVANIA,PA,42,"CATTLE, COWS, MILK - INVENTORY, AVG, MEASURED IN HEAD",HEAD,"525,000"
2017,MONTHLY,DEC,PENNSYLVANIA,PA,42,"CATTLE, COWS, MILK - INVENTORY, AVG, MEASURED IN HEAD",HEAD,"525,000"
2017,MONTHLY,FEB,PENNSYLVANIA,PA,42,"CATTLE, COWS, MILK - INVENTORY, AVG, MEASURED IN HEAD",HEAD,"525,000"
2017,MONTHLY,JAN,PENNSYLVANIA,PA,42,"CATTLE, COWS, MILK - INVENTORY, AVG, MEASURED IN HEAD",HEAD,"525,000"
2017,MONTHLY,JAN THRU MAR,PENNSYLVANIA,PA,42,"CATTLE, COWS, MILK - INVENTORY, AVG, MEASURED IN HEAD",HEAD,"525,000"
2017,MONTHLY,JUL,PENNSYLVANIA,PA,42,"CATTLE, COWS, MILK - INVENTORY, AVG, MEASURED IN HEAD",HEAD,"525,000"
2017,MONTHLY,JUL THRU SEP,PENNSYLVANIA,PA,42,"CATTLE, COWS, MILK - INVENTORY, AVG, MEASURED IN HEAD",HEAD,"525,000"
2017,MONTHLY,JUN,PENNSYLVANIA,PA,42,"CATTLE, COWS, MILK - INVENTORY, AVG, MEASURED IN HEAD",HEAD,"525,000"
2017,MONTHLY,MAR,PENNSYLVANIA,PA,42,"CATTLE, COWS, MILK - INVENTORY, AVG, MEASURED IN HEAD",HEAD,"525,000"
2017,MONTHLY,MAY,PENNSYLVANIA,PA,42,"CATTLE, COWS, MILK - INVENTORY, AVG, MEASURED IN HEAD",HEAD,"525,000"
2017,MONTHLY,NOV,PENNSYLVANIA,PA,42,"CATTLE, COWS, MILK - INVENTORY, AVG, MEASURED IN HEAD",HEAD,"525,000"
2017,MONTHLY,OCT,PENNSYLVANIA,PA,42,"CATTLE, COWS, MILK - INVENTORY, AVG, MEASURED IN HEAD",HEAD,"525,000"
2017,MONTHLY,OCT THRU DEC,PENNSYLVANIA,PA,42,"CATTLE, COWS, MILK - INVENTORY, AVG, MEASURED IN HEAD",HEAD,"525,000"
2017,MONTHLY,SEP,PENNSYLVANIA,PA,42,"CATTLE, COWS, MILK - INVENTORY, AVG, MEASURED IN HEAD",HEAD,"525,000"
2017,MONTHLY,APR THRU JUN,RHODE ISLAND,RI,44,"CATTLE, COWS, MILK - INVENTORY, AVG, MEASURED IN HEAD",HEAD,800
2017,MONTHLY,JAN THRU MAR,RHODE ISLAND,RI,44,"CATTLE, COWS, MILK - INVENTORY, AVG, MEASURED IN HEAD",HEAD,800
2017,MONTHLY,JUL THRU SEP,RHODE ISLAND,RI,44,"CATTLE, COWS, MILK - INVENTORY, AVG, MEASURED IN HEAD",HEAD,800
2017,MONTHLY,OCT THRU DEC,RHODE ISLAND,RI,44,"CATTLE, COWS, MILK - INVENTORY, AVG, MEASURED IN HEAD",HEAD,800
2017,MONTHLY,APR THRU JUN,SOUTH CAROLINA,SC,45,"CATTLE, COWS, MILK - INVENTORY, AVG, MEASURED IN HEAD",HEAD,"15,000"
2017,MONTHLY,JAN THRU MAR,SOUTH CAROLINA,SC,45,"CATTLE, COWS, MILK - INVENTORY, AVG, MEASURED IN HEAD",HEAD,"15,000"
2017,MONTHLY,JUL THRU SEP,SOUTH CAROLINA,SC,45,"CATTLE, COWS, MILK - INVENTORY, AVG, MEASURED IN HEAD",HEAD,"14,500"
2017,MONTHLY,OCT THRU DEC,SOUTH CAROLINA,SC,45,"CATTLE, COWS, MILK - INVENTORY, AVG, MEASURED IN HEAD",HEAD,"15,000"
2017,MONTHLY,APR,SOUTH DAKOTA,SD,46,"CATTLE, COWS, MILK - INVENTORY, AVG, MEASURED IN HEAD",HEAD,"117,000"
2017,MONTHLY,APR THRU JUN,SOUTH DAKOTA,SD,46,"CATTLE, COWS, MILK - INVENTORY, AVG, MEASURED IN HEAD",HEAD,"117,000"
2017,MONTHLY,AUG,SOUTH DAKOTA,SD,46,"CATTLE, COWS, MILK - INVENTORY, AVG, MEASURED IN HEAD",HEAD,"118,000"
2017,MONTHLY,DEC,SOUTH DAKOTA,SD,46,"CATTLE, COWS, MILK - INVENTORY, AVG, MEASURED IN HEAD",HEAD,"118,000"
2017,MONTHLY,FEB,SOUTH DAKOTA,SD,46,"CATTLE, COWS, MILK - INVENTORY, AVG, MEASURED IN HEAD",HEAD,"117,000"
2017,MONTHLY,JAN,SOUTH DAKOTA,SD,46,"CATTLE, COWS, MILK - INVENTORY, AVG, MEASURED IN HEAD",HEAD,"117,000"
2017,MONTHLY,JAN THRU MAR,SOUTH DAKOTA,SD,46,"CATTLE, COWS, MILK - INVENTORY, AVG, MEASURED IN HEAD",HEAD,"117,000"
2017,MONTHLY,JUL,SOUTH DAKOTA,SD,46,"CATTLE, COWS, MILK - INVENTORY, AVG, MEASURED IN HEAD",HEAD,"118,000"
2017,MONTHLY,JUL THRU SEP,SOUTH DAKOTA,SD,46,"CATTLE, COWS, MILK - INVENTORY, AVG, MEASURED IN HEAD",HEAD,"118,000"
2017,MONTHLY,JUN,SOUTH DAKOTA,SD,46,"CATTLE, COWS, MILK - INVENTORY, AVG, MEASURED IN HEAD",HEAD,"118,000"
2017,MONTHLY,MAR,SOUTH DAKOTA,SD,46,"CATTLE, COWS, MILK - INVENTORY, AVG, MEASURED IN HEAD",HEAD,"117,000"
2017,MONTHLY,MAY,SOUTH DAKOTA,SD,46,"CATTLE, COWS, MILK - INVENTORY, AVG, MEASURED IN HEAD",HEAD,"117,000"
2017,MONTHLY,NOV,SOUTH DAKOTA,SD,46,"CATTLE, COWS, MILK - INVENTORY, AVG, MEASURED IN HEAD",HEAD,"117,000"
2017,MONTHLY,OCT,SOUTH DAKOTA,SD,46,"CATTLE, COWS, MILK - INVENTORY, AVG, MEASURED IN HEAD",HEAD,"117,000"
2017,MONTHLY,OCT THRU DEC,SOUTH DAKOTA,SD,46,"CATTLE, COWS, MILK - INVENTORY, AVG, MEASURED IN HEAD",HEAD,"117,000"
2017,MONTHLY,SEP,SOUTH DAKOTA,SD,46,"CATTLE, COWS, MILK - INVENTORY, AVG, MEASURED IN HEAD",HEAD,"118,000"
2017,MONTHLY,APR THRU JUN,TENNESSEE,TN,47,"CATTLE, COWS, MILK - INVENTORY, AVG, MEASURED IN HEAD",HEAD,"40,000"
2017,MONTHLY,JAN THRU MAR,TENNESSEE,TN,47,"CATTLE, COWS, MILK - INVENTORY, AVG, MEASURED IN HEAD",HEAD,"41,000"
2017,MONTHLY,JUL THRU SEP,TENNESSEE,TN,47,"CATTLE, COWS, MILK - INVENTORY, AVG, MEASURED IN HEAD",HEAD,"39,000"
2017,MONTHLY,OCT THRU DEC,TENNESSEE,TN,47,"CATTLE, COWS, MILK - INVENTORY, AVG, MEASURED IN HEAD",HEAD,"40,000"
2017,MONTHLY,APR,TEXAS,TX,48,"CATTLE, COWS, MILK - INVENTORY, AVG, MEASURED IN HEAD",HEAD,"510,000"
2017,MONTHLY,APR THRU JUN,TEXAS,TX,48,"CATTLE, COWS, MILK - INVENTORY, AVG, MEASURED IN HEAD",HEAD,"513,000"
2017,MONTHLY,AUG,TEXAS,TX,48,"CATTLE, COWS, MILK - INVENTORY, AVG, MEASURED IN HEAD",HEAD,"519,000"
2017,MONTHLY,DEC,TEXAS,TX,48,"CATTLE, COWS, MILK - INVENTORY, AVG, MEASURED IN HEAD",HEAD,"527,000"
2017,MONTHLY,FEB,TEXAS,TX,48,"CATTLE, COWS, MILK - INVENTORY, AVG, MEASURED IN HEAD",HEAD,"503,000"
2017,MONTHLY,JAN,TEXAS,TX,48,"CATTLE, COWS, MILK - INVENTORY, AVG, MEASURED IN HEAD",HEAD,"500,000"
2017,MONTHLY,JAN THRU MAR,TEXAS,TX,48,"CATTLE, COWS, MILK - INVENTORY, AVG, MEASURED IN HEAD",HEAD,"503,000"
2017,MONTHLY,JUL,TEXAS,TX,48,"CATTLE, COWS, MILK - INVENTORY, AVG, MEASURED IN HEAD",HEAD,"515,000"
2017,MONTHLY,JUL THRU SEP,TEXAS,TX,48,"CATTLE, COWS, MILK - INVENTORY, AVG, MEASURED IN HEAD",HEAD,"519,000"
2017,MONTHLY,JUN,TEXAS,TX,48,"CATTLE, COWS, MILK - INVENTORY, AVG, MEASURED IN HEAD",HEAD,"515,000"
2017,MONTHLY,MAR,TEXAS,TX,48,"CATTLE, COWS, MILK - INVENTORY, AVG, MEASURED IN HEAD",HEAD,"507,000"
2017,MONTHLY,MAY,TEXAS,TX,48,"CATTLE, COWS, MILK - INVENTORY, AVG, MEASURED IN HEAD",HEAD,"513,000"
2017,MONTHLY,NOV,TEXAS,TX,48,"CATTLE, COWS, MILK - INVENTORY, AVG, MEASURED IN HEAD",HEAD,"526,000"
2017,MONTHLY,OCT,TEXAS,TX,48,"CATTLE, COWS, MILK - INVENTORY, AVG, MEASURED IN HEAD",HEAD,"523,000"
2017,MONTHLY,OCT THRU DEC,TEXAS,TX,48,"CATTLE, COWS, MILK - INVENTORY, AVG, MEASURED IN HEAD",HEAD,"525,000"
2017,MONTHLY,SEP,TEXAS,TX,48,"CATTLE, COWS, MILK - INVENTORY, AVG, MEASURED IN HEAD",HEAD,"522,000"
2017,MONTHLY,APR,US TOTAL,US,99,"CATTLE, COWS, MILK - INVENTORY, AVG, MEASURED IN HEAD",HEAD,"9,400,000"
2017,MONTHLY,APR THRU JUN,US TOTAL,US,99,"CATTLE, COWS, MILK - INVENTORY, AVG, MEASURED IN HEAD",HEAD,"9,408,000"
2017,MONTHLY,AUG,US TOTAL,US,99,"CATTLE, COWS, MILK - INVENTORY, AVG, MEASURED IN HEAD",HEAD,"9,419,000"
2017,MONTHLY,DEC,US TOTAL,US,99,"CATTLE, COWS, MILK - INVENTORY, AVG, MEASURED IN HEAD",HEAD,"9,425,000"
2017,MONTHLY,FEB,US TOTAL,US,99,"CATTLE, COWS, MILK - INVENTORY, AVG, MEASURED IN HEAD",HEAD,"9,378,000"
2017,MONTHLY,JAN,US TOTAL,US,99,"CATTLE, COWS, MILK - INVENTORY, AVG, MEASURED IN HEAD",HEAD,"9,375,000"
2017,MONTHLY,JAN THRU MAR,US TOTAL,US,99,"CATTLE, COWS, MILK - INVENTORY, AVG, MEASURED IN HEAD",HEAD,"9,381,000"
2017,MONTHLY,JUL,US TOTAL,US,99,"CATTLE, COWS, MILK - INVENTORY, AVG, MEASURED IN HEAD",HEAD,"9,413,000"
2017,MONTHLY,JUL THRU SEP,US TOTAL,US,99,"CATTLE, COWS, MILK - INVENTORY, AVG, MEASURED IN HEAD",HEAD,"9,416,000"
2017,MONTHLY,JUN,US TOTAL,US,99,"CATTLE, COWS, MILK - INVENTORY, AVG, MEASURED IN HEAD",HEAD,"9,413,000"
2017,MONTHLY,MAR,US TOTAL,US,99,"CATTLE, COWS, MILK - INVENTORY, AVG, MEASURED IN HEAD",HEAD,"9,391,000"
2017,MONTHLY,MAY,US TOTAL,US,99,"CATTLE, COWS, MILK - INVENTORY, AVG, MEASURED IN HEAD",HEAD,"9,411,000"
2017,MONTHLY,NOV,US TOTAL,US,99,"CATTLE, COWS, MILK - INVENTORY, AVG, MEASURED IN HEAD",HEAD,"9,419,000"
2017,MONTHLY,OCT,US TOTAL,US,99,"CATTLE, COWS, MILK - INVENTORY, AVG, MEASURED IN HEAD",HEAD,"9,414,000"
2017,MONTHLY,OCT THRU DEC,US TOTAL,US,99,"CATTLE, COWS, MILK - INVENTORY, AVG, MEASURED IN HEAD",HEAD,"9,419,000"
2017,MONTHLY,SEP,US TOTAL,US,99,"CATTLE, COWS, MILK - INVENTORY, AVG, MEASURED IN HEAD",HEAD,"9,416,000"
2017,MONTHLY,APR,UTAH,UT,49,"CATTLE, COWS, MILK - INVENTORY, AVG, MEASURED IN HEAD",HEAD,"94,000"
2017,MONTHLY,APR THRU JUN,UTAH,UT,49,"CATTLE, COWS, MILK - INVENTORY, AVG, MEASURED IN HEAD",HEAD,"95,000"
2017,MONTHLY,AUG,UTAH,UT,49,"CATTLE, COWS, MILK - INVENTORY, AVG, MEASURED IN HEAD",HEAD,"97,000"
2017,MONTHLY,DEC,UTAH,UT,49,"CATTLE, COWS, MILK - INVENTORY, AVG, MEASURED IN HEAD",HEAD,"97,000"
2017,MONTHLY,FEB,UTAH,UT,49,"CATTLE, COWS, MILK - INVENTORY, AVG, MEASURED IN HEAD",HEAD,"92,000"
2017,MONTHLY,JAN,UTAH,UT,49,"CATTLE, COWS, MILK - INVENTORY, AVG, MEASURED IN HEAD",HEAD,"92,000"
2017,MONTHLY,JAN THRU MAR,UTAH,UT,49,"CATTLE, COWS, MILK - INVENTORY, AVG, MEASURED IN HEAD",HEAD,"93,000"
2017,MONTHLY,JUL,UTAH,UT,49,"CATTLE, COWS, MILK - INVENTORY, AVG, MEASURED IN HEAD",HEAD,"97,000"
2017,MONTHLY,JUL THRU SEP,UTAH,UT,49,"CATTLE, COWS, MILK - INVENTORY, AVG, MEASURED IN HEAD",HEAD,"97,000"
2017,MONTHLY,JUN,UTAH,UT,49,"CATTLE, COWS, MILK - INVENTORY, AVG, MEASURED IN HEAD",HEAD,"96,000"
2017,MONTHLY,MAR,UTAH,UT,49,"CATTLE, COWS, MILK - INVENTORY, AVG, MEASURED IN HEAD",HEAD,"94,000"
2017,MONTHLY,MAY,UTAH,UT,49,"CATTLE, COWS, MILK - INVENTORY, AVG, MEASURED IN HEAD",HEAD,"96,000"
2017,MONTHLY,NOV,UTAH,UT,49,"CATTLE, COWS, MILK - INVENTORY, AVG, MEASURED IN HEAD",HEAD,"97,000"
2017,MONTHLY,OCT,UTAH,UT,49,"CATTLE, COWS, MILK - INVENTORY, AVG, MEASURED IN HEAD",HEAD,"97,000"
2017,MONTHLY,OCT THRU DEC,UTAH,UT,49,"CATTLE, COWS, MILK - INVENTORY, AVG, MEASURED IN HEAD",HEAD,"97,000"
2017,MONTHLY,SEP,UTAH,UT,49,"CATTLE, COWS, MILK - INVENTORY, AVG, MEASURED IN HEAD",HEAD,"97,000"
2017,MONTHLY,APR,VIRGINIA,VA,51,"CATTLE, COWS, MILK - INVENTORY, AVG, MEASURED IN HEAD",HEAD,"87,000"
2017,MONTHLY,APR THRU JUN,VIRGINIA,VA,51,"CATTLE, COWS, MILK - INVENTORY, AVG, MEASURED IN HEAD",HEAD,"87,000"
2017,MONTHLY,AUG,VIRGINIA,VA,51,"CATTLE, COWS, MILK - INVENTORY, AVG, MEASURED IN HEAD",HEAD,"87,000"
2017,MONTHLY,DEC,VIRGINIA,VA,51,"CATTLE, COWS, MILK - INVENTORY, AVG, MEASURED IN HEAD",HEAD,"87,000"
2017,MONTHLY,FEB,VIRGINIA,VA,51,"CATTLE, COWS, MILK - INVENTORY, AVG, MEASURED IN HEAD",HEAD,"87,000"
2017,MONTHLY,JAN,VIRGINIA,VA,51,"CATTLE, COWS, MILK - INVENTORY, AVG, MEASURED IN HEAD",HEAD,"87,000"
2017,MONTHLY,JAN THRU MAR,VIRGINIA,VA,51,"CATTLE, COWS, MILK - INVENTORY, AVG, MEASURED IN HEAD",HEAD,"87,000"
2017,MONTHLY,JUL,VIRGINIA,VA,51,"CATTLE, COWS, MILK - INVENTORY, AVG, MEASURED IN HEAD",HEAD,"87,000"
2017,MONTHLY,JUL THRU SEP,VIRGINIA,VA,51,"CATTLE, COWS, MILK - INVENTORY, AVG, MEASURED IN HEAD",HEAD,"87,000"
2017,MONTHLY,JUN,VIRGINIA,VA,51,"CATTLE, COWS, MILK - INVENTORY, AVG, MEASURED IN HEAD",HEAD,"87,000"
2017,MONTHLY,MAR,VIRGINIA,VA,51,"CATTLE, COWS, MILK - INVENTORY, AVG, MEASURED IN HEAD",HEAD,"87,000"
2017,MONTHLY,MAY,VIRGINIA,VA,51,"CATTLE, COWS, MILK - INVENTORY, AVG, MEASURED IN HEAD",HEAD,"87,000"
2017,MONTHLY,NOV,VIRGINIA,VA,51,"CATTLE, COWS, MILK - INVENTORY, AVG, MEASURED IN HEAD",HEAD,"87,000"
2017,MONTHLY,OCT,VIRGINIA,VA,51,"CATTLE, COWS, MILK - INVENTORY, AVG, MEASURED IN HEAD",HEAD,"87,000"
2017,MONTHLY,OCT THRU DEC,VIRGINIA,VA,51,"CATTLE, COWS, MILK - INVENTORY, AVG, MEASURED IN HEAD",HEAD,"87,000"
2017,MONTHLY,SEP,VIRGINIA,VA,51,"CATTLE, COWS, MILK - INVENTORY, AVG, MEASURED IN HEAD",HEAD,"87,000"
2017,MONTHLY,APR,VERMONT,VT,50,"CATTLE, COWS, MILK - INVENTORY, AVG, MEASURED IN HEAD",HEAD,"129,000"
2017,MONTHLY,APR THRU JUN,VERMONT,VT,50,"CATTLE, COWS, MILK - INVENTORY, AVG, MEASURED IN HEAD",HEAD,"129,000"
2017,MONTHLY,AUG,VERMONT,VT,50,"CATTLE, COWS, MILK - INVENTORY, AVG, MEASURED IN HEAD",HEAD,"129,000"
2017,MONTHLY,DEC,VERMONT,VT,50,"CATTLE, COWS, MILK - INVENTORY, AVG, MEASURED IN HEAD",HEAD,"128,000"
2017,MONTHLY,FEB,VERMONT,VT,50,"CATTLE, COWS, MILK - INVENTORY, AVG, MEASURED IN HEAD",HEAD,"129,000"
2017,MONTHLY,JAN,VERMONT,VT,50,"CATTLE, COWS, MILK - INVENTORY, AVG, MEASURED IN HEAD",HEAD,"129,000"
2017,MONTHLY,JAN THRU MAR,VERMONT,VT,50,"CATTLE, COWS, MILK - INVENTORY, AVG, MEASURED IN HEAD",HEAD,"129,000"
2017,MONTHLY,JUL,VERMONT,VT,50,"CATTLE, COWS, MILK - INVENTORY, AVG, MEASURED IN HEAD",HEAD,"129,000"
2017,MONTHLY,JUL THRU SEP,VERMONT,VT,50,"CATTLE, COWS, MILK - INVENTORY, AVG, MEASURED IN HEAD",HEAD,"129,000"
2017,MONTHLY,JUN,VERMONT,VT,50,"CATTLE, COWS, MILK - INVENTORY, AVG, MEASURED IN HEAD",HEAD,"129,000"
2017,MONTHLY,MAR,VERMONT,VT,50,"CATTLE, COWS, MILK - INVENTORY, AVG, MEASURED IN HEAD",HEAD,"129,000"
2017,MONTHLY,MAY,VERMONT,VT,50,"CATTLE, COWS, MILK - INVENTORY, AVG, MEASURED IN HEAD",HEAD,"129,000"
2017,MONTHLY,NOV,VERMONT,VT,50,"CATTLE, COWS, MILK - INVENTORY, AVG, MEASURED IN HEAD",HEAD,"128,000"
2017,MONTHLY,OCT,VERMONT,VT,50,"CATTLE, COWS, MILK - INVENTORY, AVG, MEASURED IN HEAD",HEAD,"128,000"
2017,MONTHLY,OCT THRU DEC,VERMONT,VT,50,"CATTLE, COWS, MILK - INVENTORY, AVG, MEASURED IN HEAD",HEAD,"128,000"
2017,MONTHLY,SEP,VERMONT,VT,50,"CATTLE, COWS, MILK - INVENTORY, AVG, MEASURED IN HEAD",HEAD,"128,000"
2017,MONTHLY,APR,WASHINGTON,WA,53,"CATTLE, COWS, MILK - INVENTORY, AVG, MEASURED IN HEAD",HEAD,"273,000"
2017,MONTHLY,APR THRU JUN,WASHINGTON,WA,53,"CATTLE, COWS, MILK - INVENTORY, AVG, MEASURED IN HEAD",HEAD,"273,000"
2017,MONTHLY,AUG,WASHINGTON,WA,53,"CATTLE, COWS, MILK - INVENTORY, AVG, MEASURED IN HEAD",HEAD,"275,000"
2017,MONTHLY,DEC,WASHINGTON,WA,53,"CATTLE, COWS, MILK - INVENTORY, AVG, MEASURED IN HEAD",HEAD,"275,000"
2017,MONTHLY,FEB,WASHINGTON,WA,53,"CATTLE, COWS, MILK - INVENTORY, AVG, MEASURED IN HEAD",HEAD,"274,000"
2017,MONTHLY,JAN,WASHINGTON,WA,53,"CATTLE, COWS, MILK - INVENTORY, AVG, MEASURED IN HEAD",HEAD,"275,000"
2017,MONTHLY,JAN THRU MAR,WASHINGTON,WA,53,"CATTLE, COWS, MILK - INVENTORY, AVG, MEASURED IN HEAD",HEAD,"274,000"
2017,MONTHLY,JUL,WASHINGTON,WA,53,"CATTLE, COWS, MILK - INVENTORY, AVG, MEASURED IN HEAD",HEAD,"275,000"
2017,MONTHLY,JUL THRU SEP,WASHINGTON,WA,53,"CATTLE, COWS, MILK - INVENTORY, AVG, MEASURED IN HEAD",HEAD,"275,000"
2017,MONTHLY,JUN,WASHINGTON,WA,53,"CATTLE, COWS, MILK - INVENTORY, AVG, MEASURED IN HEAD",HEAD,"273,000"
2017,MONTHLY,MAR,WASHINGTON,WA,53,"CATTLE, COWS, MILK - INVENTORY, AVG, MEASURED IN HEAD",HEAD,"273,000"
2017,MONTHLY,MAY,WASHINGTON,WA,53,"CATTLE, COWS, MILK - INVENTORY, AVG, MEASURED IN HEAD",HEAD,"273,000"
2017,MONTHLY,NOV,WASHINGTON,WA,53,"CATTLE, COWS, MILK - INVENTORY, AVG, MEASURED IN HEAD",HEAD,"274,000"
2017,MONTHLY,OCT,WASHINGTON,WA,53,"CATTLE, COWS, MILK - INVENTORY, AVG, MEASURED IN HEAD",HEAD,"274,000"
2017,MONTHLY,OCT THRU DEC,WASHINGTON,WA,53,"CATTLE, COWS, MILK - INVENTORY, AVG, MEASURED IN HEAD",HEAD,"274,000"
2017,MONTHLY,SEP,WASHINGTON,WA,53,"CATTLE, COWS, MILK - INVENTORY, AVG, MEASURED IN HEAD",HEAD,"274,000"
2017,MONTHLY,APR,WISCONSIN,WI,55,"CATTLE, COWS, MILK - INVENTORY, AVG, MEASURED IN HEAD",HEAD,"1,279,000"
2017,MONTHLY,APR THRU JUN,WISCONSIN,WI,55,"CATTLE, COWS, MILK - INVENTORY, AVG, MEASURED IN HEAD",HEAD,"1,279,000"
2017,MONTHLY,AUG,WISCONSIN,WI,55,"CATTLE, COWS, MILK - INVENTORY, AVG, MEASURED IN HEAD",HEAD,"1,278,000"
2017,MONTHLY,DEC,WISCONSIN,WI,55,"CATTLE, COWS, MILK - INVENTORY, AVG, MEASURED IN HEAD",HEAD,"1,276,000"
2017,MONTHLY,FEB,WISCONSIN,WI,55,"CATTLE, COWS, MILK - INVENTORY, AVG, MEASURED IN HEAD",HEAD,"1,280,000"
2017,MONTHLY,JAN,WISCONSIN,WI,55,"CATTLE, COWS, MILK - INVENTORY, AVG, MEASURED IN HEAD",HEAD,"1,280,000"
2017,MONTHLY,JAN THRU MAR,WISCONSIN,WI,55,"CATTLE, COWS, MILK - INVENTORY, AVG, MEASURED IN HEAD",HEAD,"1,280,000"
2017,MONTHLY,JUL,WISCONSIN,WI,55,"CATTLE, COWS, MILK - INVENTORY, AVG, MEASURED IN HEAD",HEAD,"1,278,000"
2017,MONTHLY,JUL THRU SEP,WISCONSIN,WI,55,"CATTLE, COWS, MILK - INVENTORY, AVG, MEASURED IN HEAD",HEAD,"1,278,000"
2017,MONTHLY,JUN,WISCONSIN,WI,55,"CATTLE, COWS, MILK - INVENTORY, AVG, MEASURED IN HEAD",HEAD,"1,278,000"
2017,MONTHLY,MAR,WISCONSIN,WI,55,"CATTLE, COWS, MILK - INVENTORY, AVG, MEASURED IN HEAD",HEAD,"1,280,000"
2017,MONTHLY,MAY,WISCONSIN,WI,55,"CATTLE, COWS, MILK - INVENTORY, AVG, MEASURED IN HEAD",HEAD,"1,279,000"
2017,MONTHLY,NOV,WISCONSIN,WI,55,"CATTLE, COWS, MILK - INVENTORY, AVG, MEASURED IN HEAD",HEAD,"1,277,000"
2017,MONTHLY,OCT,WISCONSIN,WI,55,"CATTLE, COWS, MILK - INVENTORY, AVG, MEASURED IN HEAD",HEAD,"1,277,000"
2017,MONTHLY,OCT THRU DEC,WISCONSIN,WI,55,"CATTLE, COWS, MILK - INVENTORY, AVG, MEASURED IN HEAD",HEAD,"1,277,000"
2017,MONTHLY,SEP,WISCONSIN,WI,55,"CATTLE, COWS, MILK - INVENTORY, AVG, MEASURED IN HEAD",HEAD,"1,277,000"
2017,MONTHLY,APR THRU JUN,WEST VIRGINIA,WV,54,"CATTLE, COWS, MILK - INVENTORY, AVG, MEASURED IN HEAD",HEAD,"8,000"
2017,MONTHLY,JAN THRU MAR,WEST VIRGINIA,WV,54,"CATTLE, COWS, MILK - INVENTORY, AVG, MEASURED IN HEAD",HEAD,"8,000"
2017,MONTHLY,JUL THRU SEP,WEST VIRGINIA,WV,54,"CATTLE, COWS, MILK - INVENTORY, AVG, MEASURED IN HEAD",HEAD,"7,500"
2017,MONTHLY,OCT THRU DEC,WEST VIRGINIA,WV,54,"CATTLE, COWS, MILK - INVENTORY, AVG, MEASURED IN HEAD",HEAD,"7,000"
2017,MONTHLY,APR THRU JUN,WYOMING,WY,56,"CATTLE, COWS, MILK - INVENTORY, AVG, MEASURED IN HEAD",HEAD,"6,000"
2017,MONTHLY,JAN THRU MAR,WYOMING,WY,56,"CATTLE, COWS, MILK - INVENTORY, AVG, MEASURED IN HEAD",HEAD,"6,000"
2017,MONTHLY,JUL THRU SEP,WYOMING,WY,56,"CATTLE, COWS, MILK - INVENTORY, AVG, MEASURED IN HEAD",HEAD,"6,000"
2017,MONTHLY,OCT THRU DEC,WYOMING,WY,56,"CATTLE, COWS, MILK - INVENTORY, AVG, MEASURED IN HEAD",HEAD,"6,000"
2018,MONTHLY,APR THRU JUN,ALASKA,AK,02,"CATTLE, COWS, MILK - INVENTORY, AVG, MEASURED IN HEAD",HEAD,300
2018,MONTHLY,JAN THRU MAR,ALASKA,AK,02,"CATTLE, COWS, MILK - INVENTORY, AVG, MEASURED IN HEAD",HEAD,300
2018,MONTHLY,JUL THRU SEP,ALASKA,AK,02,"CATTLE, COWS, MILK - INVENTORY, AVG, MEASURED IN HEAD",HEAD,300
2018,MONTHLY,OCT THRU DEC,ALASKA,AK,02,"CATTLE, COWS, MILK - INVENTORY, AVG, MEASURED IN HEAD",HEAD,200
2018,MONTHLY,APR THRU JUN,ALABAMA,AL,01,"CATTLE, COWS, MILK - INVENTORY, AVG, MEASURED IN HEAD",HEAD,"5,500"
2018,MONTHLY,JAN THRU MAR,ALABAMA,AL,01,"CATTLE, COWS, MILK - INVENTORY, AVG, MEASURED IN HEAD",HEAD,"5,500"
2018,MONTHLY,JUL THRU SEP,ALABAMA,AL,01,"CATTLE, COWS, MILK - INVENTORY, AVG, MEASURED IN HEAD",HEAD,"5,500"
2018,MONTHLY,OCT THRU DEC,ALABAMA,AL,01,"CATTLE, COWS, MILK - INVENTORY, AVG, MEASURED IN HEAD",HEAD,"5,000"
2018,MONTHLY,APR THRU JUN,ARKANSAS,AR,05,"CATTLE, COWS, MILK - INVENTORY, AVG, MEASURED IN HEAD",HEAD,"6,000"
2018,MONTHLY,JAN THRU MAR,ARKANSAS,AR,05,"CATTLE, COWS, MILK - INVENTORY, AVG, MEASURED IN HEAD",HEAD,"6,000"
2018,MONTHLY,JUL THRU SEP,ARKANSAS,AR,05,"CATTLE, COWS, MILK - INVENTORY, AVG, MEASURED IN HEAD",HEAD,"5,500"
2018,MONTHLY,OCT THRU DEC,ARKANSAS,AR,05,"CATTLE, COWS, MILK - INVENTORY, AVG, MEASURED IN HEAD",HEAD,"5,000"
2018,MONTHLY,APR,ARIZONA,AZ,04,"CATTLE, COWS, MILK - INVENTORY, AVG, MEASURED IN HEAD",HEAD,"210,000"
2018,MONTHLY,APR THRU JUN,ARIZONA,AZ,04,"CATTLE, COWS, MILK - INVENTORY, AVG, MEASURED IN HEAD",HEAD,"208,000"
2018,MONTHLY,AUG,ARIZONA,AZ,04,"CATTLE, COWS, MILK - INVENTORY, AVG, MEASURED IN HEAD",HEAD,"206,000"
2018,MONTHLY,DEC,ARIZONA,AZ,04,"CATTLE, COWS, MILK - INVENTORY, AVG, MEASURED IN HEAD",HEAD,"205,000"
2018,MONTHLY,FEB,ARIZONA,AZ,04,"CATTLE, COWS, MILK - INVENTORY, AVG, MEASURED IN HEAD",HEAD,"212,000"
2018,MONTHLY,JAN,ARIZONA,AZ,04,"CATTLE, COWS, MILK - INVENTORY, AVG, MEASURED IN HEAD",HEAD,"212,000"
2018,MONTHLY,JAN THRU MAR,ARIZONA,AZ,04,"CATTLE, COWS, MILK - INVENTORY, AVG, MEASURED IN HEAD",HEAD,"212,000"
2018,MONTHLY,JUL,ARIZONA,AZ,04,"CATTLE, COWS, MILK - INVENTORY, AVG, MEASURED IN HEAD",HEAD,"206,000"
2018,MONTHLY,JUL THRU SEP,ARIZONA,AZ,04,"CATTLE, COWS, MILK - INVENTORY, AVG, MEASURED IN HEAD",HEAD,"206,000"
2018,MONTHLY,JUN,ARIZONA,AZ,04,"CATTLE, COWS, MILK - INVENTORY, AVG, MEASURED IN HEAD",HEAD,"206,000"
2018,MONTHLY,MAR,ARIZONA,AZ,04,"CATTLE, COWS, MILK - INVENTORY, AVG, MEASURED IN HEAD",HEAD,"211,000"
2018,MONTHLY,MAY,ARIZONA,AZ,04,"CATTLE, COWS, MILK - INVENTORY, AVG, MEASURED IN HEAD",HEAD,"208,000"
2018,MONTHLY,NOV,ARIZONA,AZ,04,"CATTLE, COWS, MILK - INVENTORY, AVG, MEASURED IN HEAD",HEAD,"205,000"
2018,MONTHLY,OCT,ARIZONA,AZ,04,"CATTLE, COWS, MILK - INVENTORY, AVG, MEASURED IN HEAD",HEAD,"205,000"
2018,MONTHLY,OCT THRU DEC,ARIZONA,AZ,04,"CATTLE, COWS, MILK - INVENTORY, AVG, MEASURED IN HEAD",HEAD,"205,000"
2018,MONTHLY,SEP,ARIZONA,AZ,04,"CATTLE, COWS, MILK - INVENTORY, AVG, MEASURED IN HEAD",HEAD,"206,000"
2018,MONTHLY,APR,CALIFORNIA,CA,06,"CATTLE, COWS, MILK - INVENTORY, AVG, MEASURED IN HEAD",HEAD,"1,735,000"
2018,MONTHLY,APR THRU JUN,CALIFORNIA,CA,06,"CATTLE, COWS, MILK - INVENTORY, AVG, MEASURED IN HEAD",HEAD,"1,735,000"
2018,MONTHLY,AUG,CALIFORNIA,CA,06,"CATTLE, COWS, MILK - INVENTORY, AVG, MEASURED IN HEAD",HEAD,"1,734,000"
2018,MONTHLY,DEC,CALIFORNIA,CA,06,"CATTLE, COWS, MILK - INVENTORY, AVG, MEASURED IN HEAD",HEAD,"1,730,000"
2018,MONTHLY,FEB,CALIFORNIA,CA,06,"CATTLE, COWS, MILK - INVENTORY, AVG, MEASURED IN HEAD",HEAD,"1,738,000"
2018,MONTHLY,JAN,CALIFORNIA,CA,06,"CATTLE, COWS, MILK - INVENTORY, AVG, MEASURED IN HEAD",HEAD,"1,738,000"
2018,MONTHLY,JAN THRU MAR,CALIFORNIA,CA,06,"CATTLE, COWS, MILK - INVENTORY, AVG, MEASURED IN HEAD",HEAD,"1,738,000"
2018,MONTHLY,JUL,CALIFORNIA,CA,06,"CATTLE, COWS, MILK - INVENTORY, AVG, MEASURED IN HEAD",HEAD,"1,734,000"
2018,MONTHLY,JUL THRU SEP,CALIFORNIA,CA,06,"CATTLE, COWS, MILK - INVENTORY, AVG, MEASURED IN HEAD",HEAD,"1,733,000"
2018,MONTHLY,JUN,CALIFORNIA,CA,06,"CATTLE, COWS, MILK - INVENTORY, AVG, MEASURED IN HEAD",HEAD,"1,735,000"
2018,MONTHLY,MAR,CALIFORNIA,CA,06,"CATTLE, COWS, MILK - INVENTORY, AVG, MEASURED IN HEAD",HEAD,"1,737,000"
2018,MONTHLY,MAY,CALIFORNIA,CA,06,"CATTLE, COWS, MILK - INVENTORY, AVG, MEASURED IN HEAD",HEAD,"1,735,000"
2018,MONTHLY,NOV,CALIFORNIA,CA,06,"CATTLE, COWS, MILK - INVENTORY, AVG, MEASURED IN HEAD",HEAD,"1,731,000"
2018,MONTHLY,OCT,CALIFORNIA,CA,06,"CATTLE, COWS, MILK - INVENTORY, AVG, MEASURED IN HEAD",HEAD,"1,732,000"
2018,MONTHLY,OCT THRU DEC,CALIFORNIA,CA,06,"CATTLE, COWS, MILK - INVENTORY, AVG, MEASURED IN HEAD",HEAD,"1,731,000"
2018,MONTHLY,SEP,CALIFORNIA,CA,06,"CATTLE, COWS, MILK - INVENTORY, AVG, MEASURED IN HEAD",HEAD,"1,732,000"
2018,MONTHLY,APR,COLORADO,CO,08,"CATTLE, COWS, MILK - INVENTORY, AVG, MEASURED IN HEAD",HEAD,"175,000"
2018,MONTHLY,APR THRU JUN,COLORADO,CO,08,"CATTLE, COWS, MILK - INVENTORY, AVG, MEASURED IN HEAD",HEAD,"176,000"
2018,MONTHLY,AUG,COLORADO,CO,08,"CATTLE, COWS, MILK - INVENTORY, AVG, MEASURED IN HEAD",HEAD,"178,000"
2018,MONTHLY,DEC,COLORADO,CO,08,"CATTLE, COWS, MILK - INVENTORY, AVG, MEASURED IN HEAD",HEAD,"178,000"
2018,MONTHLY,FEB,COLORADO,CO,08,"CATTLE, COWS, MILK - INVENTORY, AVG, MEASURED IN HEAD",HEAD,"170,000"
2018,MONTHLY,JAN,COLORADO,CO,08,"CATTLE, COWS, MILK - INVENTORY, AVG, MEASURED IN HEAD",HEAD,"170,000"
2018,MONTHLY,JAN THRU MAR,COLORADO,CO,08,"CATTLE, COWS, MILK - INVENTORY, AVG, MEASURED IN HEAD",HEAD,"171,000"
2018,MONTHLY,JUL,COLORADO,CO,08,"CATTLE, COWS, MILK - INVENTORY, AVG, MEASURED IN HEAD",HEAD,"177,000"
2018,MONTHLY,JUL THRU SEP,COLORADO,CO,08,"CATTLE, COWS, MILK - INVENTORY, AVG, MEASURED IN HEAD",HEAD,"178,000"
2018,MONTHLY,JUN,COLORADO,CO,08,"CATTLE, COWS, MILK - INVENTORY, AVG, MEASURED IN HEAD",HEAD,"177,000"
2018,MONTHLY,MAR,COLORADO,CO,08,"CATTLE, COWS, MILK - INVENTORY, AVG, MEASURED IN HEAD",HEAD,"173,000"
2018,MONTHLY,MAY,COLORADO,CO,08,"CATTLE, COWS, MILK - INVENTORY, AVG, MEASURED IN HEAD",HEAD,"177,000"
2018,MONTHLY,NOV,COLORADO,CO,08,"CATTLE, COWS, MILK - INVENTORY, AVG, MEASURED IN HEAD",HEAD,"178,000"
2018,MONTHLY,OCT,COLORADO,CO,08,"CATTLE, COWS, MILK - INVENTORY, AVG, MEASURED IN HEAD",HEAD,"178,000"
2018,MONTHLY,OCT THRU DEC,COLORADO,CO,08,"CATTLE, COWS, MILK - INVENTORY, AVG, MEASURED IN HEAD",HEAD,"178,000"
2018,MONTHLY,SEP,COLORADO,CO,08,"CATTLE, COWS, MILK - INVENTORY, AVG, MEASURED IN HEAD",HEAD,"178,000"
2018,MONTHLY,APR THRU JUN,CONNECTICUT,CT,09,"CATTLE, COWS, MILK - INVENTORY, AVG, MEASURED IN HEAD",HEAD,"19,500"
2018,MONTHLY,JAN THRU MAR,CONNECTICUT,CT,09,"CATTLE, COWS, MILK - INVENTORY, AVG, MEASURED IN HEAD",HEAD,"19,000"
2018,MONTHLY,JUL THRU SEP,CONNECTICUT,CT,09,"CATTLE, COWS, MILK - INVENTORY, AVG, MEASURED IN HEAD",HEAD,"19,500"
2018,MONTHLY,OCT THRU DEC,CONNECTICUT,CT,09,"CATTLE, COWS, MILK - INVENTORY, AVG, MEASURED IN HEAD",HEAD,"19,500"
2018,MONTHLY,APR THRU JUN,DELAWARE,DE,10,"CATTLE, COWS, MILK - INVENTORY, AVG, MEASURED IN HEAD",HEAD,"4,900"
2018,MONTHLY,JAN THRU MAR,DELAWARE,DE,10,"CATTLE, COWS, MILK - INVENTORY, AVG, MEASURED IN HEAD",HEAD,"5,000"
2018,MONTHLY,JUL THRU SEP,DELAWARE,DE,10,"CATTLE, COWS, MILK - INVENTORY, AVG, MEASURED IN HEAD",HEAD,"4,900"
2018,MONTHLY,OCT THRU DEC,DELAWARE,DE,10,"CATTLE, COWS, MILK - INVENTORY, AVG, MEASURED IN HEAD",HEAD,"4,500"
2018,MONTHLY,APR,FLORIDA,FL,12,"CATTLE, COWS, MILK - INVENTORY, AVG, MEASURED IN HEAD",HEAD,"122,000"
2018,MONTHLY,APR THRU JUN,FLORIDA,FL,12,"CATTLE, COWS, MILK - INVENTORY, AVG, MEASURED IN HEAD",HEAD,"121,000"
2018,MONTHLY,AUG,FLORIDA,FL,12,"CATTLE, COWS, MILK - INVENTORY, AVG, MEASURED IN HEAD",HEAD,"119,000"
2018,MONTHLY,DEC,FLORIDA,FL,12,"CATTLE, COWS, MILK - INVENTORY, AVG, MEASURED IN HEAD",HEAD,"116,000"
2018,MONTHLY,FEB,FLORIDA,FL,12,"CATTLE, COWS, MILK - INVENTORY, AVG, MEASURED IN HEAD",HEAD,"124,000"
2018,MONTHLY,JAN,FLORIDA,FL,12,"CATTLE, COWS, MILK - INVENTORY, AVG, MEASURED IN HEAD",HEAD,"124,000"
2018,MONTHLY,JAN THRU MAR,FLORIDA,FL,12,"CATTLE, COWS, MILK - INVENTORY, AVG, MEASURED IN HEAD",HEAD,"124,000"
2018,MONTHLY,JUL,FLORIDA,FL,12,"CATTLE, COWS, MILK - INVENTORY, AVG, MEASURED IN HEAD",HEAD,"119,000"
2018,MONTHLY,JUL THRU SEP,FLORIDA,FL,12,"CATTLE, COWS, MILK - INVENTORY, AVG, MEASURED IN HEAD",HEAD,"119,000"
2018,MONTHLY,JUN,FLORIDA,FL,12,"CATTLE, COWS, MILK - INVENTORY, AVG, MEASURED IN HEAD",HEAD,"120,000"
2018,MONTHLY,MAR,FLORIDA,FL,12,"CATTLE, COWS, MILK - INVENTORY, AVG, MEASURED IN HEAD",HEAD,"123,000"
2018,MONTHLY,MAY,FLORIDA,FL,12,"CATTLE, COWS, MILK - INVENTORY, AVG, MEASURED IN HEAD",HEAD,"122,000"
2018,MONTHLY,NOV,FLORIDA,FL,12,"CATTLE, COWS, MILK - INVENTORY, AVG, MEASURED IN HEAD",HEAD,"118,000"
2018,MONTHLY,OCT,FLORIDA,FL,12,"CATTLE, COWS, MILK - INVENTORY, AVG, MEASURED IN HEAD",HEAD,"118,000"
2018,MONTHLY,OCT THRU DEC,FLORIDA,FL,12,"CATTLE, COWS, MILK - INVENTORY, AVG, MEASURED IN HEAD",HEAD,"117,000"
2018,MONTHLY,SEP,FLORIDA,FL,12,"CATTLE, COWS, MILK - INVENTORY, AVG, MEASURED IN HEAD",HEAD,"118,000"
2018,MONTHLY,APR,GEORGIA,GA,13,"CATTLE, COWS, MILK - INVENTORY, AVG, MEASURED IN HEAD",HEAD,"84,000"
2018,MONTHLY,APR THRU JUN,GEORGIA,GA,13,"CATTLE, COWS, MILK - INVENTORY, AVG, MEASURED IN HEAD",HEAD,"83,000"
2018,MONTHLY,AUG,GEORGIA,GA,13,"CATTLE, COWS, MILK - INVENTORY, AVG, MEASURED IN HEAD",HEAD,"81,000"
2018,MONTHLY,DEC,GEORGIA,GA,13,"CATTLE, COWS, MILK - INVENTORY, AVG, MEASURED IN HEAD",HEAD,"81,000"
2018,MONTHLY,FEB,GEORGIA,GA,13,"CATTLE, COWS, MILK - INVENTORY, AVG, MEASURED IN HEAD",HEAD,"85,000"
2018,MONTHLY,JAN,GEORGIA,GA,13,"CATTLE, COWS, MILK - INVENTORY, AVG, MEASURED IN HEAD",HEAD,"85,000"
2018,MONTHLY,JAN THRU MAR,GEORGIA,GA,13,"CATTLE, COWS, MILK - INVENTORY, AVG, MEASURED IN HEAD",HEAD,"85,000"
2018,MONTHLY,JUL,GEORGIA,GA,13,"CATTLE, COWS, MILK - INVENTORY, AVG, MEASURED IN HEAD",HEAD,"82,000"
2018,MONTHLY,JUL THRU SEP,GEORGIA,GA,13,"CATTLE, COWS, MILK - INVENTORY, AVG, MEASURED IN HEAD",HEAD,"81,000"
2018,MONTHLY,JUN,GEORGIA,GA,13,"CATTLE, COWS, MILK - INVENTORY, AVG, MEASURED IN HEAD",HEAD,"82,000"
2018,MONTHLY,MAR,GEORGIA,GA,13,"CATTLE, COWS, MILK - INVENTORY, AVG, MEASURED IN HEAD",HEAD,"85,000"
2018,MONTHLY,MAY,GEORGIA,GA,13,"CATTLE, COWS, MILK - INVENTORY, AVG, MEASURED IN HEAD",HEAD,"83,000"
2018,MONTHLY,NOV,GEORGIA,GA,13,"CATTLE, COWS, MILK - INVENTORY, AVG, MEASURED IN HEAD",HEAD,"81,000"
2018,MONTHLY,OCT,GEORGIA,GA,13,"CATTLE, COWS, MILK - INVENTORY, AVG, MEASURED IN HEAD",HEAD,"81,000"
2018,MONTHLY,OCT THRU DEC,GEORGIA,GA,13,"CATTLE, COWS, MILK - INVENTORY, AVG, MEASURED IN HEAD",HEAD,"81,000"
2018,MONTHLY,SEP,GEORGIA,GA,13,"CATTLE, COWS, MILK - INVENTORY, AVG, MEASURED IN HEAD",HEAD,"81,000"
2018,MONTHLY,APR THRU JUN,HAWAII,HI,15,"CATTLE, COWS, MILK - INVENTORY, AVG, MEASURED IN HEAD",HEAD,"2,200"
2018,MONTHLY,JAN THRU MAR,HAWAII,HI,15,"CATTLE, COWS, MILK - INVENTORY, AVG, MEASURED IN HEAD",HEAD,"2,100"
2018,MONTHLY,JUL THRU SEP,HAWAII,HI,15,"CATTLE, COWS, MILK - INVENTORY, AVG, MEASURED IN HEAD",HEAD,"2,000"
2018,MONTHLY,OCT THRU DEC,HAWAII,HI,15,"CATTLE, COWS, MILK - INVENTORY, AVG, MEASURED IN HEAD",HEAD,"1,700"
2018,MONTHLY,APR,IOWA,IA,19,"CATTLE, COWS, MILK - INVENTORY, AVG, MEASURED IN HEAD",HEAD,"220,000"
2018,MONTHLY,APR THRU JUN,IOWA,IA,19,"CATTLE, COWS, MILK - INVENTORY, AVG, MEASURED IN HEAD",HEAD,"220,000"
2018,MONTHLY,AUG,IOWA,IA,19,"CATTLE, COWS, MILK - INVENTORY, AVG, MEASURED IN HEAD",HEAD,"220,000"
2018,MONTHLY,DEC,IOWA,IA,19,"CATTLE, COWS, MILK - INVENTORY, AVG, MEASURED IN HEAD",HEAD,"220,000"
2018,MONTHLY,FEB,IOWA,IA,19,"CATTLE, COWS, MILK - INVENTORY, AVG, MEASURED IN HEAD",HEAD,"220,000"
2018,MONTHLY,JAN,IOWA,IA,19,"CATTLE, COWS, MILK - INVENTORY, AVG, MEASURED IN HEAD",HEAD,"220,000"
2018,MONTHLY,JAN THRU MAR,IOWA,IA,19,"CATTLE, COWS, MILK - INVENTORY, AVG, MEASURED IN HEAD",HEAD,"220,000"
2018,MONTHLY,JUL,IOWA,IA,19,"CATTLE, COWS, MILK - INVENTORY, AVG, MEASURED IN HEAD",HEAD,"220,000"
2018,MONTHLY,JUL THRU SEP,IOWA,IA,19,"CATTLE, COWS, MILK - INVENTORY, AVG, MEASURED IN HEAD",HEAD,"220,000"
2018,MONTHLY,JUN,IOWA,IA,19,"CATTLE, COWS, MILK - INVENTORY, AVG, MEASURED IN HEAD",HEAD,"220,000"
2018,MONTHLY,MAR,IOWA,IA,19,"CATTLE, COWS, MILK - INVENTORY, AVG, MEASURED IN HEAD",HEAD,"220,000"
2018,MONTHLY,MAY,IOWA,IA,19,"CATTLE, COWS, MILK - INVENTORY, AVG, MEASURED IN HEAD",HEAD,"220,000"
2018,MONTHLY,NOV,IOWA,IA,19,"CATTLE, COWS, MILK - INVENTORY, AVG, MEASURED IN HEAD",HEAD,"220,000"
2018,MONTHLY,OCT,IOWA,IA,19,"CATTLE, COWS, MILK - INVENTORY, AVG, MEASURED IN HEAD",HEAD,"220,000"
2018,MONTHLY,OCT THRU DEC,IOWA,IA,19,"CATTLE, COWS, MILK - INVENTORY, AVG, MEASURED IN HEAD",HEAD,"220,000"
2018,MONTHLY,SEP,IOWA,IA,19,"CATTLE, COWS, MILK - INVENTORY, AVG, MEASURED IN HEAD",HEAD,"220,000"
2018,MONTHLY,APR,IDAHO,ID,16,"CATTLE, COWS, MILK - INVENTORY, AVG, MEASURED IN HEAD",HEAD,"608,000"
2018,MONTHLY,APR THRU JUN,IDAHO,ID,16,"CATTLE, COWS, MILK - INVENTORY, AVG, MEASURED IN HEAD",HEAD,"609,000"
2018,MONTHLY,AUG,IDAHO,ID,16,"CATTLE, COWS, MILK - INVENTORY, AVG, MEASURED IN HEAD",HEAD,"610,000"
2018,MONTHLY,DEC,IDAHO,ID,16,"CATTLE, COWS, MILK - INVENTORY, AVG, MEASURED IN HEAD",HEAD,"614,000"
2018,MONTHLY,FEB,IDAHO,ID,16,"CATTLE, COWS, MILK - INVENTORY, AVG, MEASURED IN HEAD",HEAD,"607,000"
2018,MONTHLY,JAN,IDAHO,ID,16,"CATTLE, COWS, MILK - INVENTORY, AVG, MEASURED IN HEAD",HEAD,"605,000"
2018,MONTHLY,JAN THRU MAR,IDAHO,ID,16,"CATTLE, COWS, MILK - INVENTORY, AVG, MEASURED IN HEAD",HEAD,"607,000"
2018,MONTHLY,JUL,IDAHO,ID,16,"CATTLE, COWS, MILK - INVENTORY, AVG, MEASURED IN HEAD",HEAD,"610,000"
2018,MONTHLY,JUL THRU SEP,IDAHO,ID,16,"CATTLE, COWS, MILK - INVENTORY, AVG, MEASURED IN HEAD",HEAD,"610,000"
2018,MONTHLY,JUN,IDAHO,ID,16,"CATTLE, COWS, MILK - INVENTORY, AVG, MEASURED IN HEAD",HEAD,"610,000"
2018,MONTHLY,MAR,IDAHO,ID,16,"CATTLE, COWS, MILK - INVENTORY, AVG, MEASURED IN HEAD",HEAD,"608,000"
2018,MONTHLY,MAY,IDAHO,ID,16,"CATTLE, COWS, MILK - INVENTORY, AVG, MEASURED IN HEAD",HEAD,"610,000"
2018,MONTHLY,NOV,IDAHO,ID,16,"CATTLE, COWS, MILK - INVENTORY, AVG, MEASURED IN HEAD",HEAD,"612,000"
2018,MONTHLY,OCT,IDAHO,ID,16,"CATTLE, COWS, MILK - INVENTORY, AVG, MEASURED IN HEAD",HEAD,"610,000"
2018,MONTHLY,OCT THRU DEC,IDAHO,ID,16,"CATTLE, COWS, MILK - INVENTORY, AVG, MEASURED IN HEAD",HEAD,"612,000"
2018,MONTHLY,SEP,IDAHO,ID,16,"CATTLE, COWS, MILK - INVENTORY, AVG, MEASURED IN HEAD",HEAD,"610,000"
2018,MONTHLY,APR,ILLINOIS,IL,17,"CATTLE, COWS, MILK - INVENTORY, AVG, MEASURED IN HEAD",HEAD,"93,000"
2018,MONTHLY,APR THRU JUN,ILLINOIS,IL,17,"CATTLE, COWS, MILK - INVENTORY, AVG, MEASURED IN HEAD",HEAD,"93,000"
2018,MONTHLY,AUG,ILLINOIS,IL,17,"CATTLE, COWS, MILK - INVENTORY, AVG, MEASURED IN HEAD",HEAD,"90,000"
2018,MONTHLY,DEC,ILLINOIS,IL,17,"CATTLE, COWS, MILK - INVENTORY, AVG, MEASURED IN HEAD",HEAD,"85,000"
2018,MONTHLY,FEB,ILLINOIS,IL,17,"CATTLE, COWS, MILK - INVENTORY, AVG, MEASURED IN HEAD",HEAD,"93,000"
2018,MONTHLY,JAN,ILLINOIS,IL,17,"CATTLE, COWS, MILK - INVENTORY, AVG, MEASURED IN HEAD",HEAD,"93,000"
2018,MONTHLY,JAN THRU MAR,ILLINOIS,IL,17,"CATTLE, COWS, MILK - INVENTORY, AVG, MEASURED IN HEAD",HEAD,"93,000"
2018,MONTHLY,JUL,ILLINOIS,IL,17,"CATTLE, COWS, MILK - INVENTORY, AVG, MEASURED IN HEAD",HEAD,"92,000"
2018,MONTHLY,JUL THRU SEP,ILLINOIS,IL,17,"CATTLE, COWS, MILK - INVENTORY, AVG, MEASURED IN HEAD",HEAD,"91,000"
2018,MONTHLY,JUN,ILLINOIS,IL,17,"CATTLE, COWS, MILK - INVENTORY, AVG, MEASURED IN HEAD",HEAD,"93,000"
2018,MONTHLY,MAR,ILLINOIS,IL,17,"CATTLE, COWS, MILK - INVENTORY, AVG, MEASURED IN HEAD",HEAD,"93,000"
2018,MONTHLY,MAY,ILLINOIS,IL,17,"CATTLE, COWS, MILK - INVENTORY, AVG, MEASURED IN HEAD",HEAD,"93,000"
2018,MONTHLY,NOV,ILLINOIS,IL,17,"CATTLE, COWS, MILK - INVENTORY, AVG, MEASURED IN HEAD",HEAD,"85,000"
2018,MONTHLY,OCT,ILLINOIS,IL,17,"CATTLE, COWS, MILK - INVENTORY, AVG, MEASURED IN HEAD",HEAD,"87,000"
2018,MONTHLY,OCT THRU DEC,ILLINOIS,IL,17,"CATTLE, COWS, MILK - INVENTORY, AVG, MEASURED IN HEAD",HEAD,"86,000"
2018,MONTHLY,SEP,ILLINOIS,IL,17,"CATTLE, COWS, MILK - INVENTORY, AVG, MEASURED IN HEAD",HEAD,"90,000"
2018,MONTHLY,APR,INDIANA,IN,18,"CATTLE, COWS, MILK - INVENTORY, AVG, MEASURED IN HEAD",HEAD,"184,000"
2018,MONTHLY,APR THRU JUN,INDIANA,IN,18,"CATTLE, COWS, MILK - INVENTORY, AVG, MEASURED IN HEAD",HEAD,"183,000"
2018,MONTHLY,AUG,INDIANA,IN,18,"CATTLE, COWS, MILK - INVENTORY, AVG, MEASURED IN HEAD",HEAD,"184,000"
2018,MONTHLY,DEC,INDIANA,IN,18,"CATTLE, COWS, MILK - INVENTORY, AVG, MEASURED IN HEAD",HEAD,"181,000"
2018,MONTHLY,FEB,INDIANA,IN,18,"CATTLE, COWS, MILK - INVENTORY, AVG, MEASURED IN HEAD",HEAD,"186,000"
2018,MONTHLY,JAN,INDIANA,IN,18,"CATTLE, COWS, MILK - INVENTORY, AVG, MEASURED IN HEAD",HEAD,"186,000"
2018,MONTHLY,JAN THRU MAR,INDIANA,IN,18,"CATTLE, COWS, MILK - INVENTORY, AVG, MEASURED IN HEAD",HEAD,"186,000"
2018,MONTHLY,JUL,INDIANA,IN,18,"CATTLE, COWS, MILK - INVENTORY, AVG, MEASURED IN HEAD",HEAD,"184,000"
2018,MONTHLY,JUL THRU SEP,INDIANA,IN,18,"CATTLE, COWS, MILK - INVENTORY, AVG, MEASURED IN HEAD",HEAD,"183,000"
2018,MONTHLY,JUN,INDIANA,IN,18,"CATTLE, COWS, MILK - INVENTORY, AVG, MEASURED IN HEAD",HEAD,"183,000"
2018,MONTHLY,MAR,INDIANA,IN,18,"CATTLE, COWS, MILK - INVENTORY, AVG, MEASURED IN HEAD",HEAD,"185,000"
2018,MONTHLY,MAY,INDIANA,IN,18,"CATTLE, COWS, MILK - INVENTORY, AVG, MEASURED IN HEAD",HEAD,"183,000"
2018,MONTHLY,NOV,INDIANA,IN,18,"CATTLE, COWS, MILK - INVENTORY, AVG, MEASURED IN HEAD",HEAD,"181,000"
2018,MONTHLY,OCT,INDIANA,IN,18,"CATTLE, COWS, MILK - INVENTORY, AVG, MEASURED IN HEAD",HEAD,"182,000"
2018,MONTHLY,OCT THRU DEC,INDIANA,IN,18,"CATTLE, COWS, MILK - INVENTORY, AVG, MEASURED IN HEAD",HEAD,"181,000"
2018,MONTHLY,SEP,INDIANA,IN,18,"CATTLE, COWS, MILK - INVENTORY, AVG, MEASURED IN HEAD",HEAD,"182,000"
2018,MONTHLY,APR,KANSAS,KS,20,"CATTLE, COWS, MILK - INVENTORY, AVG, MEASURED IN HEAD",HEAD,"157,000"
2018,MONTHLY,APR THRU JUN,KANSAS,KS,20,"CATTLE, COWS, MILK - INVENTORY, AVG, MEASURED IN HEAD",HEAD,"158,000"
2018,MONTHLY,AUG,KANSAS,KS,20,"CATTLE, COWS, MILK - INVENTORY, AVG, MEASURED IN HEAD",HEAD,"160,000"
2018,MONTHLY,DEC,KANSAS,KS,20,"CATTLE, COWS, MILK - INVENTORY, AVG, MEASURED IN HEAD",HEAD,"161,000"
2018,MONTHLY,FEB,KANSAS,KS,20,"CATTLE, COWS, MILK - INVENTORY, AVG, MEASURED IN HEAD",HEAD,"156,000"
2018,MONTHLY,JAN,KANSAS,KS,20,"CATTLE, COWS, MILK - INVENTORY, AVG, MEASURED IN HEAD",HEAD,"156,000"
2018,MONTHLY,JAN THRU MAR,KANSAS,KS,20,"CATTLE, COWS, MILK - INVENTORY, AVG, MEASURED IN HEAD",HEAD,"156,000"
2018,MONTHLY,JUL,KANSAS,KS,20,"CATTLE, COWS, MILK - INVENTORY, AVG, MEASURED IN HEAD",HEAD,"159,000"
2018,MONTHLY,JUL THRU SEP,KANSAS,KS,20,"CATTLE, COWS, MILK - INVENTORY, AVG, MEASURED IN HEAD",HEAD,"160,000"
2018,MONTHLY,JUN,KANSAS,KS,20,"CATTLE, COWS, MILK - INVENTORY, AVG, MEASURED IN HEAD",HEAD,"159,000"
2018,MONTHLY,MAR,KANSAS,KS,20,"CATTLE, COWS, MILK - INVENTORY, AVG, MEASURED IN HEAD",HEAD,"157,000"
2018,MONTHLY,MAY,KANSAS,KS,20,"CATTLE, COWS, MILK - INVENTORY, AVG, MEASURED IN HEAD",HEAD,"158,000"
2018,MONTHLY,NOV,KANSAS,KS,20,"CATTLE, COWS, MILK - INVENTORY, AVG, MEASURED IN HEAD",HEAD,"160,000"
2018,MONTHLY,OCT,KANSAS,KS,20,"CATTLE, COWS, MILK - INVENTORY, AVG, MEASURED IN HEAD",HEAD,"160,000"
2018,MONTHLY,OCT THRU DEC,KANSAS,KS,20,"CATTLE, COWS, MILK - INVENTORY, AVG, MEASURED IN HEAD",HEAD,"160,000"
2018,MONTHLY,SEP,KANSAS,KS,20,"CATTLE, COWS, MILK - INVENTORY, AVG, MEASURED IN HEAD",HEAD,"160,000"
2018,MONTHLY,APR THRU JUN,KENTUCKY,KY,21,"CATTLE, COWS, MILK - INVENTORY, AVG, MEASURED IN HEAD",HEAD,"56,000"
2018,MONTHLY,JAN THRU MAR,KENTUCKY,KY,21,"CATTLE, COWS, MILK - INVENTORY, AVG, MEASURED IN HEAD",HEAD,"57,000"
2018,MONTHLY,JUL THRU SEP,KENTUCKY,KY,21,"CATTLE, COWS, MILK - INVENTORY, AVG, MEASURED IN HEAD",HEAD,"53,000"
2018,MONTHLY,OCT THRU DEC,KENTUCKY,KY,21,"CATTLE, COWS, MILK - INVENTORY, AVG, MEASURED IN HEAD",HEAD,"53,000"
2018,MONTHLY,APR THRU JUN,LOUISIANA,LA,22,"CATTLE, COWS, MILK - INVENTORY, AVG, MEASURED IN HEAD",HEAD,"11,500"
2018,MONTHLY,JAN THRU MAR,LOUISIANA,LA,22,"CATTLE, COWS, MILK - INVENTORY, AVG, MEASURED IN HEAD",HEAD,"12,000"
2018,MONTHLY,JUL THRU SEP,LOUISIANA,LA,22,"CATTLE, COWS, MILK - INVENTORY, AVG, MEASURED IN HEAD",HEAD,"11,000"
2018,MONTHLY,OCT THRU DEC,LOUISIANA,LA,22,"CATTLE, COWS, MILK - INVENTORY, AVG, MEASURED IN HEAD",HEAD,"11,000"
2018,MONTHLY,APR THRU JUN,MASSACHUSETTS,MA,25,"CATTLE, COWS, MILK - INVENTORY, AVG, MEASURED IN HEAD",HEAD,"11,500"
2018,MONTHLY,JAN THRU MAR,MASSACHUSETTS,MA,25,"CATTLE, COWS, MILK - INVENTORY, AVG, MEASURED IN HEAD",HEAD,"11,500"
2018,MONTHLY,JUL THRU SEP,MASSACHUSETTS,MA,25,"CATTLE, COWS, MILK - INVENTORY, AVG, MEASURED IN HEAD",HEAD,"11,000"
2018,MONTHLY,OCT THRU DEC,MASSACHUSETTS,MA,25,"CATTLE, COWS, MILK - INVENTORY, AVG, MEASURED IN HEAD",HEAD,"10,500"
2018,MONTHLY,APR THRU JUN,MARYLAND,MD,24,"CATTLE, COWS, MILK - INVENTORY, AVG, MEASURED IN HEAD",HEAD,"46,000"
2018,MONTHLY,JAN THRU MAR,MARYLAND,MD,24,"CATTLE, COWS, MILK - INVENTORY, AVG, MEASURED IN HEAD",HEAD,"46,000"
2018,MONTHLY,JUL THRU SEP,MARYLAND,MD,24,"CATTLE, COWS, MILK - INVENTORY, AVG, MEASURED IN HEAD",HEAD,"45,000"
2018,MONTHLY,OCT THRU DEC,MARYLAND,MD,24,"CATTLE, COWS, MILK - INVENTORY, AVG, MEASURED IN HEAD",HEAD,"44,000"
2018,MONTHLY,APR THRU JUN,MAINE,ME,23,"CATTLE, COWS, MILK - INVENTORY, AVG, MEASURED IN HEAD",HEAD,"30,000"
2018,MONTHLY,JAN THRU MAR,MAINE,ME,23,"CATTLE, COWS, MILK - INVENTORY, AVG, MEASURED IN HEAD",HEAD,"30,000"
2018,MONTHLY,JUL THRU SEP,MAINE,ME,23,"CATTLE, COWS, MILK - INVENTORY, AVG, MEASURED IN HEAD",HEAD,"30,000"
2018,MONTHLY,OCT THRU DEC,MAINE,ME,23,"CATTLE, COWS, MILK - INVENTORY, AVG, MEASURED IN HEAD",HEAD,"29,000"
2018,MONTHLY,APR,MICHIGAN,MI,26,"CATTLE, COWS, MILK - INVENTORY, AVG, MEASURED IN HEAD",HEAD,"423,000"
2018,MONTHLY,APR THRU JUN,MICHIGAN,MI,26,"CATTLE, COWS, MILK - INVENTORY, AVG, MEASURED IN HEAD",HEAD,"423,000"
2018,MONTHLY,AUG,MICHIGAN,MI,26,"CATTLE, COWS, MILK - INVENTORY, AVG, MEASURED IN HEAD",HEAD,"423,000"
2018,MONTHLY,DEC,MICHIGAN,MI,26,"CATTLE, COWS, MILK - INVENTORY, AVG, MEASURED IN HEAD",HEAD,"422,000"
2018,MONTHLY,FEB,MICHIGAN,MI,26,"CATTLE, COWS, MILK - INVENTORY, AVG, MEASURED IN HEAD",HEAD,"425,000"
2018,MONTHLY,JAN,MICHIGAN,MI,26,"CATTLE, COWS, MILK - INVENTORY, AVG, MEASURED IN HEAD",HEAD,"426,000"
2018,MONTHLY,JAN THRU MAR,MICHIGAN,MI,26,"CATTLE, COWS, MILK - INVENTORY, AVG, MEASURED IN HEAD",HEAD,"425,000"
2018,MONTHLY,JUL,MICHIGAN,MI,26,"CATTLE, COWS, MILK - INVENTORY, AVG, MEASURED IN HEAD",HEAD,"423,000"
2018,MONTHLY,JUL THRU SEP,MICHIGAN,MI,26,"CATTLE, COWS, MILK - INVENTORY, AVG, MEASURED IN HEAD",HEAD,"423,000"
2018,MONTHLY,JUN,MICHIGAN,MI,26,"CATTLE, COWS, MILK - INVENTORY, AVG, MEASURED IN HEAD",HEAD,"423,000"
2018,MONTHLY,MAR,MICHIGAN,MI,26,"CATTLE, COWS, MILK - INVENTORY, AVG, MEASURED IN HEAD",HEAD,"425,000"
2018,MONTHLY,MAY,MICHIGAN,MI,26,"CATTLE, COWS, MILK - INVENTORY, AVG, MEASURED IN HEAD",HEAD,"423,000"
2018,MONTHLY,NOV,MICHIGAN,MI,26,"CATTLE, COWS, MILK - INVENTORY, AVG, MEASURED IN HEAD",HEAD,"422,000"
2018,MONTHLY,OCT,MICHIGAN,MI,26,"CATTLE, COWS, MILK - INVENTORY, AVG, MEASURED IN HEAD",HEAD,"422,000"
2018,MONTHLY,OCT THRU DEC,MICHIGAN,MI,26,"CATTLE, COWS, MILK - INVENTORY, AVG, MEASURED IN HEAD",HEAD,"422,000"
2018,MONTHLY,SEP,MICHIGAN,MI,26,"CATTLE, COWS, MILK - INVENTORY, AVG, MEASURED IN HEAD",HEAD,"422,000"
2018,MONTHLY,APR,MINNESOTA,MN,27,"CATTLE, COWS, MILK - INVENTORY, AVG, MEASURED IN HEAD",HEAD,"454,000"
2018,MONTHLY,APR THRU JUN,MINNESOTA,MN,27,"CATTLE, COWS, MILK - INVENTORY, AVG, MEASURED IN HEAD",HEAD,"454,000"
2018,MONTHLY,AUG,MINNESOTA,MN,27,"CATTLE, COWS, MILK - INVENTORY, AVG, MEASURED IN HEAD",HEAD,"451,000"
2018,MONTHLY,DEC,MINNESOTA,MN,27,"CATTLE, COWS, MILK - INVENTORY, AVG, MEASURED IN HEAD",HEAD,"450,000"
2018,MONTHLY,FEB,MINNESOTA,MN,27,"CATTLE, COWS, MILK - INVENTORY, AVG, MEASURED IN HEAD",HEAD,"455,000"
2018,MONTHLY,JAN,MINNESOTA,MN,27,"CATTLE, COWS, MILK - INVENTORY, AVG, MEASURED IN HEAD",HEAD,"455,000"
2018,MONTHLY,JAN THRU MAR,MINNESOTA,MN,27,"CATTLE, COWS, MILK - INVENTORY, AVG, MEASURED IN HEAD",HEAD,"455,000"
2018,MONTHLY,JUL,MINNESOTA,MN,27,"CATTLE, COWS, MILK - INVENTORY, AVG, MEASURED IN HEAD",HEAD,"452,000"
2018,MONTHLY,JUL THRU SEP,MINNESOTA,MN,27,"CATTLE, COWS, MILK - INVENTORY, AVG, MEASURED IN HEAD",HEAD,"451,000"
2018,MONTHLY,JUN,MINNESOTA,MN,27,"CATTLE, COWS, MILK - INVENTORY, AVG, MEASURED IN HEAD",HEAD,"453,000"
2018,MONTHLY,MAR,MINNESOTA,MN,27,"CATTLE, COWS, MILK - INVENTORY, AVG, MEASURED IN HEAD",HEAD,"454,000"
2018,MONTHLY,MAY,MINNESOTA,MN,27,"CATTLE, COWS, MILK - INVENTORY, AVG, MEASURED IN HEAD",HEAD,"454,000"
2018,MONTHLY,NOV,MINNESOTA,MN,27,"CATTLE, COWS, MILK - INVENTORY, AVG, MEASURED IN HEAD",HEAD,"451,000"
2018,MONTHLY,OCT,MINNESOTA,MN,27,"CATTLE, COWS, MILK - INVENTORY, AVG, MEASURED IN HEAD",HEAD,"451,000"
2018,MONTHLY,OCT THRU DEC,MINNESOTA,MN,27,"CATTLE, COWS, MILK - INVENTORY, AVG, MEASURED IN HEAD",HEAD,"451,000"
2018,MONTHLY,SEP,MINNESOTA,MN,27,"CATTLE, COWS, MILK - INVENTORY, AVG, MEASURED IN HEAD",HEAD,"451,000"
2018,MONTHLY,APR THRU JUN,MISSOURI,MO,29,"CATTLE, COWS, MILK - INVENTORY, AVG, MEASURED IN HEAD",HEAD,"83,000"
2018,MONTHLY,JAN THRU MAR,MISSOURI,MO,29,"CATTLE, COWS, MILK - INVENTORY, AVG, MEASURED IN HEAD",HEAD,"84,000"
2018,MONTHLY,JUL THRU SEP,MISSOURI,MO,29,"CATTLE, COWS, MILK - INVENTORY, AVG, MEASURED IN HEAD",HEAD,"82,000"
2018,MONTHLY,OCT THRU DEC,MISSOURI,MO,29,"CATTLE, COWS, MILK - INVENTORY, AVG, MEASURED IN HEAD",HEAD,"81,000"
2018,MONTHLY,APR THRU JUN,MISSISSIPPI,MS,28,"CATTLE, COWS, MILK - INVENTORY, AVG, MEASURED IN HEAD",HEAD,"9,000"
2018,MONTHLY,JAN THRU MAR,MISSISSIPPI,MS,28,"CATTLE, COWS, MILK - INVENTORY, AVG, MEASURED IN HEAD",HEAD,"9,000"
2018,MONTHLY,JUL THRU SEP,MISSISSIPPI,MS,28,"CATTLE, COWS, MILK - INVENTORY, AVG, MEASURED IN HEAD",HEAD,"8,500"
2018,MONTHLY,OCT THRU DEC,MISSISSIPPI,MS,28,"CATTLE, COWS, MILK - INVENTORY, AVG, MEASURED IN HEAD",HEAD,"8,000"
2018,MONTHLY,APR THRU JUN,MONTANA,MT,30,"CATTLE, COWS, MILK - INVENTORY, AVG, MEASURED IN HEAD",HEAD,"12,500"
2018,MONTHLY,JAN THRU MAR,MONTANA,MT,30,"CATTLE, COWS, MILK - INVENTORY, AVG, MEASURED IN HEAD",HEAD,"12,500"
2018,MONTHLY,JUL THRU SEP,MONTANA,MT,30,"CATTLE, COWS, MILK - INVENTORY, AVG, MEASURED IN HEAD",HEAD,"12,000"
2018,MONTHLY,OCT THRU DEC,MONTANA,MT,30,"CATTLE, COWS, MILK - INVENTORY, AVG, MEASURED IN HEAD",HEAD,"12,000"
2018,MONTHLY,APR THRU JUN,NORTH CAROLINA,NC,37,"CATTLE, COWS, MILK - INVENTORY, AVG, MEASURED IN HEAD",HEAD,"44,000"
2018,MONTHLY,JAN THRU MAR,NORTH CAROLINA,NC,37,"CATTLE, COWS, MILK - INVENTORY, AVG, MEASURED IN HEAD",HEAD,"45,000"
2018,MONTHLY,JUL THRU SEP,NORTH CAROLINA,NC,37,"CATTLE, COWS, MILK - INVENTORY, AVG, MEASURED IN HEAD",HEAD,"43,000"
2018,MONTHLY,OCT THRU DEC,NORTH CAROLINA,NC,37,"CATTLE, COWS, MILK - INVENTORY, AVG, MEASURED IN HEAD",HEAD,"43,000"
2018,MONTHLY,APR THRU JUN,NORTH DAKOTA,ND,38,"CATTLE, COWS, MILK - INVENTORY, AVG, MEASURED IN HEAD",HEAD,"15,500"
2018,MONTHLY,JAN THRU MAR,NORTH DAKOTA,ND,38,"CATTLE, COWS, MILK - INVENTORY, AVG, MEASURED IN HEAD",HEAD,"15,500"
2018,MONTHLY,JUL THRU SEP,NORTH DAKOTA,ND,38,"CATTLE, COWS, MILK - INVENTORY, AVG, MEASURED IN HEAD",HEAD,"15,500"
2018,MONTHLY,OCT THRU DEC,NORTH DAKOTA,ND,38,"CATTLE, COWS, MILK - INVENTORY, AVG, MEASURED IN HEAD",HEAD,"15,000"
2018,MONTHLY,APR THRU JUN,NEBRASKA,NE,31,"CATTLE, COWS, MILK - INVENTORY, AVG, MEASURED IN HEAD",HEAD,"60,000"
2018,MONTHLY,JAN THRU MAR,NEBRASKA,NE,31,"CATTLE, COWS, MILK - INVENTORY, AVG, MEASURED IN HEAD",HEAD,"60,000"
2018,MONTHLY,JUL THRU SEP,NEBRASKA,NE,31,"CATTLE, COWS, MILK - INVENTORY, AVG, MEASURED IN HEAD",HEAD,"59,000"
2018,MONTHLY,OCT THRU DEC,NEBRASKA,NE,31,"CATTLE, COWS, MILK - INVENTORY, AVG, MEASURED IN HEAD",HEAD,"59,000"
2018,MONTHLY,APR THRU JUN,NEW HAMPSHIRE,NH,33,"CATTLE, COWS, MILK - INVENTORY, AVG, MEASURED IN HEAD",HEAD,"12,500"
2018,MONTHLY,JAN THRU MAR,NEW HAMPSHIRE,NH,33,"CATTLE, COWS, MILK - INVENTORY, AVG, MEASURED IN HEAD",HEAD,"12,500"
2018,MONTHLY,JUL THRU SEP,NEW HAMPSHIRE,NH,33,"CATTLE, COWS, MILK - INVENTORY, AVG, MEASURED IN HEAD",HEAD,"12,000"
2018,MONTHLY,OCT THRU DEC,NEW HAMPSHIRE,NH,33,"CATTLE, COWS, MILK - INVENTORY, AVG, MEASURED IN HEAD",HEAD,"12,000"
2018,MONTHLY,APR THRU JUN,NEW JERSEY,NJ,34,"CATTLE, COWS, MILK - INVENTORY, AVG, MEASURED IN HEAD",HEAD,"6,000"
2018,MONTHLY,JAN THRU MAR,NEW JERSEY,NJ,34,"CATTLE, COWS, MILK - INVENTORY, AVG, MEASURED IN HEAD",HEAD,"6,000"
2018,MONTHLY,JUL THRU SEP,NEW JERSEY,NJ,34,"CATTLE, COWS, MILK - INVENTORY, AVG, MEASURED IN HEAD",HEAD,"5,500"
2018,MONTHLY,OCT THRU DEC,NEW JERSEY,NJ,34,"CATTLE, COWS, MILK - INVENTORY, AVG, MEASURED IN HEAD",HEAD,"5,500"
2018,MONTHLY,APR,NEW MEXICO,NM,35,"CATTLE, COWS, MILK - INVENTORY, AVG, MEASURED IN HEAD",HEAD,"334,000"
2018,MONTHLY,APR THRU JUN,NEW MEXICO,NM,35,"CATTLE, COWS, MILK - INVENTORY, AVG, MEASURED IN HEAD",HEAD,"333,000"
2018,MONTHLY,AUG,NEW MEXICO,NM,35,"CATTLE, COWS, MILK - INVENTORY, AVG, MEASURED IN HEAD",HEAD,"328,000"
2018,MONTHLY,DEC,NEW MEXICO,NM,35,"CATTLE, COWS, MILK - INVENTORY, AVG, MEASURED IN HEAD",HEAD,"325,000"
2018,MONTHLY,FEB,NEW MEXICO,NM,35,"CATTLE, COWS, MILK - INVENTORY, AVG, MEASURED IN HEAD",HEAD,"334,000"
2018,MONTHLY,JAN,NEW MEXICO,NM,35,"CATTLE, COWS, MILK - INVENTORY, AVG, MEASURED IN HEAD",HEAD,"334,000"
2018,MONTHLY,JAN THRU MAR,NEW MEXICO,NM,35,"CATTLE, COWS, MILK - INVENTORY, AVG, MEASURED IN HEAD",HEAD,"334,000"
2018,MONTHLY,JUL,NEW MEXICO,NM,35,"CATTLE, COWS, MILK - INVENTORY, AVG, MEASURED IN HEAD",HEAD,"328,000"
2018,MONTHLY,JUL THRU SEP,NEW MEXICO,NM,35,"CATTLE, COWS, MILK - INVENTORY, AVG, MEASURED IN HEAD",HEAD,"328,000"
2018,MONTHLY,JUN,NEW MEXICO,NM,35,"CATTLE, COWS, MILK - INVENTORY, AVG, MEASURED IN HEAD",HEAD,"332,000"
2018,MONTHLY,MAR,NEW MEXICO,NM,35,"CATTLE, COWS, MILK - INVENTORY, AVG, MEASURED IN HEAD",HEAD,"334,000"
2018,MONTHLY,MAY,NEW MEXICO,NM,35,"CATTLE, COWS, MILK - INVENTORY, AVG, MEASURED IN HEAD",HEAD,"332,000"
2018,MONTHLY,NOV,NEW MEXICO,NM,35,"CATTLE, COWS, MILK - INVENTORY, AVG, MEASURED IN HEAD",HEAD,"326,000"
2018,MONTHLY,OCT,NEW MEXICO,NM,35,"CATTLE, COWS, MILK - INVENTORY, AVG, MEASURED IN HEAD",HEAD,"327,000"
2018,MONTHLY,OCT THRU DEC,NEW MEXICO,NM,35,"CATTLE, COWS, MILK - INVENTORY, AVG, MEASURED IN HEAD",HEAD,"326,000"
2018,MONTHLY,SEP,NEW MEXICO,NM,35,"CATTLE, COWS, MILK - INVENTORY, AVG, MEASURED IN HEAD",HEAD,"327,000"
2018,MONTHLY,APR THRU JUN,NEVADA,NV,32,"CATTLE, COWS, MILK - INVENTORY, AVG, MEASURED IN HEAD",HEAD,"32,000"
2018,MONTHLY,JAN THRU MAR,NEVADA,NV,32,"CATTLE, COWS, MILK - INVENTORY, AVG, MEASURED IN HEAD",HEAD,"32,000"
2018,MONTHLY,JUL THRU SEP,NEVADA,NV,32,"CATTLE, COWS, MILK - INVENTORY, AVG, MEASURED IN HEAD",HEAD,"32,000"
2018,MONTHLY,OCT THRU DEC,NEVADA,NV,32,"CATTLE, COWS, MILK - INVENTORY, AVG, MEASURED IN HEAD",HEAD,"33,000"
2018,MONTHLY,APR,NEW YORK,NY,36,"CATTLE, COWS, MILK - INVENTORY, AVG, MEASURED IN HEAD",HEAD,"624,000"
2018,MONTHLY,APR THRU JUN,NEW YORK,NY,36,"CATTLE, COWS, MILK - INVENTORY, AVG, MEASURED IN HEAD",HEAD,"624,000"
2018,MONTHLY,AUG,NEW YORK,NY,36,"CATTLE, COWS, MILK - INVENTORY, AVG, MEASURED IN HEAD",HEAD,"622,000"
2018,MONTHLY,DEC,NEW YORK,NY,36,"CATTLE, COWS, MILK - INVENTORY, AVG, MEASURED IN HEAD",HEAD,"625,000"
2018,MONTHLY,FEB,NEW YORK,NY,36,"CATTLE, COWS, MILK - INVENTORY, AVG, MEASURED IN HEAD",HEAD,"625,000"
2018,MONTHLY,JAN,NEW YORK,NY,36,"CATTLE, COWS, MILK - INVENTORY, AVG, MEASURED IN HEAD",HEAD,"625,000"
2018,MONTHLY,JAN THRU MAR,NEW YORK,NY,36,"CATTLE, COWS, MILK - INVENTORY, AVG, MEASURED IN HEAD",HEAD,"625,000"
2018,MONTHLY,JUL,NEW YORK,NY,36,"CATTLE, COWS, MILK - INVENTORY, AVG, MEASURED IN HEAD",HEAD,"622,000"
2018,MONTHLY,JUL THRU SEP,NEW YORK,NY,36,"CATTLE, COWS, MILK - INVENTORY, AVG, MEASURED IN HEAD",HEAD,"622,000"
2018,MONTHLY,JUN,NEW YORK,NY,36,"CATTLE, COWS, MILK - INVENTORY, AVG, MEASURED IN HEAD",HEAD,"623,000"
2018,MONTHLY,MAR,NEW YORK,NY,36,"CATTLE, COWS, MILK - INVENTORY, AVG, MEASURED IN HEAD",HEAD,"625,000"
2018,MONTHLY,MAY,NEW YORK,NY,36,"CATTLE, COWS, MILK - INVENTORY, AVG, MEASURED IN HEAD",HEAD,"624,000"
2018,MONTHLY,NOV,NEW YORK,NY,36,"CATTLE, COWS, MILK - INVENTORY, AVG, MEASURED IN HEAD",HEAD,"623,000"
2018,MONTHLY,OCT,NEW YORK,NY,36,"CATTLE, COWS, MILK - INVENTORY, AVG, MEASURED IN HEAD",HEAD,"621,000"
2018,MONTHLY,OCT THRU DEC,NEW YORK,NY,36,"CATTLE, COWS, MILK - INVENTORY, AVG, MEASURED IN HEAD",HEAD,"623,000"
2018,MONTHLY,SEP,NEW YORK,NY,36,"CATTLE, COWS, MILK - INVENTORY, AVG, MEASURED IN HEAD",HEAD,"621,000"
2018,MONTHLY,APR,OHIO,OH,39,"CATTLE, COWS, MILK - INVENTORY, AVG, MEASURED IN HEAD",HEAD,"262,000"
2018,MONTHLY,APR THRU JUN,OHIO,OH,39,"CATTLE, COWS, MILK - INVENTORY, AVG, MEASURED IN HEAD",HEAD,"261,000"
2018,MONTHLY,AUG,OHIO,OH,39,"CATTLE, COWS, MILK - INVENTORY, AVG, MEASURED IN HEAD",HEAD,"258,000"
2018,MONTHLY,DEC,OHIO,OH,39,"CATTLE, COWS, MILK - INVENTORY, AVG, MEASURED IN HEAD",HEAD,"253,000"
2018,MONTHLY,FEB,OHIO,OH,39,"CATTLE, COWS, MILK - INVENTORY, AVG, MEASURED IN HEAD",HEAD,"262,000"
2018,MONTHLY,JAN,OHIO,OH,39,"CATTLE, COWS, MILK - INVENTORY, AVG, MEASURED IN HEAD",HEAD,"262,000"
2018,MONTHLY,JAN THRU MAR,OHIO,OH,39,"CATTLE, COWS, MILK - INVENTORY, AVG, MEASURED IN HEAD",HEAD,"262,000"
2018,MONTHLY,JUL,OHIO,OH,39,"CATTLE, COWS, MILK - INVENTORY, AVG, MEASURED IN HEAD",HEAD,"260,000"
2018,MONTHLY,JUL THRU SEP,OHIO,OH,39,"CATTLE, COWS, MILK - INVENTORY, AVG, MEASURED IN HEAD",HEAD,"258,000"
2018,MONTHLY,JUN,OHIO,OH,39,"CATTLE, COWS, MILK - INVENTORY, AVG, MEASURED IN HEAD",HEAD,"260,000"
2018,MONTHLY,MAR,OHIO,OH,39,"CATTLE, COWS, MILK - INVENTORY, AVG, MEASURED IN HEAD",HEAD,"262,000"
2018,MONTHLY,MAY,OHIO,OH,39,"CATTLE, COWS, MILK - INVENTORY, AVG, MEASURED IN HEAD",HEAD,"262,000"
2018,MONTHLY,NOV,OHIO,OH,39,"CATTLE, COWS, MILK - INVENTORY, AVG, MEASURED IN HEAD",HEAD,"253,000"
2018,MONTHLY,OCT,OHIO,OH,39,"CATTLE, COWS, MILK - INVENTORY, AVG, MEASURED IN HEAD",HEAD,"256,000"
2018,MONTHLY,OCT THRU DEC,OHIO,OH,39,"CATTLE, COWS, MILK - INVENTORY, AVG, MEASURED IN HEAD",HEAD,"254,000"
2018,MONTHLY,SEP,OHIO,OH,39,"CATTLE, COWS, MILK - INVENTORY, AVG, MEASURED IN HEAD",HEAD,"255,000"
2018,MONTHLY,APR THRU JUN,OKLAHOMA,OK,40,"CATTLE, COWS, MILK - INVENTORY, AVG, MEASURED IN HEAD",HEAD,"40,000"
2018,MONTHLY,JAN THRU MAR,OKLAHOMA,OK,40,"CATTLE, COWS, MILK - INVENTORY, AVG, MEASURED IN HEAD",HEAD,"41,000"
2018,MONTHLY,JUL THRU SEP,OKLAHOMA,OK,40,"CATTLE, COWS, MILK - INVENTORY, AVG, MEASURED IN HEAD",HEAD,"40,000"
2018,MONTHLY,OCT THRU DEC,OKLAHOMA,OK,40,"CATTLE, COWS, MILK - INVENTORY, AVG, MEASURED IN HEAD",HEAD,"40,000"
2018,MONTHLY,APR,OREGON,OR,41,"CATTLE, COWS, MILK - INVENTORY, AVG, MEASURED IN HEAD",HEAD,"121,000"
2018,MONTHLY,APR THRU JUN,OREGON,OR,41,"CATTLE, COWS, MILK - INVENTORY, AVG, MEASURED IN HEAD",HEAD,"121,000"
2018,MONTHLY,AUG,OREGON,OR,41,"CATTLE, COWS, MILK - INVENTORY, AVG, MEASURED IN HEAD",HEAD,"122,000"
2018,MONTHLY,DEC,OREGON,OR,41,"CATTLE, COWS, MILK - INVENTORY, AVG, MEASURED IN HEAD",HEAD,"125,000"
2018,MONTHLY,FEB,OREGON,OR,41,"CATTLE, COWS, MILK - INVENTORY, AVG, MEASURED IN HEAD",HEAD,"123,000"
2018,MONTHLY,JAN,OREGON,OR,41,"CATTLE, COWS, MILK - INVENTORY, AVG, MEASURED IN HEAD",HEAD,"124,000"
2018,MONTHLY,JAN THRU MAR,OREGON,OR,41,"CATTLE, COWS, MILK - INVENTORY, AVG, MEASURED IN HEAD",HEAD,"123,000"
2018,MONTHLY,JUL,OREGON,OR,41,"CATTLE, COWS, MILK - INVENTORY, AVG, MEASURED IN HEAD",HEAD,"121,000"
2018,MONTHLY,JUL THRU SEP,OREGON,OR,41,"CATTLE, COWS, MILK - INVENTORY, AVG, MEASURED IN HEAD",HEAD,"122,000"
2018,MONTHLY,JUN,OREGON,OR,41,"CATTLE, COWS, MILK - INVENTORY, AVG, MEASURED IN HEAD",HEAD,"121,000"
2018,MONTHLY,MAR,OREGON,OR,41,"CATTLE, COWS, MILK - INVENTORY, AVG, MEASURED IN HEAD",HEAD,"121,000"
2018,MONTHLY,MAY,OREGON,OR,41,"CATTLE, COWS, MILK - INVENTORY, AVG, MEASURED IN HEAD",HEAD,"121,000"
2018,MONTHLY,NOV,OREGON,OR,41,"CATTLE, COWS, MILK - INVENTORY, AVG, MEASURED IN HEAD",HEAD,"125,000"
2018,MONTHLY,OCT,OREGON,OR,41,"CATTLE, COWS, MILK - INVENTORY, AVG, MEASURED IN HEAD",HEAD,"124,000"
2018,MONTHLY,OCT THRU DEC,OREGON,OR,41,"CATTLE, COWS, MILK - INVENTORY, AVG, MEASURED IN HEAD",HEAD,"125,000"
2018,MONTHLY,SEP,OREGON,OR,41,"CATTLE, COWS, MILK - INVENTORY, AVG, MEASURED IN HEAD",HEAD,"122,000"
2018,MONTHLY,APR,PENNSYLVANIA,PA,42,"CATTLE, COWS, MILK - INVENTORY, AVG, MEASURED IN HEAD",HEAD,"522,000"
2018,MONTHLY,APR THRU JUN,PENNSYLVANIA,PA,42,"CATTLE, COWS, MILK - INVENTORY, AVG, MEASURED IN HEAD",HEAD,"522,000"
2018,MONTHLY,AUG,PENNSYLVANIA,PA,42,"CATTLE, COWS, MILK - INVENTORY, AVG, MEASURED IN HEAD",HEAD,"519,000"
2018,MONTHLY,DEC,PENNSYLVANIA,PA,42,"CATTLE, COWS, MILK - INVENTORY, AVG, MEASURED IN HEAD",HEAD,"505,000"
2018,MONTHLY,FEB,PENNSYLVANIA,PA,42,"CATTLE, COWS, MILK - INVENTORY, AVG, MEASURED IN HEAD",HEAD,"525,000"
2018,MONTHLY,JAN,PENNSYLVANIA,PA,42,"CATTLE, COWS, MILK - INVENTORY, AVG, MEASURED IN HEAD",HEAD,"525,000"
2018,MONTHLY,JAN THRU MAR,PENNSYLVANIA,PA,42,"CATTLE, COWS, MILK - INVENTORY, AVG, MEASURED IN HEAD",HEAD,"525,000"
2018,MONTHLY,JUL,PENNSYLVANIA,PA,42,"CATTLE, COWS, MILK - INVENTORY, AVG, MEASURED IN HEAD",HEAD,"520,000"
2018,MONTHLY,JUL THRU SEP,PENNSYLVANIA,PA,42,"CATTLE, COWS, MILK - INVENTORY, AVG, MEASURED IN HEAD",HEAD,"518,000"
2018,MONTHLY,JUN,PENNSYLVANIA,PA,42,"CATTLE, COWS, MILK - INVENTORY, AVG, MEASURED IN HEAD",HEAD,"521,000"
2018,MONTHLY,MAR,PENNSYLVANIA,PA,42,"CATTLE, COWS, MILK - INVENTORY, AVG, MEASURED IN HEAD",HEAD,"524,000"
2018,MONTHLY,MAY,PENNSYLVANIA,PA,42,"CATTLE, COWS, MILK - INVENTORY, AVG, MEASURED IN HEAD",HEAD,"522,000"
2018,MONTHLY,NOV,PENNSYLVANIA,PA,42,"CATTLE, COWS, MILK - INVENTORY, AVG, MEASURED IN HEAD",HEAD,"509,000"
2018,MONTHLY,OCT,PENNSYLVANIA,PA,42,"CATTLE, COWS, MILK - INVENTORY, AVG, MEASURED IN HEAD",HEAD,"514,000"
2018,MONTHLY,OCT THRU DEC,PENNSYLVANIA,PA,42,"CATTLE, COWS, MILK - INVENTORY, AVG, MEASURED IN HEAD",HEAD,"509,000"
2018,MONTHLY,SEP,PENNSYLVANIA,PA,42,"CATTLE, COWS, MILK - INVENTORY, AVG, MEASURED IN HEAD",HEAD,"516,000"
2018,MONTHLY,APR THRU JUN,RHODE ISLAND,RI,44,"CATTLE, COWS, MILK - INVENTORY, AVG, MEASURED IN HEAD",HEAD,700
2018,MONTHLY,JAN THRU MAR,RHODE ISLAND,RI,44,"CATTLE, COWS, MILK - INVENTORY, AVG, MEASURED IN HEAD",HEAD,800
2018,MONTHLY,JUL THRU SEP,RHODE ISLAND,RI,44,"CATTLE, COWS, MILK - INVENTORY, AVG, MEASURED IN HEAD",HEAD,700
2018,MONTHLY,OCT THRU DEC,RHODE ISLAND,RI,44,"CATTLE, COWS, MILK - INVENTORY, AVG, MEASURED IN HEAD",HEAD,700
2018,MONTHLY,APR THRU JUN,SOUTH CAROLINA,SC,45,"CATTLE, COWS, MILK - INVENTORY, AVG, MEASURED IN HEAD",HEAD,"14,500"
2018,MONTHLY,JAN THRU MAR,SOUTH CAROLINA,SC,45,"CATTLE, COWS, MILK - INVENTORY, AVG, MEASURED IN HEAD",HEAD,"15,000"
2018,MONTHLY,JUL THRU SEP,SOUTH CAROLINA,SC,45,"CATTLE, COWS, MILK - INVENTORY, AVG, MEASURED IN HEAD",HEAD,"13,500"
2018,MONTHLY,OCT THRU DEC,SOUTH CAROLINA,SC,45,"CATTLE, COWS, MILK - INVENTORY, AVG, MEASURED IN HEAD",HEAD,"14,000"
2018,MONTHLY,APR,SOUTH DAKOTA,SD,46,"CATTLE, COWS, MILK - INVENTORY, AVG, MEASURED IN HEAD",HEAD,"120,000"
2018,MONTHLY,APR THRU JUN,SOUTH DAKOTA,SD,46,"CATTLE, COWS, MILK - INVENTORY, AVG, MEASURED IN HEAD",HEAD,"121,000"
2018,MONTHLY,AUG,SOUTH DAKOTA,SD,46,"CATTLE, COWS, MILK - INVENTORY, AVG, MEASURED IN HEAD",HEAD,"121,000"
2018,MONTHLY,DEC,SOUTH DAKOTA,SD,46,"CATTLE, COWS, MILK - INVENTORY, AVG, MEASURED IN HEAD",HEAD,"122,000"
2018,MONTHLY,FEB,SOUTH DAKOTA,SD,46,"CATTLE, COWS, MILK - INVENTORY, AVG, MEASURED IN HEAD",HEAD,"119,000"
2018,MONTHLY,JAN,SOUTH DAKOTA,SD,46,"CATTLE, COWS, MILK - INVENTORY, AVG, MEASURED IN HEAD",HEAD,"119,000"
2018,MONTHLY,JAN THRU MAR,SOUTH DAKOTA,SD,46,"CATTLE, COWS, MILK - INVENTORY, AVG, MEASURED IN HEAD",HEAD,"119,000"
2018,MONTHLY,JUL,SOUTH DAKOTA,SD,46,"CATTLE, COWS, MILK - INVENTORY, AVG, MEASURED IN HEAD",HEAD,"121,000"
2018,MONTHLY,JUL THRU SEP,SOUTH DAKOTA,SD,46,"CATTLE, COWS, MILK - INVENTORY, AVG, MEASURED IN HEAD",HEAD,"121,000"
2018,MONTHLY,JUN,SOUTH DAKOTA,SD,46,"CATTLE, COWS, MILK - INVENTORY, AVG, MEASURED IN HEAD",HEAD,"122,000"
2018,MONTHLY,MAR,SOUTH DAKOTA,SD,46,"CATTLE, COWS, MILK - INVENTORY, AVG, MEASURED IN HEAD",HEAD,"120,000"
2018,MONTHLY,MAY,SOUTH DAKOTA,SD,46,"CATTLE, COWS, MILK - INVENTORY, AVG, MEASURED IN HEAD",HEAD,"121,000"
2018,MONTHLY,NOV,SOUTH DAKOTA,SD,46,"CATTLE, COWS, MILK - INVENTORY, AVG, MEASURED IN HEAD",HEAD,"122,000"
2018,MONTHLY,OCT,SOUTH DAKOTA,SD,46,"CATTLE, COWS, MILK - INVENTORY, AVG, MEASURED IN HEAD",HEAD,"121,000"
2018,MONTHLY,OCT THRU DEC,SOUTH DAKOTA,SD,46,"CATTLE, COWS, MILK - INVENTORY, AVG, MEASURED IN HEAD",HEAD,"122,000"
2018,MONTHLY,SEP,SOUTH DAKOTA,SD,46,"CATTLE, COWS, MILK - INVENTORY, AVG, MEASURED IN HEAD",HEAD,"121,000"
2018,MONTHLY,APR THRU JUN,TENNESSEE,TN,47,"CATTLE, COWS, MILK - INVENTORY, AVG, MEASURED IN HEAD",HEAD,"38,000"
2018,MONTHLY,JAN THRU MAR,TENNESSEE,TN,47,"CATTLE, COWS, MILK - INVENTORY, AVG, MEASURED IN HEAD",HEAD,"39,000"
2018,MONTHLY,JUL THRU SEP,TENNESSEE,TN,47,"CATTLE, COWS, MILK - INVENTORY, AVG, MEASURED IN HEAD",HEAD,"36,000"
2018,MONTHLY,OCT THRU DEC,TENNESSEE,TN,47,"CATTLE, COWS, MILK - INVENTORY, AVG, MEASURED IN HEAD",HEAD,"36,000"
2018,MONTHLY,APR,TEXAS,TX,48,"CATTLE, COWS, MILK - INVENTORY, AVG, MEASURED IN HEAD",HEAD,"533,000"
2018,MONTHLY,APR THRU JUN,TEXAS,TX,48,"CATTLE, COWS, MILK - INVENTORY, AVG, MEASURED IN HEAD",HEAD,"535,000"
2018,MONTHLY,AUG,TEXAS,TX,48,"CATTLE, COWS, MILK - INVENTORY, AVG, MEASURED IN HEAD",HEAD,"540,000"
2018,MONTHLY,DEC,TEXAS,TX,48,"CATTLE, COWS, MILK - INVENTORY, AVG, MEASURED IN HEAD",HEAD,"544,000"
2018,MONTHLY,FEB,TEXAS,TX,48,"CATTLE, COWS, MILK - INVENTORY, AVG, MEASURED IN HEAD",HEAD,"530,000"
2018,MONTHLY,JAN,TEXAS,TX,48,"CATTLE, COWS, MILK - INVENTORY, AVG, MEASURED IN HEAD",HEAD,"530,000"
2018,MONTHLY,JAN THRU MAR,TEXAS,TX,48,"CATTLE, COWS, MILK - INVENTORY, AVG, MEASURED IN HEAD",HEAD,"530,000"
2018,MONTHLY,JUL,TEXAS,TX,48,"CATTLE, COWS, MILK - INVENTORY, AVG, MEASURED IN HEAD",HEAD,"538,000"
2018,MONTHLY,JUL THRU SEP,TEXAS,TX,48,"CATTLE, COWS, MILK - INVENTORY, AVG, MEASURED IN HEAD",HEAD,"539,000"
2018,MONTHLY,JUN,TEXAS,TX,48,"CATTLE, COWS, MILK - INVENTORY, AVG, MEASURED IN HEAD",HEAD,"536,000"
2018,MONTHLY,MAR,TEXAS,TX,48,"CATTLE, COWS, MILK - INVENTORY, AVG, MEASURED IN HEAD",HEAD,"530,000"
2018,MONTHLY,MAY,TEXAS,TX,48,"CATTLE, COWS, MILK - INVENTORY, AVG, MEASURED IN HEAD",HEAD,"535,000"
2018,MONTHLY,NOV,TEXAS,TX,48,"CATTLE, COWS, MILK - INVENTORY, AVG, MEASURED IN HEAD",HEAD,"542,000"
2018,MONTHLY,OCT,TEXAS,TX,48,"CATTLE, COWS, MILK - INVENTORY, AVG, MEASURED IN HEAD",HEAD,"540,000"
2018,MONTHLY,OCT THRU DEC,TEXAS,TX,48,"CATTLE, COWS, MILK - INVENTORY, AVG, MEASURED IN HEAD",HEAD,"542,000"
2018,MONTHLY,SEP,TEXAS,TX,48,"CATTLE, COWS, MILK - INVENTORY, AVG, MEASURED IN HEAD",HEAD,"540,000"
2018,MONTHLY,APR,US TOTAL,US,99,"CATTLE, COWS, MILK - INVENTORY, AVG, MEASURED IN HEAD",HEAD,"9,418,000"
2018,MONTHLY,APR THRU JUN,US TOTAL,US,99,"CATTLE, COWS, MILK - INVENTORY, AVG, MEASURED IN HEAD",HEAD,"9,416,000"
2018,MONTHLY,AUG,US TOTAL,US,99,"CATTLE, COWS, MILK - INVENTORY, AVG, MEASURED IN HEAD",HEAD,"9,389,000"
2018,MONTHLY,DEC,US TOTAL,US,99,"CATTLE, COWS, MILK - INVENTORY, AVG, MEASURED IN HEAD",HEAD,"9,355,000"
2018,MONTHLY,FEB,US TOTAL,US,99,"CATTLE, COWS, MILK - INVENTORY, AVG, MEASURED IN HEAD",HEAD,"9,435,000"
2018,MONTHLY,JAN,US TOTAL,US,99,"CATTLE, COWS, MILK - INVENTORY, AVG, MEASURED IN HEAD",HEAD,"9,437,000"
2018,MONTHLY,JAN THRU MAR,US TOTAL,US,99,"CATTLE, COWS, MILK - INVENTORY, AVG, MEASURED IN HEAD",HEAD,"9,434,000"
2018,MONTHLY,JUL,US TOTAL,US,99,"CATTLE, COWS, MILK - INVENTORY, AVG, MEASURED IN HEAD",HEAD,"9,394,000"
2018,MONTHLY,JUL THRU SEP,US TOTAL,US,99,"CATTLE, COWS, MILK - INVENTORY, AVG, MEASURED IN HEAD",HEAD,"9,384,000"
2018,MONTHLY,JUN,US TOTAL,US,99,"CATTLE, COWS, MILK - INVENTORY, AVG, MEASURED IN HEAD",HEAD,"9,410,000"
2018,MONTHLY,MAR,US TOTAL,US,99,"CATTLE, COWS, MILK - INVENTORY, AVG, MEASURED IN HEAD",HEAD,"9,429,000"
2018,MONTHLY,MAY,US TOTAL,US,99,"CATTLE, COWS, MILK - INVENTORY, AVG, MEASURED IN HEAD",HEAD,"9,420,000"
2018,MONTHLY,NOV,US TOTAL,US,99,"CATTLE, COWS, MILK - INVENTORY, AVG, MEASURED IN HEAD",HEAD,"9,359,000"
2018,MONTHLY,OCT,US TOTAL,US,99,"CATTLE, COWS, MILK - INVENTORY, AVG, MEASURED IN HEAD",HEAD,"9,364,000"
2018,MONTHLY,OCT THRU DEC,US TOTAL,US,99,"CATTLE, COWS, MILK - INVENTORY, AVG, MEASURED IN HEAD",HEAD,"9,359,000"
2018,MONTHLY,SEP,US TOTAL,US,99,"CATTLE, COWS, MILK - INVENTORY, AVG, MEASURED IN HEAD",HEAD,"9,368,000"
2018,MONTHLY,APR,UTAH,UT,49,"CATTLE, COWS, MILK - INVENTORY, AVG, MEASURED IN HEAD",HEAD,"99,000"
2018,MONTHLY,APR THRU JUN,UTAH,UT,49,"CATTLE, COWS, MILK - INVENTORY, AVG, MEASURED IN HEAD",HEAD,"100,000"
2018,MONTHLY,AUG,UTAH,UT,49,"CATTLE, COWS, MILK - INVENTORY, AVG, MEASURED IN HEAD",HEAD,"101,000"
2018,MONTHLY,DEC,UTAH,UT,49,"CATTLE, COWS, MILK - INVENTORY, AVG, MEASURED IN HEAD",HEAD,"100,000"
2018,MONTHLY,FEB,UTAH,UT,49,"CATTLE, COWS, MILK - INVENTORY, AVG, MEASURED IN HEAD",HEAD,"99,000"
2018,MONTHLY,JAN,UTAH,UT,49,"CATTLE, COWS, MILK - INVENTORY, AVG, MEASURED IN HEAD",HEAD,"98,000"
2018,MONTHLY,JAN THRU MAR,UTAH,UT,49,"CATTLE, COWS, MILK - INVENTORY, AVG, MEASURED IN HEAD",HEAD,"99,000"
2018,MONTHLY,JUL,UTAH,UT,49,"CATTLE, COWS, MILK - INVENTORY, AVG, MEASURED IN HEAD",HEAD,"101,000"
2018,MONTHLY,JUL THRU SEP,UTAH,UT,49,"CATTLE, COWS, MILK - INVENTORY, AVG, MEASURED IN HEAD",HEAD,"101,000"
2018,MONTHLY,JUN,UTAH,UT,49,"CATTLE, COWS, MILK - INVENTORY, AVG, MEASURED IN HEAD",HEAD,"101,000"
2018,MONTHLY,MAR,UTAH,UT,49,"CATTLE, COWS, MILK - INVENTORY, AVG, MEASURED IN HEAD",HEAD,"99,000"
2018,MONTHLY,MAY,UTAH,UT,49,"CATTLE, COWS, MILK - INVENTORY, AVG, MEASURED IN HEAD",HEAD,"101,000"
2018,MONTHLY,NOV,UTAH,UT,49,"CATTLE, COWS, MILK - INVENTORY, AVG, MEASURED IN HEAD",HEAD,"100,000"
2018,MONTHLY,OCT,UTAH,UT,49,"CATTLE, COWS, MILK - INVENTORY, AVG, MEASURED IN HEAD",HEAD,"100,000"
2018,MONTHLY,OCT THRU DEC,UTAH,UT,49,"CATTLE, COWS, MILK - INVENTORY, AVG, MEASURED IN HEAD",HEAD,"100,000"
2018,MONTHLY,SEP,UTAH,UT,49,"CATTLE, COWS, MILK - INVENTORY, AVG, MEASURED IN HEAD",HEAD,"100,000"
2018,MONTHLY,APR,VIRGINIA,VA,51,"CATTLE, COWS, MILK - INVENTORY, AVG, MEASURED IN HEAD",HEAD,"84,000"
2018,MONTHLY,APR THRU JUN,VIRGINIA,VA,51,"CATTLE, COWS, MILK - INVENTORY, AVG, MEASURED IN HEAD",HEAD,"84,000"
2018,MONTHLY,AUG,VIRGINIA,VA,51,"CATTLE, COWS, MILK - INVENTORY, AVG, MEASURED IN HEAD",HEAD,"83,000"
2018,MONTHLY,DEC,VIRGINIA,VA,51,"CATTLE, COWS, MILK - INVENTORY, AVG, MEASURED IN HEAD",HEAD,"79,000"
2018,MONTHLY,FEB,VIRGINIA,VA,51,"CATTLE, COWS, MILK - INVENTORY, AVG, MEASURED IN HEAD",HEAD,"87,000"
2018,MONTHLY,JAN,VIRGINIA,VA,51,"CATTLE, COWS, MILK - INVENTORY, AVG, MEASURED IN HEAD",HEAD,"87,000"
2018,MONTHLY,JAN THRU MAR,VIRGINIA,VA,51,"CATTLE, COWS, MILK - INVENTORY, AVG, MEASURED IN HEAD",HEAD,"87,000"
2018,MONTHLY,JUL,VIRGINIA,VA,51,"CATTLE, COWS, MILK - INVENTORY, AVG, MEASURED IN HEAD",HEAD,"83,000"
2018,MONTHLY,JUL THRU SEP,VIRGINIA,VA,51,"CATTLE, COWS, MILK - INVENTORY, AVG, MEASURED IN HEAD",HEAD,"82,000"
2018,MONTHLY,JUN,VIRGINIA,VA,51,"CATTLE, COWS, MILK - INVENTORY, AVG, MEASURED IN HEAD",HEAD,"84,000"
2018,MONTHLY,MAR,VIRGINIA,VA,51,"CATTLE, COWS, MILK - INVENTORY, AVG, MEASURED IN HEAD",HEAD,"86,000"
2018,MONTHLY,MAY,VIRGINIA,VA,51,"CATTLE, COWS, MILK - INVENTORY, AVG, MEASURED IN HEAD",HEAD,"84,000"
2018,MONTHLY,NOV,VIRGINIA,VA,51,"CATTLE, COWS, MILK - INVENTORY, AVG, MEASURED IN HEAD",HEAD,"80,000"
2018,MONTHLY,OCT,VIRGINIA,VA,51,"CATTLE, COWS, MILK - INVENTORY, AVG, MEASURED IN HEAD",HEAD,"80,000"
2018,MONTHLY,OCT THRU DEC,VIRGINIA,VA,51,"CATTLE, COWS, MILK - INVENTORY, AVG, MEASURED IN HEAD",HEAD,"80,000"
2018,MONTHLY,SEP,VIRGINIA,VA,51,"CATTLE, COWS, MILK - INVENTORY, AVG, MEASURED IN HEAD",HEAD,"81,000"
2018,MONTHLY,APR,VERMONT,VT,50,"CATTLE, COWS, MILK - INVENTORY, AVG, MEASURED IN HEAD",HEAD,"127,000"
2018,MONTHLY,APR THRU JUN,VERMONT,VT,50,"CATTLE, COWS, MILK - INVENTORY, AVG, MEASURED IN HEAD",HEAD,"127,000"
2018,MONTHLY,AUG,VERMONT,VT,50,"CATTLE, COWS, MILK - INVENTORY, AVG, MEASURED IN HEAD",HEAD,"127,000"
2018,MONTHLY,DEC,VERMONT,VT,50,"CATTLE, COWS, MILK - INVENTORY, AVG, MEASURED IN HEAD",HEAD,"126,000"
2018,MONTHLY,FEB,VERMONT,VT,50,"CATTLE, COWS, MILK - INVENTORY, AVG, MEASURED IN HEAD",HEAD,"128,000"
2018,MONTHLY,JAN,VERMONT,VT,50,"CATTLE, COWS, MILK - INVENTORY, AVG, MEASURED IN HEAD",HEAD,"128,000"
2018,MONTHLY,JAN THRU MAR,VERMONT,VT,50,"CATTLE, COWS, MILK - INVENTORY, AVG, MEASURED IN HEAD",HEAD,"128,000"
2018,MONTHLY,JUL,VERMONT,VT,50,"CATTLE, COWS, MILK - INVENTORY, AVG, MEASURED IN HEAD",HEAD,"127,000"
2018,MONTHLY,JUL THRU SEP,VERMONT,VT,50,"CATTLE, COWS, MILK - INVENTORY, AVG, MEASURED IN HEAD",HEAD,"127,000"
2018,MONTHLY,JUN,VERMONT,VT,50,"CATTLE, COWS, MILK - INVENTORY, AVG, MEASURED IN HEAD",HEAD,"127,000"
2018,MONTHLY,MAR,VERMONT,VT,50,"CATTLE, COWS, MILK - INVENTORY, AVG, MEASURED IN HEAD",HEAD,"128,000"
2018,MONTHLY,MAY,VERMONT,VT,50,"CATTLE, COWS, MILK - INVENTORY, AVG, MEASURED IN HEAD",HEAD,"127,000"
2018,MONTHLY,NOV,VERMONT,VT,50,"CATTLE, COWS, MILK - INVENTORY, AVG, MEASURED IN HEAD",HEAD,"126,000"
2018,MONTHLY,OCT,VERMONT,VT,50,"CATTLE, COWS, MILK - INVENTORY, AVG, MEASURED IN HEAD",HEAD,"126,000"
2018,MONTHLY,OCT THRU DEC,VERMONT,VT,50,"CATTLE, COWS, MILK - INVENTORY, AVG, MEASURED IN HEAD",HEAD,"126,000"
2018,MONTHLY,SEP,VERMONT,VT,50,"CATTLE, COWS, MILK - INVENTORY, AVG, MEASURED IN HEAD",HEAD,"126,000"
2018,MONTHLY,APR,WASHINGTON,WA,53,"CATTLE, COWS, MILK - INVENTORY, AVG, MEASURED IN HEAD",HEAD,"276,000"
2018,MONTHLY,APR THRU JUN,WASHINGTON,WA,53,"CATTLE, COWS, MILK - INVENTORY, AVG, MEASURED IN HEAD",HEAD,"277,000"
2018,MONTHLY,AUG,WASHINGTON,WA,53,"CATTLE, COWS, MILK - INVENTORY, AVG, MEASURED IN HEAD",HEAD,"277,000"
2018,MONTHLY,DEC,WASHINGTON,WA,53,"CATTLE, COWS, MILK - INVENTORY, AVG, MEASURED IN HEAD",HEAD,"280,000"
2018,MONTHLY,FEB,WASHINGTON,WA,53,"CATTLE, COWS, MILK - INVENTORY, AVG, MEASURED IN HEAD",HEAD,"275,000"
2018,MONTHLY,JAN,WASHINGTON,WA,53,"CATTLE, COWS, MILK - INVENTORY, AVG, MEASURED IN HEAD",HEAD,"276,000"
2018,MONTHLY,JAN THRU MAR,WASHINGTON,WA,53,"CATTLE, COWS, MILK - INVENTORY, AVG, MEASURED IN HEAD",HEAD,"275,000"
2018,MONTHLY,JUL,WASHINGTON,WA,53,"CATTLE, COWS, MILK - INVENTORY, AVG, MEASURED IN HEAD",HEAD,"277,000"
2018,MONTHLY,JUL THRU SEP,WASHINGTON,WA,53,"CATTLE, COWS, MILK - INVENTORY, AVG, MEASURED IN HEAD",HEAD,"277,000"
2018,MONTHLY,JUN,WASHINGTON,WA,53,"CATTLE, COWS, MILK - INVENTORY, AVG, MEASURED IN HEAD",HEAD,"277,000"
2018,MONTHLY,MAR,WASHINGTON,WA,53,"CATTLE, COWS, MILK - INVENTORY, AVG, MEASURED IN HEAD",HEAD,"275,000"
2018,MONTHLY,MAY,WASHINGTON,WA,53,"CATTLE, COWS, MILK - INVENTORY, AVG, MEASURED IN HEAD",HEAD,"277,000"
2018,MONTHLY,NOV,WASHINGTON,WA,53,"CATTLE, COWS, MILK - INVENTORY, AVG, MEASURED IN HEAD",HEAD,"280,000"
2018,MONTHLY,OCT,WASHINGTON,WA,53,"CATTLE, COWS, MILK - INVENTORY, AVG, MEASURED IN HEAD",HEAD,"279,000"
2018,MONTHLY,OCT THRU DEC,WASHINGTON,WA,53,"CATTLE, COWS, MILK - INVENTORY, AVG, MEASURED IN HEAD",HEAD,"280,000"
2018,MONTHLY,SEP,WASHINGTON,WA,53,"CATTLE, COWS, MILK - INVENTORY, AVG, MEASURED IN HEAD",HEAD,"277,000"
2018,MONTHLY,APR,WISCONSIN,WI,55,"CATTLE, COWS, MILK - INVENTORY, AVG, MEASURED IN HEAD",HEAD,"1,274,000"
2018,MONTHLY,APR THRU JUN,WISCONSIN,WI,55,"CATTLE, COWS, MILK - INVENTORY, AVG, MEASURED IN HEAD",HEAD,"1,274,000"
2018,MONTHLY,AUG,WISCONSIN,WI,55,"CATTLE, COWS, MILK - INVENTORY, AVG, MEASURED IN HEAD",HEAD,"1,274,000"
2018,MONTHLY,DEC,WISCONSIN,WI,55,"CATTLE, COWS, MILK - INVENTORY, AVG, MEASURED IN HEAD",HEAD,"1,271,000"
2018,MONTHLY,FEB,WISCONSIN,WI,55,"CATTLE, COWS, MILK - INVENTORY, AVG, MEASURED IN HEAD",HEAD,"1,275,000"
2018,MONTHLY,JAN,WISCONSIN,WI,55,"CATTLE, COWS, MILK - INVENTORY, AVG, MEASURED IN HEAD",HEAD,"1,275,000"
2018,MONTHLY,JAN THRU MAR,WISCONSIN,WI,55,"CATTLE, COWS, MILK - INVENTORY, AVG, MEASURED IN HEAD",HEAD,"1,275,000"
2018,MONTHLY,JUL,WISCONSIN,WI,55,"CATTLE, COWS, MILK - INVENTORY, AVG, MEASURED IN HEAD",HEAD,"1,274,000"
2018,MONTHLY,JUL THRU SEP,WISCONSIN,WI,55,"CATTLE, COWS, MILK - INVENTORY, AVG, MEASURED IN HEAD",HEAD,"1,274,000"
2018,MONTHLY,JUN,WISCONSIN,WI,55,"CATTLE, COWS, MILK - INVENTORY, AVG, MEASURED IN HEAD",HEAD,"1,274,000"
2018,MONTHLY,MAR,WISCONSIN,WI,55,"CATTLE, COWS, MILK - INVENTORY, AVG, MEASURED IN HEAD",HEAD,"1,274,000"
2018,MONTHLY,MAY,WISCONSIN,WI,55,"CATTLE, COWS, MILK - INVENTORY, AVG, MEASURED IN HEAD",HEAD,"1,274,000"
2018,MONTHLY,NOV,WISCONSIN,WI,55,"CATTLE, COWS, MILK - INVENTORY, AVG, MEASURED IN HEAD",HEAD,"1,272,000"
2018,MONTHLY,OCT,WISCONSIN,WI,55,"CATTLE, COWS, MILK - INVENTORY, AVG, MEASURED IN HEAD",HEAD,"1,273,000"
2018,MONTHLY,OCT THRU DEC,WISCONSIN,WI,55,"CATTLE, COWS, MILK - INVENTORY, AVG, MEASURED IN HEAD",HEAD,"1,272,000"
2018,MONTHLY,SEP,WISCONSIN,WI,55,"CATTLE, COWS, MILK - INVENTORY, AVG, MEASURED IN HEAD",HEAD,"1,273,000"
2018,MONTHLY,APR THRU JUN,WEST VIRGINIA,WV,54,"CATTLE, COWS, MILK - INVENTORY, AVG, MEASURED IN HEAD",HEAD,"7,000"
2018,MONTHLY,JAN THRU MAR,WEST VIRGINIA,WV,54,"CATTLE, COWS, MILK - INVENTORY, AVG, MEASURED IN HEAD",HEAD,"7,000"
2018,MONTHLY,JUL THRU SEP,WEST VIRGINIA,WV,54,"CATTLE, COWS, MILK - INVENTORY, AVG, MEASURED IN HEAD",HEAD,"7,000"
2018,MONTHLY,OCT THRU DEC,WEST VIRGINIA,WV,54,"CATTLE, COWS, MILK - INVENTORY, AVG, MEASURED IN HEAD",HEAD,"7,000"
2018,MONTHLY,APR THRU JUN,WYOMING,WY,56,"CATTLE, COWS, MILK - INVENTORY, AVG, MEASURED IN HEAD",HEAD,"6,000"
2018,MONTHLY,JAN THRU MAR,WYOMING,WY,56,"CATTLE, COWS, MILK - INVENTORY, AVG, MEASURED IN HEAD",HEAD,"6,000"
2018,MONTHLY,JUL THRU SEP,WYOMING,WY,56,"CATTLE, COWS, MILK - INVENTORY, AVG, MEASURED IN HEAD",HEAD,"6,000"
2018,MONTHLY,OCT THRU DEC,WYOMING,WY,56,"CATTLE, COWS, MILK - INVENTORY, AVG, MEASURED IN HEAD",HEAD,"6,000"
2019,MONTHLY,APR THRU JUN,ALABAMA,AL,01,"CATTLE, COWS, MILK - INVENTORY, AVG, MEASURED IN HEAD",HEAD,"5,000"
2019,MONTHLY,JAN THRU MAR,ALABAMA,AL,01,"CATTLE, COWS, MILK - INVENTORY, AVG, MEASURED IN HEAD",HEAD,"5,000"
2019,MONTHLY,JUL THRU SEP,ALABAMA,AL,01,"CATTLE, COWS, MILK - INVENTORY, AVG, MEASURED IN HEAD",HEAD,"4,500"
2019,MONTHLY,OCT THRU DEC,ALABAMA,AL,01,"CATTLE, COWS, MILK - INVENTORY, AVG, MEASURED IN HEAD",HEAD,"4,000"
2019,MONTHLY,APR THRU JUN,ARKANSAS,AR,05,"CATTLE, COWS, MILK - INVENTORY, AVG, MEASURED IN HEAD",HEAD,"5,500"
2019,MONTHLY,JAN THRU MAR,ARKANSAS,AR,05,"CATTLE, COWS, MILK - INVENTORY, AVG, MEASURED IN HEAD",HEAD,"5,000"
2019,MONTHLY,JUL THRU SEP,ARKANSAS,AR,05,"CATTLE, COWS, MILK - INVENTORY, AVG, MEASURED IN HEAD",HEAD,"5,000"
2019,MONTHLY,OCT THRU DEC,ARKANSAS,AR,05,"CATTLE, COWS, MILK - INVENTORY, AVG, MEASURED IN HEAD",HEAD,"5,000"
2019,MONTHLY,APR,ARIZONA,AZ,04,"CATTLE, COWS, MILK - INVENTORY, AVG, MEASURED IN HEAD",HEAD,"198,000"
2019,MONTHLY,APR THRU JUN,ARIZONA,AZ,04,"CATTLE, COWS, MILK - INVENTORY, AVG, MEASURED IN HEAD",HEAD,"196,000"
2019,MONTHLY,AUG,ARIZONA,AZ,04,"CATTLE, COWS, MILK - INVENTORY, AVG, MEASURED IN HEAD",HEAD,"196,000"
2019,MONTHLY,DEC,ARIZONA,AZ,04,"CATTLE, COWS, MILK - INVENTORY, AVG, MEASURED IN HEAD",HEAD,"196,000"
2019,MONTHLY,FEB,ARIZONA,AZ,04,"CATTLE, COWS, MILK - INVENTORY, AVG, MEASURED IN HEAD",HEAD,"202,000"
2019,MONTHLY,JAN,ARIZONA,AZ,04,"CATTLE, COWS, MILK - INVENTORY, AVG, MEASURED IN HEAD",HEAD,"204,000"
2019,MONTHLY,JAN THRU MAR,ARIZONA,AZ,04,"CATTLE, COWS, MILK - INVENTORY, AVG, MEASURED IN HEAD",HEAD,"202,000"
2019,MONTHLY,JUL,ARIZONA,AZ,04,"CATTLE, COWS, MILK - INVENTORY, AVG, MEASURED IN HEAD",HEAD,"196,000"
2019,MONTHLY,JUL THRU SEP,ARIZONA,AZ,04,"CATTLE, COWS, MILK - INVENTORY, AVG, MEASURED IN HEAD",HEAD,"197,000"
2019,MONTHLY,JUN,ARIZONA,AZ,04,"CATTLE, COWS, MILK - INVENTORY, AVG, MEASURED IN HEAD",HEAD,"194,000"
2019,MONTHLY,MAR,ARIZONA,AZ,04,"CATTLE, COWS, MILK - INVENTORY, AVG, MEASURED IN HEAD",HEAD,"201,000"
2019,MONTHLY,MAY,ARIZONA,AZ,04,"CATTLE, COWS, MILK - INVENTORY, AVG, MEASURED IN HEAD",HEAD,"195,000"
2019,MONTHLY,NOV,ARIZONA,AZ,04,"CATTLE, COWS, MILK - INVENTORY, AVG, MEASURED IN HEAD",HEAD,"197,000"
2019,MONTHLY,OCT,ARIZONA,AZ,04,"CATTLE, COWS, MILK - INVENTORY, AVG, MEASURED IN HEAD",HEAD,"198,000"
2019,MONTHLY,OCT THRU DEC,ARIZONA,AZ,04,"CATTLE, COWS, MILK - INVENTORY, AVG, MEASURED IN HEAD",HEAD,"197,000"
2019,MONTHLY,SEP,ARIZONA,AZ,04,"CATTLE, COWS, MILK - INVENTORY, AVG, MEASURED IN HEAD",HEAD,"198,000"
2019,MONTHLY,APR,CALIFORNIA,CA,06,"CATTLE, COWS, MILK - INVENTORY, AVG, MEASURED IN HEAD",HEAD,"1,725,000"
2019,MONTHLY,APR THRU JUN,CALIFORNIA,CA,06,"CATTLE, COWS, MILK - INVENTORY, AVG, MEASURED IN HEAD",HEAD,"1,725,000"
2019,MONTHLY,AUG,CALIFORNIA,CA,06,"CATTLE, COWS, MILK - INVENTORY, AVG, MEASURED IN HEAD",HEAD,"1,725,000"
2019,MONTHLY,DEC,CALIFORNIA,CA,06,"CATTLE, COWS, MILK - INVENTORY, AVG, MEASURED IN HEAD",HEAD,"1,725,000"
2019,MONTHLY,FEB,CALIFORNIA,CA,06,"CATTLE, COWS, MILK - INVENTORY, AVG, MEASURED IN HEAD",HEAD,"1,725,000"
2019,MONTHLY,JAN,CALIFORNIA,CA,06,"CATTLE, COWS, MILK - INVENTORY, AVG, MEASURED IN HEAD",HEAD,"1,727,000"
2019,MONTHLY,JAN THRU MAR,CALIFORNIA,CA,06,"CATTLE, COWS, MILK - INVENTORY, AVG, MEASURED IN HEAD",HEAD,"1,726,000"
2019,MONTHLY,JUL,CALIFORNIA,CA,06,"CATTLE, COWS, MILK - INVENTORY, AVG, MEASURED IN HEAD",HEAD,"1,725,000"
2019,MONTHLY,JUL THRU SEP,CALIFORNIA,CA,06,"CATTLE, COWS, MILK - INVENTORY, AVG, MEASURED IN HEAD",HEAD,"1,725,000"
2019,MONTHLY,JUN,CALIFORNIA,CA,06,"CATTLE, COWS, MILK - INVENTORY, AVG, MEASURED IN HEAD",HEAD,"1,725,000"
2019,MONTHLY,MAR,CALIFORNIA,CA,06,"CATTLE, COWS, MILK - INVENTORY, AVG, MEASURED IN HEAD",HEAD,"1,725,000"
2019,MONTHLY,MAY,CALIFORNIA,CA,06,"CATTLE, COWS, MILK - INVENTORY, AVG, MEASURED IN HEAD",HEAD,"1,725,000"
2019,MONTHLY,NOV,CALIFORNIA,CA,06,"CATTLE, COWS, MILK - INVENTORY, AVG, MEASURED IN HEAD",HEAD,"1,725,000"
2019,MONTHLY,OCT,CALIFORNIA,CA,06,"CATTLE, COWS, MILK - INVENTORY, AVG, MEASURED IN HEAD",HEAD,"1,725,000"
2019,MONTHLY,OCT THRU DEC,CALIFORNIA,CA,06,"CATTLE, COWS, MILK - INVENTORY, AVG, MEASURED IN HEAD",HEAD,"1,725,000"
2019,MONTHLY,SEP,CALIFORNIA,CA,06,"CATTLE, COWS, MILK - INVENTORY, AVG, MEASURED IN HEAD",HEAD,"1,725,000"
2019,MONTHLY,APR,COLORADO,CO,08,"CATTLE, COWS, MILK - INVENTORY, AVG, MEASURED IN HEAD",HEAD,"182,000"
2019,MONTHLY,APR THRU JUN,COLORADO,CO,08,"CATTLE, COWS, MILK - INVENTORY, AVG, MEASURED IN HEAD",HEAD,"184,000"
2019,MONTHLY,AUG,COLORADO,CO,08,"CATTLE, COWS, MILK - INVENTORY, AVG, MEASURED IN HEAD",HEAD,"187,000"
2019,MONTHLY,DEC,COLORADO,CO,08,"CATTLE, COWS, MILK - INVENTORY, AVG, MEASURED IN HEAD",HEAD,"189,000"
2019,MONTHLY,FEB,COLORADO,CO,08,"CATTLE, COWS, MILK - INVENTORY, AVG, MEASURED IN HEAD",HEAD,"182,000"
2019,MONTHLY,JAN,COLORADO,CO,08,"CATTLE, COWS, MILK - INVENTORY, AVG, MEASURED IN HEAD",HEAD,"180,000"
2019,MONTHLY,JAN THRU MAR,COLORADO,CO,08,"CATTLE, COWS, MILK - INVENTORY, AVG, MEASURED IN HEAD",HEAD,"181,000"
2019,MONTHLY,JUL,COLORADO,CO,08,"CATTLE, COWS, MILK - INVENTORY, AVG, MEASURED IN HEAD",HEAD,"187,000"
2019,MONTHLY,JUL THRU SEP,COLORADO,CO,08,"CATTLE, COWS, MILK - INVENTORY, AVG, MEASURED IN HEAD",HEAD,"188,000"
2019,MONTHLY,JUN,COLORADO,CO,08,"CATTLE, COWS, MILK - INVENTORY, AVG, MEASURED IN HEAD",HEAD,"186,000"
2019,MONTHLY,MAR,COLORADO,CO,08,"CATTLE, COWS, MILK - INVENTORY, AVG, MEASURED IN HEAD",HEAD,"182,000"
2019,MONTHLY,MAY,COLORADO,CO,08,"CATTLE, COWS, MILK - INVENTORY, AVG, MEASURED IN HEAD",HEAD,"185,000"
2019,MONTHLY,NOV,COLORADO,CO,08,"CATTLE, COWS, MILK - INVENTORY, AVG, MEASURED IN HEAD",HEAD,"190,000"
2019,MONTHLY,OCT,COLORADO,CO,08,"CATTLE, COWS, MILK - INVENTORY, AVG, MEASURED IN HEAD",HEAD,"190,000"
2019,MONTHLY,OCT THRU DEC,COLORADO,CO,08,"CATTLE, COWS, MILK - INVENTORY, AVG, MEASURED IN HEAD",HEAD,"190,000"
2019,MONTHLY,SEP,COLORADO,CO,08,"CATTLE, COWS, MILK - INVENTORY, AVG, MEASURED IN HEAD",HEAD,"189,000"
2019,MONTHLY,APR THRU JUN,CONNECTICUT,CT,09,"CATTLE, COWS, MILK - INVENTORY, AVG, MEASURED IN HEAD",HEAD,"19,500"
2019,MONTHLY,JAN THRU MAR,CONNECTICUT,CT,09,"CATTLE, COWS, MILK - INVENTORY, AVG, MEASURED IN HEAD",HEAD,"19,500"
2019,MONTHLY,JUL THRU SEP,CONNECTICUT,CT,09,"CATTLE, COWS, MILK - INVENTORY, AVG, MEASURED IN HEAD",HEAD,"19,000"
2019,MONTHLY,OCT THRU DEC,CONNECTICUT,CT,09,"CATTLE, COWS, MILK - INVENTORY, AVG, MEASURED IN HEAD",HEAD,"19,500"
2019,MONTHLY,APR THRU JUN,DELAWARE,DE,10,"CATTLE, COWS, MILK - INVENTORY, AVG, MEASURED IN HEAD",HEAD,"4,200"
2019,MONTHLY,JAN THRU MAR,DELAWARE,DE,10,"CATTLE, COWS, MILK - INVENTORY, AVG, MEASURED IN HEAD",HEAD,"4,500"
2019,MONTHLY,JUL THRU SEP,DELAWARE,DE,10,"CATTLE, COWS, MILK - INVENTORY, AVG, MEASURED IN HEAD",HEAD,"4,000"
2019,MONTHLY,OCT THRU DEC,DELAWARE,DE,10,"CATTLE, COWS, MILK - INVENTORY, AVG, MEASURED IN HEAD",HEAD,"3,800"
2019,MONTHLY,APR,FLORIDA,FL,12,"CATTLE, COWS, MILK - INVENTORY, AVG, MEASURED IN HEAD",HEAD,"116,000"
2019,MONTHLY,APR THRU JUN,FLORIDA,FL,12,"CATTLE, COWS, MILK - INVENTORY, AVG, MEASURED IN HEAD",HEAD,"115,000"
2019,MONTHLY,AUG,FLORIDA,FL,12,"CATTLE, COWS, MILK - INVENTORY, AVG, MEASURED IN HEAD",HEAD,"116,000"
2019,MONTHLY,DEC,FLORIDA,FL,12,"CATTLE, COWS, MILK - INVENTORY, AVG, MEASURED IN HEAD",HEAD,"116,000"
2019,MONTHLY,FEB,FLORIDA,FL,12,"CATTLE, COWS, MILK - INVENTORY, AVG, MEASURED IN HEAD",HEAD,"116,000"
2019,MONTHLY,JAN,FLORIDA,FL,12,"CATTLE, COWS, MILK - INVENTORY, AVG, MEASURED IN HEAD",HEAD,"116,000"
2019,MONTHLY,JAN THRU MAR,FLORIDA,FL,12,"CATTLE, COWS, MILK - INVENTORY, AVG, MEASURED IN HEAD",HEAD,"116,000"
2019,MONTHLY,JUL,FLORIDA,FL,12,"CATTLE, COWS, MILK - INVENTORY, AVG, MEASURED IN HEAD",HEAD,"115,000"
2019,MONTHLY,JUL THRU SEP,FLORIDA,FL,12,"CATTLE, COWS, MILK - INVENTORY, AVG, MEASURED IN HEAD",HEAD,"116,000"
2019,MONTHLY,JUN,FLORIDA,FL,12,"CATTLE, COWS, MILK - INVENTORY, AVG, MEASURED IN HEAD",HEAD,"115,000"
2019,MONTHLY,MAR,FLORIDA,FL,12,"CATTLE, COWS, MILK - INVENTORY, AVG, MEASURED IN HEAD",HEAD,"116,000"
2019,MONTHLY,MAY,FLORIDA,FL,12,"CATTLE, COWS, MILK - INVENTORY, AVG, MEASURED IN HEAD",HEAD,"115,000"
2019,MONTHLY,NOV,FLORIDA,FL,12,"CATTLE, COWS, MILK - INVENTORY, AVG, MEASURED IN HEAD",HEAD,"117,000"
2019,MONTHLY,OCT,FLORIDA,FL,12,"CATTLE, COWS, MILK - INVENTORY, AVG, MEASURED IN HEAD",HEAD,"118,000"
2019,MONTHLY,OCT THRU DEC,FLORIDA,FL,12,"CATTLE, COWS, MILK - INVENTORY, AVG, MEASURED IN HEAD",HEAD,"117,000"
2019,MONTHLY,SEP,FLORIDA,FL,12,"CATTLE, COWS, MILK - INVENTORY, AVG, MEASURED IN HEAD",HEAD,"116,000"
2019,MONTHLY,APR,GEORGIA,GA,13,"CATTLE, COWS, MILK - INVENTORY, AVG, MEASURED IN HEAD",HEAD,"83,000"
2019,MONTHLY,APR THRU JUN,GEORGIA,GA,13,"CATTLE, COWS, MILK - INVENTORY, AVG, MEASURED IN HEAD",HEAD,"83,000"
2019,MONTHLY,AUG,GEORGIA,GA,13,"CATTLE, COWS, MILK - INVENTORY, AVG, MEASURED IN HEAD",HEAD,"80,000"
2019,MONTHLY,DEC,GEORGIA,GA,13,"CATTLE, COWS, MILK - INVENTORY, AVG, MEASURED IN HEAD",HEAD,"81,000"
2019,MONTHLY,FEB,GEORGIA,GA,13,"CATTLE, COWS, MILK - INVENTORY, AVG, MEASURED IN HEAD",HEAD,"82,000"
2019,MONTHLY,JAN,GEORGIA,GA,13,"CATTLE, COWS, MILK - INVENTORY, AVG, MEASURED IN HEAD",HEAD,"82,000"
2019,MONTHLY,JAN THRU MAR,GEORGIA,GA,13,"CATTLE, COWS, MILK - INVENTORY, AVG, MEASURED IN HEAD",HEAD,"82,000"
2019,MONTHLY,JUL,GEORGIA,GA,13,"CATTLE, COWS, MILK - INVENTORY, AVG, MEASURED IN HEAD",HEAD,"81,000"
2019,MONTHLY,JUL THRU SEP,GEORGIA,GA,13,"CATTLE, COWS, MILK - INVENTORY, AVG, MEASURED IN HEAD",HEAD,"80,000"
2019,MONTHLY,JUN,GEORGIA,GA,13,"CATTLE, COWS, MILK - INVENTORY, AVG, MEASURED IN HEAD",HEAD,"82,000"
2019,MONTHLY,MAR,GEORGIA,GA,13,"CATTLE, COWS, MILK - INVENTORY, AVG, MEASURED IN HEAD",HEAD,"82,000"
2019,MONTHLY,MAY,GEORGIA,GA,13,"CATTLE, COWS, MILK - INVENTORY, AVG, MEASURED IN HEAD",HEAD,"83,000"
2019,MONTHLY,NOV,GEORGIA,GA,13,"CATTLE, COWS, MILK - INVENTORY, AVG, MEASURED IN HEAD",HEAD,"81,000"
2019,MONTHLY,OCT,GEORGIA,GA,13,"CATTLE, COWS, MILK - INVENTORY, AVG, MEASURED IN HEAD",HEAD,"81,000"
2019,MONTHLY,OCT THRU DEC,GEORGIA,GA,13,"CATTLE, COWS, MILK - INVENTORY, AVG, MEASURED IN HEAD",HEAD,"81,000"
2019,MONTHLY,SEP,GEORGIA,GA,13,"CATTLE, COWS, MILK - INVENTORY, AVG, MEASURED IN HEAD",HEAD,"80,000"
2019,MONTHLY,APR,IOWA,IA,19,"CATTLE, COWS, MILK - INVENTORY, AVG, MEASURED IN HEAD",HEAD,"219,000"
2019,MONTHLY,APR THRU JUN,IOWA,IA,19,"CATTLE, COWS, MILK - INVENTORY, AVG, MEASURED IN HEAD",HEAD,"219,000"
2019,MONTHLY,AUG,IOWA,IA,19,"CATTLE, COWS, MILK - INVENTORY, AVG, MEASURED IN HEAD",HEAD,"217,000"
2019,MONTHLY,DEC,IOWA,IA,19,"CATTLE, COWS, MILK - INVENTORY, AVG, MEASURED IN HEAD",HEAD,"215,000"
2019,MONTHLY,FEB,IOWA,IA,19,"CATTLE, COWS, MILK - INVENTORY, AVG, MEASURED IN HEAD",HEAD,"220,000"
2019,MONTHLY,JAN,IOWA,IA,19,"CATTLE, COWS, MILK - INVENTORY, AVG, MEASURED IN HEAD",HEAD,"220,000"
2019,MONTHLY,JAN THRU MAR,IOWA,IA,19,"CATTLE, COWS, MILK - INVENTORY, AVG, MEASURED IN HEAD",HEAD,"220,000"
2019,MONTHLY,JUL,IOWA,IA,19,"CATTLE, COWS, MILK - INVENTORY, AVG, MEASURED IN HEAD",HEAD,"217,000"
2019,MONTHLY,JUL THRU SEP,IOWA,IA,19,"CATTLE, COWS, MILK - INVENTORY, AVG, MEASURED IN HEAD",HEAD,"217,000"
2019,MONTHLY,JUN,IOWA,IA,19,"CATTLE, COWS, MILK - INVENTORY, AVG, MEASURED IN HEAD",HEAD,"219,000"
2019,MONTHLY,MAR,IOWA,IA,19,"CATTLE, COWS, MILK - INVENTORY, AVG, MEASURED IN HEAD",HEAD,"219,000"
2019,MONTHLY,MAY,IOWA,IA,19,"CATTLE, COWS, MILK - INVENTORY, AVG, MEASURED IN HEAD",HEAD,"219,000"
2019,MONTHLY,NOV,IOWA,IA,19,"CATTLE, COWS, MILK - INVENTORY, AVG, MEASURED IN HEAD",HEAD,"216,000"
2019,MONTHLY,OCT,IOWA,IA,19,"CATTLE, COWS, MILK - INVENTORY, AVG, MEASURED IN HEAD",HEAD,"217,000"
2019,MONTHLY,OCT THRU DEC,IOWA,IA,19,"CATTLE, COWS, MILK - INVENTORY, AVG, MEASURED IN HEAD",HEAD,"216,000"
2019,MONTHLY,SEP,IOWA,IA,19,"CATTLE, COWS, MILK - INVENTORY, AVG, MEASURED IN HEAD",HEAD,"217,000"
2019,MONTHLY,APR,IDAHO,ID,16,"CATTLE, COWS, MILK - INVENTORY, AVG, MEASURED IN HEAD",HEAD,"618,000"
2019,MONTHLY,APR THRU JUN,IDAHO,ID,16,"CATTLE, COWS, MILK - INVENTORY, AVG, MEASURED IN HEAD",HEAD,"620,000"
2019,MONTHLY,AUG,IDAHO,ID,16,"CATTLE, COWS, MILK - INVENTORY, AVG, MEASURED IN HEAD",HEAD,"628,000"
2019,MONTHLY,DEC,IDAHO,ID,16,"CATTLE, COWS, MILK - INVENTORY, AVG, MEASURED IN HEAD",HEAD,"640,000"
2019,MONTHLY,FEB,IDAHO,ID,16,"CATTLE, COWS, MILK - INVENTORY, AVG, MEASURED IN HEAD",HEAD,"618,000"
2019,MONTHLY,JAN,IDAHO,ID,16,"CATTLE, COWS, MILK - INVENTORY, AVG, MEASURED IN HEAD",HEAD,"617,000"
2019,MONTHLY,JAN THRU MAR,IDAHO,ID,16,"CATTLE, COWS, MILK - INVENTORY, AVG, MEASURED IN HEAD",HEAD,"618,000"
2019,MONTHLY,JUL,IDAHO,ID,16,"CATTLE, COWS, MILK - INVENTORY, AVG, MEASURED IN HEAD",HEAD,"626,000"
2019,MONTHLY,JUL THRU SEP,IDAHO,ID,16,"CATTLE, COWS, MILK - INVENTORY, AVG, MEASURED IN HEAD",HEAD,"628,000"
2019,MONTHLY,JUN,IDAHO,ID,16,"CATTLE, COWS, MILK - INVENTORY, AVG, MEASURED IN HEAD",HEAD,"621,000"
2019,MONTHLY,MAR,IDAHO,ID,16,"CATTLE, COWS, MILK - INVENTORY, AVG, MEASURED IN HEAD",HEAD,"618,000"
2019,MONTHLY,MAY,IDAHO,ID,16,"CATTLE, COWS, MILK - INVENTORY, AVG, MEASURED IN HEAD",HEAD,"620,000"
2019,MONTHLY,NOV,IDAHO,ID,16,"CATTLE, COWS, MILK - INVENTORY, AVG, MEASURED IN HEAD",HEAD,"634,000"
2019,MONTHLY,OCT,IDAHO,ID,16,"CATTLE, COWS, MILK - INVENTORY, AVG, MEASURED IN HEAD",HEAD,"632,000"
2019,MONTHLY,OCT THRU DEC,IDAHO,ID,16,"CATTLE, COWS, MILK - INVENTORY, AVG, MEASURED IN HEAD",HEAD,"635,000"
2019,MONTHLY,SEP,IDAHO,ID,16,"CATTLE, COWS, MILK - INVENTORY, AVG, MEASURED IN HEAD",HEAD,"630,000"
2019,MONTHLY,APR,ILLINOIS,IL,17,"CATTLE, COWS, MILK - INVENTORY, AVG, MEASURED IN HEAD",HEAD,"84,000"
2019,MONTHLY,APR THRU JUN,ILLINOIS,IL,17,"CATTLE, COWS, MILK - INVENTORY, AVG, MEASURED IN HEAD",HEAD,"84,000"
2019,MONTHLY,AUG,ILLINOIS,IL,17,"CATTLE, COWS, MILK - INVENTORY, AVG, MEASURED IN HEAD",HEAD,"83,000"
2019,MONTHLY,DEC,ILLINOIS,IL,17,"CATTLE, COWS, MILK - INVENTORY, AVG, MEASURED IN HEAD",HEAD,"82,000"
2019,MONTHLY,FEB,ILLINOIS,IL,17,"CATTLE, COWS, MILK - INVENTORY, AVG, MEASURED IN HEAD",HEAD,"85,000"
2019,MONTHLY,JAN,ILLINOIS,IL,17,"CATTLE, COWS, MILK - INVENTORY, AVG, MEASURED IN HEAD",HEAD,"85,000"
2019,MONTHLY,JAN THRU MAR,ILLINOIS,IL,17,"CATTLE, COWS, MILK - INVENTORY, AVG, MEASURED IN HEAD",HEAD,"85,000"
2019,MONTHLY,JUL,ILLINOIS,IL,17,"CATTLE, COWS, MILK - INVENTORY, AVG, MEASURED IN HEAD",HEAD,"83,000"
2019,MONTHLY,JUL THRU SEP,ILLINOIS,IL,17,"CATTLE, COWS, MILK - INVENTORY, AVG, MEASURED IN HEAD",HEAD,"83,000"
2019,MONTHLY,JUN,ILLINOIS,IL,17,"CATTLE, COWS, MILK - INVENTORY, AVG, MEASURED IN HEAD",HEAD,"84,000"
2019,MONTHLY,MAR,ILLINOIS,IL,17,"CATTLE, COWS, MILK - INVENTORY, AVG, MEASURED IN HEAD",HEAD,"84,000"
2019,MONTHLY,MAY,ILLINOIS,IL,17,"CATTLE, COWS, MILK - INVENTORY, AVG, MEASURED IN HEAD",HEAD,"84,000"
2019,MONTHLY,NOV,ILLINOIS,IL,17,"CATTLE, COWS, MILK - INVENTORY, AVG, MEASURED IN HEAD",HEAD,"82,000"
2019,MONTHLY,OCT,ILLINOIS,IL,17,"CATTLE, COWS, MILK - INVENTORY, AVG, MEASURED IN HEAD",HEAD,"81,000"
2019,MONTHLY,OCT THRU DEC,ILLINOIS,IL,17,"CATTLE, COWS, MILK - INVENTORY, AVG, MEASURED IN HEAD",HEAD,"82,000"
2019,MONTHLY,SEP,ILLINOIS,IL,17,"CATTLE, COWS, MILK - INVENTORY, AVG, MEASURED IN HEAD",HEAD,"83,000"
2019,MONTHLY,APR,INDIANA,IN,18,"CATTLE, COWS, MILK - INVENTORY, AVG, MEASURED IN HEAD",HEAD,"179,000"
2019,MONTHLY,APR THRU JUN,INDIANA,IN,18,"CATTLE, COWS, MILK - INVENTORY, AVG, MEASURED IN HEAD",HEAD,"179,000"
2019,MONTHLY,AUG,INDIANA,IN,18,"CATTLE, COWS, MILK - INVENTORY, AVG, MEASURED IN HEAD",HEAD,"175,000"
2019,MONTHLY,DEC,INDIANA,IN,18,"CATTLE, COWS, MILK - INVENTORY, AVG, MEASURED IN HEAD",HEAD,"176,000"
2019,MONTHLY,FEB,INDIANA,IN,18,"CATTLE, COWS, MILK - INVENTORY, AVG, MEASURED IN HEAD",HEAD,"181,000"
2019,MONTHLY,JAN,INDIANA,IN,18,"CATTLE, COWS, MILK - INVENTORY, AVG, MEASURED IN HEAD",HEAD,"181,000"
2019,MONTHLY,JAN THRU MAR,INDIANA,IN,18,"CATTLE, COWS, MILK - INVENTORY, AVG, MEASURED IN HEAD",HEAD,"181,000"
2019,MONTHLY,JUL,INDIANA,IN,18,"CATTLE, COWS, MILK - INVENTORY, AVG, MEASURED IN HEAD",HEAD,"176,000"
2019,MONTHLY,JUL THRU SEP,INDIANA,IN,18,"CATTLE, COWS, MILK - INVENTORY, AVG, MEASURED IN HEAD",HEAD,"175,000"
2019,MONTHLY,JUN,INDIANA,IN,18,"CATTLE, COWS, MILK - INVENTORY, AVG, MEASURED IN HEAD",HEAD,"179,000"
2019,MONTHLY,MAR,INDIANA,IN,18,"CATTLE, COWS, MILK - INVENTORY, AVG, MEASURED IN HEAD",HEAD,"180,000"
2019,MONTHLY,MAY,INDIANA,IN,18,"CATTLE, COWS, MILK - INVENTORY, AVG, MEASURED IN HEAD",HEAD,"179,000"
2019,MONTHLY,NOV,INDIANA,IN,18,"CATTLE, COWS, MILK - INVENTORY, AVG, MEASURED IN HEAD",HEAD,"176,000"
2019,MONTHLY,OCT,INDIANA,IN,18,"CATTLE, COWS, MILK - INVENTORY, AVG, MEASURED IN HEAD",HEAD,"176,000"
2019,MONTHLY,OCT THRU DEC,INDIANA,IN,18,"CATTLE, COWS, MILK - INVENTORY, AVG, MEASURED IN HEAD",HEAD,"176,000"
2019,MONTHLY,SEP,INDIANA,IN,18,"CATTLE, COWS, MILK - INVENTORY, AVG, MEASURED IN HEAD",HEAD,"175,000"
2019,MONTHLY,APR,KANSAS,KS,20,"CATTLE, COWS, MILK - INVENTORY, AVG, MEASURED IN HEAD",HEAD,"162,000"
2019,MONTHLY,APR THRU JUN,KANSAS,KS,20,"CATTLE, COWS, MILK - INVENTORY, AVG, MEASURED IN HEAD",HEAD,"162,000"
2019,MONTHLY,AUG,KANSAS,KS,20,"CATTLE, COWS, MILK - INVENTORY, AVG, MEASURED IN HEAD",HEAD,"162,000"
2019,MONTHLY,DEC,KANSAS,KS,20,"CATTLE, COWS, MILK - INVENTORY, AVG, MEASURED IN HEAD",HEAD,"167,000"
2019,MONTHLY,FEB,KANSAS,KS,20,"CATTLE, COWS, MILK - INVENTORY, AVG, MEASURED IN HEAD",HEAD,"161,000"
2019,MONTHLY,JAN,KANSAS,KS,20,"CATTLE, COWS, MILK - INVENTORY, AVG, MEASURED IN HEAD",HEAD,"161,000"
2019,MONTHLY,JAN THRU MAR,KANSAS,KS,20,"CATTLE, COWS, MILK - INVENTORY, AVG, MEASURED IN HEAD",HEAD,"161,000"
2019,MONTHLY,JUL,KANSAS,KS,20,"CATTLE, COWS, MILK - INVENTORY, AVG, MEASURED IN HEAD",HEAD,"162,000"
2019,MONTHLY,JUL THRU SEP,KANSAS,KS,20,"CATTLE, COWS, MILK - INVENTORY, AVG, MEASURED IN HEAD",HEAD,"162,000"
2019,MONTHLY,JUN,KANSAS,KS,20,"CATTLE, COWS, MILK - INVENTORY, AVG, MEASURED IN HEAD",HEAD,"162,000"
2019,MONTHLY,MAR,KANSAS,KS,20,"CATTLE, COWS, MILK - INVENTORY, AVG, MEASURED IN HEAD",HEAD,"161,000"
2019,MONTHLY,MAY,KANSAS,KS,20,"CATTLE, COWS, MILK - INVENTORY, AVG, MEASURED IN HEAD",HEAD,"162,000"
2019,MONTHLY,NOV,KANSAS,KS,20,"CATTLE, COWS, MILK - INVENTORY, AVG, MEASURED IN HEAD",HEAD,"165,000"
2019,MONTHLY,OCT,KANSAS,KS,20,"CATTLE, COWS, MILK - INVENTORY, AVG, MEASURED IN HEAD",HEAD,"164,000"
2019,MONTHLY,OCT THRU DEC,KANSAS,KS,20,"CATTLE, COWS, MILK - INVENTORY, AVG, MEASURED IN HEAD",HEAD,"165,000"
2019,MONTHLY,SEP,KANSAS,KS,20,"CATTLE, COWS, MILK - INVENTORY, AVG, MEASURED IN HEAD",HEAD,"163,000"
2019,MONTHLY,APR THRU JUN,KENTUCKY,KY,21,"CATTLE, COWS, MILK - INVENTORY, AVG, MEASURED IN HEAD",HEAD,"51,000"
2019,MONTHLY,JAN THRU MAR,KENTUCKY,KY,21,"CATTLE, COWS, MILK - INVENTORY, AVG, MEASURED IN HEAD",HEAD,"52,000"
2019,MONTHLY,JUL THRU SEP,KENTUCKY,KY,21,"CATTLE, COWS, MILK - INVENTORY, AVG, MEASURED IN HEAD",HEAD,"49,000"
2019,MONTHLY,OCT THRU DEC,KENTUCKY,KY,21,"CATTLE, COWS, MILK - INVENTORY, AVG, MEASURED IN HEAD",HEAD,"49,000"
2019,MONTHLY,APR THRU JUN,LOUISIANA,LA,22,"CATTLE, COWS, MILK - INVENTORY, AVG, MEASURED IN HEAD",HEAD,"10,500"
2019,MONTHLY,JAN THRU MAR,LOUISIANA,LA,22,"CATTLE, COWS, MILK - INVENTORY, AVG, MEASURED IN HEAD",HEAD,"11,000"
2019,MONTHLY,JUL THRU SEP,LOUISIANA,LA,22,"CATTLE, COWS, MILK - INVENTORY, AVG, MEASURED IN HEAD",HEAD,"10,000"
2019,MONTHLY,OCT THRU DEC,LOUISIANA,LA,22,"CATTLE, COWS, MILK - INVENTORY, AVG, MEASURED IN HEAD",HEAD,"10,000"
2019,MONTHLY,APR THRU JUN,MASSACHUSETTS,MA,25,"CATTLE, COWS, MILK - INVENTORY, AVG, MEASURED IN HEAD",HEAD,"10,500"
2019,MONTHLY,JAN THRU MAR,MASSACHUSETTS,MA,25,"CATTLE, COWS, MILK - INVENTORY, AVG, MEASURED IN HEAD",HEAD,"10,500"
2019,MONTHLY,JUL THRU SEP,MASSACHUSETTS,MA,25,"CATTLE, COWS, MILK - INVENTORY, AVG, MEASURED IN HEAD",HEAD,"10,000"
2019,MONTHLY,OCT THRU DEC,MASSACHUSETTS,MA,25,"CATTLE, COWS, MILK - INVENTORY, AVG, MEASURED IN HEAD",HEAD,"10,000"
2019,MONTHLY,APR THRU JUN,MARYLAND,MD,24,"CATTLE, COWS, MILK - INVENTORY, AVG, MEASURED IN HEAD",HEAD,"43,000"
2019,MONTHLY,JAN THRU MAR,MARYLAND,MD,24,"CATTLE, COWS, MILK - INVENTORY, AVG, MEASURED IN HEAD",HEAD,"43,000"
2019,MONTHLY,JUL THRU SEP,MARYLAND,MD,24,"CATTLE, COWS, MILK - INVENTORY, AVG, MEASURED IN HEAD",HEAD,"42,000"
2019,MONTHLY,OCT THRU DEC,MARYLAND,MD,24,"CATTLE, COWS, MILK - INVENTORY, AVG, MEASURED IN HEAD",HEAD,"42,000"
2019,MONTHLY,APR THRU JUN,MAINE,ME,23,"CATTLE, COWS, MILK - INVENTORY, AVG, MEASURED IN HEAD",HEAD,"30,000"
2019,MONTHLY,JAN THRU MAR,MAINE,ME,23,"CATTLE, COWS, MILK - INVENTORY, AVG, MEASURED IN HEAD",HEAD,"29,000"
2019,MONTHLY,JUL THRU SEP,MAINE,ME,23,"CATTLE, COWS, MILK - INVENTORY, AVG, MEASURED IN HEAD",HEAD,"29,000"
2019,MONTHLY,OCT THRU DEC,MAINE,ME,23,"CATTLE, COWS, MILK - INVENTORY, AVG, MEASURED IN HEAD",HEAD,"28,000"
2019,MONTHLY,APR,MICHIGAN,MI,26,"CATTLE, COWS, MILK - INVENTORY, AVG, MEASURED IN HEAD",HEAD,"425,000"
2019,MONTHLY,APR THRU JUN,MICHIGAN,MI,26,"CATTLE, COWS, MILK - INVENTORY, AVG, MEASURED IN HEAD",HEAD,"425,000"
2019,MONTHLY,AUG,MICHIGAN,MI,26,"CATTLE, COWS, MILK - INVENTORY, AVG, MEASURED IN HEAD",HEAD,"427,000"
2019,MONTHLY,DEC,MICHIGAN,MI,26,"CATTLE, COWS, MILK - INVENTORY, AVG, MEASURED IN HEAD",HEAD,"427,000"
2019,MONTHLY,FEB,MICHIGAN,MI,26,"CATTLE, COWS, MILK - INVENTORY, AVG, MEASURED IN HEAD",HEAD,"424,000"
2019,MONTHLY,JAN,MICHIGAN,MI,26,"CATTLE, COWS, MILK - INVENTORY, AVG, MEASURED IN HEAD",HEAD,"424,000"
2019,MONTHLY,JAN THRU MAR,MICHIGAN,MI,26,"CATTLE, COWS, MILK - INVENTORY, AVG, MEASURED IN HEAD",HEAD,"424,000"
2019,MONTHLY,JUL,MICHIGAN,MI,26,"CATTLE, COWS, MILK - INVENTORY, AVG, MEASURED IN HEAD",HEAD,"425,000"
2019,MONTHLY,JUL THRU SEP,MICHIGAN,MI,26,"CATTLE, COWS, MILK - INVENTORY, AVG, MEASURED IN HEAD",HEAD,"427,000"
2019,MONTHLY,JUN,MICHIGAN,MI,26,"CATTLE, COWS, MILK - INVENTORY, AVG, MEASURED IN HEAD",HEAD,"425,000"
2019,MONTHLY,MAR,MICHIGAN,MI,26,"CATTLE, COWS, MILK - INVENTORY, AVG, MEASURED IN HEAD",HEAD,"425,000"
2019,MONTHLY,MAY,MICHIGAN,MI,26,"CATTLE, COWS, MILK - INVENTORY, AVG, MEASURED IN HEAD",HEAD,"425,000"
2019,MONTHLY,NOV,MICHIGAN,MI,26,"CATTLE, COWS, MILK - INVENTORY, AVG, MEASURED IN HEAD",HEAD,"427,000"
2019,MONTHLY,OCT,MICHIGAN,MI,26,"CATTLE, COWS, MILK - INVENTORY, AVG, MEASURED IN HEAD",HEAD,"428,000"
2019,MONTHLY,OCT THRU DEC,MICHIGAN,MI,26,"CATTLE, COWS, MILK - INVENTORY, AVG, MEASURED IN HEAD",HEAD,"427,000"
2019,MONTHLY,SEP,MICHIGAN,MI,26,"CATTLE, COWS, MILK - INVENTORY, AVG, MEASURED IN HEAD",HEAD,"428,000"
2019,MONTHLY,APR,MINNESOTA,MN,27,"CATTLE, COWS, MILK - INVENTORY, AVG, MEASURED IN HEAD",HEAD,"448,000"
2019,MONTHLY,APR THRU JUN,MINNESOTA,MN,27,"CATTLE, COWS, MILK - INVENTORY, AVG, MEASURED IN HEAD",HEAD,"448,000"
2019,MONTHLY,AUG,MINNESOTA,MN,27,"CATTLE, COWS, MILK - INVENTORY, AVG, MEASURED IN HEAD",HEAD,"447,000"
2019,MONTHLY,DEC,MINNESOTA,MN,27,"CATTLE, COWS, MILK - INVENTORY, AVG, MEASURED IN HEAD",HEAD,"445,000"
2019,MONTHLY,FEB,MINNESOTA,MN,27,"CATTLE, COWS, MILK - INVENTORY, AVG, MEASURED IN HEAD",HEAD,"450,000"
2019,MONTHLY,JAN,MINNESOTA,MN,27,"CATTLE, COWS, MILK - INVENTORY, AVG, MEASURED IN HEAD",HEAD,"450,000"
2019,MONTHLY,JAN THRU MAR,MINNESOTA,MN,27,"CATTLE, COWS, MILK - INVENTORY, AVG, MEASURED IN HEAD",HEAD,"449,000"
2019,MONTHLY,JUL,MINNESOTA,MN,27,"CATTLE, COWS, MILK - INVENTORY, AVG, MEASURED IN HEAD",HEAD,"447,000"
2019,MONTHLY,JUL THRU SEP,MINNESOTA,MN,27,"CATTLE, COWS, MILK - INVENTORY, AVG, MEASURED IN HEAD",HEAD,"447,000"
2019,MONTHLY,JUN,MINNESOTA,MN,27,"CATTLE, COWS, MILK - INVENTORY, AVG, MEASURED IN HEAD",HEAD,"447,000"
2019,MONTHLY,MAR,MINNESOTA,MN,27,"CATTLE, COWS, MILK - INVENTORY, AVG, MEASURED IN HEAD",HEAD,"448,000"
2019,MONTHLY,MAY,MINNESOTA,MN,27,"CATTLE, COWS, MILK - INVENTORY, AVG, MEASURED IN HEAD",HEAD,"448,000"
2019,MONTHLY,NOV,MINNESOTA,MN,27,"CATTLE, COWS, MILK - INVENTORY, AVG, MEASURED IN HEAD",HEAD,"446,000"
2019,MONTHLY,OCT,MINNESOTA,MN,27,"CATTLE, COWS, MILK - INVENTORY, AVG, MEASURED IN HEAD",HEAD,"447,000"
2019,MONTHLY,OCT THRU DEC,MINNESOTA,MN,27,"CATTLE, COWS, MILK - INVENTORY, AVG, MEASURED IN HEAD",HEAD,"446,000"
2019,MONTHLY,SEP,MINNESOTA,MN,27,"CATTLE, COWS, MILK - INVENTORY, AVG, MEASURED IN HEAD",HEAD,"447,000"
2019,MONTHLY,APR THRU JUN,MISSOURI,MO,29,"CATTLE, COWS, MILK - INVENTORY, AVG, MEASURED IN HEAD",HEAD,"79,000"
2019,MONTHLY,JAN THRU MAR,MISSOURI,MO,29,"CATTLE, COWS, MILK - INVENTORY, AVG, MEASURED IN HEAD",HEAD,"79,000"
2019,MONTHLY,JUL THRU SEP,MISSOURI,MO,29,"CATTLE, COWS, MILK - INVENTORY, AVG, MEASURED IN HEAD",HEAD,"77,000"
2019,MONTHLY,OCT THRU DEC,MISSOURI,MO,29,"CATTLE, COWS, MILK - INVENTORY, AVG, MEASURED IN HEAD",HEAD,"77,000"
2019,MONTHLY,APR THRU JUN,MISSISSIPPI,MS,28,"CATTLE, COWS, MILK - INVENTORY, AVG, MEASURED IN HEAD",HEAD,"8,500"
2019,MONTHLY,JAN THRU MAR,MISSISSIPPI,MS,28,"CATTLE, COWS, MILK - INVENTORY, AVG, MEASURED IN HEAD",HEAD,"8,500"
2019,MONTHLY,JUL THRU SEP,MISSISSIPPI,MS,28,"CATTLE, COWS, MILK - INVENTORY, AVG, MEASURED IN HEAD",HEAD,"8,000"
2019,MONTHLY,OCT THRU DEC,MISSISSIPPI,MS,28,"CATTLE, COWS, MILK - INVENTORY, AVG, MEASURED IN HEAD",HEAD,"8,000"
2019,MONTHLY,APR THRU JUN,MONTANA,MT,30,"CATTLE, COWS, MILK - INVENTORY, AVG, MEASURED IN HEAD",HEAD,"11,500"
2019,MONTHLY,JAN THRU MAR,MONTANA,MT,30,"CATTLE, COWS, MILK - INVENTORY, AVG, MEASURED IN HEAD",HEAD,"11,500"
2019,MONTHLY,JUL THRU SEP,MONTANA,MT,30,"CATTLE, COWS, MILK - INVENTORY, AVG, MEASURED IN HEAD",HEAD,"11,500"
2019,MONTHLY,OCT THRU DEC,MONTANA,MT,30,"CATTLE, COWS, MILK - INVENTORY, AVG, MEASURED IN HEAD",HEAD,"12,000"
2019,MONTHLY,APR THRU JUN,NORTH CAROLINA,NC,37,"CATTLE, COWS, MILK - INVENTORY, AVG, MEASURED IN HEAD",HEAD,"43,000"
2019,MONTHLY,JAN THRU MAR,NORTH CAROLINA,NC,37,"CATTLE, COWS, MILK - INVENTORY, AVG, MEASURED IN HEAD",HEAD,"43,000"
2019,MONTHLY,JUL THRU SEP,NORTH CAROLINA,NC,37,"CATTLE, COWS, MILK - INVENTORY, AVG, MEASURED IN HEAD",HEAD,"41,000"
2019,MONTHLY,OCT THRU DEC,NORTH CAROLINA,NC,37,"CATTLE, COWS, MILK - INVENTORY, AVG, MEASURED IN HEAD",HEAD,"41,000"
2019,MONTHLY,APR THRU JUN,NORTH DAKOTA,ND,38,"CATTLE, COWS, MILK - INVENTORY, AVG, MEASURED IN HEAD",HEAD,"14,500"
2019,MONTHLY,JAN THRU MAR,NORTH DAKOTA,ND,38,"CATTLE, COWS, MILK - INVENTORY, AVG, MEASURED IN HEAD",HEAD,"14,500"
2019,MONTHLY,JUL THRU SEP,NORTH DAKOTA,ND,38,"CATTLE, COWS, MILK - INVENTORY, AVG, MEASURED IN HEAD",HEAD,"15,000"
2019,MONTHLY,OCT THRU DEC,NORTH DAKOTA,ND,38,"CATTLE, COWS, MILK - INVENTORY, AVG, MEASURED IN HEAD",HEAD,"15,000"
2019,MONTHLY,APR THRU JUN,NEBRASKA,NE,31,"CATTLE, COWS, MILK - INVENTORY, AVG, MEASURED IN HEAD",HEAD,"58,000"
2019,MONTHLY,JAN THRU MAR,NEBRASKA,NE,31,"CATTLE, COWS, MILK - INVENTORY, AVG, MEASURED IN HEAD",HEAD,"59,000"
2019,MONTHLY,JUL THRU SEP,NEBRASKA,NE,31,"CATTLE, COWS, MILK - INVENTORY, AVG, MEASURED IN HEAD",HEAD,"58,000"
2019,MONTHLY,OCT THRU DEC,NEBRASKA,NE,31,"CATTLE, COWS, MILK - INVENTORY, AVG, MEASURED IN HEAD",HEAD,"58,000"
2019,MONTHLY,APR THRU JUN,NEW HAMPSHIRE,NH,33,"CATTLE, COWS, MILK - INVENTORY, AVG, MEASURED IN HEAD",HEAD,"11,500"
2019,MONTHLY,JAN THRU MAR,NEW HAMPSHIRE,NH,33,"CATTLE, COWS, MILK - INVENTORY, AVG, MEASURED IN HEAD",HEAD,"11,500"
2019,MONTHLY,JUL THRU SEP,NEW HAMPSHIRE,NH,33,"CATTLE, COWS, MILK - INVENTORY, AVG, MEASURED IN HEAD",HEAD,"11,000"
2019,MONTHLY,OCT THRU DEC,NEW HAMPSHIRE,NH,33,"CATTLE, COWS, MILK - INVENTORY, AVG, MEASURED IN HEAD",HEAD,"11,000"
2019,MONTHLY,APR THRU JUN,NEW JERSEY,NJ,34,"CATTLE, COWS, MILK - INVENTORY, AVG, MEASURED IN HEAD",HEAD,"4,800"
2019,MONTHLY,JAN THRU MAR,NEW JERSEY,NJ,34,"CATTLE, COWS, MILK - INVENTORY, AVG, MEASURED IN HEAD",HEAD,"5,000"
2019,MONTHLY,JUL THRU SEP,NEW JERSEY,NJ,34,"CATTLE, COWS, MILK - INVENTORY, AVG, MEASURED IN HEAD",HEAD,"4,800"
2019,MONTHLY,OCT THRU DEC,NEW JERSEY,NJ,34,"CATTLE, COWS, MILK - INVENTORY, AVG, MEASURED IN HEAD",HEAD,"4,700"
2019,MONTHLY,APR,NEW MEXICO,NM,35,"CATTLE, COWS, MILK - INVENTORY, AVG, MEASURED IN HEAD",HEAD,"321,000"
2019,MONTHLY,APR THRU JUN,NEW MEXICO,NM,35,"CATTLE, COWS, MILK - INVENTORY, AVG, MEASURED IN HEAD",HEAD,"323,000"
2019,MONTHLY,AUG,NEW MEXICO,NM,35,"CATTLE, COWS, MILK - INVENTORY, AVG, MEASURED IN HEAD",HEAD,"326,000"
2019,MONTHLY,DEC,NEW MEXICO,NM,35,"CATTLE, COWS, MILK - INVENTORY, AVG, MEASURED IN HEAD",HEAD,"330,000"
2019,MONTHLY,FEB,NEW MEXICO,NM,35,"CATTLE, COWS, MILK - INVENTORY, AVG, MEASURED IN HEAD",HEAD,"322,000"
2019,MONTHLY,JAN,NEW MEXICO,NM,35,"CATTLE, COWS, MILK - INVENTORY, AVG, MEASURED IN HEAD",HEAD,"324,000"
2019,MONTHLY,JAN THRU MAR,NEW MEXICO,NM,35,"CATTLE, COWS, MILK - INVENTORY, AVG, MEASURED IN HEAD",HEAD,"323,000"
2019,MONTHLY,JUL,NEW MEXICO,NM,35,"CATTLE, COWS, MILK - INVENTORY, AVG, MEASURED IN HEAD",HEAD,"326,000"
2019,MONTHLY,JUL THRU SEP,NEW MEXICO,NM,35,"CATTLE, COWS, MILK - INVENTORY, AVG, MEASURED IN HEAD",HEAD,"327,000"
2019,MONTHLY,JUN,NEW MEXICO,NM,35,"CATTLE, COWS, MILK - INVENTORY, AVG, MEASURED IN HEAD",HEAD,"324,000"
2019,MONTHLY,MAR,NEW MEXICO,NM,35,"CATTLE, COWS, MILK - INVENTORY, AVG, MEASURED IN HEAD",HEAD,"322,000"
2019,MONTHLY,MAY,NEW MEXICO,NM,35,"CATTLE, COWS, MILK - INVENTORY, AVG, MEASURED IN HEAD",HEAD,"324,000"
2019,MONTHLY,NOV,NEW MEXICO,NM,35,"CATTLE, COWS, MILK - INVENTORY, AVG, MEASURED IN HEAD",HEAD,"330,000"
2019,MONTHLY,OCT,NEW MEXICO,NM,35,"CATTLE, COWS, MILK - INVENTORY, AVG, MEASURED IN HEAD",HEAD,"330,000"
2019,MONTHLY,OCT THRU DEC,NEW MEXICO,NM,35,"CATTLE, COWS, MILK - INVENTORY, AVG, MEASURED IN HEAD",HEAD,"330,000"
2019,MONTHLY,SEP,NEW MEXICO,NM,35,"CATTLE, COWS, MILK - INVENTORY, AVG, MEASURED IN HEAD",HEAD,"329,000"
2019,MONTHLY,APR THRU JUN,NEVADA,NV,32,"CATTLE, COWS, MILK - INVENTORY, AVG, MEASURED IN HEAD",HEAD,"33,000"
2019,MONTHLY,JAN THRU MAR,NEVADA,NV,32,"CATTLE, COWS, MILK - INVENTORY, AVG, MEASURED IN HEAD",HEAD,"33,000"
2019,MONTHLY,JUL THRU SEP,NEVADA,NV,32,"CATTLE, COWS, MILK - INVENTORY, AVG, MEASURED IN HEAD",HEAD,"33,000"
2019,MONTHLY,OCT THRU DEC,NEVADA,NV,32,"CATTLE, COWS, MILK - INVENTORY, AVG, MEASURED IN HEAD",HEAD,"32,000"
2019,MONTHLY,APR,NEW YORK,NY,36,"CATTLE, COWS, MILK - INVENTORY, AVG, MEASURED IN HEAD",HEAD,"627,000"
2019,MONTHLY,APR THRU JUN,NEW YORK,NY,36,"CATTLE, COWS, MILK - INVENTORY, AVG, MEASURED IN HEAD",HEAD,"627,000"
2019,MONTHLY,AUG,NEW YORK,NY,36,"CATTLE, COWS, MILK - INVENTORY, AVG, MEASURED IN HEAD",HEAD,"627,000"
2019,MONTHLY,DEC,NEW YORK,NY,36,"CATTLE, COWS, MILK - INVENTORY, AVG, MEASURED IN HEAD",HEAD,"626,000"
2019,MONTHLY,FEB,NEW YORK,NY,36,"CATTLE, COWS, MILK - INVENTORY, AVG, MEASURED IN HEAD",HEAD,"627,000"
2019,MONTHLY,JAN,NEW YORK,NY,36,"CATTLE, COWS, MILK - INVENTORY, AVG, MEASURED IN HEAD",HEAD,"627,000"
2019,MONTHLY,JAN THRU MAR,NEW YORK,NY,36,"CATTLE, COWS, MILK - INVENTORY, AVG, MEASURED IN HEAD",HEAD,"627,000"
2019,MONTHLY,JUL,NEW YORK,NY,36,"CATTLE, COWS, MILK - INVENTORY, AVG, MEASURED IN HEAD",HEAD,"627,000"
2019,MONTHLY,JUL THRU SEP,NEW YORK,NY,36,"CATTLE, COWS, MILK - INVENTORY, AVG, MEASURED IN HEAD",HEAD,"627,000"
2019,MONTHLY,JUN,NEW YORK,NY,36,"CATTLE, COWS, MILK - INVENTORY, AVG, MEASURED IN HEAD",HEAD,"627,000"
2019,MONTHLY,MAR,NEW YORK,NY,36,"CATTLE, COWS, MILK - INVENTORY, AVG, MEASURED IN HEAD",HEAD,"627,000"
2019,MONTHLY,MAY,NEW YORK,NY,36,"CATTLE, COWS, MILK - INVENTORY, AVG, MEASURED IN HEAD",HEAD,"627,000"
2019,MONTHLY,NOV,NEW YORK,NY,36,"CATTLE, COWS, MILK - INVENTORY, AVG, MEASURED IN HEAD",HEAD,"626,000"
2019,MONTHLY,OCT,NEW YORK,NY,36,"CATTLE, COWS, MILK - INVENTORY, AVG, MEASURED IN HEAD",HEAD,"626,000"
2019,MONTHLY,OCT THRU DEC,NEW YORK,NY,36,"CATTLE, COWS, MILK - INVENTORY, AVG, MEASURED IN HEAD",HEAD,"626,000"
2019,MONTHLY,SEP,NEW YORK,NY,36,"CATTLE, COWS, MILK - INVENTORY, AVG, MEASURED IN HEAD",HEAD,"627,000"
2019,MONTHLY,APR,OHIO,OH,39,"CATTLE, COWS, MILK - INVENTORY, AVG, MEASURED IN HEAD",HEAD,"250,000"
2019,MONTHLY,APR THRU JUN,OHIO,OH,39,"CATTLE, COWS, MILK - INVENTORY, AVG, MEASURED IN HEAD",HEAD,"249,000"
2019,MONTHLY,AUG,OHIO,OH,39,"CATTLE, COWS, MILK - INVENTORY, AVG, MEASURED IN HEAD",HEAD,"250,000"
2019,MONTHLY,DEC,OHIO,OH,39,"CATTLE, COWS, MILK - INVENTORY, AVG, MEASURED IN HEAD",HEAD,"252,000"
2019,MONTHLY,FEB,OHIO,OH,39,"CATTLE, COWS, MILK - INVENTORY, AVG, MEASURED IN HEAD",HEAD,"253,000"
2019,MONTHLY,JAN,OHIO,OH,39,"CATTLE, COWS, MILK - INVENTORY, AVG, MEASURED IN HEAD",HEAD,"253,000"
2019,MONTHLY,JAN THRU MAR,OHIO,OH,39,"CATTLE, COWS, MILK - INVENTORY, AVG, MEASURED IN HEAD",HEAD,"252,000"
2019,MONTHLY,JUL,OHIO,OH,39,"CATTLE, COWS, MILK - INVENTORY, AVG, MEASURED IN HEAD",HEAD,"250,000"
2019,MONTHLY,JUL THRU SEP,OHIO,OH,39,"CATTLE, COWS, MILK - INVENTORY, AVG, MEASURED IN HEAD",HEAD,"251,000"
2019,MONTHLY,JUN,OHIO,OH,39,"CATTLE, COWS, MILK - INVENTORY, AVG, MEASURED IN HEAD",HEAD,"249,000"
2019,MONTHLY,MAR,OHIO,OH,39,"CATTLE, COWS, MILK - INVENTORY, AVG, MEASURED IN HEAD",HEAD,"251,000"
2019,MONTHLY,MAY,OHIO,OH,39,"CATTLE, COWS, MILK - INVENTORY, AVG, MEASURED IN HEAD",HEAD,"249,000"
2019,MONTHLY,NOV,OHIO,OH,39,"CATTLE, COWS, MILK - INVENTORY, AVG, MEASURED IN HEAD",HEAD,"252,000"
2019,MONTHLY,OCT,OHIO,OH,39,"CATTLE, COWS, MILK - INVENTORY, AVG, MEASURED IN HEAD",HEAD,"252,000"
2019,MONTHLY,OCT THRU DEC,OHIO,OH,39,"CATTLE, COWS, MILK - INVENTORY, AVG, MEASURED IN HEAD",HEAD,"252,000"
2019,MONTHLY,SEP,OHIO,OH,39,"CATTLE, COWS, MILK - INVENTORY, AVG, MEASURED IN HEAD",HEAD,"252,000"
2019,MONTHLY,APR THRU JUN,OKLAHOMA,OK,40,"CATTLE, COWS, MILK - INVENTORY, AVG, MEASURED IN HEAD",HEAD,"41,000"
2019,MONTHLY,JAN THRU MAR,OKLAHOMA,OK,40,"CATTLE, COWS, MILK - INVENTORY, AVG, MEASURED IN HEAD",HEAD,"41,000"
2019,MONTHLY,JUL THRU SEP,OKLAHOMA,OK,40,"CATTLE, COWS, MILK - INVENTORY, AVG, MEASURED IN HEAD",HEAD,"41,000"
2019,MONTHLY,OCT THRU DEC,OKLAHOMA,OK,40,"CATTLE, COWS, MILK - INVENTORY, AVG, MEASURED IN HEAD",HEAD,"41,000"
2019,MONTHLY,APR,OREGON,OR,41,"CATTLE, COWS, MILK - INVENTORY, AVG, MEASURED IN HEAD",HEAD,"124,000"
2019,MONTHLY,APR THRU JUN,OREGON,OR,41,"CATTLE, COWS, MILK - INVENTORY, AVG, MEASURED IN HEAD",HEAD,"124,000"
2019,MONTHLY,AUG,OREGON,OR,41,"CATTLE, COWS, MILK - INVENTORY, AVG, MEASURED IN HEAD",HEAD,"126,000"
2019,MONTHLY,DEC,OREGON,OR,41,"CATTLE, COWS, MILK - INVENTORY, AVG, MEASURED IN HEAD",HEAD,"127,000"
2019,MONTHLY,FEB,OREGON,OR,41,"CATTLE, COWS, MILK - INVENTORY, AVG, MEASURED IN HEAD",HEAD,"125,000"
2019,MONTHLY,JAN,OREGON,OR,41,"CATTLE, COWS, MILK - INVENTORY, AVG, MEASURED IN HEAD",HEAD,"126,000"
2019,MONTHLY,JAN THRU MAR,OREGON,OR,41,"CATTLE, COWS, MILK - INVENTORY, AVG, MEASURED IN HEAD",HEAD,"125,000"
2019,MONTHLY,JUL,OREGON,OR,41,"CATTLE, COWS, MILK - INVENTORY, AVG, MEASURED IN HEAD",HEAD,"126,000"
2019,MONTHLY,JUL THRU SEP,OREGON,OR,41,"CATTLE, COWS, MILK - INVENTORY, AVG, MEASURED IN HEAD",HEAD,"126,000"
2019,MONTHLY,JUN,OREGON,OR,41,"CATTLE, COWS, MILK - INVENTORY, AVG, MEASURED IN HEAD",HEAD,"125,000"
2019,MONTHLY,MAR,OREGON,OR,41,"CATTLE, COWS, MILK - INVENTORY, AVG, MEASURED IN HEAD",HEAD,"124,000"
2019,MONTHLY,MAY,OREGON,OR,41,"CATTLE, COWS, MILK - INVENTORY, AVG, MEASURED IN HEAD",HEAD,"124,000"
2019,MONTHLY,NOV,OREGON,OR,41,"CATTLE, COWS, MILK - INVENTORY, AVG, MEASURED IN HEAD",HEAD,"127,000"
2019,MONTHLY,OCT,OREGON,OR,41,"CATTLE, COWS, MILK - INVENTORY, AVG, MEASURED IN HEAD",HEAD,"127,000"
2019,MONTHLY,OCT THRU DEC,OREGON,OR,41,"CATTLE, COWS, MILK - INVENTORY, AVG, MEASURED IN HEAD",HEAD,"127,000"
2019,MONTHLY,SEP,OREGON,OR,41,"CATTLE, COWS, MILK - INVENTORY, AVG, MEASURED IN HEAD",HEAD,"126,000"
2019,MONTHLY,APR THRU JUN,OTHER STATES,OT,98,"CATTLE, COWS, MILK - INVENTORY, AVG, MEASURED IN HEAD",HEAD,"1,000"
2019,MONTHLY,JAN THRU MAR,OTHER STATES,OT,98,"CATTLE, COWS, MILK - INVENTORY, AVG, MEASURED IN HEAD",HEAD,"1,400"
2019,MONTHLY,JUL THRU SEP,OTHER STATES,OT,98,"CATTLE, COWS, MILK - INVENTORY, AVG, MEASURED IN HEAD",HEAD,"1,000"
2019,MONTHLY,OCT THRU DEC,OTHER STATES,OT,98,"CATTLE, COWS, MILK - INVENTORY, AVG, MEASURED IN HEAD",HEAD,"1,100"
2019,MONTHLY,APR,PENNSYLVANIA,PA,42,"CATTLE, COWS, MILK - INVENTORY, AVG, MEASURED IN HEAD",HEAD,"491,000"
2019,MONTHLY,APR THRU JUN,PENNSYLVANIA,PA,42,"CATTLE, COWS, MILK - INVENTORY, AVG, MEASURED IN HEAD",HEAD,"490,000"
2019,MONTHLY,AUG,PENNSYLVANIA,PA,42,"CATTLE, COWS, MILK - INVENTORY, AVG, MEASURED IN HEAD",HEAD,"485,000"
2019,MONTHLY,DEC,PENNSYLVANIA,PA,42,"CATTLE, COWS, MILK - INVENTORY, AVG, MEASURED IN HEAD",HEAD,"483,000"
2019,MONTHLY,FEB,PENNSYLVANIA,PA,42,"CATTLE, COWS, MILK - INVENTORY, AVG, MEASURED IN HEAD",HEAD,"497,000"
2019,MONTHLY,JAN,PENNSYLVANIA,PA,42,"CATTLE, COWS, MILK - INVENTORY, AVG, MEASURED IN HEAD",HEAD,"500,000"
2019,MONTHLY,JAN THRU MAR,PENNSYLVANIA,PA,42,"CATTLE, COWS, MILK - INVENTORY, AVG, MEASURED IN HEAD",HEAD,"496,000"
2019,MONTHLY,JUL,PENNSYLVANIA,PA,42,"CATTLE, COWS, MILK - INVENTORY, AVG, MEASURED IN HEAD",HEAD,"485,000"
2019,MONTHLY,JUL THRU SEP,PENNSYLVANIA,PA,42,"CATTLE, COWS, MILK - INVENTORY, AVG, MEASURED IN HEAD",HEAD,"485,000"
2019,MONTHLY,JUN,PENNSYLVANIA,PA,42,"CATTLE, COWS, MILK - INVENTORY, AVG, MEASURED IN HEAD",HEAD,"490,000"
2019,MONTHLY,MAR,PENNSYLVANIA,PA,42,"CATTLE, COWS, MILK - INVENTORY, AVG, MEASURED IN HEAD",HEAD,"492,000"
2019,MONTHLY,MAY,PENNSYLVANIA,PA,42,"CATTLE, COWS, MILK - INVENTORY, AVG, MEASURED IN HEAD",HEAD,"490,000"
2019,MONTHLY,NOV,PENNSYLVANIA,PA,42,"CATTLE, COWS, MILK - INVENTORY, AVG, MEASURED IN HEAD",HEAD,"485,000"
2019,MONTHLY,OCT,PENNSYLVANIA,PA,42,"CATTLE, COWS, MILK - INVENTORY, AVG, MEASURED IN HEAD",HEAD,"485,000"
2019,MONTHLY,OCT THRU DEC,PENNSYLVANIA,PA,42,"CATTLE, COWS, MILK - INVENTORY, AVG, MEASURED IN HEAD",HEAD,"484,000"
2019,MONTHLY,SEP,PENNSYLVANIA,PA,42,"CATTLE, COWS, MILK - INVENTORY, AVG, MEASURED IN HEAD",HEAD,"485,000"
2019,MONTHLY,APR THRU JUN,RHODE ISLAND,RI,44,"CATTLE, COWS, MILK - INVENTORY, AVG, MEASURED IN HEAD",HEAD,600
2019,MONTHLY,JAN THRU MAR,RHODE ISLAND,RI,44,"CATTLE, COWS, MILK - INVENTORY, AVG, MEASURED IN HEAD",HEAD,700
2019,MONTHLY,JUL THRU SEP,RHODE ISLAND,RI,44,"CATTLE, COWS, MILK - INVENTORY, AVG, MEASURED IN HEAD",HEAD,600
2019,MONTHLY,OCT THRU DEC,RHODE ISLAND,RI,44,"CATTLE, COWS, MILK - INVENTORY, AVG, MEASURED IN HEAD",HEAD,600
2019,MONTHLY,APR THRU JUN,SOUTH CAROLINA,SC,45,"CATTLE, COWS, MILK - INVENTORY, AVG, MEASURED IN HEAD",HEAD,"12,000"
2019,MONTHLY,JAN THRU MAR,SOUTH CAROLINA,SC,45,"CATTLE, COWS, MILK - INVENTORY, AVG, MEASURED IN HEAD",HEAD,"13,000"
2019,MONTHLY,JUL THRU SEP,SOUTH CAROLINA,SC,45,"CATTLE, COWS, MILK - INVENTORY, AVG, MEASURED IN HEAD",HEAD,"11,000"
2019,MONTHLY,OCT THRU DEC,SOUTH CAROLINA,SC,45,"CATTLE, COWS, MILK - INVENTORY, AVG, MEASURED IN HEAD",HEAD,"11,000"
2019,MONTHLY,APR,SOUTH DAKOTA,SD,46,"CATTLE, COWS, MILK - INVENTORY, AVG, MEASURED IN HEAD",HEAD,"123,000"
2019,MONTHLY,APR THRU JUN,SOUTH DAKOTA,SD,46,"CATTLE, COWS, MILK - INVENTORY, AVG, MEASURED IN HEAD",HEAD,"123,000"
2019,MONTHLY,AUG,SOUTH DAKOTA,SD,46,"CATTLE, COWS, MILK - INVENTORY, AVG, MEASURED IN HEAD",HEAD,"124,000"
2019,MONTHLY,DEC,SOUTH DAKOTA,SD,46,"CATTLE, COWS, MILK - INVENTORY, AVG, MEASURED IN HEAD",HEAD,"127,000"
2019,MONTHLY,FEB,SOUTH DAKOTA,SD,46,"CATTLE, COWS, MILK - INVENTORY, AVG, MEASURED IN HEAD",HEAD,"124,000"
2019,MONTHLY,JAN,SOUTH DAKOTA,SD,46,"CATTLE, COWS, MILK - INVENTORY, AVG, MEASURED IN HEAD",HEAD,"124,000"
2019,MONTHLY,JAN THRU MAR,SOUTH DAKOTA,SD,46,"CATTLE, COWS, MILK - INVENTORY, AVG, MEASURED IN HEAD",HEAD,"124,000"
2019,MONTHLY,JUL,SOUTH DAKOTA,SD,46,"CATTLE, COWS, MILK - INVENTORY, AVG, MEASURED IN HEAD",HEAD,"123,000"
2019,MONTHLY,JUL THRU SEP,SOUTH DAKOTA,SD,46,"CATTLE, COWS, MILK - INVENTORY, AVG, MEASURED IN HEAD",HEAD,"124,000"
2019,MONTHLY,JUN,SOUTH DAKOTA,SD,46,"CATTLE, COWS, MILK - INVENTORY, AVG, MEASURED IN HEAD",HEAD,"123,000"
2019,MONTHLY,MAR,SOUTH DAKOTA,SD,46,"CATTLE, COWS, MILK - INVENTORY, AVG, MEASURED IN HEAD",HEAD,"124,000"
2019,MONTHLY,MAY,SOUTH DAKOTA,SD,46,"CATTLE, COWS, MILK - INVENTORY, AVG, MEASURED IN HEAD",HEAD,"123,000"
2019,MONTHLY,NOV,SOUTH DAKOTA,SD,46,"CATTLE, COWS, MILK - INVENTORY, AVG, MEASURED IN HEAD",HEAD,"127,000"
2019,MONTHLY,OCT,SOUTH DAKOTA,SD,46,"CATTLE, COWS, MILK - INVENTORY, AVG, MEASURED IN HEAD",HEAD,"127,000"
2019,MONTHLY,OCT THRU DEC,SOUTH DAKOTA,SD,46,"CATTLE, COWS, MILK - INVENTORY, AVG, MEASURED IN HEAD",HEAD,"127,000"
2019,MONTHLY,SEP,SOUTH DAKOTA,SD,46,"CATTLE, COWS, MILK - INVENTORY, AVG, MEASURED IN HEAD",HEAD,"126,000"
2019,MONTHLY,APR THRU JUN,TENNESSEE,TN,47,"CATTLE, COWS, MILK - INVENTORY, AVG, MEASURED IN HEAD",HEAD,"32,000"
2019,MONTHLY,JAN THRU MAR,TENNESSEE,TN,47,"CATTLE, COWS, MILK - INVENTORY, AVG, MEASURED IN HEAD",HEAD,"33,000"
2019,MONTHLY,JUL THRU SEP,TENNESSEE,TN,47,"CATTLE, COWS, MILK - INVENTORY, AVG, MEASURED IN HEAD",HEAD,"31,000"
2019,MONTHLY,OCT THRU DEC,TENNESSEE,TN,47,"CATTLE, COWS, MILK - INVENTORY, AVG, MEASURED IN HEAD",HEAD,"31,000"
2019,MONTHLY,APR,TEXAS,TX,48,"CATTLE, COWS, MILK - INVENTORY, AVG, MEASURED IN HEAD",HEAD,"562,000"
2019,MONTHLY,APR THRU JUN,TEXAS,TX,48,"CATTLE, COWS, MILK - INVENTORY, AVG, MEASURED IN HEAD",HEAD,"564,000"
2019,MONTHLY,AUG,TEXAS,TX,48,"CATTLE, COWS, MILK - INVENTORY, AVG, MEASURED IN HEAD",HEAD,"567,000"
2019,MONTHLY,DEC,TEXAS,TX,48,"CATTLE, COWS, MILK - INVENTORY, AVG, MEASURED IN HEAD",HEAD,"580,000"
2019,MONTHLY,FEB,TEXAS,TX,48,"CATTLE, COWS, MILK - INVENTORY, AVG, MEASURED IN HEAD",HEAD,"553,000"
2019,MONTHLY,JAN,TEXAS,TX,48,"CATTLE, COWS, MILK - INVENTORY, AVG, MEASURED IN HEAD",HEAD,"548,000"
2019,MONTHLY,JAN THRU MAR,TEXAS,TX,48,"CATTLE, COWS, MILK - INVENTORY, AVG, MEASURED IN HEAD",HEAD,"553,000"
2019,MONTHLY,JUL,TEXAS,TX,48,"CATTLE, COWS, MILK - INVENTORY, AVG, MEASURED IN HEAD",HEAD,"565,000"
2019,MONTHLY,JUL THRU SEP,TEXAS,TX,48,"CATTLE, COWS, MILK - INVENTORY, AVG, MEASURED IN HEAD",HEAD,"567,000"
2019,MONTHLY,JUN,TEXAS,TX,48,"CATTLE, COWS, MILK - INVENTORY, AVG, MEASURED IN HEAD",HEAD,"565,000"
2019,MONTHLY,MAR,TEXAS,TX,48,"CATTLE, COWS, MILK - INVENTORY, AVG, MEASURED IN HEAD",HEAD,"557,000"
2019,MONTHLY,MAY,TEXAS,TX,48,"CATTLE, COWS, MILK - INVENTORY, AVG, MEASURED IN HEAD",HEAD,"565,000"
2019,MONTHLY,NOV,TEXAS,TX,48,"CATTLE, COWS, MILK - INVENTORY, AVG, MEASURED IN HEAD",HEAD,"575,000"
2019,MONTHLY,OCT,TEXAS,TX,48,"CATTLE, COWS, MILK - INVENTORY, AVG, MEASURED IN HEAD",HEAD,"575,000"
2019,MONTHLY,OCT THRU DEC,TEXAS,TX,48,"CATTLE, COWS, MILK - INVENTORY, AVG, MEASURED IN HEAD",HEAD,"577,000"
2019,MONTHLY,SEP,TEXAS,TX,48,"CATTLE, COWS, MILK - INVENTORY, AVG, MEASURED IN HEAD",HEAD,"570,000"
2019,MONTHLY,APR,US TOTAL,US,99,"CATTLE, COWS, MILK - INVENTORY, AVG, MEASURED IN HEAD",HEAD,"9,326,000"
2019,MONTHLY,APR THRU JUN,US TOTAL,US,99,"CATTLE, COWS, MILK - INVENTORY, AVG, MEASURED IN HEAD",HEAD,"9,328,000"
2019,MONTHLY,AUG,US TOTAL,US,99,"CATTLE, COWS, MILK - INVENTORY, AVG, MEASURED IN HEAD",HEAD,"9,320,000"
2019,MONTHLY,DEC,US TOTAL,US,99,"CATTLE, COWS, MILK - INVENTORY, AVG, MEASURED IN HEAD",HEAD,"9,349,000"
2019,MONTHLY,FEB,US TOTAL,US,99,"CATTLE, COWS, MILK - INVENTORY, AVG, MEASURED IN HEAD",HEAD,"9,344,000"
2019,MONTHLY,JAN,US TOTAL,US,99,"CATTLE, COWS, MILK - INVENTORY, AVG, MEASURED IN HEAD",HEAD,"9,351,000"
2019,MONTHLY,JAN THRU MAR,US TOTAL,US,99,"CATTLE, COWS, MILK - INVENTORY, AVG, MEASURED IN HEAD",HEAD,"9,341,000"
2019,MONTHLY,JUL,US TOTAL,US,99,"CATTLE, COWS, MILK - INVENTORY, AVG, MEASURED IN HEAD",HEAD,"9,318,000"
2019,MONTHLY,JUL THRU SEP,US TOTAL,US,99,"CATTLE, COWS, MILK - INVENTORY, AVG, MEASURED IN HEAD",HEAD,"9,325,000"
2019,MONTHLY,JUN,US TOTAL,US,99,"CATTLE, COWS, MILK - INVENTORY, AVG, MEASURED IN HEAD",HEAD,"9,327,000"
2019,MONTHLY,MAR,US TOTAL,US,99,"CATTLE, COWS, MILK - INVENTORY, AVG, MEASURED IN HEAD",HEAD,"9,329,000"
2019,MONTHLY,MAY,US TOTAL,US,99,"CATTLE, COWS, MILK - INVENTORY, AVG, MEASURED IN HEAD",HEAD,"9,331,000"
2019,MONTHLY,NOV,US TOTAL,US,99,"CATTLE, COWS, MILK - INVENTORY, AVG, MEASURED IN HEAD",HEAD,"9,345,000"
2019,MONTHLY,OCT,US TOTAL,US,99,"CATTLE, COWS, MILK - INVENTORY, AVG, MEASURED IN HEAD",HEAD,"9,348,000"
2019,MONTHLY,OCT THRU DEC,US TOTAL,US,99,"CATTLE, COWS, MILK - INVENTORY, AVG, MEASURED IN HEAD",HEAD,"9,347,000"
2019,MONTHLY,SEP,US TOTAL,US,99,"CATTLE, COWS, MILK - INVENTORY, AVG, MEASURED IN HEAD",HEAD,"9,338,000"
2019,MONTHLY,APR,UTAH,UT,49,"CATTLE, COWS, MILK - INVENTORY, AVG, MEASURED IN HEAD",HEAD,"98,000"
2019,MONTHLY,APR THRU JUN,UTAH,UT,49,"CATTLE, COWS, MILK - INVENTORY, AVG, MEASURED IN HEAD",HEAD,"98,000"
2019,MONTHLY,AUG,UTAH,UT,49,"CATTLE, COWS, MILK - INVENTORY, AVG, MEASURED IN HEAD",HEAD,"96,000"
2019,MONTHLY,DEC,UTAH,UT,49,"CATTLE, COWS, MILK - INVENTORY, AVG, MEASURED IN HEAD",HEAD,"97,000"
2019,MONTHLY,FEB,UTAH,UT,49,"CATTLE, COWS, MILK - INVENTORY, AVG, MEASURED IN HEAD",HEAD,"99,000"
2019,MONTHLY,JAN,UTAH,UT,49,"CATTLE, COWS, MILK - INVENTORY, AVG, MEASURED IN HEAD",HEAD,"100,000"
2019,MONTHLY,JAN THRU MAR,UTAH,UT,49,"CATTLE, COWS, MILK - INVENTORY, AVG, MEASURED IN HEAD",HEAD,"99,000"
2019,MONTHLY,JUL,UTAH,UT,49,"CATTLE, COWS, MILK - INVENTORY, AVG, MEASURED IN HEAD",HEAD,"97,000"
2019,MONTHLY,JUL THRU SEP,UTAH,UT,49,"CATTLE, COWS, MILK - INVENTORY, AVG, MEASURED IN HEAD",HEAD,"97,000"
2019,MONTHLY,JUN,UTAH,UT,49,"CATTLE, COWS, MILK - INVENTORY, AVG, MEASURED IN HEAD",HEAD,"97,000"
2019,MONTHLY,MAR,UTAH,UT,49,"CATTLE, COWS, MILK - INVENTORY, AVG, MEASURED IN HEAD",HEAD,"98,000"
2019,MONTHLY,MAY,UTAH,UT,49,"CATTLE, COWS, MILK - INVENTORY, AVG, MEASURED IN HEAD",HEAD,"98,000"
2019,MONTHLY,NOV,UTAH,UT,49,"CATTLE, COWS, MILK - INVENTORY, AVG, MEASURED IN HEAD",HEAD,"97,000"
2019,MONTHLY,OCT,UTAH,UT,49,"CATTLE, COWS, MILK - INVENTORY, AVG, MEASURED IN HEAD",HEAD,"97,000"
2019,MONTHLY,OCT THRU DEC,UTAH,UT,49,"CATTLE, COWS, MILK - INVENTORY, AVG, MEASURED IN HEAD",HEAD,"97,000"
2019,MONTHLY,SEP,UTAH,UT,49,"CATTLE, COWS, MILK - INVENTORY, AVG, MEASURED IN HEAD",HEAD,"97,000"
2019,MONTHLY,APR,VIRGINIA,VA,51,"CATTLE, COWS, MILK - INVENTORY, AVG, MEASURED IN HEAD",HEAD,"76,000"
2019,MONTHLY,APR THRU JUN,VIRGINIA,VA,51,"CATTLE, COWS, MILK - INVENTORY, AVG, MEASURED IN HEAD",HEAD,"75,000"
2019,MONTHLY,AUG,VIRGINIA,VA,51,"CATTLE, COWS, MILK - INVENTORY, AVG, MEASURED IN HEAD",HEAD,"74,000"
2019,MONTHLY,DEC,VIRGINIA,VA,51,"CATTLE, COWS, MILK - INVENTORY, AVG, MEASURED IN HEAD",HEAD,"74,000"
2019,MONTHLY,FEB,VIRGINIA,VA,51,"CATTLE, COWS, MILK - INVENTORY, AVG, MEASURED IN HEAD",HEAD,"78,000"
2019,MONTHLY,JAN,VIRGINIA,VA,51,"CATTLE, COWS, MILK - INVENTORY, AVG, MEASURED IN HEAD",HEAD,"78,000"
2019,MONTHLY,JAN THRU MAR,VIRGINIA,VA,51,"CATTLE, COWS, MILK - INVENTORY, AVG, MEASURED IN HEAD",HEAD,"77,000"
2019,MONTHLY,JUL,VIRGINIA,VA,51,"CATTLE, COWS, MILK - INVENTORY, AVG, MEASURED IN HEAD",HEAD,"74,000"
2019,MONTHLY,JUL THRU SEP,VIRGINIA,VA,51,"CATTLE, COWS, MILK - INVENTORY, AVG, MEASURED IN HEAD",HEAD,"74,000"
2019,MONTHLY,JUN,VIRGINIA,VA,51,"CATTLE, COWS, MILK - INVENTORY, AVG, MEASURED IN HEAD",HEAD,"74,000"
2019,MONTHLY,MAR,VIRGINIA,VA,51,"CATTLE, COWS, MILK - INVENTORY, AVG, MEASURED IN HEAD",HEAD,"76,000"
2019,MONTHLY,MAY,VIRGINIA,VA,51,"CATTLE, COWS, MILK - INVENTORY, AVG, MEASURED IN HEAD",HEAD,"76,000"
2019,MONTHLY,NOV,VIRGINIA,VA,51,"CATTLE, COWS, MILK - INVENTORY, AVG, MEASURED IN HEAD",HEAD,"74,000"
2019,MONTHLY,OCT,VIRGINIA,VA,51,"CATTLE, COWS, MILK - INVENTORY, AVG, MEASURED IN HEAD",HEAD,"74,000"
2019,MONTHLY,OCT THRU DEC,VIRGINIA,VA,51,"CATTLE, COWS, MILK - INVENTORY, AVG, MEASURED IN HEAD",HEAD,"74,000"
2019,MONTHLY,SEP,VIRGINIA,VA,51,"CATTLE, COWS, MILK - INVENTORY, AVG, MEASURED IN HEAD",HEAD,"74,000"
2019,MONTHLY,APR,VERMONT,VT,50,"CATTLE, COWS, MILK - INVENTORY, AVG, MEASURED IN HEAD",HEAD,"126,000"
2019,MONTHLY,APR THRU JUN,VERMONT,VT,50,"CATTLE, COWS, MILK - INVENTORY, AVG, MEASURED IN HEAD",HEAD,"126,000"
2019,MONTHLY,AUG,VERMONT,VT,50,"CATTLE, COWS, MILK - INVENTORY, AVG, MEASURED IN HEAD",HEAD,"126,000"
2019,MONTHLY,DEC,VERMONT,VT,50,"CATTLE, COWS, MILK - INVENTORY, AVG, MEASURED IN HEAD",HEAD,"124,000"
2019,MONTHLY,FEB,VERMONT,VT,50,"CATTLE, COWS, MILK - INVENTORY, AVG, MEASURED IN HEAD",HEAD,"126,000"
2019,MONTHLY,JAN,VERMONT,VT,50,"CATTLE, COWS, MILK - INVENTORY, AVG, MEASURED IN HEAD",HEAD,"126,000"
2019,MONTHLY,JAN THRU MAR,VERMONT,VT,50,"CATTLE, COWS, MILK - INVENTORY, AVG, MEASURED IN HEAD",HEAD,"126,000"
2019,MONTHLY,JUL,VERMONT,VT,50,"CATTLE, COWS, MILK - INVENTORY, AVG, MEASURED IN HEAD",HEAD,"126,000"
2019,MONTHLY,JUL THRU SEP,VERMONT,VT,50,"CATTLE, COWS, MILK - INVENTORY, AVG, MEASURED IN HEAD",HEAD,"126,000"
2019,MONTHLY,JUN,VERMONT,VT,50,"CATTLE, COWS, MILK - INVENTORY, AVG, MEASURED IN HEAD",HEAD,"126,000"
2019,MONTHLY,MAR,VERMONT,VT,50,"CATTLE, COWS, MILK - INVENTORY, AVG, MEASURED IN HEAD",HEAD,"126,000"
2019,MONTHLY,MAY,VERMONT,VT,50,"CATTLE, COWS, MILK - INVENTORY, AVG, MEASURED IN HEAD",HEAD,"126,000"
2019,MONTHLY,NOV,VERMONT,VT,50,"CATTLE, COWS, MILK - INVENTORY, AVG, MEASURED IN HEAD",HEAD,"124,000"
2019,MONTHLY,OCT,VERMONT,VT,50,"CATTLE, COWS, MILK - INVENTORY, AVG, MEASURED IN HEAD",HEAD,"125,000"
2019,MONTHLY,OCT THRU DEC,VERMONT,VT,50,"CATTLE, COWS, MILK - INVENTORY, AVG, MEASURED IN HEAD",HEAD,"124,000"
2019,MONTHLY,SEP,VERMONT,VT,50,"CATTLE, COWS, MILK - INVENTORY, AVG, MEASURED IN HEAD",HEAD,"125,000"
2019,MONTHLY,APR,WASHINGTON,WA,53,"CATTLE, COWS, MILK - INVENTORY, AVG, MEASURED IN HEAD",HEAD,"278,000"
2019,MONTHLY,APR THRU JUN,WASHINGTON,WA,53,"CATTLE, COWS, MILK - INVENTORY, AVG, MEASURED IN HEAD",HEAD,"278,000"
2019,MONTHLY,AUG,WASHINGTON,WA,53,"CATTLE, COWS, MILK - INVENTORY, AVG, MEASURED IN HEAD",HEAD,"281,000"
2019,MONTHLY,DEC,WASHINGTON,WA,53,"CATTLE, COWS, MILK - INVENTORY, AVG, MEASURED IN HEAD",HEAD,"282,000"
2019,MONTHLY,FEB,WASHINGTON,WA,53,"CATTLE, COWS, MILK - INVENTORY, AVG, MEASURED IN HEAD",HEAD,"278,000"
2019,MONTHLY,JAN,WASHINGTON,WA,53,"CATTLE, COWS, MILK - INVENTORY, AVG, MEASURED IN HEAD",HEAD,"280,000"
2019,MONTHLY,JAN THRU MAR,WASHINGTON,WA,53,"CATTLE, COWS, MILK - INVENTORY, AVG, MEASURED IN HEAD",HEAD,"278,000"
2019,MONTHLY,JUL,WASHINGTON,WA,53,"CATTLE, COWS, MILK - INVENTORY, AVG, MEASURED IN HEAD",HEAD,"281,000"
2019,MONTHLY,JUL THRU SEP,WASHINGTON,WA,53,"CATTLE, COWS, MILK - INVENTORY, AVG, MEASURED IN HEAD",HEAD,"281,000"
2019,MONTHLY,JUN,WASHINGTON,WA,53,"CATTLE, COWS, MILK - INVENTORY, AVG, MEASURED IN HEAD",HEAD,"278,000"
2019,MONTHLY,MAR,WASHINGTON,WA,53,"CATTLE, COWS, MILK - INVENTORY, AVG, MEASURED IN HEAD",HEAD,"277,000"
2019,MONTHLY,MAY,WASHINGTON,WA,53,"CATTLE, COWS, MILK - INVENTORY, AVG, MEASURED IN HEAD",HEAD,"278,000"
2019,MONTHLY,NOV,WASHINGTON,WA,53,"CATTLE, COWS, MILK - INVENTORY, AVG, MEASURED IN HEAD",HEAD,"281,000"
2019,MONTHLY,OCT,WASHINGTON,WA,53,"CATTLE, COWS, MILK - INVENTORY, AVG, MEASURED IN HEAD",HEAD,"281,000"
2019,MONTHLY,OCT THRU DEC,WASHINGTON,WA,53,"CATTLE, COWS, MILK - INVENTORY, AVG, MEASURED IN HEAD",HEAD,"281,000"
2019,MONTHLY,SEP,WASHINGTON,WA,53,"CATTLE, COWS, MILK - INVENTORY, AVG, MEASURED IN HEAD",HEAD,"281,000"
2019,MONTHLY,APR,WISCONSIN,WI,55,"CATTLE, COWS, MILK - INVENTORY, AVG, MEASURED IN HEAD",HEAD,"1,269,000"
2019,MONTHLY,APR THRU JUN,WISCONSIN,WI,55,"CATTLE, COWS, MILK - INVENTORY, AVG, MEASURED IN HEAD",HEAD,"1,269,000"
2019,MONTHLY,AUG,WISCONSIN,WI,55,"CATTLE, COWS, MILK - INVENTORY, AVG, MEASURED IN HEAD",HEAD,"1,267,000"
2019,MONTHLY,DEC,WISCONSIN,WI,55,"CATTLE, COWS, MILK - INVENTORY, AVG, MEASURED IN HEAD",HEAD,"1,262,000"
2019,MONTHLY,FEB,WISCONSIN,WI,55,"CATTLE, COWS, MILK - INVENTORY, AVG, MEASURED IN HEAD",HEAD,"1,270,000"
2019,MONTHLY,JAN,WISCONSIN,WI,55,"CATTLE, COWS, MILK - INVENTORY, AVG, MEASURED IN HEAD",HEAD,"1,270,000"
2019,MONTHLY,JAN THRU MAR,WISCONSIN,WI,55,"CATTLE, COWS, MILK - INVENTORY, AVG, MEASURED IN HEAD",HEAD,"1,270,000"
2019,MONTHLY,JUL,WISCONSIN,WI,55,"CATTLE, COWS, MILK - INVENTORY, AVG, MEASURED IN HEAD",HEAD,"1,268,000"
2019,MONTHLY,JUL THRU SEP,WISCONSIN,WI,55,"CATTLE, COWS, MILK - INVENTORY, AVG, MEASURED IN HEAD",HEAD,"1,267,000"
2019,MONTHLY,JUN,WISCONSIN,WI,55,"CATTLE, COWS, MILK - INVENTORY, AVG, MEASURED IN HEAD",HEAD,"1,268,000"
2019,MONTHLY,MAR,WISCONSIN,WI,55,"CATTLE, COWS, MILK - INVENTORY, AVG, MEASURED IN HEAD",HEAD,"1,270,000"
2019,MONTHLY,MAY,WISCONSIN,WI,55,"CATTLE, COWS, MILK - INVENTORY, AVG, MEASURED IN HEAD",HEAD,"1,269,000"
2019,MONTHLY,NOV,WISCONSIN,WI,55,"CATTLE, COWS, MILK - INVENTORY, AVG, MEASURED IN HEAD",HEAD,"1,264,000"
2019,MONTHLY,OCT,WISCONSIN,WI,55,"CATTLE, COWS, MILK - INVENTORY, AVG, MEASURED IN HEAD",HEAD,"1,265,000"
2019,MONTHLY,OCT THRU DEC,WISCONSIN,WI,55,"CATTLE, COWS, MILK - INVENTORY, AVG, MEASURED IN HEAD",HEAD,"1,264,000"
2019,MONTHLY,SEP,WISCONSIN,WI,55,"CATTLE, COWS, MILK - INVENTORY, AVG, MEASURED IN HEAD",HEAD,"1,266,000"
2019,MONTHLY,APR THRU JUN,WEST VIRGINIA,WV,54,"CATTLE, COWS, MILK - INVENTORY, AVG, MEASURED IN HEAD",HEAD,"6,000"
2019,MONTHLY,JAN THRU MAR,WEST VIRGINIA,WV,54,"CATTLE, COWS, MILK - INVENTORY, AVG, MEASURED IN HEAD",HEAD,"6,500"
2019,MONTHLY,JUL THRU SEP,WEST VIRGINIA,WV,54,"CATTLE, COWS, MILK - INVENTORY, AVG, MEASURED IN HEAD",HEAD,"6,000"
2019,MONTHLY,OCT THRU DEC,WEST VIRGINIA,WV,54,"CATTLE, COWS, MILK - INVENTORY, AVG, MEASURED IN HEAD",HEAD,"6,000"
2019,MONTHLY,APR THRU JUN,WYOMING,WY,56,"CATTLE, COWS, MILK - INVENTORY, AVG, MEASURED IN HEAD",HEAD,"6,000"
2019,MONTHLY,JAN THRU MAR,WYOMING,WY,56,"CATTLE, COWS, MILK - INVENTORY, AVG, MEASURED IN HEAD",HEAD,"6,000"
2019,MONTHLY,JUL THRU SEP,WYOMING,WY,56,"CATTLE, COWS, MILK - INVENTORY, AVG, MEASURED IN HEAD",HEAD,"6,000"
2019,MONTHLY,OCT THRU DEC,WYOMING,WY,56,"CATTLE, COWS, MILK - INVENTORY, AVG, MEASURED IN HEAD",HEAD,"6,000"
2020,MONTHLY,APR THRU JUN,ALABAMA,AL,01,"CATTLE, COWS, MILK - INVENTORY, AVG, MEASURED IN HEAD",HEAD,"3,500"
2020,MONTHLY,JAN THRU MAR,ALABAMA,AL,01,"CATTLE, COWS, MILK - INVENTORY, AVG, MEASURED IN HEAD",HEAD,"4,000"
2020,MONTHLY,JUL THRU SEP,ALABAMA,AL,01,"CATTLE, COWS, MILK - INVENTORY, AVG, MEASURED IN HEAD",HEAD,"3,200"
2020,MONTHLY,OCT THRU DEC,ALABAMA,AL,01,"CATTLE, COWS, MILK - INVENTORY, AVG, MEASURED IN HEAD",HEAD,"3,000"
2020,MONTHLY,APR THRU JUN,ARKANSAS,AR,05,"CATTLE, COWS, MILK - INVENTORY, AVG, MEASURED IN HEAD",HEAD,"5,000"
2020,MONTHLY,JAN THRU MAR,ARKANSAS,AR,05,"CATTLE, COWS, MILK - INVENTORY, AVG, MEASURED IN HEAD",HEAD,"5,000"
2020,MONTHLY,JUL THRU SEP,ARKANSAS,AR,05,"CATTLE, COWS, MILK - INVENTORY, AVG, MEASURED IN HEAD",HEAD,"5,000"
2020,MONTHLY,OCT THRU DEC,ARKANSAS,AR,05,"CATTLE, COWS, MILK - INVENTORY, AVG, MEASURED IN HEAD",HEAD,"5,000"
2020,MONTHLY,APR,ARIZONA,AZ,04,"CATTLE, COWS, MILK - INVENTORY, AVG, MEASURED IN HEAD",HEAD,"200,000"
2020,MONTHLY,APR THRU JUN,ARIZONA,AZ,04,"CATTLE, COWS, MILK - INVENTORY, AVG, MEASURED IN HEAD",HEAD,"200,000"
2020,MONTHLY,AUG,ARIZONA,AZ,04,"CATTLE, COWS, MILK - INVENTORY, AVG, MEASURED IN HEAD",HEAD,"201,000"
2020,MONTHLY,DEC,ARIZONA,AZ,04,"CATTLE, COWS, MILK - INVENTORY, AVG, MEASURED IN HEAD",HEAD,"198,000"
2020,MONTHLY,FEB,ARIZONA,AZ,04,"CATTLE, COWS, MILK - INVENTORY, AVG, MEASURED IN HEAD",HEAD,"198,000"
2020,MONTHLY,JAN,ARIZONA,AZ,04,"CATTLE, COWS, MILK - INVENTORY, AVG, MEASURED IN HEAD",HEAD,"196,000"
2020,MONTHLY,JAN THRU MAR,ARIZONA,AZ,04,"CATTLE, COWS, MILK - INVENTORY, AVG, MEASURED IN HEAD",HEAD,"198,000"
2020,MONTHLY,JUL,ARIZONA,AZ,04,"CATTLE, COWS, MILK - INVENTORY, AVG, MEASURED IN HEAD",HEAD,"201,000"
2020,MONTHLY,JUL THRU SEP,ARIZONA,AZ,04,"CATTLE, COWS, MILK - INVENTORY, AVG, MEASURED IN HEAD",HEAD,"201,000"
2020,MONTHLY,JUN,ARIZONA,AZ,04,"CATTLE, COWS, MILK - INVENTORY, AVG, MEASURED IN HEAD",HEAD,"200,000"
2020,MONTHLY,MAR,ARIZONA,AZ,04,"CATTLE, COWS, MILK - INVENTORY, AVG, MEASURED IN HEAD",HEAD,"200,000"
2020,MONTHLY,MAY,ARIZONA,AZ,04,"CATTLE, COWS, MILK - INVENTORY, AVG, MEASURED IN HEAD",HEAD,"200,000"
2020,MONTHLY,NOV,ARIZONA,AZ,04,"CATTLE, COWS, MILK - INVENTORY, AVG, MEASURED IN HEAD",HEAD,"199,000"
2020,MONTHLY,OCT,ARIZONA,AZ,04,"CATTLE, COWS, MILK - INVENTORY, AVG, MEASURED IN HEAD",HEAD,"201,000"
2020,MONTHLY,OCT THRU DEC,ARIZONA,AZ,04,"CATTLE, COWS, MILK - INVENTORY, AVG, MEASURED IN HEAD",HEAD,"199,000"
2020,MONTHLY,SEP,ARIZONA,AZ,04,"CATTLE, COWS, MILK - INVENTORY, AVG, MEASURED IN HEAD",HEAD,"201,000"
2020,MONTHLY,APR,CALIFORNIA,CA,06,"CATTLE, COWS, MILK - INVENTORY, AVG, MEASURED IN HEAD",HEAD,"1,723,000"
2020,MONTHLY,APR THRU JUN,CALIFORNIA,CA,06,"CATTLE, COWS, MILK - INVENTORY, AVG, MEASURED IN HEAD",HEAD,"1,722,000"
2020,MONTHLY,AUG,CALIFORNIA,CA,06,"CATTLE, COWS, MILK - INVENTORY, AVG, MEASURED IN HEAD",HEAD,"1,721,000"
2020,MONTHLY,DEC,CALIFORNIA,CA,06,"CATTLE, COWS, MILK - INVENTORY, AVG, MEASURED IN HEAD",HEAD,"1,720,000"
2020,MONTHLY,FEB,CALIFORNIA,CA,06,"CATTLE, COWS, MILK - INVENTORY, AVG, MEASURED IN HEAD",HEAD,"1,725,000"
2020,MONTHLY,JAN,CALIFORNIA,CA,06,"CATTLE, COWS, MILK - INVENTORY, AVG, MEASURED IN HEAD",HEAD,"1,725,000"
2020,MONTHLY,JAN THRU MAR,CALIFORNIA,CA,06,"CATTLE, COWS, MILK - INVENTORY, AVG, MEASURED IN HEAD",HEAD,"1,725,000"
2020,MONTHLY,JUL,CALIFORNIA,CA,06,"CATTLE, COWS, MILK - INVENTORY, AVG, MEASURED IN HEAD",HEAD,"1,721,000"
2020,MONTHLY,JUL THRU SEP,CALIFORNIA,CA,06,"CATTLE, COWS, MILK - INVENTORY, AVG, MEASURED IN HEAD",HEAD,"1,721,000"
2020,MONTHLY,JUN,CALIFORNIA,CA,06,"CATTLE, COWS, MILK - INVENTORY, AVG, MEASURED IN HEAD",HEAD,"1,721,000"
2020,MONTHLY,MAR,CALIFORNIA,CA,06,"CATTLE, COWS, MILK - INVENTORY, AVG, MEASURED IN HEAD",HEAD,"1,725,000"
2020,MONTHLY,MAY,CALIFORNIA,CA,06,"CATTLE, COWS, MILK - INVENTORY, AVG, MEASURED IN HEAD",HEAD,"1,722,000"
2020,MONTHLY,NOV,CALIFORNIA,CA,06,"CATTLE, COWS, MILK - INVENTORY, AVG, MEASURED IN HEAD",HEAD,"1,720,000"
2020,MONTHLY,OCT,CALIFORNIA,CA,06,"CATTLE, COWS, MILK - INVENTORY, AVG, MEASURED IN HEAD",HEAD,"1,720,000"
2020,MONTHLY,OCT THRU DEC,CALIFORNIA,CA,06,"CATTLE, COWS, MILK - INVENTORY, AVG, MEASURED IN HEAD",HEAD,"1,720,000"
2020,MONTHLY,SEP,CALIFORNIA,CA,06,"CATTLE, COWS, MILK - INVENTORY, AVG, MEASURED IN HEAD",HEAD,"1,720,000"
2020,MONTHLY,APR,COLORADO,CO,08,"CATTLE, COWS, MILK - INVENTORY, AVG, MEASURED IN HEAD",HEAD,"194,000"
2020,MONTHLY,APR THRU JUN,COLORADO,CO,08,"CATTLE, COWS, MILK - INVENTORY, AVG, MEASURED IN HEAD",HEAD,"196,000"
2020,MONTHLY,AUG,COLORADO,CO,08,"CATTLE, COWS, MILK - INVENTORY, AVG, MEASURED IN HEAD",HEAD,"198,000"
2020,MONTHLY,DEC,COLORADO,CO,08,"CATTLE, COWS, MILK - INVENTORY, AVG, MEASURED IN HEAD",HEAD,"201,000"
2020,MONTHLY,FEB,COLORADO,CO,08,"CATTLE, COWS, MILK - INVENTORY, AVG, MEASURED IN HEAD",HEAD,"193,000"
2020,MONTHLY,JAN,COLORADO,CO,08,"CATTLE, COWS, MILK - INVENTORY, AVG, MEASURED IN HEAD",HEAD,"191,000"
2020,MONTHLY,JAN THRU MAR,COLORADO,CO,08,"CATTLE, COWS, MILK - INVENTORY, AVG, MEASURED IN HEAD",HEAD,"193,000"
2020,MONTHLY,JUL,COLORADO,CO,08,"CATTLE, COWS, MILK - INVENTORY, AVG, MEASURED IN HEAD",HEAD,"198,000"
2020,MONTHLY,JUL THRU SEP,COLORADO,CO,08,"CATTLE, COWS, MILK - INVENTORY, AVG, MEASURED IN HEAD",HEAD,"199,000"
2020,MONTHLY,JUN,COLORADO,CO,08,"CATTLE, COWS, MILK - INVENTORY, AVG, MEASURED IN HEAD",HEAD,"197,000"
2020,MONTHLY,MAR,COLORADO,CO,08,"CATTLE, COWS, MILK - INVENTORY, AVG, MEASURED IN HEAD",HEAD,"194,000"
2020,MONTHLY,MAY,COLORADO,CO,08,"CATTLE, COWS, MILK - INVENTORY, AVG, MEASURED IN HEAD",HEAD,"196,000"
2020,MONTHLY,NOV,COLORADO,CO,08,"CATTLE, COWS, MILK - INVENTORY, AVG, MEASURED IN HEAD",HEAD,"201,000"
2020,MONTHLY,OCT,COLORADO,CO,08,"CATTLE, COWS, MILK - INVENTORY, AVG, MEASURED IN HEAD",HEAD,"201,000"
2020,MONTHLY,OCT THRU DEC,COLORADO,CO,08,"CATTLE, COWS, MILK - INVENTORY, AVG, MEASURED IN HEAD",HEAD,"201,000"
2020,MONTHLY,SEP,COLORADO,CO,08,"CATTLE, COWS, MILK - INVENTORY, AVG, MEASURED IN HEAD",HEAD,"200,000"
2020,MONTHLY,APR THRU JUN,CONNECTICUT,CT,09,"CATTLE, COWS, MILK - INVENTORY, AVG, MEASURED IN HEAD",HEAD,"19,000"
2020,MONTHLY,JAN THRU MAR,CONNECTICUT,CT,09,"CATTLE, COWS, MILK - INVENTORY, AVG, MEASURED IN HEAD",HEAD,"19,500"
2020,MONTHLY,JUL THRU SEP,CONNECTICUT,CT,09,"CATTLE, COWS, MILK - INVENTORY, AVG, MEASURED IN HEAD",HEAD,"19,000"
2020,MONTHLY,OCT THRU DEC,CONNECTICUT,CT,09,"CATTLE, COWS, MILK - INVENTORY, AVG, MEASURED IN HEAD",HEAD,"19,000"
2020,MONTHLY,APR THRU JUN,DELAWARE,DE,10,"CATTLE, COWS, MILK - INVENTORY, AVG, MEASURED IN HEAD",HEAD,"3,800"
2020,MONTHLY,JAN THRU MAR,DELAWARE,DE,10,"CATTLE, COWS, MILK - INVENTORY, AVG, MEASURED IN HEAD",HEAD,"3,800"
2020,MONTHLY,JUL THRU SEP,DELAWARE,DE,10,"CATTLE, COWS, MILK - INVENTORY, AVG, MEASURED IN HEAD",HEAD,"3,800"
2020,MONTHLY,OCT THRU DEC,DELAWARE,DE,10,"CATTLE, COWS, MILK - INVENTORY, AVG, MEASURED IN HEAD",HEAD,"3,700"
2020,MONTHLY,APR,FLORIDA,FL,12,"CATTLE, COWS, MILK - INVENTORY, AVG, MEASURED IN HEAD",HEAD,"115,000"
2020,MONTHLY,APR THRU JUN,FLORIDA,FL,12,"CATTLE, COWS, MILK - INVENTORY, AVG, MEASURED IN HEAD",HEAD,"113,000"
2020,MONTHLY,AUG,FLORIDA,FL,12,"CATTLE, COWS, MILK - INVENTORY, AVG, MEASURED IN HEAD",HEAD,"111,000"
2020,MONTHLY,DEC,FLORIDA,FL,12,"CATTLE, COWS, MILK - INVENTORY, AVG, MEASURED IN HEAD",HEAD,"111,000"
2020,MONTHLY,FEB,FLORIDA,FL,12,"CATTLE, COWS, MILK - INVENTORY, AVG, MEASURED IN HEAD",HEAD,"116,000"
2020,MONTHLY,JAN,FLORIDA,FL,12,"CATTLE, COWS, MILK - INVENTORY, AVG, MEASURED IN HEAD",HEAD,"116,000"
2020,MONTHLY,JAN THRU MAR,FLORIDA,FL,12,"CATTLE, COWS, MILK - INVENTORY, AVG, MEASURED IN HEAD",HEAD,"116,000"
2020,MONTHLY,JUL,FLORIDA,FL,12,"CATTLE, COWS, MILK - INVENTORY, AVG, MEASURED IN HEAD",HEAD,"111,000"
2020,MONTHLY,JUL THRU SEP,FLORIDA,FL,12,"CATTLE, COWS, MILK - INVENTORY, AVG, MEASURED IN HEAD",HEAD,"111,000"
2020,MONTHLY,JUN,FLORIDA,FL,12,"CATTLE, COWS, MILK - INVENTORY, AVG, MEASURED IN HEAD",HEAD,"111,000"
2020,MONTHLY,MAR,FLORIDA,FL,12,"CATTLE, COWS, MILK - INVENTORY, AVG, MEASURED IN HEAD",HEAD,"116,000"
2020,MONTHLY,MAY,FLORIDA,FL,12,"CATTLE, COWS, MILK - INVENTORY, AVG, MEASURED IN HEAD",HEAD,"113,000"
2020,MONTHLY,NOV,FLORIDA,FL,12,"CATTLE, COWS, MILK - INVENTORY, AVG, MEASURED IN HEAD",HEAD,"111,000"
2020,MONTHLY,OCT,FLORIDA,FL,12,"CATTLE, COWS, MILK - INVENTORY, AVG, MEASURED IN HEAD",HEAD,"112,000"
2020,MONTHLY,OCT THRU DEC,FLORIDA,FL,12,"CATTLE, COWS, MILK - INVENTORY, AVG, MEASURED IN HEAD",HEAD,"111,000"
2020,MONTHLY,SEP,FLORIDA,FL,12,"CATTLE, COWS, MILK - INVENTORY, AVG, MEASURED IN HEAD",HEAD,"112,000"
2020,MONTHLY,APR,GEORGIA,GA,13,"CATTLE, COWS, MILK - INVENTORY, AVG, MEASURED IN HEAD",HEAD,"82,000"
2020,MONTHLY,APR THRU JUN,GEORGIA,GA,13,"CATTLE, COWS, MILK - INVENTORY, AVG, MEASURED IN HEAD",HEAD,"82,000"
2020,MONTHLY,AUG,GEORGIA,GA,13,"CATTLE, COWS, MILK - INVENTORY, AVG, MEASURED IN HEAD",HEAD,"80,000"
2020,MONTHLY,DEC,GEORGIA,GA,13,"CATTLE, COWS, MILK - INVENTORY, AVG, MEASURED IN HEAD",HEAD,"81,000"
2020,MONTHLY,FEB,GEORGIA,GA,13,"CATTLE, COWS, MILK - INVENTORY, AVG, MEASURED IN HEAD",HEAD,"82,000"
2020,MONTHLY,JAN,GEORGIA,GA,13,"CATTLE, COWS, MILK - INVENTORY, AVG, MEASURED IN HEAD",HEAD,"81,000"
2020,MONTHLY,JAN THRU MAR,GEORGIA,GA,13,"CATTLE, COWS, MILK - INVENTORY, AVG, MEASURED IN HEAD",HEAD,"82,000"
2020,MONTHLY,JUL,GEORGIA,GA,13,"CATTLE, COWS, MILK - INVENTORY, AVG, MEASURED IN HEAD",HEAD,"81,000"
2020,MONTHLY,JUL THRU SEP,GEORGIA,GA,13,"CATTLE, COWS, MILK - INVENTORY, AVG, MEASURED IN HEAD",HEAD,"80,000"
2020,MONTHLY,JUN,GEORGIA,GA,13,"CATTLE, COWS, MILK - INVENTORY, AVG, MEASURED IN HEAD",HEAD,"81,000"
2020,MONTHLY,MAR,GEORGIA,GA,13,"CATTLE, COWS, MILK - INVENTORY, AVG, MEASURED IN HEAD",HEAD,"82,000"
2020,MONTHLY,MAY,GEORGIA,GA,13,"CATTLE, COWS, MILK - INVENTORY, AVG, MEASURED IN HEAD",HEAD,"82,000"
2020,MONTHLY,NOV,GEORGIA,GA,13,"CATTLE, COWS, MILK - INVENTORY, AVG, MEASURED IN HEAD",HEAD,"81,000"
2020,MONTHLY,OCT,GEORGIA,GA,13,"CATTLE, COWS, MILK - INVENTORY, AVG, MEASURED IN HEAD",HEAD,"81,000"
2020,MONTHLY,OCT THRU DEC,GEORGIA,GA,13,"CATTLE, COWS, MILK - INVENTORY, AVG, MEASURED IN HEAD",HEAD,"81,000"
2020,MONTHLY,SEP,GEORGIA,GA,13,"CATTLE, COWS, MILK - INVENTORY, AVG, MEASURED IN HEAD",HEAD,"80,000"
2020,MONTHLY,APR,IOWA,IA,19,"CATTLE, COWS, MILK - INVENTORY, AVG, MEASURED IN HEAD",HEAD,"219,000"
2020,MONTHLY,APR THRU JUN,IOWA,IA,19,"CATTLE, COWS, MILK - INVENTORY, AVG, MEASURED IN HEAD",HEAD,"218,000"
2020,MONTHLY,AUG,IOWA,IA,19,"CATTLE, COWS, MILK - INVENTORY, AVG, MEASURED IN HEAD",HEAD,"218,000"
2020,MONTHLY,DEC,IOWA,IA,19,"CATTLE, COWS, MILK - INVENTORY, AVG, MEASURED IN HEAD",HEAD,"220,000"
2020,MONTHLY,FEB,IOWA,IA,19,"CATTLE, COWS, MILK - INVENTORY, AVG, MEASURED IN HEAD",HEAD,"217,000"
2020,MONTHLY,JAN,IOWA,IA,19,"CATTLE, COWS, MILK - INVENTORY, AVG, MEASURED IN HEAD",HEAD,"215,000"
2020,MONTHLY,JAN THRU MAR,IOWA,IA,19,"CATTLE, COWS, MILK - INVENTORY, AVG, MEASURED IN HEAD",HEAD,"217,000"
2020,MONTHLY,JUL,IOWA,IA,19,"CATTLE, COWS, MILK - INVENTORY, AVG, MEASURED IN HEAD",HEAD,"218,000"
2020,MONTHLY,JUL THRU SEP,IOWA,IA,19,"CATTLE, COWS, MILK - INVENTORY, AVG, MEASURED IN HEAD",HEAD,"218,000"
2020,MONTHLY,JUN,IOWA,IA,19,"CATTLE, COWS, MILK - INVENTORY, AVG, MEASURED IN HEAD",HEAD,"217,000"
2020,MONTHLY,MAR,IOWA,IA,19,"CATTLE, COWS, MILK - INVENTORY, AVG, MEASURED IN HEAD",HEAD,"219,000"
2020,MONTHLY,MAY,IOWA,IA,19,"CATTLE, COWS, MILK - INVENTORY, AVG, MEASURED IN HEAD",HEAD,"217,000"
2020,MONTHLY,NOV,IOWA,IA,19,"CATTLE, COWS, MILK - INVENTORY, AVG, MEASURED IN HEAD",HEAD,"219,000"
2020,MONTHLY,OCT,IOWA,IA,19,"CATTLE, COWS, MILK - INVENTORY, AVG, MEASURED IN HEAD",HEAD,"219,000"
2020,MONTHLY,OCT THRU DEC,IOWA,IA,19,"CATTLE, COWS, MILK - INVENTORY, AVG, MEASURED IN HEAD",HEAD,"219,000"
2020,MONTHLY,SEP,IOWA,IA,19,"CATTLE, COWS, MILK - INVENTORY, AVG, MEASURED IN HEAD",HEAD,"219,000"
2020,MONTHLY,APR,IDAHO,ID,16,"CATTLE, COWS, MILK - INVENTORY, AVG, MEASURED IN HEAD",HEAD,"645,000"
2020,MONTHLY,APR THRU JUN,IDAHO,ID,16,"CATTLE, COWS, MILK - INVENTORY, AVG, MEASURED IN HEAD",HEAD,"643,000"
2020,MONTHLY,AUG,IDAHO,ID,16,"CATTLE, COWS, MILK - INVENTORY, AVG, MEASURED IN HEAD",HEAD,"645,000"
2020,MONTHLY,DEC,IDAHO,ID,16,"CATTLE, COWS, MILK - INVENTORY, AVG, MEASURED IN HEAD",HEAD,"646,000"
2020,MONTHLY,FEB,IDAHO,ID,16,"CATTLE, COWS, MILK - INVENTORY, AVG, MEASURED IN HEAD",HEAD,"645,000"
2020,MONTHLY,JAN,IDAHO,ID,16,"CATTLE, COWS, MILK - INVENTORY, AVG, MEASURED IN HEAD",HEAD,"645,000"
2020,MONTHLY,JAN THRU MAR,IDAHO,ID,16,"CATTLE, COWS, MILK - INVENTORY, AVG, MEASURED IN HEAD",HEAD,"646,000"
2020,MONTHLY,JUL,IDAHO,ID,16,"CATTLE, COWS, MILK - INVENTORY, AVG, MEASURED IN HEAD",HEAD,"645,000"
2020,MONTHLY,JUL THRU SEP,IDAHO,ID,16,"CATTLE, COWS, MILK - INVENTORY, AVG, MEASURED IN HEAD",HEAD,"645,000"
2020,MONTHLY,JUN,IDAHO,ID,16,"CATTLE, COWS, MILK - INVENTORY, AVG, MEASURED IN HEAD",HEAD,"640,000"
2020,MONTHLY,MAR,IDAHO,ID,16,"CATTLE, COWS, MILK - INVENTORY, AVG, MEASURED IN HEAD",HEAD,"647,000"
2020,MONTHLY,MAY,IDAHO,ID,16,"CATTLE, COWS, MILK - INVENTORY, AVG, MEASURED IN HEAD",HEAD,"643,000"
2020,MONTHLY,NOV,IDAHO,ID,16,"CATTLE, COWS, MILK - INVENTORY, AVG, MEASURED IN HEAD",HEAD,"646,000"
2020,MONTHLY,OCT,IDAHO,ID,16,"CATTLE, COWS, MILK - INVENTORY, AVG, MEASURED IN HEAD",HEAD,"645,000"
2020,MONTHLY,OCT THRU DEC,IDAHO,ID,16,"CATTLE, COWS, MILK - INVENTORY, AVG, MEASURED IN HEAD",HEAD,"646,000"
2020,MONTHLY,SEP,IDAHO,ID,16,"CATTLE, COWS, MILK - INVENTORY, AVG, MEASURED IN HEAD",HEAD,"645,000"
2020,MONTHLY,APR,ILLINOIS,IL,17,"CATTLE, COWS, MILK - INVENTORY, AVG, MEASURED IN HEAD",HEAD,"83,000"
2020,MONTHLY,APR THRU JUN,ILLINOIS,IL,17,"CATTLE, COWS, MILK - INVENTORY, AVG, MEASURED IN HEAD",HEAD,"83,000"
2020,MONTHLY,AUG,ILLINOIS,IL,17,"CATTLE, COWS, MILK - INVENTORY, AVG, MEASURED IN HEAD",HEAD,"84,000"
2020,MONTHLY,DEC,ILLINOIS,IL,17,"CATTLE, COWS, MILK - INVENTORY, AVG, MEASURED IN HEAD",HEAD,"84,000"
2020,MONTHLY,FEB,ILLINOIS,IL,17,"CATTLE, COWS, MILK - INVENTORY, AVG, MEASURED IN HEAD",HEAD,"83,000"
2020,MONTHLY,JAN,ILLINOIS,IL,17,"CATTLE, COWS, MILK - INVENTORY, AVG, MEASURED IN HEAD",HEAD,"83,000"
2020,MONTHLY,JAN THRU MAR,ILLINOIS,IL,17,"CATTLE, COWS, MILK - INVENTORY, AVG, MEASURED IN HEAD",HEAD,"83,000"
2020,MONTHLY,JUL,ILLINOIS,IL,17,"CATTLE, COWS, MILK - INVENTORY, AVG, MEASURED IN HEAD",HEAD,"84,000"
2020,MONTHLY,JUL THRU SEP,ILLINOIS,IL,17,"CATTLE, COWS, MILK - INVENTORY, AVG, MEASURED IN HEAD",HEAD,"84,000"
2020,MONTHLY,JUN,ILLINOIS,IL,17,"CATTLE, COWS, MILK - INVENTORY, AVG, MEASURED IN HEAD",HEAD,"83,000"
2020,MONTHLY,MAR,ILLINOIS,IL,17,"CATTLE, COWS, MILK - INVENTORY, AVG, MEASURED IN HEAD",HEAD,"83,000"
2020,MONTHLY,MAY,ILLINOIS,IL,17,"CATTLE, COWS, MILK - INVENTORY, AVG, MEASURED IN HEAD",HEAD,"83,000"
2020,MONTHLY,NOV,ILLINOIS,IL,17,"CATTLE, COWS, MILK - INVENTORY, AVG, MEASURED IN HEAD",HEAD,"84,000"
2020,MONTHLY,OCT,ILLINOIS,IL,17,"CATTLE, COWS, MILK - INVENTORY, AVG, MEASURED IN HEAD",HEAD,"84,000"
2020,MONTHLY,OCT THRU DEC,ILLINOIS,IL,17,"CATTLE, COWS, MILK - INVENTORY, AVG, MEASURED IN HEAD",HEAD,"84,000"
2020,MONTHLY,SEP,ILLINOIS,IL,17,"CATTLE, COWS, MILK - INVENTORY, AVG, MEASURED IN HEAD",HEAD,"84,000"
2020,MONTHLY,APR,INDIANA,IN,18,"CATTLE, COWS, MILK - INVENTORY, AVG, MEASURED IN HEAD",HEAD,"176,000"
2020,MONTHLY,APR THRU JUN,INDIANA,IN,18,"CATTLE, COWS, MILK - INVENTORY, AVG, MEASURED IN HEAD",HEAD,"178,000"
2020,MONTHLY,AUG,INDIANA,IN,18,"CATTLE, COWS, MILK - INVENTORY, AVG, MEASURED IN HEAD",HEAD,"190,000"
2020,MONTHLY,DEC,INDIANA,IN,18,"CATTLE, COWS, MILK - INVENTORY, AVG, MEASURED IN HEAD",HEAD,"192,000"
2020,MONTHLY,FEB,INDIANA,IN,18,"CATTLE, COWS, MILK - INVENTORY, AVG, MEASURED IN HEAD",HEAD,"176,000"
2020,MONTHLY,JAN,INDIANA,IN,18,"CATTLE, COWS, MILK - INVENTORY, AVG, MEASURED IN HEAD",HEAD,"176,000"
2020,MONTHLY,JAN THRU MAR,INDIANA,IN,18,"CATTLE, COWS, MILK - INVENTORY, AVG, MEASURED IN HEAD",HEAD,"176,000"
2020,MONTHLY,JUL,INDIANA,IN,18,"CATTLE, COWS, MILK - INVENTORY, AVG, MEASURED IN HEAD",HEAD,"188,000"
2020,MONTHLY,JUL THRU SEP,INDIANA,IN,18,"CATTLE, COWS, MILK - INVENTORY, AVG, MEASURED IN HEAD",HEAD,"190,000"
2020,MONTHLY,JUN,INDIANA,IN,18,"CATTLE, COWS, MILK - INVENTORY, AVG, MEASURED IN HEAD",HEAD,"182,000"
2020,MONTHLY,MAR,INDIANA,IN,18,"CATTLE, COWS, MILK - INVENTORY, AVG, MEASURED IN HEAD",HEAD,"176,000"
2020,MONTHLY,MAY,INDIANA,IN,18,"CATTLE, COWS, MILK - INVENTORY, AVG, MEASURED IN HEAD",HEAD,"176,000"
2020,MONTHLY,NOV,INDIANA,IN,18,"CATTLE, COWS, MILK - INVENTORY, AVG, MEASURED IN HEAD",HEAD,"192,000"
2020,MONTHLY,OCT,INDIANA,IN,18,"CATTLE, COWS, MILK - INVENTORY, AVG, MEASURED IN HEAD",HEAD,"192,000"
2020,MONTHLY,OCT THRU DEC,INDIANA,IN,18,"CATTLE, COWS, MILK - INVENTORY, AVG, MEASURED IN HEAD",HEAD,"192,000"
2020,MONTHLY,SEP,INDIANA,IN,18,"CATTLE, COWS, MILK - INVENTORY, AVG, MEASURED IN HEAD",HEAD,"192,000"
2020,MONTHLY,APR,KANSAS,KS,20,"CATTLE, COWS, MILK - INVENTORY, AVG, MEASURED IN HEAD",HEAD,"169,000"
2020,MONTHLY,APR THRU JUN,KANSAS,KS,20,"CATTLE, COWS, MILK - INVENTORY, AVG, MEASURED IN HEAD",HEAD,"168,000"
2020,MONTHLY,AUG,KANSAS,KS,20,"CATTLE, COWS, MILK - INVENTORY, AVG, MEASURED IN HEAD",HEAD,"170,000"
2020,MONTHLY,DEC,KANSAS,KS,20,"CATTLE, COWS, MILK - INVENTORY, AVG, MEASURED IN HEAD",HEAD,"173,000"
2020,MONTHLY,FEB,KANSAS,KS,20,"CATTLE, COWS, MILK - INVENTORY, AVG, MEASURED IN HEAD",HEAD,"170,000"
2020,MONTHLY,JAN,KANSAS,KS,20,"CATTLE, COWS, MILK - INVENTORY, AVG, MEASURED IN HEAD",HEAD,"170,000"
2020,MONTHLY,JAN THRU MAR,KANSAS,KS,20,"CATTLE, COWS, MILK - INVENTORY, AVG, MEASURED IN HEAD",HEAD,"171,000"
2020,MONTHLY,JUL,KANSAS,KS,20,"CATTLE, COWS, MILK - INVENTORY, AVG, MEASURED IN HEAD",HEAD,"169,000"
2020,MONTHLY,JUL THRU SEP,KANSAS,KS,20,"CATTLE, COWS, MILK - INVENTORY, AVG, MEASURED IN HEAD",HEAD,"170,000"
2020,MONTHLY,JUN,KANSAS,KS,20,"CATTLE, COWS, MILK - INVENTORY, AVG, MEASURED IN HEAD",HEAD,"168,000"
2020,MONTHLY,MAR,KANSAS,KS,20,"CATTLE, COWS, MILK - INVENTORY, AVG, MEASURED IN HEAD",HEAD,"172,000"
2020,MONTHLY,MAY,KANSAS,KS,20,"CATTLE, COWS, MILK - INVENTORY, AVG, MEASURED IN HEAD",HEAD,"168,000"
2020,MONTHLY,NOV,KANSAS,KS,20,"CATTLE, COWS, MILK - INVENTORY, AVG, MEASURED IN HEAD",HEAD,"172,000"
2020,MONTHLY,OCT,KANSAS,KS,20,"CATTLE, COWS, MILK - INVENTORY, AVG, MEASURED IN HEAD",HEAD,"172,000"
2020,MONTHLY,OCT THRU DEC,KANSAS,KS,20,"CATTLE, COWS, MILK - INVENTORY, AVG, MEASURED IN HEAD",HEAD,"172,000"
2020,MONTHLY,SEP,KANSAS,KS,20,"CATTLE, COWS, MILK - INVENTORY, AVG, MEASURED IN HEAD",HEAD,"171,000"
2020,MONTHLY,APR THRU JUN,KENTUCKY,KY,21,"CATTLE, COWS, MILK - INVENTORY, AVG, MEASURED IN HEAD",HEAD,"48,000"
2020,MONTHLY,JAN THRU MAR,KENTUCKY,KY,21,"CATTLE, COWS, MILK - INVENTORY, AVG, MEASURED IN HEAD",HEAD,"49,000"
2020,MONTHLY,JUL THRU SEP,KENTUCKY,KY,21,"CATTLE, COWS, MILK - INVENTORY, AVG, MEASURED IN HEAD",HEAD,"47,000"
2020,MONTHLY,OCT THRU DEC,KENTUCKY,KY,21,"CATTLE, COWS, MILK - INVENTORY, AVG, MEASURED IN HEAD",HEAD,"47,000"
2020,MONTHLY,APR THRU JUN,LOUISIANA,LA,22,"CATTLE, COWS, MILK - INVENTORY, AVG, MEASURED IN HEAD",HEAD,"10,000"
2020,MONTHLY,JAN THRU MAR,LOUISIANA,LA,22,"CATTLE, COWS, MILK - INVENTORY, AVG, MEASURED IN HEAD",HEAD,"10,000"
2020,MONTHLY,JUL THRU SEP,LOUISIANA,LA,22,"CATTLE, COWS, MILK - INVENTORY, AVG, MEASURED IN HEAD",HEAD,"9,500"
2020,MONTHLY,OCT THRU DEC,LOUISIANA,LA,22,"CATTLE, COWS, MILK - INVENTORY, AVG, MEASURED IN HEAD",HEAD,"10,000"
2020,MONTHLY,APR THRU JUN,MASSACHUSETTS,MA,25,"CATTLE, COWS, MILK - INVENTORY, AVG, MEASURED IN HEAD",HEAD,"10,000"
2020,MONTHLY,JAN THRU MAR,MASSACHUSETTS,MA,25,"CATTLE, COWS, MILK - INVENTORY, AVG, MEASURED IN HEAD",HEAD,"10,000"
2020,MONTHLY,JUL THRU SEP,MASSACHUSETTS,MA,25,"CATTLE, COWS, MILK - INVENTORY, AVG, MEASURED IN HEAD",HEAD,"10,000"
2020,MONTHLY,OCT THRU DEC,MASSACHUSETTS,MA,25,"CATTLE, COWS, MILK - INVENTORY, AVG, MEASURED IN HEAD",HEAD,"10,000"
2020,MONTHLY,APR THRU JUN,MARYLAND,MD,24,"CATTLE, COWS, MILK - INVENTORY, AVG, MEASURED IN HEAD",HEAD,"42,000"
2020,MONTHLY,JAN THRU MAR,MARYLAND,MD,24,"CATTLE, COWS, MILK - INVENTORY, AVG, MEASURED IN HEAD",HEAD,"42,000"
2020,MONTHLY,JUL THRU SEP,MARYLAND,MD,24,"CATTLE, COWS, MILK - INVENTORY, AVG, MEASURED IN HEAD",HEAD,"42,000"
2020,MONTHLY,OCT THRU DEC,MARYLAND,MD,24,"CATTLE, COWS, MILK - INVENTORY, AVG, MEASURED IN HEAD",HEAD,"43,000"
2020,MONTHLY,APR THRU JUN,MAINE,ME,23,"CATTLE, COWS, MILK - INVENTORY, AVG, MEASURED IN HEAD",HEAD,"27,000"
2020,MONTHLY,JAN THRU MAR,MAINE,ME,23,"CATTLE, COWS, MILK - INVENTORY, AVG, MEASURED IN HEAD",HEAD,"27,000"
2020,MONTHLY,JUL THRU SEP,MAINE,ME,23,"CATTLE, COWS, MILK - INVENTORY, AVG, MEASURED IN HEAD",HEAD,"27,000"
2020,MONTHLY,OCT THRU DEC,MAINE,ME,23,"CATTLE, COWS, MILK - INVENTORY, AVG, MEASURED IN HEAD",HEAD,"27,000"
2020,MONTHLY,APR,MICHIGAN,MI,26,"CATTLE, COWS, MILK - INVENTORY, AVG, MEASURED IN HEAD",HEAD,"428,000"
2020,MONTHLY,APR THRU JUN,MICHIGAN,MI,26,"CATTLE, COWS, MILK - INVENTORY, AVG, MEASURED IN HEAD",HEAD,"428,000"
2020,MONTHLY,AUG,MICHIGAN,MI,26,"CATTLE, COWS, MILK - INVENTORY, AVG, MEASURED IN HEAD",HEAD,"430,000"
2020,MONTHLY,DEC,MICHIGAN,MI,26,"CATTLE, COWS, MILK - INVENTORY, AVG, MEASURED IN HEAD",HEAD,"439,000"
2020,MONTHLY,FEB,MICHIGAN,MI,26,"CATTLE, COWS, MILK - INVENTORY, AVG, MEASURED IN HEAD",HEAD,"427,000"
2020,MONTHLY,JAN,MICHIGAN,MI,26,"CATTLE, COWS, MILK - INVENTORY, AVG, MEASURED IN HEAD",HEAD,"427,000"
2020,MONTHLY,JAN THRU MAR,MICHIGAN,MI,26,"CATTLE, COWS, MILK - INVENTORY, AVG, MEASURED IN HEAD",HEAD,"427,000"
2020,MONTHLY,JUL,MICHIGAN,MI,26,"CATTLE, COWS, MILK - INVENTORY, AVG, MEASURED IN HEAD",HEAD,"430,000"
2020,MONTHLY,JUL THRU SEP,MICHIGAN,MI,26,"CATTLE, COWS, MILK - INVENTORY, AVG, MEASURED IN HEAD",HEAD,"431,000"
2020,MONTHLY,JUN,MICHIGAN,MI,26,"CATTLE, COWS, MILK - INVENTORY, AVG, MEASURED IN HEAD",HEAD,"428,000"
2020,MONTHLY,MAR,MICHIGAN,MI,26,"CATTLE, COWS, MILK - INVENTORY, AVG, MEASURED IN HEAD",HEAD,"428,000"
2020,MONTHLY,MAY,MICHIGAN,MI,26,"CATTLE, COWS, MILK - INVENTORY, AVG, MEASURED IN HEAD",HEAD,"428,000"
2020,MONTHLY,NOV,MICHIGAN,MI,26,"CATTLE, COWS, MILK - INVENTORY, AVG, MEASURED IN HEAD",HEAD,"437,000"
2020,MONTHLY,OCT,MICHIGAN,MI,26,"CATTLE, COWS, MILK - INVENTORY, AVG, MEASURED IN HEAD",HEAD,"434,000"
2020,MONTHLY,OCT THRU DEC,MICHIGAN,MI,26,"CATTLE, COWS, MILK - INVENTORY, AVG, MEASURED IN HEAD",HEAD,"437,000"
2020,MONTHLY,SEP,MICHIGAN,MI,26,"CATTLE, COWS, MILK - INVENTORY, AVG, MEASURED IN HEAD",HEAD,"432,000"
2020,MONTHLY,APR,MINNESOTA,MN,27,"CATTLE, COWS, MILK - INVENTORY, AVG, MEASURED IN HEAD",HEAD,"445,000"
2020,MONTHLY,APR THRU JUN,MINNESOTA,MN,27,"CATTLE, COWS, MILK - INVENTORY, AVG, MEASURED IN HEAD",HEAD,"443,000"
2020,MONTHLY,AUG,MINNESOTA,MN,27,"CATTLE, COWS, MILK - INVENTORY, AVG, MEASURED IN HEAD",HEAD,"448,000"
2020,MONTHLY,DEC,MINNESOTA,MN,27,"CATTLE, COWS, MILK - INVENTORY, AVG, MEASURED IN HEAD",HEAD,"460,000"
2020,MONTHLY,FEB,MINNESOTA,MN,27,"CATTLE, COWS, MILK - INVENTORY, AVG, MEASURED IN HEAD",HEAD,"445,000"
2020,MONTHLY,JAN,MINNESOTA,MN,27,"CATTLE, COWS, MILK - INVENTORY, AVG, MEASURED IN HEAD",HEAD,"445,000"
2020,MONTHLY,JAN THRU MAR,MINNESOTA,MN,27,"CATTLE, COWS, MILK - INVENTORY, AVG, MEASURED IN HEAD",HEAD,"445,000"
2020,MONTHLY,JUL,MINNESOTA,MN,27,"CATTLE, COWS, MILK - INVENTORY, AVG, MEASURED IN HEAD",HEAD,"445,000"
2020,MONTHLY,JUL THRU SEP,MINNESOTA,MN,27,"CATTLE, COWS, MILK - INVENTORY, AVG, MEASURED IN HEAD",HEAD,"448,000"
2020,MONTHLY,JUN,MINNESOTA,MN,27,"CATTLE, COWS, MILK - INVENTORY, AVG, MEASURED IN HEAD",HEAD,"442,000"
2020,MONTHLY,MAR,MINNESOTA,MN,27,"CATTLE, COWS, MILK - INVENTORY, AVG, MEASURED IN HEAD",HEAD,"445,000"
2020,MONTHLY,MAY,MINNESOTA,MN,27,"CATTLE, COWS, MILK - INVENTORY, AVG, MEASURED IN HEAD",HEAD,"443,000"
2020,MONTHLY,NOV,MINNESOTA,MN,27,"CATTLE, COWS, MILK - INVENTORY, AVG, MEASURED IN HEAD",HEAD,"457,000"
2020,MONTHLY,OCT,MINNESOTA,MN,27,"CATTLE, COWS, MILK - INVENTORY, AVG, MEASURED IN HEAD",HEAD,"454,000"
2020,MONTHLY,OCT THRU DEC,MINNESOTA,MN,27,"CATTLE, COWS, MILK - INVENTORY, AVG, MEASURED IN HEAD",HEAD,"457,000"
2020,MONTHLY,SEP,MINNESOTA,MN,27,"CATTLE, COWS, MILK - INVENTORY, AVG, MEASURED IN HEAD",HEAD,"451,000"
2020,MONTHLY,APR THRU JUN,MISSOURI,MO,29,"CATTLE, COWS, MILK - INVENTORY, AVG, MEASURED IN HEAD",HEAD,"76,000"
2020,MONTHLY,JAN THRU MAR,MISSOURI,MO,29,"CATTLE, COWS, MILK - INVENTORY, AVG, MEASURED IN HEAD",HEAD,"77,000"
2020,MONTHLY,JUL THRU SEP,MISSOURI,MO,29,"CATTLE, COWS, MILK - INVENTORY, AVG, MEASURED IN HEAD",HEAD,"75,000"
2020,MONTHLY,OCT THRU DEC,MISSOURI,MO,29,"CATTLE, COWS, MILK - INVENTORY, AVG, MEASURED IN HEAD",HEAD,"75,000"
2020,MONTHLY,APR THRU JUN,MISSISSIPPI,MS,28,"CATTLE, COWS, MILK - INVENTORY, AVG, MEASURED IN HEAD",HEAD,"8,500"
2020,MONTHLY,JAN THRU MAR,MISSISSIPPI,MS,28,"CATTLE, COWS, MILK - INVENTORY, AVG, MEASURED IN HEAD",HEAD,"8,500"
2020,MONTHLY,JUL THRU SEP,MISSISSIPPI,MS,28,"CATTLE, COWS, MILK - INVENTORY, AVG, MEASURED IN HEAD",HEAD,"8,500"
2020,MONTHLY,OCT THRU DEC,MISSISSIPPI,MS,28,"CATTLE, COWS, MILK - INVENTORY, AVG, MEASURED IN HEAD",HEAD,"8,000"
2020,MONTHLY,APR THRU JUN,MONTANA,MT,30,"CATTLE, COWS, MILK - INVENTORY, AVG, MEASURED IN HEAD",HEAD,"11,500"
2020,MONTHLY,JAN THRU MAR,MONTANA,MT,30,"CATTLE, COWS, MILK - INVENTORY, AVG, MEASURED IN HEAD",HEAD,"12,000"
2020,MONTHLY,JUL THRU SEP,MONTANA,MT,30,"CATTLE, COWS, MILK - INVENTORY, AVG, MEASURED IN HEAD",HEAD,"11,500"
2020,MONTHLY,OCT THRU DEC,MONTANA,MT,30,"CATTLE, COWS, MILK - INVENTORY, AVG, MEASURED IN HEAD",HEAD,"11,000"
2020,MONTHLY,APR THRU JUN,NORTH CAROLINA,NC,37,"CATTLE, COWS, MILK - INVENTORY, AVG, MEASURED IN HEAD",HEAD,"41,000"
2020,MONTHLY,JAN THRU MAR,NORTH CAROLINA,NC,37,"CATTLE, COWS, MILK - INVENTORY, AVG, MEASURED IN HEAD",HEAD,"41,000"
2020,MONTHLY,JUL THRU SEP,NORTH CAROLINA,NC,37,"CATTLE, COWS, MILK - INVENTORY, AVG, MEASURED IN HEAD",HEAD,"40,000"
2020,MONTHLY,OCT THRU DEC,NORTH CAROLINA,NC,37,"CATTLE, COWS, MILK - INVENTORY, AVG, MEASURED IN HEAD",HEAD,"40,000"
2020,MONTHLY,APR THRU JUN,NORTH DAKOTA,ND,38,"CATTLE, COWS, MILK - INVENTORY, AVG, MEASURED IN HEAD",HEAD,"14,500"
2020,MONTHLY,JAN THRU MAR,NORTH DAKOTA,ND,38,"CATTLE, COWS, MILK - INVENTORY, AVG, MEASURED IN HEAD",HEAD,"14,500"
2020,MONTHLY,JUL THRU SEP,NORTH DAKOTA,ND,38,"CATTLE, COWS, MILK - INVENTORY, AVG, MEASURED IN HEAD",HEAD,"15,000"
2020,MONTHLY,OCT THRU DEC,NORTH DAKOTA,ND,38,"CATTLE, COWS, MILK - INVENTORY, AVG, MEASURED IN HEAD",HEAD,"15,000"
2020,MONTHLY,APR THRU JUN,NEBRASKA,NE,31,"CATTLE, COWS, MILK - INVENTORY, AVG, MEASURED IN HEAD",HEAD,"59,000"
2020,MONTHLY,JAN THRU MAR,NEBRASKA,NE,31,"CATTLE, COWS, MILK - INVENTORY, AVG, MEASURED IN HEAD",HEAD,"59,000"
2020,MONTHLY,JUL THRU SEP,NEBRASKA,NE,31,"CATTLE, COWS, MILK - INVENTORY, AVG, MEASURED IN HEAD",HEAD,"59,000"
2020,MONTHLY,OCT THRU DEC,NEBRASKA,NE,31,"CATTLE, COWS, MILK - INVENTORY, AVG, MEASURED IN HEAD",HEAD,"60,000"
2020,MONTHLY,APR THRU JUN,NEW HAMPSHIRE,NH,33,"CATTLE, COWS, MILK - INVENTORY, AVG, MEASURED IN HEAD",HEAD,"11,000"
2020,MONTHLY,JAN THRU MAR,NEW HAMPSHIRE,NH,33,"CATTLE, COWS, MILK - INVENTORY, AVG, MEASURED IN HEAD",HEAD,"11,000"
2020,MONTHLY,JUL THRU SEP,NEW HAMPSHIRE,NH,33,"CATTLE, COWS, MILK - INVENTORY, AVG, MEASURED IN HEAD",HEAD,"11,000"
2020,MONTHLY,OCT THRU DEC,NEW HAMPSHIRE,NH,33,"CATTLE, COWS, MILK - INVENTORY, AVG, MEASURED IN HEAD",HEAD,"11,000"
2020,MONTHLY,APR THRU JUN,NEW JERSEY,NJ,34,"CATTLE, COWS, MILK - INVENTORY, AVG, MEASURED IN HEAD",HEAD,"4,700"
2020,MONTHLY,JAN THRU MAR,NEW JERSEY,NJ,34,"CATTLE, COWS, MILK - INVENTORY, AVG, MEASURED IN HEAD",HEAD,"4,700"
2020,MONTHLY,JUL THRU SEP,NEW JERSEY,NJ,34,"CATTLE, COWS, MILK - INVENTORY, AVG, MEASURED IN HEAD",HEAD,"4,700"
2020,MONTHLY,OCT THRU DEC,NEW JERSEY,NJ,34,"CATTLE, COWS, MILK - INVENTORY, AVG, MEASURED IN HEAD",HEAD,"4,600"
2020,MONTHLY,APR,NEW MEXICO,NM,35,"CATTLE, COWS, MILK - INVENTORY, AVG, MEASURED IN HEAD",HEAD,"330,000"
2020,MONTHLY,APR THRU JUN,NEW MEXICO,NM,35,"CATTLE, COWS, MILK - INVENTORY, AVG, MEASURED IN HEAD",HEAD,"328,000"
2020,MONTHLY,AUG,NEW MEXICO,NM,35,"CATTLE, COWS, MILK - INVENTORY, AVG, MEASURED IN HEAD",HEAD,"326,000"
2020,MONTHLY,DEC,NEW MEXICO,NM,35,"CATTLE, COWS, MILK - INVENTORY, AVG, MEASURED IN HEAD",HEAD,"337,000"
2020,MONTHLY,FEB,NEW MEXICO,NM,35,"CATTLE, COWS, MILK - INVENTORY, AVG, MEASURED IN HEAD",HEAD,"333,000"
2020,MONTHLY,JAN,NEW MEXICO,NM,35,"CATTLE, COWS, MILK - INVENTORY, AVG, MEASURED IN HEAD",HEAD,"333,000"
2020,MONTHLY,JAN THRU MAR,NEW MEXICO,NM,35,"CATTLE, COWS, MILK - INVENTORY, AVG, MEASURED IN HEAD",HEAD,"333,000"
2020,MONTHLY,JUL,NEW MEXICO,NM,35,"CATTLE, COWS, MILK - INVENTORY, AVG, MEASURED IN HEAD",HEAD,"326,000"
2020,MONTHLY,JUL THRU SEP,NEW MEXICO,NM,35,"CATTLE, COWS, MILK - INVENTORY, AVG, MEASURED IN HEAD",HEAD,"326,000"
2020,MONTHLY,JUN,NEW MEXICO,NM,35,"CATTLE, COWS, MILK - INVENTORY, AVG, MEASURED IN HEAD",HEAD,"327,000"
2020,MONTHLY,MAR,NEW MEXICO,NM,35,"CATTLE, COWS, MILK - INVENTORY, AVG, MEASURED IN HEAD",HEAD,"332,000"
2020,MONTHLY,MAY,NEW MEXICO,NM,35,"CATTLE, COWS, MILK - INVENTORY, AVG, MEASURED IN HEAD",HEAD,"328,000"
2020,MONTHLY,NOV,NEW MEXICO,NM,35,"CATTLE, COWS, MILK - INVENTORY, AVG, MEASURED IN HEAD",HEAD,"334,000"
2020,MONTHLY,OCT,NEW MEXICO,NM,35,"CATTLE, COWS, MILK - INVENTORY, AVG, MEASURED IN HEAD",HEAD,"332,000"
2020,MONTHLY,OCT THRU DEC,NEW MEXICO,NM,35,"CATTLE, COWS, MILK - INVENTORY, AVG, MEASURED IN HEAD",HEAD,"334,000"
2020,MONTHLY,SEP,NEW MEXICO,NM,35,"CATTLE, COWS, MILK - INVENTORY, AVG, MEASURED IN HEAD",HEAD,"327,000"
2020,MONTHLY,APR THRU JUN,NEVADA,NV,32,"CATTLE, COWS, MILK - INVENTORY, AVG, MEASURED IN HEAD",HEAD,"33,000"
2020,MONTHLY,JAN THRU MAR,NEVADA,NV,32,"CATTLE, COWS, MILK - INVENTORY, AVG, MEASURED IN HEAD",HEAD,"32,000"
2020,MONTHLY,JUL THRU SEP,NEVADA,NV,32,"CATTLE, COWS, MILK - INVENTORY, AVG, MEASURED IN HEAD",HEAD,"33,000"
2020,MONTHLY,OCT THRU DEC,NEVADA,NV,32,"CATTLE, COWS, MILK - INVENTORY, AVG, MEASURED IN HEAD",HEAD,"34,000"
2020,MONTHLY,APR,NEW YORK,NY,36,"CATTLE, COWS, MILK - INVENTORY, AVG, MEASURED IN HEAD",HEAD,"626,000"
2020,MONTHLY,APR THRU JUN,NEW YORK,NY,36,"CATTLE, COWS, MILK - INVENTORY, AVG, MEASURED IN HEAD",HEAD,"626,000"
2020,MONTHLY,AUG,NEW YORK,NY,36,"CATTLE, COWS, MILK - INVENTORY, AVG, MEASURED IN HEAD",HEAD,"626,000"
2020,MONTHLY,DEC,NEW YORK,NY,36,"CATTLE, COWS, MILK - INVENTORY, AVG, MEASURED IN HEAD",HEAD,"626,000"
2020,MONTHLY,FEB,NEW YORK,NY,36,"CATTLE, COWS, MILK - INVENTORY, AVG, MEASURED IN HEAD",HEAD,"626,000"
2020,MONTHLY,JAN,NEW YORK,NY,36,"CATTLE, COWS, MILK - INVENTORY, AVG, MEASURED IN HEAD",HEAD,"625,000"
2020,MONTHLY,JAN THRU MAR,NEW YORK,NY,36,"CATTLE, COWS, MILK - INVENTORY, AVG, MEASURED IN HEAD",HEAD,"626,000"
2020,MONTHLY,JUL,NEW YORK,NY,36,"CATTLE, COWS, MILK - INVENTORY, AVG, MEASURED IN HEAD",HEAD,"626,000"
2020,MONTHLY,JUL THRU SEP,NEW YORK,NY,36,"CATTLE, COWS, MILK - INVENTORY, AVG, MEASURED IN HEAD",HEAD,"626,000"
2020,MONTHLY,JUN,NEW YORK,NY,36,"CATTLE, COWS, MILK - INVENTORY, AVG, MEASURED IN HEAD",HEAD,"626,000"
2020,MONTHLY,MAR,NEW YORK,NY,36,"CATTLE, COWS, MILK - INVENTORY, AVG, MEASURED IN HEAD",HEAD,"626,000"
2020,MONTHLY,MAY,NEW YORK,NY,36,"CATTLE, COWS, MILK - INVENTORY, AVG, MEASURED IN HEAD",HEAD,"626,000"
2020,MONTHLY,NOV,NEW YORK,NY,36,"CATTLE, COWS, MILK - INVENTORY, AVG, MEASURED IN HEAD",HEAD,"626,000"
2020,MONTHLY,OCT,NEW YORK,NY,36,"CATTLE, COWS, MILK - INVENTORY, AVG, MEASURED IN HEAD",HEAD,"626,000"
2020,MONTHLY,OCT THRU DEC,NEW YORK,NY,36,"CATTLE, COWS, MILK - INVENTORY, AVG, MEASURED IN HEAD",HEAD,"626,000"
2020,MONTHLY,SEP,NEW YORK,NY,36,"CATTLE, COWS, MILK - INVENTORY, AVG, MEASURED IN HEAD",HEAD,"626,000"
2020,MONTHLY,APR,OHIO,OH,39,"CATTLE, COWS, MILK - INVENTORY, AVG, MEASURED IN HEAD",HEAD,"253,000"
2020,MONTHLY,APR THRU JUN,OHIO,OH,39,"CATTLE, COWS, MILK - INVENTORY, AVG, MEASURED IN HEAD",HEAD,"253,000"
2020,MONTHLY,AUG,OHIO,OH,39,"CATTLE, COWS, MILK - INVENTORY, AVG, MEASURED IN HEAD",HEAD,"254,000"
2020,MONTHLY,DEC,OHIO,OH,39,"CATTLE, COWS, MILK - INVENTORY, AVG, MEASURED IN HEAD",HEAD,"258,000"
2020,MONTHLY,FEB,OHIO,OH,39,"CATTLE, COWS, MILK - INVENTORY, AVG, MEASURED IN HEAD",HEAD,"253,000"
2020,MONTHLY,JAN,OHIO,OH,39,"CATTLE, COWS, MILK - INVENTORY, AVG, MEASURED IN HEAD",HEAD,"253,000"
2020,MONTHLY,JAN THRU MAR,OHIO,OH,39,"CATTLE, COWS, MILK - INVENTORY, AVG, MEASURED IN HEAD",HEAD,"253,000"
2020,MONTHLY,JUL,OHIO,OH,39,"CATTLE, COWS, MILK - INVENTORY, AVG, MEASURED IN HEAD",HEAD,"254,000"
2020,MONTHLY,JUL THRU SEP,OHIO,OH,39,"CATTLE, COWS, MILK - INVENTORY, AVG, MEASURED IN HEAD",HEAD,"255,000"
2020,MONTHLY,JUN,OHIO,OH,39,"CATTLE, COWS, MILK - INVENTORY, AVG, MEASURED IN HEAD",HEAD,"253,000"
2020,MONTHLY,MAR,OHIO,OH,39,"CATTLE, COWS, MILK - INVENTORY, AVG, MEASURED IN HEAD",HEAD,"253,000"
2020,MONTHLY,MAY,OHIO,OH,39,"CATTLE, COWS, MILK - INVENTORY, AVG, MEASURED IN HEAD",HEAD,"253,000"
2020,MONTHLY,NOV,OHIO,OH,39,"CATTLE, COWS, MILK - INVENTORY, AVG, MEASURED IN HEAD",HEAD,"258,000"
2020,MONTHLY,OCT,OHIO,OH,39,"CATTLE, COWS, MILK - INVENTORY, AVG, MEASURED IN HEAD",HEAD,"258,000"
2020,MONTHLY,OCT THRU DEC,OHIO,OH,39,"CATTLE, COWS, MILK - INVENTORY, AVG, MEASURED IN HEAD",HEAD,"258,000"
2020,MONTHLY,SEP,OHIO,OH,39,"CATTLE, COWS, MILK - INVENTORY, AVG, MEASURED IN HEAD",HEAD,"256,000"
2020,MONTHLY,APR THRU JUN,OKLAHOMA,OK,40,"CATTLE, COWS, MILK - INVENTORY, AVG, MEASURED IN HEAD",HEAD,"42,000"
2020,MONTHLY,JAN THRU MAR,OKLAHOMA,OK,40,"CATTLE, COWS, MILK - INVENTORY, AVG, MEASURED IN HEAD",HEAD,"42,000"
2020,MONTHLY,JUL THRU SEP,OKLAHOMA,OK,40,"CATTLE, COWS, MILK - INVENTORY, AVG, MEASURED IN HEAD",HEAD,"41,000"
2020,MONTHLY,OCT THRU DEC,OKLAHOMA,OK,40,"CATTLE, COWS, MILK - INVENTORY, AVG, MEASURED IN HEAD",HEAD,"40,000"
2020,MONTHLY,APR,OREGON,OR,41,"CATTLE, COWS, MILK - INVENTORY, AVG, MEASURED IN HEAD",HEAD,"126,000"
2020,MONTHLY,APR THRU JUN,OREGON,OR,41,"CATTLE, COWS, MILK - INVENTORY, AVG, MEASURED IN HEAD",HEAD,"125,000"
2020,MONTHLY,AUG,OREGON,OR,41,"CATTLE, COWS, MILK - INVENTORY, AVG, MEASURED IN HEAD",HEAD,"125,000"
2020,MONTHLY,DEC,OREGON,OR,41,"CATTLE, COWS, MILK - INVENTORY, AVG, MEASURED IN HEAD",HEAD,"125,000"
2020,MONTHLY,FEB,OREGON,OR,41,"CATTLE, COWS, MILK - INVENTORY, AVG, MEASURED IN HEAD",HEAD,"127,000"
2020,MONTHLY,JAN,OREGON,OR,41,"CATTLE, COWS, MILK - INVENTORY, AVG, MEASURED IN HEAD",HEAD,"127,000"
2020,MONTHLY,JAN THRU MAR,OREGON,OR,41,"CATTLE, COWS, MILK - INVENTORY, AVG, MEASURED IN HEAD",HEAD,"127,000"
2020,MONTHLY,JUL,OREGON,OR,41,"CATTLE, COWS, MILK - INVENTORY, AVG, MEASURED IN HEAD",HEAD,"125,000"
2020,MONTHLY,JUL THRU SEP,OREGON,OR,41,"CATTLE, COWS, MILK - INVENTORY, AVG, MEASURED IN HEAD",HEAD,"125,000"
2020,MONTHLY,JUN,OREGON,OR,41,"CATTLE, COWS, MILK - INVENTORY, AVG, MEASURED IN HEAD",HEAD,"125,000"
2020,MONTHLY,MAR,OREGON,OR,41,"CATTLE, COWS, MILK - INVENTORY, AVG, MEASURED IN HEAD",HEAD,"127,000"
2020,MONTHLY,MAY,OREGON,OR,41,"CATTLE, COWS, MILK - INVENTORY, AVG, MEASURED IN HEAD",HEAD,"125,000"
2020,MONTHLY,NOV,OREGON,OR,41,"CATTLE, COWS, MILK - INVENTORY, AVG, MEASURED IN HEAD",HEAD,"125,000"
2020,MONTHLY,OCT,OREGON,OR,41,"CATTLE, COWS, MILK - INVENTORY, AVG, MEASURED IN HEAD",HEAD,"125,000"
2020,MONTHLY,OCT THRU DEC,OREGON,OR,41,"CATTLE, COWS, MILK - INVENTORY, AVG, MEASURED IN HEAD",HEAD,"125,000"
2020,MONTHLY,SEP,OREGON,OR,41,"CATTLE, COWS, MILK - INVENTORY, AVG, MEASURED IN HEAD",HEAD,"125,000"
2020,MONTHLY,APR THRU JUN,OTHER STATES,OT,98,"CATTLE, COWS, MILK - INVENTORY, AVG, MEASURED IN HEAD",HEAD,900
2020,MONTHLY,JAN THRU MAR,OTHER STATES,OT,98,"CATTLE, COWS, MILK - INVENTORY, AVG, MEASURED IN HEAD",HEAD,"1,000"
2020,MONTHLY,JUL THRU SEP,OTHER STATES,OT,98,"CATTLE, COWS, MILK - INVENTORY, AVG, MEASURED IN HEAD",HEAD,800
2020,MONTHLY,OCT THRU DEC,OTHER STATES,OT,98,"CATTLE, COWS, MILK - INVENTORY, AVG, MEASURED IN HEAD",HEAD,800
2020,MONTHLY,APR,PENNSYLVANIA,PA,42,"CATTLE, COWS, MILK - INVENTORY, AVG, MEASURED IN HEAD",HEAD,"485,000"
2020,MONTHLY,APR THRU JUN,PENNSYLVANIA,PA,42,"CATTLE, COWS, MILK - INVENTORY, AVG, MEASURED IN HEAD",HEAD,"483,000"
2020,MONTHLY,AUG,PENNSYLVANIA,PA,42,"CATTLE, COWS, MILK - INVENTORY, AVG, MEASURED IN HEAD",HEAD,"482,000"
2020,MONTHLY,DEC,PENNSYLVANIA,PA,42,"CATTLE, COWS, MILK - INVENTORY, AVG, MEASURED IN HEAD",HEAD,"478,000"
2020,MONTHLY,FEB,PENNSYLVANIA,PA,42,"CATTLE, COWS, MILK - INVENTORY, AVG, MEASURED IN HEAD",HEAD,"483,000"
2020,MONTHLY,JAN,PENNSYLVANIA,PA,42,"CATTLE, COWS, MILK - INVENTORY, AVG, MEASURED IN HEAD",HEAD,"480,000"
2020,MONTHLY,JAN THRU MAR,PENNSYLVANIA,PA,42,"CATTLE, COWS, MILK - INVENTORY, AVG, MEASURED IN HEAD",HEAD,"483,000"
2020,MONTHLY,JUL,PENNSYLVANIA,PA,42,"CATTLE, COWS, MILK - INVENTORY, AVG, MEASURED IN HEAD",HEAD,"482,000"
2020,MONTHLY,JUL THRU SEP,PENNSYLVANIA,PA,42,"CATTLE, COWS, MILK - INVENTORY, AVG, MEASURED IN HEAD",HEAD,"482,000"
2020,MONTHLY,JUN,PENNSYLVANIA,PA,42,"CATTLE, COWS, MILK - INVENTORY, AVG, MEASURED IN HEAD",HEAD,"482,000"
2020,MONTHLY,MAR,PENNSYLVANIA,PA,42,"CATTLE, COWS, MILK - INVENTORY, AVG, MEASURED IN HEAD",HEAD,"485,000"
2020,MONTHLY,MAY,PENNSYLVANIA,PA,42,"CATTLE, COWS, MILK - INVENTORY, AVG, MEASURED IN HEAD",HEAD,"483,000"
2020,MONTHLY,NOV,PENNSYLVANIA,PA,42,"CATTLE, COWS, MILK - INVENTORY, AVG, MEASURED IN HEAD",HEAD,"482,000"
2020,MONTHLY,OCT,PENNSYLVANIA,PA,42,"CATTLE, COWS, MILK - INVENTORY, AVG, MEASURED IN HEAD",HEAD,"482,000"
2020,MONTHLY,OCT THRU DEC,PENNSYLVANIA,PA,42,"CATTLE, COWS, MILK - INVENTORY, AVG, MEASURED IN HEAD",HEAD,"481,000"
2020,MONTHLY,SEP,PENNSYLVANIA,PA,42,"CATTLE, COWS, MILK - INVENTORY, AVG, MEASURED IN HEAD",HEAD,"482,000"
2020,MONTHLY,APR THRU JUN,RHODE ISLAND,RI,44,"CATTLE, COWS, MILK - INVENTORY, AVG, MEASURED IN HEAD",HEAD,500
2020,MONTHLY,JAN THRU MAR,RHODE ISLAND,RI,44,"CATTLE, COWS, MILK - INVENTORY, AVG, MEASURED IN HEAD",HEAD,600
2020,MONTHLY,JUL THRU SEP,RHODE ISLAND,RI,44,"CATTLE, COWS, MILK - INVENTORY, AVG, MEASURED IN HEAD",HEAD,500
2020,MONTHLY,OCT THRU DEC,RHODE ISLAND,RI,44,"CATTLE, COWS, MILK - INVENTORY, AVG, MEASURED IN HEAD",HEAD,500
2020,MONTHLY,APR THRU JUN,SOUTH CAROLINA,SC,45,"CATTLE, COWS, MILK - INVENTORY, AVG, MEASURED IN HEAD",HEAD,"10,500"
2020,MONTHLY,JAN THRU MAR,SOUTH CAROLINA,SC,45,"CATTLE, COWS, MILK - INVENTORY, AVG, MEASURED IN HEAD",HEAD,"11,000"
2020,MONTHLY,JUL THRU SEP,SOUTH CAROLINA,SC,45,"CATTLE, COWS, MILK - INVENTORY, AVG, MEASURED IN HEAD",HEAD,"10,000"
2020,MONTHLY,OCT THRU DEC,SOUTH CAROLINA,SC,45,"CATTLE, COWS, MILK - INVENTORY, AVG, MEASURED IN HEAD",HEAD,"10,000"
2020,MONTHLY,APR,SOUTH DAKOTA,SD,46,"CATTLE, COWS, MILK - INVENTORY, AVG, MEASURED IN HEAD",HEAD,"132,000"
2020,MONTHLY,APR THRU JUN,SOUTH DAKOTA,SD,46,"CATTLE, COWS, MILK - INVENTORY, AVG, MEASURED IN HEAD",HEAD,"134,000"
2020,MONTHLY,AUG,SOUTH DAKOTA,SD,46,"CATTLE, COWS, MILK - INVENTORY, AVG, MEASURED IN HEAD",HEAD,"138,000"
2020,MONTHLY,DEC,SOUTH DAKOTA,SD,46,"CATTLE, COWS, MILK - INVENTORY, AVG, MEASURED IN HEAD",HEAD,"141,000"
2020,MONTHLY,FEB,SOUTH DAKOTA,SD,46,"CATTLE, COWS, MILK - INVENTORY, AVG, MEASURED IN HEAD",HEAD,"130,000"
2020,MONTHLY,JAN,SOUTH DAKOTA,SD,46,"CATTLE, COWS, MILK - INVENTORY, AVG, MEASURED IN HEAD",HEAD,"128,000"
2020,MONTHLY,JAN THRU MAR,SOUTH DAKOTA,SD,46,"CATTLE, COWS, MILK - INVENTORY, AVG, MEASURED IN HEAD",HEAD,"129,000"
2020,MONTHLY,JUL,SOUTH DAKOTA,SD,46,"CATTLE, COWS, MILK - INVENTORY, AVG, MEASURED IN HEAD",HEAD,"137,000"
2020,MONTHLY,JUL THRU SEP,SOUTH DAKOTA,SD,46,"CATTLE, COWS, MILK - INVENTORY, AVG, MEASURED IN HEAD",HEAD,"138,000"
2020,MONTHLY,JUN,SOUTH DAKOTA,SD,46,"CATTLE, COWS, MILK - INVENTORY, AVG, MEASURED IN HEAD",HEAD,"136,000"
2020,MONTHLY,MAR,SOUTH DAKOTA,SD,46,"CATTLE, COWS, MILK - INVENTORY, AVG, MEASURED IN HEAD",HEAD,"130,000"
2020,MONTHLY,MAY,SOUTH DAKOTA,SD,46,"CATTLE, COWS, MILK - INVENTORY, AVG, MEASURED IN HEAD",HEAD,"134,000"
2020,MONTHLY,NOV,SOUTH DAKOTA,SD,46,"CATTLE, COWS, MILK - INVENTORY, AVG, MEASURED IN HEAD",HEAD,"141,000"
2020,MONTHLY,OCT,SOUTH DAKOTA,SD,46,"CATTLE, COWS, MILK - INVENTORY, AVG, MEASURED IN HEAD",HEAD,"141,000"
2020,MONTHLY,OCT THRU DEC,SOUTH DAKOTA,SD,46,"CATTLE, COWS, MILK - INVENTORY, AVG, MEASURED IN HEAD",HEAD,"141,000"
2020,MONTHLY,SEP,SOUTH DAKOTA,SD,46,"CATTLE, COWS, MILK - INVENTORY, AVG, MEASURED IN HEAD",HEAD,"140,000"
2020,MONTHLY,APR THRU JUN,TENNESSEE,TN,47,"CATTLE, COWS, MILK - INVENTORY, AVG, MEASURED IN HEAD",HEAD,"30,000"
2020,MONTHLY,JAN THRU MAR,TENNESSEE,TN,47,"CATTLE, COWS, MILK - INVENTORY, AVG, MEASURED IN HEAD",HEAD,"31,000"
2020,MONTHLY,JUL THRU SEP,TENNESSEE,TN,47,"CATTLE, COWS, MILK - INVENTORY, AVG, MEASURED IN HEAD",HEAD,"29,000"
2020,MONTHLY,OCT THRU DEC,TENNESSEE,TN,47,"CATTLE, COWS, MILK - INVENTORY, AVG, MEASURED IN HEAD",HEAD,"29,000"
2020,MONTHLY,APR,TEXAS,TX,48,"CATTLE, COWS, MILK - INVENTORY, AVG, MEASURED IN HEAD",HEAD,"590,000"
2020,MONTHLY,APR THRU JUN,TEXAS,TX,48,"CATTLE, COWS, MILK - INVENTORY, AVG, MEASURED IN HEAD",HEAD,"590,000"
2020,MONTHLY,AUG,TEXAS,TX,48,"CATTLE, COWS, MILK - INVENTORY, AVG, MEASURED IN HEAD",HEAD,"593,000"
2020,MONTHLY,DEC,TEXAS,TX,48,"CATTLE, COWS, MILK - INVENTORY, AVG, MEASURED IN HEAD",HEAD,"615,000"
2020,MONTHLY,FEB,TEXAS,TX,48,"CATTLE, COWS, MILK - INVENTORY, AVG, MEASURED IN HEAD",HEAD,"585,000"
2020,MONTHLY,JAN,TEXAS,TX,48,"CATTLE, COWS, MILK - INVENTORY, AVG, MEASURED IN HEAD",HEAD,"585,000"
2020,MONTHLY,JAN THRU MAR,TEXAS,TX,48,"CATTLE, COWS, MILK - INVENTORY, AVG, MEASURED IN HEAD",HEAD,"587,000"
2020,MONTHLY,JUL,TEXAS,TX,48,"CATTLE, COWS, MILK - INVENTORY, AVG, MEASURED IN HEAD",HEAD,"590,000"
2020,MONTHLY,JUL THRU SEP,TEXAS,TX,48,"CATTLE, COWS, MILK - INVENTORY, AVG, MEASURED IN HEAD",HEAD,"594,000"
2020,MONTHLY,JUN,TEXAS,TX,48,"CATTLE, COWS, MILK - INVENTORY, AVG, MEASURED IN HEAD",HEAD,"590,000"
2020,MONTHLY,MAR,TEXAS,TX,48,"CATTLE, COWS, MILK - INVENTORY, AVG, MEASURED IN HEAD",HEAD,"590,000"
2020,MONTHLY,MAY,TEXAS,TX,48,"CATTLE, COWS, MILK - INVENTORY, AVG, MEASURED IN HEAD",HEAD,"590,000"
2020,MONTHLY,NOV,TEXAS,TX,48,"CATTLE, COWS, MILK - INVENTORY, AVG, MEASURED IN HEAD",HEAD,"611,000"
2020,MONTHLY,OCT,TEXAS,TX,48,"CATTLE, COWS, MILK - INVENTORY, AVG, MEASURED IN HEAD",HEAD,"605,000"
2020,MONTHLY,OCT THRU DEC,TEXAS,TX,48,"CATTLE, COWS, MILK - INVENTORY, AVG, MEASURED IN HEAD",HEAD,"610,000"
2020,MONTHLY,SEP,TEXAS,TX,48,"CATTLE, COWS, MILK - INVENTORY, AVG, MEASURED IN HEAD",HEAD,"598,000"
2020,MONTHLY,APR,US TOTAL,US,99,"CATTLE, COWS, MILK - INVENTORY, AVG, MEASURED IN HEAD",HEAD,"9,383,000"
2020,MONTHLY,APR THRU JUN,US TOTAL,US,99,"CATTLE, COWS, MILK - INVENTORY, AVG, MEASURED IN HEAD",HEAD,"9,369,000"
2020,MONTHLY,AUG,US TOTAL,US,99,"CATTLE, COWS, MILK - INVENTORY, AVG, MEASURED IN HEAD",HEAD,"9,387,000"
2020,MONTHLY,DEC,US TOTAL,US,99,"CATTLE, COWS, MILK - INVENTORY, AVG, MEASURED IN HEAD",HEAD,"9,454,000"
2020,MONTHLY,FEB,US TOTAL,US,99,"CATTLE, COWS, MILK - INVENTORY, AVG, MEASURED IN HEAD",HEAD,"9,383,000"
2020,MONTHLY,JAN,US TOTAL,US,99,"CATTLE, COWS, MILK - INVENTORY, AVG, MEASURED IN HEAD",HEAD,"9,368,000"
2020,MONTHLY,JAN THRU MAR,US TOTAL,US,99,"CATTLE, COWS, MILK - INVENTORY, AVG, MEASURED IN HEAD",HEAD,"9,383,000"
2020,MONTHLY,JUL,US TOTAL,US,99,"CATTLE, COWS, MILK - INVENTORY, AVG, MEASURED IN HEAD",HEAD,"9,378,000"
2020,MONTHLY,JUL THRU SEP,US TOTAL,US,99,"CATTLE, COWS, MILK - INVENTORY, AVG, MEASURED IN HEAD",HEAD,"9,390,000"
2020,MONTHLY,JUN,US TOTAL,US,99,"CATTLE, COWS, MILK - INVENTORY, AVG, MEASURED IN HEAD",HEAD,"9,359,000"
2020,MONTHLY,MAR,US TOTAL,US,99,"CATTLE, COWS, MILK - INVENTORY, AVG, MEASURED IN HEAD",HEAD,"9,399,000"
2020,MONTHLY,MAY,US TOTAL,US,99,"CATTLE, COWS, MILK - INVENTORY, AVG, MEASURED IN HEAD",HEAD,"9,364,000"
2020,MONTHLY,NOV,US TOTAL,US,99,"CATTLE, COWS, MILK - INVENTORY, AVG, MEASURED IN HEAD",HEAD,"9,444,000"
2020,MONTHLY,OCT,US TOTAL,US,99,"CATTLE, COWS, MILK - INVENTORY, AVG, MEASURED IN HEAD",HEAD,"9,429,000"
2020,MONTHLY,OCT THRU DEC,US TOTAL,US,99,"CATTLE, COWS, MILK - INVENTORY, AVG, MEASURED IN HEAD",HEAD,"9,442,000"
2020,MONTHLY,SEP,US TOTAL,US,99,"CATTLE, COWS, MILK - INVENTORY, AVG, MEASURED IN HEAD",HEAD,"9,406,000"
2020,MONTHLY,APR,UTAH,UT,49,"CATTLE, COWS, MILK - INVENTORY, AVG, MEASURED IN HEAD",HEAD,"97,000"
2020,MONTHLY,APR THRU JUN,UTAH,UT,49,"CATTLE, COWS, MILK - INVENTORY, AVG, MEASURED IN HEAD",HEAD,"96,000"
2020,MONTHLY,AUG,UTAH,UT,49,"CATTLE, COWS, MILK - INVENTORY, AVG, MEASURED IN HEAD",HEAD,"95,000"
2020,MONTHLY,DEC,UTAH,UT,49,"CATTLE, COWS, MILK - INVENTORY, AVG, MEASURED IN HEAD",HEAD,"96,000"
2020,MONTHLY,FEB,UTAH,UT,49,"CATTLE, COWS, MILK - INVENTORY, AVG, MEASURED IN HEAD",HEAD,"97,000"
2020,MONTHLY,JAN,UTAH,UT,49,"CATTLE, COWS, MILK - INVENTORY, AVG, MEASURED IN HEAD",HEAD,"96,000"
2020,MONTHLY,JAN THRU MAR,UTAH,UT,49,"CATTLE, COWS, MILK - INVENTORY, AVG, MEASURED IN HEAD",HEAD,"97,000"
2020,MONTHLY,JUL,UTAH,UT,49,"CATTLE, COWS, MILK - INVENTORY, AVG, MEASURED IN HEAD",HEAD,"95,000"
2020,MONTHLY,JUL THRU SEP,UTAH,UT,49,"CATTLE, COWS, MILK - INVENTORY, AVG, MEASURED IN HEAD",HEAD,"95,000"
2020,MONTHLY,JUN,UTAH,UT,49,"CATTLE, COWS, MILK - INVENTORY, AVG, MEASURED IN HEAD",HEAD,"96,000"
2020,MONTHLY,MAR,UTAH,UT,49,"CATTLE, COWS, MILK - INVENTORY, AVG, MEASURED IN HEAD",HEAD,"98,000"
2020,MONTHLY,MAY,UTAH,UT,49,"CATTLE, COWS, MILK - INVENTORY, AVG, MEASURED IN HEAD",HEAD,"96,000"
2020,MONTHLY,NOV,UTAH,UT,49,"CATTLE, COWS, MILK - INVENTORY, AVG, MEASURED IN HEAD",HEAD,"95,000"
2020,MONTHLY,OCT,UTAH,UT,49,"CATTLE, COWS, MILK - INVENTORY, AVG, MEASURED IN HEAD",HEAD,"95,000"
2020,MONTHLY,OCT THRU DEC,UTAH,UT,49,"CATTLE, COWS, MILK - INVENTORY, AVG, MEASURED IN HEAD",HEAD,"95,000"
2020,MONTHLY,SEP,UTAH,UT,49,"CATTLE, COWS, MILK - INVENTORY, AVG, MEASURED IN HEAD",HEAD,"94,000"
2020,MONTHLY,APR,VIRGINIA,VA,51,"CATTLE, COWS, MILK - INVENTORY, AVG, MEASURED IN HEAD",HEAD,"75,000"
2020,MONTHLY,APR THRU JUN,VIRGINIA,VA,51,"CATTLE, COWS, MILK - INVENTORY, AVG, MEASURED IN HEAD",HEAD,"75,000"
2020,MONTHLY,AUG,VIRGINIA,VA,51,"CATTLE, COWS, MILK - INVENTORY, AVG, MEASURED IN HEAD",HEAD,"74,000"
2020,MONTHLY,DEC,VIRGINIA,VA,51,"CATTLE, COWS, MILK - INVENTORY, AVG, MEASURED IN HEAD",HEAD,"74,000"
2020,MONTHLY,FEB,VIRGINIA,VA,51,"CATTLE, COWS, MILK - INVENTORY, AVG, MEASURED IN HEAD",HEAD,"76,000"
2020,MONTHLY,JAN,VIRGINIA,VA,51,"CATTLE, COWS, MILK - INVENTORY, AVG, MEASURED IN HEAD",HEAD,"76,000"
2020,MONTHLY,JAN THRU MAR,VIRGINIA,VA,51,"CATTLE, COWS, MILK - INVENTORY, AVG, MEASURED IN HEAD",HEAD,"76,000"
2020,MONTHLY,JUL,VIRGINIA,VA,51,"CATTLE, COWS, MILK - INVENTORY, AVG, MEASURED IN HEAD",HEAD,"74,000"
2020,MONTHLY,JUL THRU SEP,VIRGINIA,VA,51,"CATTLE, COWS, MILK - INVENTORY, AVG, MEASURED IN HEAD",HEAD,"74,000"
2020,MONTHLY,JUN,VIRGINIA,VA,51,"CATTLE, COWS, MILK - INVENTORY, AVG, MEASURED IN HEAD",HEAD,"74,000"
2020,MONTHLY,MAR,VIRGINIA,VA,51,"CATTLE, COWS, MILK - INVENTORY, AVG, MEASURED IN HEAD",HEAD,"75,000"
2020,MONTHLY,MAY,VIRGINIA,VA,51,"CATTLE, COWS, MILK - INVENTORY, AVG, MEASURED IN HEAD",HEAD,"75,000"
2020,MONTHLY,NOV,VIRGINIA,VA,51,"CATTLE, COWS, MILK - INVENTORY, AVG, MEASURED IN HEAD",HEAD,"74,000"
2020,MONTHLY,OCT,VIRGINIA,VA,51,"CATTLE, COWS, MILK - INVENTORY, AVG, MEASURED IN HEAD",HEAD,"74,000"
2020,MONTHLY,OCT THRU DEC,VIRGINIA,VA,51,"CATTLE, COWS, MILK - INVENTORY, AVG, MEASURED IN HEAD",HEAD,"74,000"
2020,MONTHLY,SEP,VIRGINIA,VA,51,"CATTLE, COWS, MILK - INVENTORY, AVG, MEASURED IN HEAD",HEAD,"74,000"
2020,MONTHLY,APR,VERMONT,VT,50,"CATTLE, COWS, MILK - INVENTORY, AVG, MEASURED IN HEAD",HEAD,"124,000"
2020,MONTHLY,APR THRU JUN,VERMONT,VT,50,"CATTLE, COWS, MILK - INVENTORY, AVG, MEASURED IN HEAD",HEAD,"123,000"
2020,MONTHLY,AUG,VERMONT,VT,50,"CATTLE, COWS, MILK - INVENTORY, AVG, MEASURED IN HEAD",HEAD,"121,000"
2020,MONTHLY,DEC,VERMONT,VT,50,"CATTLE, COWS, MILK - INVENTORY, AVG, MEASURED IN HEAD",HEAD,"120,000"
2020,MONTHLY,FEB,VERMONT,VT,50,"CATTLE, COWS, MILK - INVENTORY, AVG, MEASURED IN HEAD",HEAD,"124,000"
2020,MONTHLY,JAN,VERMONT,VT,50,"CATTLE, COWS, MILK - INVENTORY, AVG, MEASURED IN HEAD",HEAD,"124,000"
2020,MONTHLY,JAN THRU MAR,VERMONT,VT,50,"CATTLE, COWS, MILK - INVENTORY, AVG, MEASURED IN HEAD",HEAD,"124,000"
2020,MONTHLY,JUL,VERMONT,VT,50,"CATTLE, COWS, MILK - INVENTORY, AVG, MEASURED IN HEAD",HEAD,"121,000"
2020,MONTHLY,JUL THRU SEP,VERMONT,VT,50,"CATTLE, COWS, MILK - INVENTORY, AVG, MEASURED IN HEAD",HEAD,"121,000"
2020,MONTHLY,JUN,VERMONT,VT,50,"CATTLE, COWS, MILK - INVENTORY, AVG, MEASURED IN HEAD",HEAD,"122,000"
2020,MONTHLY,MAR,VERMONT,VT,50,"CATTLE, COWS, MILK - INVENTORY, AVG, MEASURED IN HEAD",HEAD,"124,000"
2020,MONTHLY,MAY,VERMONT,VT,50,"CATTLE, COWS, MILK - INVENTORY, AVG, MEASURED IN HEAD",HEAD,"122,000"
2020,MONTHLY,NOV,VERMONT,VT,50,"CATTLE, COWS, MILK - INVENTORY, AVG, MEASURED IN HEAD",HEAD,"120,000"
2020,MONTHLY,OCT,VERMONT,VT,50,"CATTLE, COWS, MILK - INVENTORY, AVG, MEASURED IN HEAD",HEAD,"120,000"
2020,MONTHLY,OCT THRU DEC,VERMONT,VT,50,"CATTLE, COWS, MILK - INVENTORY, AVG, MEASURED IN HEAD",HEAD,"120,000"
2020,MONTHLY,SEP,VERMONT,VT,50,"CATTLE, COWS, MILK - INVENTORY, AVG, MEASURED IN HEAD",HEAD,"120,000"
2020,MONTHLY,APR,WASHINGTON,WA,53,"CATTLE, COWS, MILK - INVENTORY, AVG, MEASURED IN HEAD",HEAD,"280,000"
2020,MONTHLY,APR THRU JUN,WASHINGTON,WA,53,"CATTLE, COWS, MILK - INVENTORY, AVG, MEASURED IN HEAD",HEAD,"279,000"
2020,MONTHLY,AUG,WASHINGTON,WA,53,"CATTLE, COWS, MILK - INVENTORY, AVG, MEASURED IN HEAD",HEAD,"279,000"
2020,MONTHLY,DEC,WASHINGTON,WA,53,"CATTLE, COWS, MILK - INVENTORY, AVG, MEASURED IN HEAD",HEAD,"279,000"
2020,MONTHLY,FEB,WASHINGTON,WA,53,"CATTLE, COWS, MILK - INVENTORY, AVG, MEASURED IN HEAD",HEAD,"282,000"
2020,MONTHLY,JAN,WASHINGTON,WA,53,"CATTLE, COWS, MILK - INVENTORY, AVG, MEASURED IN HEAD",HEAD,"282,000"
2020,MONTHLY,JAN THRU MAR,WASHINGTON,WA,53,"CATTLE, COWS, MILK - INVENTORY, AVG, MEASURED IN HEAD",HEAD,"281,000"
2020,MONTHLY,JUL,WASHINGTON,WA,53,"CATTLE, COWS, MILK - INVENTORY, AVG, MEASURED IN HEAD",HEAD,"280,000"
2020,MONTHLY,JUL THRU SEP,WASHINGTON,WA,53,"CATTLE, COWS, MILK - INVENTORY, AVG, MEASURED IN HEAD",HEAD,"279,000"
2020,MONTHLY,JUN,WASHINGTON,WA,53,"CATTLE, COWS, MILK - INVENTORY, AVG, MEASURED IN HEAD",HEAD,"278,000"
2020,MONTHLY,MAR,WASHINGTON,WA,53,"CATTLE, COWS, MILK - INVENTORY, AVG, MEASURED IN HEAD",HEAD,"280,000"
2020,MONTHLY,MAY,WASHINGTON,WA,53,"CATTLE, COWS, MILK - INVENTORY, AVG, MEASURED IN HEAD",HEAD,"279,000"
2020,MONTHLY,NOV,WASHINGTON,WA,53,"CATTLE, COWS, MILK - INVENTORY, AVG, MEASURED IN HEAD",HEAD,"279,000"
2020,MONTHLY,OCT,WASHINGTON,WA,53,"CATTLE, COWS, MILK - INVENTORY, AVG, MEASURED IN HEAD",HEAD,"279,000"
2020,MONTHLY,OCT THRU DEC,WASHINGTON,WA,53,"CATTLE, COWS, MILK - INVENTORY, AVG, MEASURED IN HEAD",HEAD,"279,000"
2020,MONTHLY,SEP,WASHINGTON,WA,53,"CATTLE, COWS, MILK - INVENTORY, AVG, MEASURED IN HEAD",HEAD,"279,000"
2020,MONTHLY,APR,WISCONSIN,WI,55,"CATTLE, COWS, MILK - INVENTORY, AVG, MEASURED IN HEAD",HEAD,"1,260,000"
2020,MONTHLY,APR THRU JUN,WISCONSIN,WI,55,"CATTLE, COWS, MILK - INVENTORY, AVG, MEASURED IN HEAD",HEAD,"1,258,000"
2020,MONTHLY,AUG,WISCONSIN,WI,55,"CATTLE, COWS, MILK - INVENTORY, AVG, MEASURED IN HEAD",HEAD,"1,257,000"
2020,MONTHLY,DEC,WISCONSIN,WI,55,"CATTLE, COWS, MILK - INVENTORY, AVG, MEASURED IN HEAD",HEAD,"1,260,000"
2020,MONTHLY,FEB,WISCONSIN,WI,55,"CATTLE, COWS, MILK - INVENTORY, AVG, MEASURED IN HEAD",HEAD,"1,260,000"
2020,MONTHLY,JAN,WISCONSIN,WI,55,"CATTLE, COWS, MILK - INVENTORY, AVG, MEASURED IN HEAD",HEAD,"1,260,000"
2020,MONTHLY,JAN THRU MAR,WISCONSIN,WI,55,"CATTLE, COWS, MILK - INVENTORY, AVG, MEASURED IN HEAD",HEAD,"1,260,000"
2020,MONTHLY,JUL,WISCONSIN,WI,55,"CATTLE, COWS, MILK - INVENTORY, AVG, MEASURED IN HEAD",HEAD,"1,257,000"
2020,MONTHLY,JUL THRU SEP,WISCONSIN,WI,55,"CATTLE, COWS, MILK - INVENTORY, AVG, MEASURED IN HEAD",HEAD,"1,257,000"
2020,MONTHLY,JUN,WISCONSIN,WI,55,"CATTLE, COWS, MILK - INVENTORY, AVG, MEASURED IN HEAD",HEAD,"1,257,000"
2020,MONTHLY,MAR,WISCONSIN,WI,55,"CATTLE, COWS, MILK - INVENTORY, AVG, MEASURED IN HEAD",HEAD,"1,260,000"
2020,MONTHLY,MAY,WISCONSIN,WI,55,"CATTLE, COWS, MILK - INVENTORY, AVG, MEASURED IN HEAD",HEAD,"1,257,000"
2020,MONTHLY,NOV,WISCONSIN,WI,55,"CATTLE, COWS, MILK - INVENTORY, AVG, MEASURED IN HEAD",HEAD,"1,260,000"
2020,MONTHLY,OCT,WISCONSIN,WI,55,"CATTLE, COWS, MILK - INVENTORY, AVG, MEASURED IN HEAD",HEAD,"1,257,000"
2020,MONTHLY,OCT THRU DEC,WISCONSIN,WI,55,"CATTLE, COWS, MILK - INVENTORY, AVG, MEASURED IN HEAD",HEAD,"1,259,000"
2020,MONTHLY,SEP,WISCONSIN,WI,55,"CATTLE, COWS, MILK - INVENTORY, AVG, MEASURED IN HEAD",HEAD,"1,256,000"
2020,MONTHLY,APR THRU JUN,WEST VIRGINIA,WV,54,"CATTLE, COWS, MILK - INVENTORY, AVG, MEASURED IN HEAD",HEAD,"6,000"
2020,MONTHLY,JAN THRU MAR,WEST VIRGINIA,WV,54,"CATTLE, COWS, MILK - INVENTORY, AVG, MEASURED IN HEAD",HEAD,"6,000"
2020,MONTHLY,JUL THRU SEP,WEST VIRGINIA,WV,54,"CATTLE, COWS, MILK - INVENTORY, AVG, MEASURED IN HEAD",HEAD,"6,000"
2020,MONTHLY,OCT THRU DEC,WEST VIRGINIA,WV,54,"CATTLE, COWS, MILK - INVENTORY, AVG, MEASURED IN HEAD",HEAD,"6,000"
2020,MONTHLY,APR THRU JUN,WYOMING,WY,56,"CATTLE, COWS, MILK - INVENTORY, AVG, MEASURED IN HEAD",HEAD,"7,500"
2020,MONTHLY,JAN THRU MAR,WYOMING,WY,56,"CATTLE, COWS, MILK - INVENTORY, AVG, MEASURED IN HEAD",HEAD,"6,500"
2020,MONTHLY,JUL THRU SEP,WYOMING,WY,56,"CATTLE, COWS, MILK - INVENTORY, AVG, MEASURED IN HEAD",HEAD,"8,000"
2020,MONTHLY,OCT THRU DEC,WYOMING,WY,56,"CATTLE, COWS, MILK - INVENTORY, AVG, MEASURED IN HEAD",HEAD,"8,000"
2021,MONTHLY,APR THRU JUN,ALABAMA,AL,01,"CATTLE, COWS, MILK - INVENTORY, AVG, MEASURED IN HEAD",HEAD,"3,000"
2021,MONTHLY,JAN THRU MAR,ALABAMA,AL,01,"CATTLE, COWS, MILK - INVENTORY, AVG, MEASURED IN HEAD",HEAD,"3,000"
2021,MONTHLY,JUL THRU SEP,ALABAMA,AL,01,"CATTLE, COWS, MILK - INVENTORY, AVG, MEASURED IN HEAD",HEAD,"2,500"
2021,MONTHLY,OCT THRU DEC,ALABAMA,AL,01,"CATTLE, COWS, MILK - INVENTORY, AVG, MEASURED IN HEAD",HEAD,"3,000"
2021,MONTHLY,APR THRU JUN,ARKANSAS,AR,05,"CATTLE, COWS, MILK - INVENTORY, AVG, MEASURED IN HEAD",HEAD,"5,000"
2021,MONTHLY,JAN THRU MAR,ARKANSAS,AR,05,"CATTLE, COWS, MILK - INVENTORY, AVG, MEASURED IN HEAD",HEAD,"5,000"
2021,MONTHLY,JUL THRU SEP,ARKANSAS,AR,05,"CATTLE, COWS, MILK - INVENTORY, AVG, MEASURED IN HEAD",HEAD,"4,500"
2021,MONTHLY,OCT THRU DEC,ARKANSAS,AR,05,"CATTLE, COWS, MILK - INVENTORY, AVG, MEASURED IN HEAD",HEAD,"4,500"
2021,MONTHLY,APR,ARIZONA,AZ,04,"CATTLE, COWS, MILK - INVENTORY, AVG, MEASURED IN HEAD",HEAD,"201,000"
2021,MONTHLY,APR THRU JUN,ARIZONA,AZ,04,"CATTLE, COWS, MILK - INVENTORY, AVG, MEASURED IN HEAD",HEAD,"201,000"
2021,MONTHLY,AUG,ARIZONA,AZ,04,"CATTLE, COWS, MILK - INVENTORY, AVG, MEASURED IN HEAD",HEAD,"196,000"
2021,MONTHLY,DEC,ARIZONA,AZ,04,"CATTLE, COWS, MILK - INVENTORY, AVG, MEASURED IN HEAD",HEAD,"194,000"
2021,MONTHLY,FEB,ARIZONA,AZ,04,"CATTLE, COWS, MILK - INVENTORY, AVG, MEASURED IN HEAD",HEAD,"200,000"
2021,MONTHLY,JAN,ARIZONA,AZ,04,"CATTLE, COWS, MILK - INVENTORY, AVG, MEASURED IN HEAD",HEAD,"200,000"
2021,MONTHLY,JAN THRU MAR,ARIZONA,AZ,04,"CATTLE, COWS, MILK - INVENTORY, AVG, MEASURED IN HEAD",HEAD,"200,000"
2021,MONTHLY,JUL,ARIZONA,AZ,04,"CATTLE, COWS, MILK - INVENTORY, AVG, MEASURED IN HEAD",HEAD,"198,000"
2021,MONTHLY,JUL THRU SEP,ARIZONA,AZ,04,"CATTLE, COWS, MILK - INVENTORY, AVG, MEASURED IN HEAD",HEAD,"196,000"
2021,MONTHLY,JUN,ARIZONA,AZ,04,"CATTLE, COWS, MILK - INVENTORY, AVG, MEASURED IN HEAD",HEAD,"200,000"
2021,MONTHLY,MAR,ARIZONA,AZ,04,"CATTLE, COWS, MILK - INVENTORY, AVG, MEASURED IN HEAD",HEAD,"200,000"
2021,MONTHLY,MAY,ARIZONA,AZ,04,"CATTLE, COWS, MILK - INVENTORY, AVG, MEASURED IN HEAD",HEAD,"201,000"
2021,MONTHLY,NOV,ARIZONA,AZ,04,"CATTLE, COWS, MILK - INVENTORY, AVG, MEASURED IN HEAD",HEAD,"194,000"
2021,MONTHLY,OCT,ARIZONA,AZ,04,"CATTLE, COWS, MILK - INVENTORY, AVG, MEASURED IN HEAD",HEAD,"194,000"
2021,MONTHLY,OCT THRU DEC,ARIZONA,AZ,04,"CATTLE, COWS, MILK - INVENTORY, AVG, MEASURED IN HEAD",HEAD,"194,000"
2021,MONTHLY,SEP,ARIZONA,AZ,04,"CATTLE, COWS, MILK - INVENTORY, AVG, MEASURED IN HEAD",HEAD,"194,000"
2021,MONTHLY,APR,CALIFORNIA,CA,06,"CATTLE, COWS, MILK - INVENTORY, AVG, MEASURED IN HEAD",HEAD,"1,719,000"
2021,MONTHLY,APR THRU JUN,CALIFORNIA,CA,06,"CATTLE, COWS, MILK - INVENTORY, AVG, MEASURED IN HEAD",HEAD,"1,719,000"
2021,MONTHLY,AUG,CALIFORNIA,CA,06,"CATTLE, COWS, MILK - INVENTORY, AVG, MEASURED IN HEAD",HEAD,"1,719,000"
2021,MONTHLY,DEC,CALIFORNIA,CA,06,"CATTLE, COWS, MILK - INVENTORY, AVG, MEASURED IN HEAD",HEAD,"1,720,000"
2021,MONTHLY,FEB,CALIFORNIA,CA,06,"CATTLE, COWS, MILK - INVENTORY, AVG, MEASURED IN HEAD",HEAD,"1,720,000"
2021,MONTHLY,JAN,CALIFORNIA,CA,06,"CATTLE, COWS, MILK - INVENTORY, AVG, MEASURED IN HEAD",HEAD,"1,720,000"
2021,MONTHLY,JAN THRU MAR,CALIFORNIA,CA,06,"CATTLE, COWS, MILK - INVENTORY, AVG, MEASURED IN HEAD",HEAD,"1,720,000"
2021,MONTHLY,JUL,CALIFORNIA,CA,06,"CATTLE, COWS, MILK - INVENTORY, AVG, MEASURED IN HEAD",HEAD,"1,719,000"
2021,MONTHLY,JUL THRU SEP,CALIFORNIA,CA,06,"CATTLE, COWS, MILK - INVENTORY, AVG, MEASURED IN HEAD",HEAD,"1,719,000"
2021,MONTHLY,JUN,CALIFORNIA,CA,06,"CATTLE, COWS, MILK - INVENTORY, AVG, MEASURED IN HEAD",HEAD,"1,719,000"
2021,MONTHLY,MAR,CALIFORNIA,CA,06,"CATTLE, COWS, MILK - INVENTORY, AVG, MEASURED IN HEAD",HEAD,"1,720,000"
2021,MONTHLY,MAY,CALIFORNIA,CA,06,"CATTLE, COWS, MILK - INVENTORY, AVG, MEASURED IN HEAD",HEAD,"1,719,000"
2021,MONTHLY,NOV,CALIFORNIA,CA,06,"CATTLE, COWS, MILK - INVENTORY, AVG, MEASURED IN HEAD",HEAD,"1,720,000"
2021,MONTHLY,OCT,CALIFORNIA,CA,06,"CATTLE, COWS, MILK - INVENTORY, AVG, MEASURED IN HEAD",HEAD,"1,720,000"
2021,MONTHLY,OCT THRU DEC,CALIFORNIA,CA,06,"CATTLE, COWS, MILK - INVENTORY, AVG, MEASURED IN HEAD",HEAD,"1,720,000"
2021,MONTHLY,SEP,CALIFORNIA,CA,06,"CATTLE, COWS, MILK - INVENTORY, AVG, MEASURED IN HEAD",HEAD,"1,719,000"
2021,MONTHLY,APR,COLORADO,CO,08,"CATTLE, COWS, MILK - INVENTORY, AVG, MEASURED IN HEAD",HEAD,"205,000"
2021,MONTHLY,APR THRU JUN,COLORADO,CO,08,"CATTLE, COWS, MILK - INVENTORY, AVG, MEASURED IN HEAD",HEAD,"205,000"
2021,MONTHLY,AUG,COLORADO,CO,08,"CATTLE, COWS, MILK - INVENTORY, AVG, MEASURED IN HEAD",HEAD,"201,000"
2021,MONTHLY,DEC,COLORADO,CO,08,"CATTLE, COWS, MILK - INVENTORY, AVG, MEASURED IN HEAD",HEAD,"202,000"
2021,MONTHLY,FEB,COLORADO,CO,08,"CATTLE, COWS, MILK - INVENTORY, AVG, MEASURED IN HEAD",HEAD,"204,000"
2021,MONTHLY,JAN,COLORADO,CO,08,"CATTLE, COWS, MILK - INVENTORY, AVG, MEASURED IN HEAD",HEAD,"204,000"
2021,MONTHLY,JAN THRU MAR,COLORADO,CO,08,"CATTLE, COWS, MILK - INVENTORY, AVG, MEASURED IN HEAD",HEAD,"204,000"
2021,MONTHLY,JUL,COLORADO,CO,08,"CATTLE, COWS, MILK - INVENTORY, AVG, MEASURED IN HEAD",HEAD,"203,000"
2021,MONTHLY,JUL THRU SEP,COLORADO,CO,08,"CATTLE, COWS, MILK - INVENTORY, AVG, MEASURED IN HEAD",HEAD,"201,000"
2021,MONTHLY,JUN,COLORADO,CO,08,"CATTLE, COWS, MILK - INVENTORY, AVG, MEASURED IN HEAD",HEAD,"203,000"
2021,MONTHLY,MAR,COLORADO,CO,08,"CATTLE, COWS, MILK - INVENTORY, AVG, MEASURED IN HEAD",HEAD,"205,000"
2021,MONTHLY,MAY,COLORADO,CO,08,"CATTLE, COWS, MILK - INVENTORY, AVG, MEASURED IN HEAD",HEAD,"206,000"
2021,MONTHLY,NOV,COLORADO,CO,08,"CATTLE, COWS, MILK - INVENTORY, AVG, MEASURED IN HEAD",HEAD,"202,000"
2021,MONTHLY,OCT,COLORADO,CO,08,"CATTLE, COWS, MILK - INVENTORY, AVG, MEASURED IN HEAD",HEAD,"200,000"
2021,MONTHLY,OCT THRU DEC,COLORADO,CO,08,"CATTLE, COWS, MILK - INVENTORY, AVG, MEASURED IN HEAD",HEAD,"201,000"
2021,MONTHLY,SEP,COLORADO,CO,08,"CATTLE, COWS, MILK - INVENTORY, AVG, MEASURED IN HEAD",HEAD,"200,000"
2021,MONTHLY,APR THRU JUN,CONNECTICUT,CT,09,"CATTLE, COWS, MILK - INVENTORY, AVG, MEASURED IN HEAD",HEAD,"19,000"
2021,MONTHLY,JAN THRU MAR,CONNECTICUT,CT,09,"CATTLE, COWS, MILK - INVENTORY, AVG, MEASURED IN HEAD",HEAD,"19,000"
2021,MONTHLY,JUL THRU SEP,CONNECTICUT,CT,09,"CATTLE, COWS, MILK - INVENTORY, AVG, MEASURED IN HEAD",HEAD,"19,000"
2021,MONTHLY,OCT THRU DEC,CONNECTICUT,CT,09,"CATTLE, COWS, MILK - INVENTORY, AVG, MEASURED IN HEAD",HEAD,"18,500"
2021,MONTHLY,APR THRU JUN,DELAWARE,DE,10,"CATTLE, COWS, MILK - INVENTORY, AVG, MEASURED IN HEAD",HEAD,"3,000"
2021,MONTHLY,JAN THRU MAR,DELAWARE,DE,10,"CATTLE, COWS, MILK - INVENTORY, AVG, MEASURED IN HEAD",HEAD,"3,000"
2021,MONTHLY,JUL THRU SEP,DELAWARE,DE,10,"CATTLE, COWS, MILK - INVENTORY, AVG, MEASURED IN HEAD",HEAD,"2,900"
2021,MONTHLY,OCT THRU DEC,DELAWARE,DE,10,"CATTLE, COWS, MILK - INVENTORY, AVG, MEASURED IN HEAD",HEAD,"2,800"
2021,MONTHLY,APR,FLORIDA,FL,12,"CATTLE, COWS, MILK - INVENTORY, AVG, MEASURED IN HEAD",HEAD,"110,000"
2021,MONTHLY,APR THRU JUN,FLORIDA,FL,12,"CATTLE, COWS, MILK - INVENTORY, AVG, MEASURED IN HEAD",HEAD,"110,000"
2021,MONTHLY,AUG,FLORIDA,FL,12,"CATTLE, COWS, MILK - INVENTORY, AVG, MEASURED IN HEAD",HEAD,"106,000"
2021,MONTHLY,DEC,FLORIDA,FL,12,"CATTLE, COWS, MILK - INVENTORY, AVG, MEASURED IN HEAD",HEAD,"105,000"
2021,MONTHLY,FEB,FLORIDA,FL,12,"CATTLE, COWS, MILK - INVENTORY, AVG, MEASURED IN HEAD",HEAD,"108,000"
2021,MONTHLY,JAN,FLORIDA,FL,12,"CATTLE, COWS, MILK - INVENTORY, AVG, MEASURED IN HEAD",HEAD,"109,000"
2021,MONTHLY,JAN THRU MAR,FLORIDA,FL,12,"CATTLE, COWS, MILK - INVENTORY, AVG, MEASURED IN HEAD",HEAD,"109,000"
2021,MONTHLY,JUL,FLORIDA,FL,12,"CATTLE, COWS, MILK - INVENTORY, AVG, MEASURED IN HEAD",HEAD,"108,000"
2021,MONTHLY,JUL THRU SEP,FLORIDA,FL,12,"CATTLE, COWS, MILK - INVENTORY, AVG, MEASURED IN HEAD",HEAD,"106,000"
2021,MONTHLY,JUN,FLORIDA,FL,12,"CATTLE, COWS, MILK - INVENTORY, AVG, MEASURED IN HEAD",HEAD,"110,000"
2021,MONTHLY,MAR,FLORIDA,FL,12,"CATTLE, COWS, MILK - INVENTORY, AVG, MEASURED IN HEAD",HEAD,"109,000"
2021,MONTHLY,MAY,FLORIDA,FL,12,"CATTLE, COWS, MILK - INVENTORY, AVG, MEASURED IN HEAD",HEAD,"110,000"
2021,MONTHLY,NOV,FLORIDA,FL,12,"CATTLE, COWS, MILK - INVENTORY, AVG, MEASURED IN HEAD",HEAD,"105,000"
2021,MONTHLY,OCT,FLORIDA,FL,12,"CATTLE, COWS, MILK - INVENTORY, AVG, MEASURED IN HEAD",HEAD,"105,000"
2021,MONTHLY,OCT THRU DEC,FLORIDA,FL,12,"CATTLE, COWS, MILK - INVENTORY, AVG, MEASURED IN HEAD",HEAD,"105,000"
2021,MONTHLY,SEP,FLORIDA,FL,12,"CATTLE, COWS, MILK - INVENTORY, AVG, MEASURED IN HEAD",HEAD,"105,000"
2021,MONTHLY,APR,GEORGIA,GA,13,"CATTLE, COWS, MILK - INVENTORY, AVG, MEASURED IN HEAD",HEAD,"82,000"
2021,MONTHLY,APR THRU JUN,GEORGIA,GA,13,"CATTLE, COWS, MILK - INVENTORY, AVG, MEASURED IN HEAD",HEAD,"82,000"
2021,MONTHLY,AUG,GEORGIA,GA,13,"CATTLE, COWS, MILK - INVENTORY, AVG, MEASURED IN HEAD",HEAD,"82,000"
2021,MONTHLY,DEC,GEORGIA,GA,13,"CATTLE, COWS, MILK - INVENTORY, AVG, MEASURED IN HEAD",HEAD,"83,000"
2021,MONTHLY,FEB,GEORGIA,GA,13,"CATTLE, COWS, MILK - INVENTORY, AVG, MEASURED IN HEAD",HEAD,"80,000"
2021,MONTHLY,JAN,GEORGIA,GA,13,"CATTLE, COWS, MILK - INVENTORY, AVG, MEASURED IN HEAD",HEAD,"80,000"
2021,MONTHLY,JAN THRU MAR,GEORGIA,GA,13,"CATTLE, COWS, MILK - INVENTORY, AVG, MEASURED IN HEAD",HEAD,"80,000"
2021,MONTHLY,JUL,GEORGIA,GA,13,"CATTLE, COWS, MILK - INVENTORY, AVG, MEASURED IN HEAD",HEAD,"82,000"
2021,MONTHLY,JUL THRU SEP,GEORGIA,GA,13,"CATTLE, COWS, MILK - INVENTORY, AVG, MEASURED IN HEAD",HEAD,"82,000"
2021,MONTHLY,JUN,GEORGIA,GA,13,"CATTLE, COWS, MILK - INVENTORY, AVG, MEASURED IN HEAD",HEAD,"82,000"
2021,MONTHLY,MAR,GEORGIA,GA,13,"CATTLE, COWS, MILK - INVENTORY, AVG, MEASURED IN HEAD",HEAD,"81,000"
2021,MONTHLY,MAY,GEORGIA,GA,13,"CATTLE, COWS, MILK - INVENTORY, AVG, MEASURED IN HEAD",HEAD,"82,000"
2021,MONTHLY,NOV,GEORGIA,GA,13,"CATTLE, COWS, MILK - INVENTORY, AVG, MEASURED IN HEAD",HEAD,"82,000"
2021,MONTHLY,OCT,GEORGIA,GA,13,"CATTLE, COWS, MILK - INVENTORY, AVG, MEASURED IN HEAD",HEAD,"82,000"
2021,MONTHLY,OCT THRU DEC,GEORGIA,GA,13,"CATTLE, COWS, MILK - INVENTORY, AVG, MEASURED IN HEAD",HEAD,"82,000"
2021,MONTHLY,SEP,GEORGIA,GA,13,"CATTLE, COWS, MILK - INVENTORY, AVG, MEASURED IN HEAD",HEAD,"82,000"
2021,MONTHLY,APR,IOWA,IA,19,"CATTLE, COWS, MILK - INVENTORY, AVG, MEASURED IN HEAD",HEAD,"228,000"
2021,MONTHLY,APR THRU JUN,IOWA,IA,19,"CATTLE, COWS, MILK - INVENTORY, AVG, MEASURED IN HEAD",HEAD,"228,000"
2021,MONTHLY,AUG,IOWA,IA,19,"CATTLE, COWS, MILK - INVENTORY, AVG, MEASURED IN HEAD",HEAD,"225,000"
2021,MONTHLY,DEC,IOWA,IA,19,"CATTLE, COWS, MILK - INVENTORY, AVG, MEASURED IN HEAD",HEAD,"225,000"
2021,MONTHLY,FEB,IOWA,IA,19,"CATTLE, COWS, MILK - INVENTORY, AVG, MEASURED IN HEAD",HEAD,"224,000"
2021,MONTHLY,JAN,IOWA,IA,19,"CATTLE, COWS, MILK - INVENTORY, AVG, MEASURED IN HEAD",HEAD,"222,000"
2021,MONTHLY,JAN THRU MAR,IOWA,IA,19,"CATTLE, COWS, MILK - INVENTORY, AVG, MEASURED IN HEAD",HEAD,"224,000"
2021,MONTHLY,JUL,IOWA,IA,19,"CATTLE, COWS, MILK - INVENTORY, AVG, MEASURED IN HEAD",HEAD,"228,000"
2021,MONTHLY,JUL THRU SEP,IOWA,IA,19,"CATTLE, COWS, MILK - INVENTORY, AVG, MEASURED IN HEAD",HEAD,"226,000"
2021,MONTHLY,JUN,IOWA,IA,19,"CATTLE, COWS, MILK - INVENTORY, AVG, MEASURED IN HEAD",HEAD,"228,000"
2021,MONTHLY,MAR,IOWA,IA,19,"CATTLE, COWS, MILK - INVENTORY, AVG, MEASURED IN HEAD",HEAD,"227,000"
2021,MONTHLY,MAY,IOWA,IA,19,"CATTLE, COWS, MILK - INVENTORY, AVG, MEASURED IN HEAD",HEAD,"228,000"
2021,MONTHLY,NOV,IOWA,IA,19,"CATTLE, COWS, MILK - INVENTORY, AVG, MEASURED IN HEAD",HEAD,"225,000"
2021,MONTHLY,OCT,IOWA,IA,19,"CATTLE, COWS, MILK - INVENTORY, AVG, MEASURED IN HEAD",HEAD,"225,000"
2021,MONTHLY,OCT THRU DEC,IOWA,IA,19,"CATTLE, COWS, MILK - INVENTORY, AVG, MEASURED IN HEAD",HEAD,"225,000"
2021,MONTHLY,SEP,IOWA,IA,19,"CATTLE, COWS, MILK - INVENTORY, AVG, MEASURED IN HEAD",HEAD,"225,000"
2021,MONTHLY,APR,IDAHO,ID,16,"CATTLE, COWS, MILK - INVENTORY, AVG, MEASURED IN HEAD",HEAD,"653,000"
2021,MONTHLY,APR THRU JUN,IDAHO,ID,16,"CATTLE, COWS, MILK - INVENTORY, AVG, MEASURED IN HEAD",HEAD,"654,000"
2021,MONTHLY,AUG,IDAHO,ID,16,"CATTLE, COWS, MILK - INVENTORY, AVG, MEASURED IN HEAD",HEAD,"651,000"
2021,MONTHLY,DEC,IDAHO,ID,16,"CATTLE, COWS, MILK - INVENTORY, AVG, MEASURED IN HEAD",HEAD,"652,000"
2021,MONTHLY,FEB,IDAHO,ID,16,"CATTLE, COWS, MILK - INVENTORY, AVG, MEASURED IN HEAD",HEAD,"652,000"
2021,MONTHLY,JAN,IDAHO,ID,16,"CATTLE, COWS, MILK - INVENTORY, AVG, MEASURED IN HEAD",HEAD,"648,000"
2021,MONTHLY,JAN THRU MAR,IDAHO,ID,16,"CATTLE, COWS, MILK - INVENTORY, AVG, MEASURED IN HEAD",HEAD,"651,000"
2021,MONTHLY,JUL,IDAHO,ID,16,"CATTLE, COWS, MILK - INVENTORY, AVG, MEASURED IN HEAD",HEAD,"654,000"
2021,MONTHLY,JUL THRU SEP,IDAHO,ID,16,"CATTLE, COWS, MILK - INVENTORY, AVG, MEASURED IN HEAD",HEAD,"652,000"
2021,MONTHLY,JUN,IDAHO,ID,16,"CATTLE, COWS, MILK - INVENTORY, AVG, MEASURED IN HEAD",HEAD,"654,000"
2021,MONTHLY,MAR,IDAHO,ID,16,"CATTLE, COWS, MILK - INVENTORY, AVG, MEASURED IN HEAD",HEAD,"652,000"
2021,MONTHLY,MAY,IDAHO,ID,16,"CATTLE, COWS, MILK - INVENTORY, AVG, MEASURED IN HEAD",HEAD,"654,000"
2021,MONTHLY,NOV,IDAHO,ID,16,"CATTLE, COWS, MILK - INVENTORY, AVG, MEASURED IN HEAD",HEAD,"651,000"
2021,MONTHLY,OCT,IDAHO,ID,16,"CATTLE, COWS, MILK - INVENTORY, AVG, MEASURED IN HEAD",HEAD,"650,000"
2021,MONTHLY,OCT THRU DEC,IDAHO,ID,16,"CATTLE, COWS, MILK - INVENTORY, AVG, MEASURED IN HEAD",HEAD,"651,000"
2021,MONTHLY,SEP,IDAHO,ID,16,"CATTLE, COWS, MILK - INVENTORY, AVG, MEASURED IN HEAD",HEAD,"651,000"
2021,MONTHLY,APR,ILLINOIS,IL,17,"CATTLE, COWS, MILK - INVENTORY, AVG, MEASURED IN HEAD",HEAD,"83,000"
2021,MONTHLY,APR THRU JUN,ILLINOIS,IL,17,"CATTLE, COWS, MILK - INVENTORY, AVG, MEASURED IN HEAD",HEAD,"83,000"
2021,MONTHLY,AUG,ILLINOIS,IL,17,"CATTLE, COWS, MILK - INVENTORY, AVG, MEASURED IN HEAD",HEAD,"82,000"
2021,MONTHLY,DEC,ILLINOIS,IL,17,"CATTLE, COWS, MILK - INVENTORY, AVG, MEASURED IN HEAD",HEAD,"81,000"
2021,MONTHLY,FEB,ILLINOIS,IL,17,"CATTLE, COWS, MILK - INVENTORY, AVG, MEASURED IN HEAD",HEAD,"83,000"
2021,MONTHLY,JAN,ILLINOIS,IL,17,"CATTLE, COWS, MILK - INVENTORY, AVG, MEASURED IN HEAD",HEAD,"84,000"
2021,MONTHLY,JAN THRU MAR,ILLINOIS,IL,17,"CATTLE, COWS, MILK - INVENTORY, AVG, MEASURED IN HEAD",HEAD,"83,000"
2021,MONTHLY,JUL,ILLINOIS,IL,17,"CATTLE, COWS, MILK - INVENTORY, AVG, MEASURED IN HEAD",HEAD,"83,000"
2021,MONTHLY,JUL THRU SEP,ILLINOIS,IL,17,"CATTLE, COWS, MILK - INVENTORY, AVG, MEASURED IN HEAD",HEAD,"82,000"
2021,MONTHLY,JUN,ILLINOIS,IL,17,"CATTLE, COWS, MILK - INVENTORY, AVG, MEASURED IN HEAD",HEAD,"83,000"
2021,MONTHLY,MAR,ILLINOIS,IL,17,"CATTLE, COWS, MILK - INVENTORY, AVG, MEASURED IN HEAD",HEAD,"83,000"
2021,MONTHLY,MAY,ILLINOIS,IL,17,"CATTLE, COWS, MILK - INVENTORY, AVG, MEASURED IN HEAD",HEAD,"83,000"
2021,MONTHLY,NOV,ILLINOIS,IL,17,"CATTLE, COWS, MILK - INVENTORY, AVG, MEASURED IN HEAD",HEAD,"81,000"
2021,MONTHLY,OCT,ILLINOIS,IL,17,"CATTLE, COWS, MILK - INVENTORY, AVG, MEASURED IN HEAD",HEAD,"81,000"
2021,MONTHLY,OCT THRU DEC,ILLINOIS,IL,17,"CATTLE, COWS, MILK - INVENTORY, AVG, MEASURED IN HEAD",HEAD,"81,000"
2021,MONTHLY,SEP,ILLINOIS,IL,17,"CATTLE, COWS, MILK - INVENTORY, AVG, MEASURED IN HEAD",HEAD,"82,000"
2021,MONTHLY,APR,INDIANA,IN,18,"CATTLE, COWS, MILK - INVENTORY, AVG, MEASURED IN HEAD",HEAD,"195,000"
2021,MONTHLY,APR THRU JUN,INDIANA,IN,18,"CATTLE, COWS, MILK - INVENTORY, AVG, MEASURED IN HEAD",HEAD,"196,000"
2021,MONTHLY,AUG,INDIANA,IN,18,"CATTLE, COWS, MILK - INVENTORY, AVG, MEASURED IN HEAD",HEAD,"192,000"
2021,MONTHLY,DEC,INDIANA,IN,18,"CATTLE, COWS, MILK - INVENTORY, AVG, MEASURED IN HEAD",HEAD,"186,000"
2021,MONTHLY,FEB,INDIANA,IN,18,"CATTLE, COWS, MILK - INVENTORY, AVG, MEASURED IN HEAD",HEAD,"193,000"
2021,MONTHLY,JAN,INDIANA,IN,18,"CATTLE, COWS, MILK - INVENTORY, AVG, MEASURED IN HEAD",HEAD,"193,000"
2021,MONTHLY,JAN THRU MAR,INDIANA,IN,18,"CATTLE, COWS, MILK - INVENTORY, AVG, MEASURED IN HEAD",HEAD,"193,000"
2021,MONTHLY,JUL,INDIANA,IN,18,"CATTLE, COWS, MILK - INVENTORY, AVG, MEASURED IN HEAD",HEAD,"197,000"
2021,MONTHLY,JUL THRU SEP,INDIANA,IN,18,"CATTLE, COWS, MILK - INVENTORY, AVG, MEASURED IN HEAD",HEAD,"193,000"
2021,MONTHLY,JUN,INDIANA,IN,18,"CATTLE, COWS, MILK - INVENTORY, AVG, MEASURED IN HEAD",HEAD,"197,000"
2021,MONTHLY,MAR,INDIANA,IN,18,"CATTLE, COWS, MILK - INVENTORY, AVG, MEASURED IN HEAD",HEAD,"194,000"
2021,MONTHLY,MAY,INDIANA,IN,18,"CATTLE, COWS, MILK - INVENTORY, AVG, MEASURED IN HEAD",HEAD,"196,000"
2021,MONTHLY,NOV,INDIANA,IN,18,"CATTLE, COWS, MILK - INVENTORY, AVG, MEASURED IN HEAD",HEAD,"186,000"
2021,MONTHLY,OCT,INDIANA,IN,18,"CATTLE, COWS, MILK - INVENTORY, AVG, MEASURED IN HEAD",HEAD,"186,000"
2021,MONTHLY,OCT THRU DEC,INDIANA,IN,18,"CATTLE, COWS, MILK - INVENTORY, AVG, MEASURED IN HEAD",HEAD,"186,000"
2021,MONTHLY,SEP,INDIANA,IN,18,"CATTLE, COWS, MILK - INVENTORY, AVG, MEASURED IN HEAD",HEAD,"189,000"
2021,MONTHLY,APR,KANSAS,KS,20,"CATTLE, COWS, MILK - INVENTORY, AVG, MEASURED IN HEAD",HEAD,"175,000"
2021,MONTHLY,APR THRU JUN,KANSAS,KS,20,"CATTLE, COWS, MILK - INVENTORY, AVG, MEASURED IN HEAD",HEAD,"174,000"
2021,MONTHLY,AUG,KANSAS,KS,20,"CATTLE, COWS, MILK - INVENTORY, AVG, MEASURED IN HEAD",HEAD,"170,000"
2021,MONTHLY,DEC,KANSAS,KS,20,"CATTLE, COWS, MILK - INVENTORY, AVG, MEASURED IN HEAD",HEAD,"169,000"
2021,MONTHLY,FEB,KANSAS,KS,20,"CATTLE, COWS, MILK - INVENTORY, AVG, MEASURED IN HEAD",HEAD,"174,000"
2021,MONTHLY,JAN,KANSAS,KS,20,"CATTLE, COWS, MILK - INVENTORY, AVG, MEASURED IN HEAD",HEAD,"174,000"
2021,MONTHLY,JAN THRU MAR,KANSAS,KS,20,"CATTLE, COWS, MILK - INVENTORY, AVG, MEASURED IN HEAD",HEAD,"174,000"
2021,MONTHLY,JUL,KANSAS,KS,20,"CATTLE, COWS, MILK - INVENTORY, AVG, MEASURED IN HEAD",HEAD,"172,000"
2021,MONTHLY,JUL THRU SEP,KANSAS,KS,20,"CATTLE, COWS, MILK - INVENTORY, AVG, MEASURED IN HEAD",HEAD,"171,000"
2021,MONTHLY,JUN,KANSAS,KS,20,"CATTLE, COWS, MILK - INVENTORY, AVG, MEASURED IN HEAD",HEAD,"173,000"
2021,MONTHLY,MAR,KANSAS,KS,20,"CATTLE, COWS, MILK - INVENTORY, AVG, MEASURED IN HEAD",HEAD,"175,000"
2021,MONTHLY,MAY,KANSAS,KS,20,"CATTLE, COWS, MILK - INVENTORY, AVG, MEASURED IN HEAD",HEAD,"175,000"
2021,MONTHLY,NOV,KANSAS,KS,20,"CATTLE, COWS, MILK - INVENTORY, AVG, MEASURED IN HEAD",HEAD,"168,000"
2021,MONTHLY,OCT,KANSAS,KS,20,"CATTLE, COWS, MILK - INVENTORY, AVG, MEASURED IN HEAD",HEAD,"169,000"
2021,MONTHLY,OCT THRU DEC,KANSAS,KS,20,"CATTLE, COWS, MILK - INVENTORY, AVG, MEASURED IN HEAD",HEAD,"169,000"
2021,MONTHLY,SEP,KANSAS,KS,20,"CATTLE, COWS, MILK - INVENTORY, AVG, MEASURED IN HEAD",HEAD,"170,000"
2021,MONTHLY,APR THRU JUN,KENTUCKY,KY,21,"CATTLE, COWS, MILK - INVENTORY, AVG, MEASURED IN HEAD",HEAD,"46,000"
2021,MONTHLY,JAN THRU MAR,KENTUCKY,KY,21,"CATTLE, COWS, MILK - INVENTORY, AVG, MEASURED IN HEAD",HEAD,"47,000"
2021,MONTHLY,JUL THRU SEP,KENTUCKY,KY,21,"CATTLE, COWS, MILK - INVENTORY, AVG, MEASURED IN HEAD",HEAD,"45,000"
2021,MONTHLY,OCT THRU DEC,KENTUCKY,KY,21,"CATTLE, COWS, MILK - INVENTORY, AVG, MEASURED IN HEAD",HEAD,"45,000"
2021,MONTHLY,APR THRU JUN,LOUISIANA,LA,22,"CATTLE, COWS, MILK - INVENTORY, AVG, MEASURED IN HEAD",HEAD,"9,500"
2021,MONTHLY,JAN THRU MAR,LOUISIANA,LA,22,"CATTLE, COWS, MILK - INVENTORY, AVG, MEASURED IN HEAD",HEAD,"10,000"
2021,MONTHLY,JUL THRU SEP,LOUISIANA,LA,22,"CATTLE, COWS, MILK - INVENTORY, AVG, MEASURED IN HEAD",HEAD,"9,000"
2021,MONTHLY,OCT THRU DEC,LOUISIANA,LA,22,"CATTLE, COWS, MILK - INVENTORY, AVG, MEASURED IN HEAD",HEAD,"9,000"
2021,MONTHLY,APR THRU JUN,MASSACHUSETTS,MA,25,"CATTLE, COWS, MILK - INVENTORY, AVG, MEASURED IN HEAD",HEAD,"10,000"
2021,MONTHLY,JAN THRU MAR,MASSACHUSETTS,MA,25,"CATTLE, COWS, MILK - INVENTORY, AVG, MEASURED IN HEAD",HEAD,"10,000"
2021,MONTHLY,JUL THRU SEP,MASSACHUSETTS,MA,25,"CATTLE, COWS, MILK - INVENTORY, AVG, MEASURED IN HEAD",HEAD,"9,500"
2021,MONTHLY,OCT THRU DEC,MASSACHUSETTS,MA,25,"CATTLE, COWS, MILK - INVENTORY, AVG, MEASURED IN HEAD",HEAD,"9,500"
2021,MONTHLY,APR THRU JUN,MARYLAND,MD,24,"CATTLE, COWS, MILK - INVENTORY, AVG, MEASURED IN HEAD",HEAD,"43,000"
2021,MONTHLY,JAN THRU MAR,MARYLAND,MD,24,"CATTLE, COWS, MILK - INVENTORY, AVG, MEASURED IN HEAD",HEAD,"43,000"
2021,MONTHLY,JUL THRU SEP,MARYLAND,MD,24,"CATTLE, COWS, MILK - INVENTORY, AVG, MEASURED IN HEAD",HEAD,"42,000"
2021,MONTHLY,OCT THRU DEC,MARYLAND,MD,24,"CATTLE, COWS, MILK - INVENTORY, AVG, MEASURED IN HEAD",HEAD,"41,000"
2021,MONTHLY,APR THRU JUN,MAINE,ME,23,"CATTLE, COWS, MILK - INVENTORY, AVG, MEASURED IN HEAD",HEAD,"27,000"
2021,MONTHLY,JAN THRU MAR,MAINE,ME,23,"CATTLE, COWS, MILK - INVENTORY, AVG, MEASURED IN HEAD",HEAD,"27,000"
2021,MONTHLY,JUL THRU SEP,MAINE,ME,23,"CATTLE, COWS, MILK - INVENTORY, AVG, MEASURED IN HEAD",HEAD,"26,000"
2021,MONTHLY,OCT THRU DEC,MAINE,ME,23,"CATTLE, COWS, MILK - INVENTORY, AVG, MEASURED IN HEAD",HEAD,"26,000"
2021,MONTHLY,APR,MICHIGAN,MI,26,"CATTLE, COWS, MILK - INVENTORY, AVG, MEASURED IN HEAD",HEAD,"444,000"
2021,MONTHLY,APR THRU JUN,MICHIGAN,MI,26,"CATTLE, COWS, MILK - INVENTORY, AVG, MEASURED IN HEAD",HEAD,"444,000"
2021,MONTHLY,AUG,MICHIGAN,MI,26,"CATTLE, COWS, MILK - INVENTORY, AVG, MEASURED IN HEAD",HEAD,"441,000"
2021,MONTHLY,DEC,MICHIGAN,MI,26,"CATTLE, COWS, MILK - INVENTORY, AVG, MEASURED IN HEAD",HEAD,"434,000"
2021,MONTHLY,FEB,MICHIGAN,MI,26,"CATTLE, COWS, MILK - INVENTORY, AVG, MEASURED IN HEAD",HEAD,"441,000"
2021,MONTHLY,JAN,MICHIGAN,MI,26,"CATTLE, COWS, MILK - INVENTORY, AVG, MEASURED IN HEAD",HEAD,"440,000"
2021,MONTHLY,JAN THRU MAR,MICHIGAN,MI,26,"CATTLE, COWS, MILK - INVENTORY, AVG, MEASURED IN HEAD",HEAD,"441,000"
2021,MONTHLY,JUL,MICHIGAN,MI,26,"CATTLE, COWS, MILK - INVENTORY, AVG, MEASURED IN HEAD",HEAD,"444,000"
2021,MONTHLY,JUL THRU SEP,MICHIGAN,MI,26,"CATTLE, COWS, MILK - INVENTORY, AVG, MEASURED IN HEAD",HEAD,"441,000"
2021,MONTHLY,JUN,MICHIGAN,MI,26,"CATTLE, COWS, MILK - INVENTORY, AVG, MEASURED IN HEAD",HEAD,"444,000"
2021,MONTHLY,MAR,MICHIGAN,MI,26,"CATTLE, COWS, MILK - INVENTORY, AVG, MEASURED IN HEAD",HEAD,"442,000"
2021,MONTHLY,MAY,MICHIGAN,MI,26,"CATTLE, COWS, MILK - INVENTORY, AVG, MEASURED IN HEAD",HEAD,"444,000"
2021,MONTHLY,NOV,MICHIGAN,MI,26,"CATTLE, COWS, MILK - INVENTORY, AVG, MEASURED IN HEAD",HEAD,"434,000"
2021,MONTHLY,OCT,MICHIGAN,MI,26,"CATTLE, COWS, MILK - INVENTORY, AVG, MEASURED IN HEAD",HEAD,"435,000"
2021,MONTHLY,OCT THRU DEC,MICHIGAN,MI,26,"CATTLE, COWS, MILK - INVENTORY, AVG, MEASURED IN HEAD",HEAD,"434,000"
2021,MONTHLY,SEP,MICHIGAN,MI,26,"CATTLE, COWS, MILK - INVENTORY, AVG, MEASURED IN HEAD",HEAD,"438,000"
2021,MONTHLY,APR,MINNESOTA,MN,27,"CATTLE, COWS, MILK - INVENTORY, AVG, MEASURED IN HEAD",HEAD,"462,000"
2021,MONTHLY,APR THRU JUN,MINNESOTA,MN,27,"CATTLE, COWS, MILK - INVENTORY, AVG, MEASURED IN HEAD",HEAD,"462,000"
2021,MONTHLY,AUG,MINNESOTA,MN,27,"CATTLE, COWS, MILK - INVENTORY, AVG, MEASURED IN HEAD",HEAD,"461,000"
2021,MONTHLY,DEC,MINNESOTA,MN,27,"CATTLE, COWS, MILK - INVENTORY, AVG, MEASURED IN HEAD",HEAD,"460,000"
2021,MONTHLY,FEB,MINNESOTA,MN,27,"CATTLE, COWS, MILK - INVENTORY, AVG, MEASURED IN HEAD",HEAD,"461,000"
2021,MONTHLY,JAN,MINNESOTA,MN,27,"CATTLE, COWS, MILK - INVENTORY, AVG, MEASURED IN HEAD",HEAD,"460,000"
2021,MONTHLY,JAN THRU MAR,MINNESOTA,MN,27,"CATTLE, COWS, MILK - INVENTORY, AVG, MEASURED IN HEAD",HEAD,"461,000"
2021,MONTHLY,JUL,MINNESOTA,MN,27,"CATTLE, COWS, MILK - INVENTORY, AVG, MEASURED IN HEAD",HEAD,"462,000"
2021,MONTHLY,JUL THRU SEP,MINNESOTA,MN,27,"CATTLE, COWS, MILK - INVENTORY, AVG, MEASURED IN HEAD",HEAD,"461,000"
2021,MONTHLY,JUN,MINNESOTA,MN,27,"CATTLE, COWS, MILK - INVENTORY, AVG, MEASURED IN HEAD",HEAD,"462,000"
2021,MONTHLY,MAR,MINNESOTA,MN,27,"CATTLE, COWS, MILK - INVENTORY, AVG, MEASURED IN HEAD",HEAD,"462,000"
2021,MONTHLY,MAY,MINNESOTA,MN,27,"CATTLE, COWS, MILK - INVENTORY, AVG, MEASURED IN HEAD",HEAD,"462,000"
2021,MONTHLY,NOV,MINNESOTA,MN,27,"CATTLE, COWS, MILK - INVENTORY, AVG, MEASURED IN HEAD",HEAD,"461,000"
2021,MONTHLY,OCT,MINNESOTA,MN,27,"CATTLE, COWS, MILK - INVENTORY, AVG, MEASURED IN HEAD",HEAD,"461,000"
2021,MONTHLY,OCT THRU DEC,MINNESOTA,MN,27,"CATTLE, COWS, MILK - INVENTORY, AVG, MEASURED IN HEAD",HEAD,"461,000"
2021,MONTHLY,SEP,MINNESOTA,MN,27,"CATTLE, COWS, MILK - INVENTORY, AVG, MEASURED IN HEAD",HEAD,"461,000"
2021,MONTHLY,APR THRU JUN,MISSOURI,MO,29,"CATTLE, COWS, MILK - INVENTORY, AVG, MEASURED IN HEAD",HEAD,"72,000"
2021,MONTHLY,JAN THRU MAR,MISSOURI,MO,29,"CATTLE, COWS, MILK - INVENTORY, AVG, MEASURED IN HEAD",HEAD,"72,000"
2021,MONTHLY,JUL THRU SEP,MISSOURI,MO,29,"CATTLE, COWS, MILK - INVENTORY, AVG, MEASURED IN HEAD",HEAD,"70,000"
2021,MONTHLY,OCT THRU DEC,MISSOURI,MO,29,"CATTLE, COWS, MILK - INVENTORY, AVG, MEASURED IN HEAD",HEAD,"69,000"
2021,MONTHLY,APR THRU JUN,MISSISSIPPI,MS,28,"CATTLE, COWS, MILK - INVENTORY, AVG, MEASURED IN HEAD",HEAD,"7,500"
2021,MONTHLY,JAN THRU MAR,MISSISSIPPI,MS,28,"CATTLE, COWS, MILK - INVENTORY, AVG, MEASURED IN HEAD",HEAD,"8,000"
2021,MONTHLY,JUL THRU SEP,MISSISSIPPI,MS,28,"CATTLE, COWS, MILK - INVENTORY, AVG, MEASURED IN HEAD",HEAD,"7,000"
2021,MONTHLY,OCT THRU DEC,MISSISSIPPI,MS,28,"CATTLE, COWS, MILK - INVENTORY, AVG, MEASURED IN HEAD",HEAD,"7,000"
2021,MONTHLY,APR THRU JUN,MONTANA,MT,30,"CATTLE, COWS, MILK - INVENTORY, AVG, MEASURED IN HEAD",HEAD,"11,000"
2021,MONTHLY,JAN THRU MAR,MONTANA,MT,30,"CATTLE, COWS, MILK - INVENTORY, AVG, MEASURED IN HEAD",HEAD,"11,000"
2021,MONTHLY,JUL THRU SEP,MONTANA,MT,30,"CATTLE, COWS, MILK - INVENTORY, AVG, MEASURED IN HEAD",HEAD,"11,000"
2021,MONTHLY,OCT THRU DEC,MONTANA,MT,30,"CATTLE, COWS, MILK - INVENTORY, AVG, MEASURED IN HEAD",HEAD,"11,000"
2021,MONTHLY,APR THRU JUN,NORTH CAROLINA,NC,37,"CATTLE, COWS, MILK - INVENTORY, AVG, MEASURED IN HEAD",HEAD,"40,000"
2021,MONTHLY,JAN THRU MAR,NORTH CAROLINA,NC,37,"CATTLE, COWS, MILK - INVENTORY, AVG, MEASURED IN HEAD",HEAD,"40,000"
2021,MONTHLY,JUL THRU SEP,NORTH CAROLINA,NC,37,"CATTLE, COWS, MILK - INVENTORY, AVG, MEASURED IN HEAD",HEAD,"39,000"
2021,MONTHLY,OCT THRU DEC,NORTH CAROLINA,NC,37,"CATTLE, COWS, MILK - INVENTORY, AVG, MEASURED IN HEAD",HEAD,"39,000"
2021,MONTHLY,APR THRU JUN,NORTH DAKOTA,ND,38,"CATTLE, COWS, MILK - INVENTORY, AVG, MEASURED IN HEAD",HEAD,"15,000"
2021,MONTHLY,JAN THRU MAR,NORTH DAKOTA,ND,38,"CATTLE, COWS, MILK - INVENTORY, AVG, MEASURED IN HEAD",HEAD,"15,000"
2021,MONTHLY,JUL THRU SEP,NORTH DAKOTA,ND,38,"CATTLE, COWS, MILK - INVENTORY, AVG, MEASURED IN HEAD",HEAD,"15,000"
2021,MONTHLY,OCT THRU DEC,NORTH DAKOTA,ND,38,"CATTLE, COWS, MILK - INVENTORY, AVG, MEASURED IN HEAD",HEAD,"15,000"
2021,MONTHLY,APR THRU JUN,NEBRASKA,NE,31,"CATTLE, COWS, MILK - INVENTORY, AVG, MEASURED IN HEAD",HEAD,"58,000"
2021,MONTHLY,JAN THRU MAR,NEBRASKA,NE,31,"CATTLE, COWS, MILK - INVENTORY, AVG, MEASURED IN HEAD",HEAD,"59,000"
2021,MONTHLY,JUL THRU SEP,NEBRASKA,NE,31,"CATTLE, COWS, MILK - INVENTORY, AVG, MEASURED IN HEAD",HEAD,"58,000"
2021,MONTHLY,OCT THRU DEC,NEBRASKA,NE,31,"CATTLE, COWS, MILK - INVENTORY, AVG, MEASURED IN HEAD",HEAD,"58,000"
2021,MONTHLY,APR THRU JUN,NEW HAMPSHIRE,NH,33,"CATTLE, COWS, MILK - INVENTORY, AVG, MEASURED IN HEAD",HEAD,"10,500"
2021,MONTHLY,JAN THRU MAR,NEW HAMPSHIRE,NH,33,"CATTLE, COWS, MILK - INVENTORY, AVG, MEASURED IN HEAD",HEAD,"10,500"
2021,MONTHLY,JUL THRU SEP,NEW HAMPSHIRE,NH,33,"CATTLE, COWS, MILK - INVENTORY, AVG, MEASURED IN HEAD",HEAD,"10,500"
2021,MONTHLY,OCT THRU DEC,NEW HAMPSHIRE,NH,33,"CATTLE, COWS, MILK - INVENTORY, AVG, MEASURED IN HEAD",HEAD,"10,500"
2021,MONTHLY,APR THRU JUN,NEW JERSEY,NJ,34,"CATTLE, COWS, MILK - INVENTORY, AVG, MEASURED IN HEAD",HEAD,"4,400"
2021,MONTHLY,JAN THRU MAR,NEW JERSEY,NJ,34,"CATTLE, COWS, MILK - INVENTORY, AVG, MEASURED IN HEAD",HEAD,"4,400"
2021,MONTHLY,JUL THRU SEP,NEW JERSEY,NJ,34,"CATTLE, COWS, MILK - INVENTORY, AVG, MEASURED IN HEAD",HEAD,"4,200"
2021,MONTHLY,OCT THRU DEC,NEW JERSEY,NJ,34,"CATTLE, COWS, MILK - INVENTORY, AVG, MEASURED IN HEAD",HEAD,"4,200"
2021,MONTHLY,APR,NEW MEXICO,NM,35,"CATTLE, COWS, MILK - INVENTORY, AVG, MEASURED IN HEAD",HEAD,"333,000"
2021,MONTHLY,APR THRU JUN,NEW MEXICO,NM,35,"CATTLE, COWS, MILK - INVENTORY, AVG, MEASURED IN HEAD",HEAD,"330,000"
2021,MONTHLY,AUG,NEW MEXICO,NM,35,"CATTLE, COWS, MILK - INVENTORY, AVG, MEASURED IN HEAD",HEAD,"306,000"
2021,MONTHLY,DEC,NEW MEXICO,NM,35,"CATTLE, COWS, MILK - INVENTORY, AVG, MEASURED IN HEAD",HEAD,"292,000"
2021,MONTHLY,FEB,NEW MEXICO,NM,35,"CATTLE, COWS, MILK - INVENTORY, AVG, MEASURED IN HEAD",HEAD,"336,000"
2021,MONTHLY,JAN,NEW MEXICO,NM,35,"CATTLE, COWS, MILK - INVENTORY, AVG, MEASURED IN HEAD",HEAD,"337,000"
2021,MONTHLY,JAN THRU MAR,NEW MEXICO,NM,35,"CATTLE, COWS, MILK - INVENTORY, AVG, MEASURED IN HEAD",HEAD,"335,000"
2021,MONTHLY,JUL,NEW MEXICO,NM,35,"CATTLE, COWS, MILK - INVENTORY, AVG, MEASURED IN HEAD",HEAD,"316,000"
2021,MONTHLY,JUL THRU SEP,NEW MEXICO,NM,35,"CATTLE, COWS, MILK - INVENTORY, AVG, MEASURED IN HEAD",HEAD,"307,000"
2021,MONTHLY,JUN,NEW MEXICO,NM,35,"CATTLE, COWS, MILK - INVENTORY, AVG, MEASURED IN HEAD",HEAD,"326,000"
2021,MONTHLY,MAR,NEW MEXICO,NM,35,"CATTLE, COWS, MILK - INVENTORY, AVG, MEASURED IN HEAD",HEAD,"333,000"
2021,MONTHLY,MAY,NEW MEXICO,NM,35,"CATTLE, COWS, MILK - INVENTORY, AVG, MEASURED IN HEAD",HEAD,"330,000"
2021,MONTHLY,NOV,NEW MEXICO,NM,35,"CATTLE, COWS, MILK - INVENTORY, AVG, MEASURED IN HEAD",HEAD,"295,000"
2021,MONTHLY,OCT,NEW MEXICO,NM,35,"CATTLE, COWS, MILK - INVENTORY, AVG, MEASURED IN HEAD",HEAD,"298,000"
2021,MONTHLY,OCT THRU DEC,NEW MEXICO,NM,35,"CATTLE, COWS, MILK - INVENTORY, AVG, MEASURED IN HEAD",HEAD,"295,000"
2021,MONTHLY,SEP,NEW MEXICO,NM,35,"CATTLE, COWS, MILK - INVENTORY, AVG, MEASURED IN HEAD",HEAD,"298,000"
2021,MONTHLY,APR THRU JUN,NEVADA,NV,32,"CATTLE, COWS, MILK - INVENTORY, AVG, MEASURED IN HEAD",HEAD,"34,000"
2021,MONTHLY,JAN THRU MAR,NEVADA,NV,32,"CATTLE, COWS, MILK - INVENTORY, AVG, MEASURED IN HEAD",HEAD,"34,000"
2021,MONTHLY,JUL THRU SEP,NEVADA,NV,32,"CATTLE, COWS, MILK - INVENTORY, AVG, MEASURED IN HEAD",HEAD,"34,000"
2021,MONTHLY,OCT THRU DEC,NEVADA,NV,32,"CATTLE, COWS, MILK - INVENTORY, AVG, MEASURED IN HEAD",HEAD,"34,000"
2021,MONTHLY,APR,NEW YORK,NY,36,"CATTLE, COWS, MILK - INVENTORY, AVG, MEASURED IN HEAD",HEAD,"626,000"
2021,MONTHLY,APR THRU JUN,NEW YORK,NY,36,"CATTLE, COWS, MILK - INVENTORY, AVG, MEASURED IN HEAD",HEAD,"629,000"
2021,MONTHLY,AUG,NEW YORK,NY,36,"CATTLE, COWS, MILK - INVENTORY, AVG, MEASURED IN HEAD",HEAD,"628,000"
2021,MONTHLY,DEC,NEW YORK,NY,36,"CATTLE, COWS, MILK - INVENTORY, AVG, MEASURED IN HEAD",HEAD,"620,000"
2021,MONTHLY,FEB,NEW YORK,NY,36,"CATTLE, COWS, MILK - INVENTORY, AVG, MEASURED IN HEAD",HEAD,"626,000"
2021,MONTHLY,JAN,NEW YORK,NY,36,"CATTLE, COWS, MILK - INVENTORY, AVG, MEASURED IN HEAD",HEAD,"625,000"
2021,MONTHLY,JAN THRU MAR,NEW YORK,NY,36,"CATTLE, COWS, MILK - INVENTORY, AVG, MEASURED IN HEAD",HEAD,"626,000"
2021,MONTHLY,JUL,NEW YORK,NY,36,"CATTLE, COWS, MILK - INVENTORY, AVG, MEASURED IN HEAD",HEAD,"630,000"
2021,MONTHLY,JUL THRU SEP,NEW YORK,NY,36,"CATTLE, COWS, MILK - INVENTORY, AVG, MEASURED IN HEAD",HEAD,"629,000"
2021,MONTHLY,JUN,NEW YORK,NY,36,"CATTLE, COWS, MILK - INVENTORY, AVG, MEASURED IN HEAD",HEAD,"630,000"
2021,MONTHLY,MAR,NEW YORK,NY,36,"CATTLE, COWS, MILK - INVENTORY, AVG, MEASURED IN HEAD",HEAD,"626,000"
2021,MONTHLY,MAY,NEW YORK,NY,36,"CATTLE, COWS, MILK - INVENTORY, AVG, MEASURED IN HEAD",HEAD,"630,000"
2021,MONTHLY,NOV,NEW YORK,NY,36,"CATTLE, COWS, MILK - INVENTORY, AVG, MEASURED IN HEAD",HEAD,"625,000"
2021,MONTHLY,OCT,NEW YORK,NY,36,"CATTLE, COWS, MILK - INVENTORY, AVG, MEASURED IN HEAD",HEAD,"628,000"
2021,MONTHLY,OCT THRU DEC,NEW YORK,NY,36,"CATTLE, COWS, MILK - INVENTORY, AVG, MEASURED IN HEAD",HEAD,"624,000"
2021,MONTHLY,SEP,NEW YORK,NY,36,"CATTLE, COWS, MILK - INVENTORY, AVG, MEASURED IN HEAD",HEAD,"628,000"
2021,MONTHLY,APR,OHIO,OH,39,"CATTLE, COWS, MILK - INVENTORY, AVG, MEASURED IN HEAD",HEAD,"260,000"
2021,MONTHLY,APR THRU JUN,OHIO,OH,39,"CATTLE, COWS, MILK - INVENTORY, AVG, MEASURED IN HEAD",HEAD,"260,000"
2021,MONTHLY,AUG,OHIO,OH,39,"CATTLE, COWS, MILK - INVENTORY, AVG, MEASURED IN HEAD",HEAD,"258,000"
2021,MONTHLY,DEC,OHIO,OH,39,"CATTLE, COWS, MILK - INVENTORY, AVG, MEASURED IN HEAD",HEAD,"248,000"
2021,MONTHLY,FEB,OHIO,OH,39,"CATTLE, COWS, MILK - INVENTORY, AVG, MEASURED IN HEAD",HEAD,"260,000"
2021,MONTHLY,JAN,OHIO,OH,39,"CATTLE, COWS, MILK - INVENTORY, AVG, MEASURED IN HEAD",HEAD,"259,000"
2021,MONTHLY,JAN THRU MAR,OHIO,OH,39,"CATTLE, COWS, MILK - INVENTORY, AVG, MEASURED IN HEAD",HEAD,"260,000"
2021,MONTHLY,JUL,OHIO,OH,39,"CATTLE, COWS, MILK - INVENTORY, AVG, MEASURED IN HEAD",HEAD,"260,000"
2021,MONTHLY,JUL THRU SEP,OHIO,OH,39,"CATTLE, COWS, MILK - INVENTORY, AVG, MEASURED IN HEAD",HEAD,"257,000"
2021,MONTHLY,JUN,OHIO,OH,39,"CATTLE, COWS, MILK - INVENTORY, AVG, MEASURED IN HEAD",HEAD,"260,000"
2021,MONTHLY,MAR,OHIO,OH,39,"CATTLE, COWS, MILK - INVENTORY, AVG, MEASURED IN HEAD",HEAD,"260,000"
2021,MONTHLY,MAY,OHIO,OH,39,"CATTLE, COWS, MILK - INVENTORY, AVG, MEASURED IN HEAD",HEAD,"260,000"
2021,MONTHLY,NOV,OHIO,OH,39,"CATTLE, COWS, MILK - INVENTORY, AVG, MEASURED IN HEAD",HEAD,"250,000"
2021,MONTHLY,OCT,OHIO,OH,39,"CATTLE, COWS, MILK - INVENTORY, AVG, MEASURED IN HEAD",HEAD,"252,000"
2021,MONTHLY,OCT THRU DEC,OHIO,OH,39,"CATTLE, COWS, MILK - INVENTORY, AVG, MEASURED IN HEAD",HEAD,"250,000"
2021,MONTHLY,SEP,OHIO,OH,39,"CATTLE, COWS, MILK - INVENTORY, AVG, MEASURED IN HEAD",HEAD,"254,000"
2021,MONTHLY,APR THRU JUN,OKLAHOMA,OK,40,"CATTLE, COWS, MILK - INVENTORY, AVG, MEASURED IN HEAD",HEAD,"40,000"
2021,MONTHLY,JAN THRU MAR,OKLAHOMA,OK,40,"CATTLE, COWS, MILK - INVENTORY, AVG, MEASURED IN HEAD",HEAD,"40,000"
2021,MONTHLY,JUL THRU SEP,OKLAHOMA,OK,40,"CATTLE, COWS, MILK - INVENTORY, AVG, MEASURED IN HEAD",HEAD,"39,000"
2021,MONTHLY,OCT THRU DEC,OKLAHOMA,OK,40,"CATTLE, COWS, MILK - INVENTORY, AVG, MEASURED IN HEAD",HEAD,"40,000"
2021,MONTHLY,APR,OREGON,OR,41,"CATTLE, COWS, MILK - INVENTORY, AVG, MEASURED IN HEAD",HEAD,"126,000"
2021,MONTHLY,APR THRU JUN,OREGON,OR,41,"CATTLE, COWS, MILK - INVENTORY, AVG, MEASURED IN HEAD",HEAD,"126,000"
2021,MONTHLY,AUG,OREGON,OR,41,"CATTLE, COWS, MILK - INVENTORY, AVG, MEASURED IN HEAD",HEAD,"124,000"
2021,MONTHLY,DEC,OREGON,OR,41,"CATTLE, COWS, MILK - INVENTORY, AVG, MEASURED IN HEAD",HEAD,"125,000"
2021,MONTHLY,FEB,OREGON,OR,41,"CATTLE, COWS, MILK - INVENTORY, AVG, MEASURED IN HEAD",HEAD,"125,000"
2021,MONTHLY,JAN,OREGON,OR,41,"CATTLE, COWS, MILK - INVENTORY, AVG, MEASURED IN HEAD",HEAD,"125,000"
2021,MONTHLY,JAN THRU MAR,OREGON,OR,41,"CATTLE, COWS, MILK - INVENTORY, AVG, MEASURED IN HEAD",HEAD,"125,000"
2021,MONTHLY,JUL,OREGON,OR,41,"CATTLE, COWS, MILK - INVENTORY, AVG, MEASURED IN HEAD",HEAD,"125,000"
2021,MONTHLY,JUL THRU SEP,OREGON,OR,41,"CATTLE, COWS, MILK - INVENTORY, AVG, MEASURED IN HEAD",HEAD,"125,000"
2021,MONTHLY,JUN,OREGON,OR,41,"CATTLE, COWS, MILK - INVENTORY, AVG, MEASURED IN HEAD",HEAD,"126,000"
2021,MONTHLY,MAR,OREGON,OR,41,"CATTLE, COWS, MILK - INVENTORY, AVG, MEASURED IN HEAD",HEAD,"126,000"
2021,MONTHLY,MAY,OREGON,OR,41,"CATTLE, COWS, MILK - INVENTORY, AVG, MEASURED IN HEAD",HEAD,"126,000"
2021,MONTHLY,NOV,OREGON,OR,41,"CATTLE, COWS, MILK - INVENTORY, AVG, MEASURED IN HEAD",HEAD,"125,000"
2021,MONTHLY,OCT,OREGON,OR,41,"CATTLE, COWS, MILK - INVENTORY, AVG, MEASURED IN HEAD",HEAD,"125,000"
2021,MONTHLY,OCT THRU DEC,OREGON,OR,41,"CATTLE, COWS, MILK - INVENTORY, AVG, MEASURED IN HEAD",HEAD,"125,000"
2021,MONTHLY,SEP,OREGON,OR,41,"CATTLE, COWS, MILK - INVENTORY, AVG, MEASURED IN HEAD",HEAD,"125,000"
2021,MONTHLY,APR THRU JUN,OTHER STATES,OT,98,"CATTLE, COWS, MILK - INVENTORY, AVG, MEASURED IN HEAD",HEAD,900
2021,MONTHLY,JAN THRU MAR,OTHER STATES,OT,98,"CATTLE, COWS, MILK - INVENTORY, AVG, MEASURED IN HEAD",HEAD,800
2021,MONTHLY,JUL THRU SEP,OTHER STATES,OT,98,"CATTLE, COWS, MILK - INVENTORY, AVG, MEASURED IN HEAD",HEAD,900
2021,MONTHLY,OCT THRU DEC,OTHER STATES,OT,98,"CATTLE, COWS, MILK - INVENTORY, AVG, MEASURED IN HEAD",HEAD,900
2021,MONTHLY,APR,PENNSYLVANIA,PA,42,"CATTLE, COWS, MILK - INVENTORY, AVG, MEASURED IN HEAD",HEAD,"475,000"
2021,MONTHLY,APR THRU JUN,PENNSYLVANIA,PA,42,"CATTLE, COWS, MILK - INVENTORY, AVG, MEASURED IN HEAD",HEAD,"475,000"
2021,MONTHLY,AUG,PENNSYLVANIA,PA,42,"CATTLE, COWS, MILK - INVENTORY, AVG, MEASURED IN HEAD",HEAD,"475,000"
2021,MONTHLY,DEC,PENNSYLVANIA,PA,42,"CATTLE, COWS, MILK - INVENTORY, AVG, MEASURED IN HEAD",HEAD,"470,000"
2021,MONTHLY,FEB,PENNSYLVANIA,PA,42,"CATTLE, COWS, MILK - INVENTORY, AVG, MEASURED IN HEAD",HEAD,"475,000"
2021,MONTHLY,JAN,PENNSYLVANIA,PA,42,"CATTLE, COWS, MILK - INVENTORY, AVG, MEASURED IN HEAD",HEAD,"475,000"
2021,MONTHLY,JAN THRU MAR,PENNSYLVANIA,PA,42,"CATTLE, COWS, MILK - INVENTORY, AVG, MEASURED IN HEAD",HEAD,"475,000"
2021,MONTHLY,JUL,PENNSYLVANIA,PA,42,"CATTLE, COWS, MILK - INVENTORY, AVG, MEASURED IN HEAD",HEAD,"475,000"
2021,MONTHLY,JUL THRU SEP,PENNSYLVANIA,PA,42,"CATTLE, COWS, MILK - INVENTORY, AVG, MEASURED IN HEAD",HEAD,"474,000"
2021,MONTHLY,JUN,PENNSYLVANIA,PA,42,"CATTLE, COWS, MILK - INVENTORY, AVG, MEASURED IN HEAD",HEAD,"475,000"
2021,MONTHLY,MAR,PENNSYLVANIA,PA,42,"CATTLE, COWS, MILK - INVENTORY, AVG, MEASURED IN HEAD",HEAD,"475,000"
2021,MONTHLY,MAY,PENNSYLVANIA,PA,42,"CATTLE, COWS, MILK - INVENTORY, AVG, MEASURED IN HEAD",HEAD,"475,000"
2021,MONTHLY,NOV,PENNSYLVANIA,PA,42,"CATTLE, COWS, MILK - INVENTORY, AVG, MEASURED IN HEAD",HEAD,"470,000"
2021,MONTHLY,OCT,PENNSYLVANIA,PA,42,"CATTLE, COWS, MILK - INVENTORY, AVG, MEASURED IN HEAD",HEAD,"470,000"
2021,MONTHLY,OCT THRU DEC,PENNSYLVANIA,PA,42,"CATTLE, COWS, MILK - INVENTORY, AVG, MEASURED IN HEAD",HEAD,"470,000"
2021,MONTHLY,SEP,PENNSYLVANIA,PA,42,"CATTLE, COWS, MILK - INVENTORY, AVG, MEASURED IN HEAD",HEAD,"473,000"
2021,MONTHLY,APR THRU JUN,RHODE ISLAND,RI,44,"CATTLE, COWS, MILK - INVENTORY, AVG, MEASURED IN HEAD",HEAD,500
2021,MONTHLY,JAN THRU MAR,RHODE ISLAND,RI,44,"CATTLE, COWS, MILK - INVENTORY, AVG, MEASURED IN HEAD",HEAD,500
2021,MONTHLY,JUL THRU SEP,RHODE ISLAND,RI,44,"CATTLE, COWS, MILK - INVENTORY, AVG, MEASURED IN HEAD",HEAD,500
2021,MONTHLY,OCT THRU DEC,RHODE ISLAND,RI,44,"CATTLE, COWS, MILK - INVENTORY, AVG, MEASURED IN HEAD",HEAD,500
2021,MONTHLY,APR THRU JUN,SOUTH CAROLINA,SC,45,"CATTLE, COWS, MILK - INVENTORY, AVG, MEASURED IN HEAD",HEAD,"9,000"
2021,MONTHLY,JAN THRU MAR,SOUTH CAROLINA,SC,45,"CATTLE, COWS, MILK - INVENTORY, AVG, MEASURED IN HEAD",HEAD,"9,500"
2021,MONTHLY,JUL THRU SEP,SOUTH CAROLINA,SC,45,"CATTLE, COWS, MILK - INVENTORY, AVG, MEASURED IN HEAD",HEAD,"9,000"
2021,MONTHLY,OCT THRU DEC,SOUTH CAROLINA,SC,45,"CATTLE, COWS, MILK - INVENTORY, AVG, MEASURED IN HEAD",HEAD,"9,000"
2021,MONTHLY,APR,SOUTH DAKOTA,SD,46,"CATTLE, COWS, MILK - INVENTORY, AVG, MEASURED IN HEAD",HEAD,"152,000"
2021,MONTHLY,APR THRU JUN,SOUTH DAKOTA,SD,46,"CATTLE, COWS, MILK - INVENTORY, AVG, MEASURED IN HEAD",HEAD,"154,000"
2021,MONTHLY,AUG,SOUTH DAKOTA,SD,46,"CATTLE, COWS, MILK - INVENTORY, AVG, MEASURED IN HEAD",HEAD,"160,000"
2021,MONTHLY,DEC,SOUTH DAKOTA,SD,46,"CATTLE, COWS, MILK - INVENTORY, AVG, MEASURED IN HEAD",HEAD,"170,000"
2021,MONTHLY,FEB,SOUTH DAKOTA,SD,46,"CATTLE, COWS, MILK - INVENTORY, AVG, MEASURED IN HEAD",HEAD,"143,000"
2021,MONTHLY,JAN,SOUTH DAKOTA,SD,46,"CATTLE, COWS, MILK - INVENTORY, AVG, MEASURED IN HEAD",HEAD,"142,000"
2021,MONTHLY,JAN THRU MAR,SOUTH DAKOTA,SD,46,"CATTLE, COWS, MILK - INVENTORY, AVG, MEASURED IN HEAD",HEAD,"144,000"
2021,MONTHLY,JUL,SOUTH DAKOTA,SD,46,"CATTLE, COWS, MILK - INVENTORY, AVG, MEASURED IN HEAD",HEAD,"159,000"
2021,MONTHLY,JUL THRU SEP,SOUTH DAKOTA,SD,46,"CATTLE, COWS, MILK - INVENTORY, AVG, MEASURED IN HEAD",HEAD,"160,000"
2021,MONTHLY,JUN,SOUTH DAKOTA,SD,46,"CATTLE, COWS, MILK - INVENTORY, AVG, MEASURED IN HEAD",HEAD,"157,000"
2021,MONTHLY,MAR,SOUTH DAKOTA,SD,46,"CATTLE, COWS, MILK - INVENTORY, AVG, MEASURED IN HEAD",HEAD,"147,000"
2021,MONTHLY,MAY,SOUTH DAKOTA,SD,46,"CATTLE, COWS, MILK - INVENTORY, AVG, MEASURED IN HEAD",HEAD,"154,000"
2021,MONTHLY,NOV,SOUTH DAKOTA,SD,46,"CATTLE, COWS, MILK - INVENTORY, AVG, MEASURED IN HEAD",HEAD,"167,000"
2021,MONTHLY,OCT,SOUTH DAKOTA,SD,46,"CATTLE, COWS, MILK - INVENTORY, AVG, MEASURED IN HEAD",HEAD,"162,000"
2021,MONTHLY,OCT THRU DEC,SOUTH DAKOTA,SD,46,"CATTLE, COWS, MILK - INVENTORY, AVG, MEASURED IN HEAD",HEAD,"166,000"
2021,MONTHLY,SEP,SOUTH DAKOTA,SD,46,"CATTLE, COWS, MILK - INVENTORY, AVG, MEASURED IN HEAD",HEAD,"161,000"
2021,MONTHLY,APR THRU JUN,TENNESSEE,TN,47,"CATTLE, COWS, MILK - INVENTORY, AVG, MEASURED IN HEAD",HEAD,"29,000"
2021,MONTHLY,JAN THRU MAR,TENNESSEE,TN,47,"CATTLE, COWS, MILK - INVENTORY, AVG, MEASURED IN HEAD",HEAD,"29,000"
2021,MONTHLY,JUL THRU SEP,TENNESSEE,TN,47,"CATTLE, COWS, MILK - INVENTORY, AVG, MEASURED IN HEAD",HEAD,"28,000"
2021,MONTHLY,OCT THRU DEC,TENNESSEE,TN,47,"CATTLE, COWS, MILK - INVENTORY, AVG, MEASURED IN HEAD",HEAD,"27,000"
2021,MONTHLY,APR,TEXAS,TX,48,"CATTLE, COWS, MILK - INVENTORY, AVG, MEASURED IN HEAD",HEAD,"620,000"
2021,MONTHLY,APR THRU JUN,TEXAS,TX,48,"CATTLE, COWS, MILK - INVENTORY, AVG, MEASURED IN HEAD",HEAD,"622,000"
2021,MONTHLY,AUG,TEXAS,TX,48,"CATTLE, COWS, MILK - INVENTORY, AVG, MEASURED IN HEAD",HEAD,"625,000"
2021,MONTHLY,DEC,TEXAS,TX,48,"CATTLE, COWS, MILK - INVENTORY, AVG, MEASURED IN HEAD",HEAD,"625,000"
2021,MONTHLY,FEB,TEXAS,TX,48,"CATTLE, COWS, MILK - INVENTORY, AVG, MEASURED IN HEAD",HEAD,"617,000"
2021,MONTHLY,JAN,TEXAS,TX,48,"CATTLE, COWS, MILK - INVENTORY, AVG, MEASURED IN HEAD",HEAD,"616,000"
2021,MONTHLY,JAN THRU MAR,TEXAS,TX,48,"CATTLE, COWS, MILK - INVENTORY, AVG, MEASURED IN HEAD",HEAD,"617,000"
2021,MONTHLY,JUL,TEXAS,TX,48,"CATTLE, COWS, MILK - INVENTORY, AVG, MEASURED IN HEAD",HEAD,"624,000"
2021,MONTHLY,JUL THRU SEP,TEXAS,TX,48,"CATTLE, COWS, MILK - INVENTORY, AVG, MEASURED IN HEAD",HEAD,"625,000"
2021,MONTHLY,JUN,TEXAS,TX,48,"CATTLE, COWS, MILK - INVENTORY, AVG, MEASURED IN HEAD",HEAD,"623,000"
2021,MONTHLY,MAR,TEXAS,TX,48,"CATTLE, COWS, MILK - INVENTORY, AVG, MEASURED IN HEAD",HEAD,"618,000"
2021,MONTHLY,MAY,TEXAS,TX,48,"CATTLE, COWS, MILK - INVENTORY, AVG, MEASURED IN HEAD",HEAD,"622,000"
2021,MONTHLY,NOV,TEXAS,TX,48,"CATTLE, COWS, MILK - INVENTORY, AVG, MEASURED IN HEAD",HEAD,"625,000"
2021,MONTHLY,OCT,TEXAS,TX,48,"CATTLE, COWS, MILK - INVENTORY, AVG, MEASURED IN HEAD",HEAD,"625,000"
2021,MONTHLY,OCT THRU DEC,TEXAS,TX,48,"CATTLE, COWS, MILK - INVENTORY, AVG, MEASURED IN HEAD",HEAD,"625,000"
2021,MONTHLY,SEP,TEXAS,TX,48,"CATTLE, COWS, MILK - INVENTORY, AVG, MEASURED IN HEAD",HEAD,"625,000"
2021,MONTHLY,APR,US TOTAL,US,99,"CATTLE, COWS, MILK - INVENTORY, AVG, MEASURED IN HEAD",HEAD,"9,500,000"
2021,MONTHLY,APR THRU JUN,US TOTAL,US,99,"CATTLE, COWS, MILK - INVENTORY, AVG, MEASURED IN HEAD",HEAD,"9,504,000"
2021,MONTHLY,AUG,US TOTAL,US,99,"CATTLE, COWS, MILK - INVENTORY, AVG, MEASURED IN HEAD",HEAD,"9,434,000"
2021,MONTHLY,DEC,US TOTAL,US,99,"CATTLE, COWS, MILK - INVENTORY, AVG, MEASURED IN HEAD",HEAD,"9,379,000"
2021,MONTHLY,FEB,US TOTAL,US,99,"CATTLE, COWS, MILK - INVENTORY, AVG, MEASURED IN HEAD",HEAD,"9,466,000"
2021,MONTHLY,JAN,US TOTAL,US,99,"CATTLE, COWS, MILK - INVENTORY, AVG, MEASURED IN HEAD",HEAD,"9,454,000"
2021,MONTHLY,JAN THRU MAR,US TOTAL,US,99,"CATTLE, COWS, MILK - INVENTORY, AVG, MEASURED IN HEAD",HEAD,"9,468,000"
2021,MONTHLY,JUL,US TOTAL,US,99,"CATTLE, COWS, MILK - INVENTORY, AVG, MEASURED IN HEAD",HEAD,"9,478,000"
2021,MONTHLY,JUL THRU SEP,US TOTAL,US,99,"CATTLE, COWS, MILK - INVENTORY, AVG, MEASURED IN HEAD",HEAD,"9,439,000"
2021,MONTHLY,JUN,US TOTAL,US,99,"CATTLE, COWS, MILK - INVENTORY, AVG, MEASURED IN HEAD",HEAD,"9,503,000"
2021,MONTHLY,MAR,US TOTAL,US,99,"CATTLE, COWS, MILK - INVENTORY, AVG, MEASURED IN HEAD",HEAD,"9,485,000"
2021,MONTHLY,MAY,US TOTAL,US,99,"CATTLE, COWS, MILK - INVENTORY, AVG, MEASURED IN HEAD",HEAD,"9,509,000"
2021,MONTHLY,NOV,US TOTAL,US,99,"CATTLE, COWS, MILK - INVENTORY, AVG, MEASURED IN HEAD",HEAD,"9,387,000"
2021,MONTHLY,OCT,US TOTAL,US,99,"CATTLE, COWS, MILK - INVENTORY, AVG, MEASURED IN HEAD",HEAD,"9,391,000"
2021,MONTHLY,OCT THRU DEC,US TOTAL,US,99,"CATTLE, COWS, MILK - INVENTORY, AVG, MEASURED IN HEAD",HEAD,"9,386,000"
2021,MONTHLY,SEP,US TOTAL,US,99,"CATTLE, COWS, MILK - INVENTORY, AVG, MEASURED IN HEAD",HEAD,"9,406,000"
2021,MONTHLY,APR,UTAH,UT,49,"CATTLE, COWS, MILK - INVENTORY, AVG, MEASURED IN HEAD",HEAD,"96,000"
2021,MONTHLY,APR THRU JUN,UTAH,UT,49,"CATTLE, COWS, MILK - INVENTORY, AVG, MEASURED IN HEAD",HEAD,"97,000"
2021,MONTHLY,AUG,UTAH,UT,49,"CATTLE, COWS, MILK - INVENTORY, AVG, MEASURED IN HEAD",HEAD,"95,000"
2021,MONTHLY,DEC,UTAH,UT,49,"CATTLE, COWS, MILK - INVENTORY, AVG, MEASURED IN HEAD",HEAD,"95,000"
2021,MONTHLY,FEB,UTAH,UT,49,"CATTLE, COWS, MILK - INVENTORY, AVG, MEASURED IN HEAD",HEAD,"96,000"
2021,MONTHLY,JAN,UTAH,UT,49,"CATTLE, COWS, MILK - INVENTORY, AVG, MEASURED IN HEAD",HEAD,"95,000"
2021,MONTHLY,JAN THRU MAR,UTAH,UT,49,"CATTLE, COWS, MILK - INVENTORY, AVG, MEASURED IN HEAD",HEAD,"96,000"
2021,MONTHLY,JUL,UTAH,UT,49,"CATTLE, COWS, MILK - INVENTORY, AVG, MEASURED IN HEAD",HEAD,"97,000"
2021,MONTHLY,JUL THRU SEP,UTAH,UT,49,"CATTLE, COWS, MILK - INVENTORY, AVG, MEASURED IN HEAD",HEAD,"95,000"
2021,MONTHLY,JUN,UTAH,UT,49,"CATTLE, COWS, MILK - INVENTORY, AVG, MEASURED IN HEAD",HEAD,"97,000"
2021,MONTHLY,MAR,UTAH,UT,49,"CATTLE, COWS, MILK - INVENTORY, AVG, MEASURED IN HEAD",HEAD,"96,000"
2021,MONTHLY,MAY,UTAH,UT,49,"CATTLE, COWS, MILK - INVENTORY, AVG, MEASURED IN HEAD",HEAD,"97,000"
2021,MONTHLY,NOV,UTAH,UT,49,"CATTLE, COWS, MILK - INVENTORY, AVG, MEASURED IN HEAD",HEAD,"94,000"
2021,MONTHLY,OCT,UTAH,UT,49,"CATTLE, COWS, MILK - INVENTORY, AVG, MEASURED IN HEAD",HEAD,"94,000"
2021,MONTHLY,OCT THRU DEC,UTAH,UT,49,"CATTLE, COWS, MILK - INVENTORY, AVG, MEASURED IN HEAD",HEAD,"94,000"
2021,MONTHLY,SEP,UTAH,UT,49,"CATTLE, COWS, MILK - INVENTORY, AVG, MEASURED IN HEAD",HEAD,"94,000"
2021,MONTHLY,APR,VIRGINIA,VA,51,"CATTLE, COWS, MILK - INVENTORY, AVG, MEASURED IN HEAD",HEAD,"73,000"
2021,MONTHLY,APR THRU JUN,VIRGINIA,VA,51,"CATTLE, COWS, MILK - INVENTORY, AVG, MEASURED IN HEAD",HEAD,"73,000"
2021,MONTHLY,AUG,VIRGINIA,VA,51,"CATTLE, COWS, MILK - INVENTORY, AVG, MEASURED IN HEAD",HEAD,"72,000"
2021,MONTHLY,DEC,VIRGINIA,VA,51,"CATTLE, COWS, MILK - INVENTORY, AVG, MEASURED IN HEAD",HEAD,"71,000"
2021,MONTHLY,FEB,VIRGINIA,VA,51,"CATTLE, COWS, MILK - INVENTORY, AVG, MEASURED IN HEAD",HEAD,"74,000"
2021,MONTHLY,JAN,VIRGINIA,VA,51,"CATTLE, COWS, MILK - INVENTORY, AVG, MEASURED IN HEAD",HEAD,"74,000"
2021,MONTHLY,JAN THRU MAR,VIRGINIA,VA,51,"CATTLE, COWS, MILK - INVENTORY, AVG, MEASURED IN HEAD",HEAD,"74,000"
2021,MONTHLY,JUL,VIRGINIA,VA,51,"CATTLE, COWS, MILK - INVENTORY, AVG, MEASURED IN HEAD",HEAD,"73,000"
2021,MONTHLY,JUL THRU SEP,VIRGINIA,VA,51,"CATTLE, COWS, MILK - INVENTORY, AVG, MEASURED IN HEAD",HEAD,"72,000"
2021,MONTHLY,JUN,VIRGINIA,VA,51,"CATTLE, COWS, MILK - INVENTORY, AVG, MEASURED IN HEAD",HEAD,"73,000"
2021,MONTHLY,MAR,VIRGINIA,VA,51,"CATTLE, COWS, MILK - INVENTORY, AVG, MEASURED IN HEAD",HEAD,"73,000"
2021,MONTHLY,MAY,VIRGINIA,VA,51,"CATTLE, COWS, MILK - INVENTORY, AVG, MEASURED IN HEAD",HEAD,"73,000"
2021,MONTHLY,NOV,VIRGINIA,VA,51,"CATTLE, COWS, MILK - INVENTORY, AVG, MEASURED IN HEAD",HEAD,"71,000"
2021,MONTHLY,OCT,VIRGINIA,VA,51,"CATTLE, COWS, MILK - INVENTORY, AVG, MEASURED IN HEAD",HEAD,"71,000"
2021,MONTHLY,OCT THRU DEC,VIRGINIA,VA,51,"CATTLE, COWS, MILK - INVENTORY, AVG, MEASURED IN HEAD",HEAD,"71,000"
2021,MONTHLY,SEP,VIRGINIA,VA,51,"CATTLE, COWS, MILK - INVENTORY, AVG, MEASURED IN HEAD",HEAD,"72,000"
2021,MONTHLY,APR,VERMONT,VT,50,"CATTLE, COWS, MILK - INVENTORY, AVG, MEASURED IN HEAD",HEAD,"119,000"
2021,MONTHLY,APR THRU JUN,VERMONT,VT,50,"CATTLE, COWS, MILK - INVENTORY, AVG, MEASURED IN HEAD",HEAD,"120,000"
2021,MONTHLY,AUG,VERMONT,VT,50,"CATTLE, COWS, MILK - INVENTORY, AVG, MEASURED IN HEAD",HEAD,"120,000"
2021,MONTHLY,DEC,VERMONT,VT,50,"CATTLE, COWS, MILK - INVENTORY, AVG, MEASURED IN HEAD",HEAD,"120,000"
2021,MONTHLY,FEB,VERMONT,VT,50,"CATTLE, COWS, MILK - INVENTORY, AVG, MEASURED IN HEAD",HEAD,"119,000"
2021,MONTHLY,JAN,VERMONT,VT,50,"CATTLE, COWS, MILK - INVENTORY, AVG, MEASURED IN HEAD",HEAD,"120,000"
2021,MONTHLY,JAN THRU MAR,VERMONT,VT,50,"CATTLE, COWS, MILK - INVENTORY, AVG, MEASURED IN HEAD",HEAD,"119,000"
2021,MONTHLY,JUL,VERMONT,VT,50,"CATTLE, COWS, MILK - INVENTORY, AVG, MEASURED IN HEAD",HEAD,"120,000"
2021,MONTHLY,JUL THRU SEP,VERMONT,VT,50,"CATTLE, COWS, MILK - INVENTORY, AVG, MEASURED IN HEAD",HEAD,"120,000"
2021,MONTHLY,JUN,VERMONT,VT,50,"CATTLE, COWS, MILK - INVENTORY, AVG, MEASURED IN HEAD",HEAD,"120,000"
2021,MONTHLY,MAR,VERMONT,VT,50,"CATTLE, COWS, MILK - INVENTORY, AVG, MEASURED IN HEAD",HEAD,"119,000"
2021,MONTHLY,MAY,VERMONT,VT,50,"CATTLE, COWS, MILK - INVENTORY, AVG, MEASURED IN HEAD",HEAD,"120,000"
2021,MONTHLY,NOV,VERMONT,VT,50,"CATTLE, COWS, MILK - INVENTORY, AVG, MEASURED IN HEAD",HEAD,"120,000"
2021,MONTHLY,OCT,VERMONT,VT,50,"CATTLE, COWS, MILK - INVENTORY, AVG, MEASURED IN HEAD",HEAD,"120,000"
2021,MONTHLY,OCT THRU DEC,VERMONT,VT,50,"CATTLE, COWS, MILK - INVENTORY, AVG, MEASURED IN HEAD",HEAD,"120,000"
2021,MONTHLY,SEP,VERMONT,VT,50,"CATTLE, COWS, MILK - INVENTORY, AVG, MEASURED IN HEAD",HEAD,"120,000"
2021,MONTHLY,APR,WASHINGTON,WA,53,"CATTLE, COWS, MILK - INVENTORY, AVG, MEASURED IN HEAD",HEAD,"276,000"
2021,MONTHLY,APR THRU JUN,WASHINGTON,WA,53,"CATTLE, COWS, MILK - INVENTORY, AVG, MEASURED IN HEAD",HEAD,"275,000"
2021,MONTHLY,AUG,WASHINGTON,WA,53,"CATTLE, COWS, MILK - INVENTORY, AVG, MEASURED IN HEAD",HEAD,"267,000"
2021,MONTHLY,DEC,WASHINGTON,WA,53,"CATTLE, COWS, MILK - INVENTORY, AVG, MEASURED IN HEAD",HEAD,"261,000"
2021,MONTHLY,FEB,WASHINGTON,WA,53,"CATTLE, COWS, MILK - INVENTORY, AVG, MEASURED IN HEAD",HEAD,"278,000"
2021,MONTHLY,JAN,WASHINGTON,WA,53,"CATTLE, COWS, MILK - INVENTORY, AVG, MEASURED IN HEAD",HEAD,"278,000"
2021,MONTHLY,JAN THRU MAR,WASHINGTON,WA,53,"CATTLE, COWS, MILK - INVENTORY, AVG, MEASURED IN HEAD",HEAD,"278,000"
2021,MONTHLY,JUL,WASHINGTON,WA,53,"CATTLE, COWS, MILK - INVENTORY, AVG, MEASURED IN HEAD",HEAD,"269,000"
2021,MONTHLY,JUL THRU SEP,WASHINGTON,WA,53,"CATTLE, COWS, MILK - INVENTORY, AVG, MEASURED IN HEAD",HEAD,"267,000"
2021,MONTHLY,JUN,WASHINGTON,WA,53,"CATTLE, COWS, MILK - INVENTORY, AVG, MEASURED IN HEAD",HEAD,"273,000"
2021,MONTHLY,MAR,WASHINGTON,WA,53,"CATTLE, COWS, MILK - INVENTORY, AVG, MEASURED IN HEAD",HEAD,"278,000"
2021,MONTHLY,MAY,WASHINGTON,WA,53,"CATTLE, COWS, MILK - INVENTORY, AVG, MEASURED IN HEAD",HEAD,"275,000"
2021,MONTHLY,NOV,WASHINGTON,WA,53,"CATTLE, COWS, MILK - INVENTORY, AVG, MEASURED IN HEAD",HEAD,"262,000"
2021,MONTHLY,OCT,WASHINGTON,WA,53,"CATTLE, COWS, MILK - INVENTORY, AVG, MEASURED IN HEAD",HEAD,"263,000"
2021,MONTHLY,OCT THRU DEC,WASHINGTON,WA,53,"CATTLE, COWS, MILK - INVENTORY, AVG, MEASURED IN HEAD",HEAD,"262,000"
2021,MONTHLY,SEP,WASHINGTON,WA,53,"CATTLE, COWS, MILK - INVENTORY, AVG, MEASURED IN HEAD",HEAD,"264,000"
2021,MONTHLY,APR,WISCONSIN,WI,55,"CATTLE, COWS, MILK - INVENTORY, AVG, MEASURED IN HEAD",HEAD,"1,274,000"
2021,MONTHLY,APR THRU JUN,WISCONSIN,WI,55,"CATTLE, COWS, MILK - INVENTORY, AVG, MEASURED IN HEAD",HEAD,"1,274,000"
2021,MONTHLY,AUG,WISCONSIN,WI,55,"CATTLE, COWS, MILK - INVENTORY, AVG, MEASURED IN HEAD",HEAD,"1,278,000"
2021,MONTHLY,DEC,WISCONSIN,WI,55,"CATTLE, COWS, MILK - INVENTORY, AVG, MEASURED IN HEAD",HEAD,"1,275,000"
2021,MONTHLY,FEB,WISCONSIN,WI,55,"CATTLE, COWS, MILK - INVENTORY, AVG, MEASURED IN HEAD",HEAD,"1,264,000"
2021,MONTHLY,JAN,WISCONSIN,WI,55,"CATTLE, COWS, MILK - INVENTORY, AVG, MEASURED IN HEAD",HEAD,"1,262,000"
2021,MONTHLY,JAN THRU MAR,WISCONSIN,WI,55,"CATTLE, COWS, MILK - INVENTORY, AVG, MEASURED IN HEAD",HEAD,"1,265,000"
2021,MONTHLY,JUL,WISCONSIN,WI,55,"CATTLE, COWS, MILK - INVENTORY, AVG, MEASURED IN HEAD",HEAD,"1,278,000"
2021,MONTHLY,JUL THRU SEP,WISCONSIN,WI,55,"CATTLE, COWS, MILK - INVENTORY, AVG, MEASURED IN HEAD",HEAD,"1,278,000"
2021,MONTHLY,JUN,WISCONSIN,WI,55,"CATTLE, COWS, MILK - INVENTORY, AVG, MEASURED IN HEAD",HEAD,"1,275,000"
2021,MONTHLY,MAR,WISCONSIN,WI,55,"CATTLE, COWS, MILK - INVENTORY, AVG, MEASURED IN HEAD",HEAD,"1,270,000"
2021,MONTHLY,MAY,WISCONSIN,WI,55,"CATTLE, COWS, MILK - INVENTORY, AVG, MEASURED IN HEAD",HEAD,"1,274,000"
2021,MONTHLY,NOV,WISCONSIN,WI,55,"CATTLE, COWS, MILK - INVENTORY, AVG, MEASURED IN HEAD",HEAD,"1,277,000"
2021,MONTHLY,OCT,WISCONSIN,WI,55,"CATTLE, COWS, MILK - INVENTORY, AVG, MEASURED IN HEAD",HEAD,"1,278,000"
2021,MONTHLY,OCT THRU DEC,WISCONSIN,WI,55,"CATTLE, COWS, MILK - INVENTORY, AVG, MEASURED IN HEAD",HEAD,"1,277,000"
2021,MONTHLY,SEP,WISCONSIN,WI,55,"CATTLE, COWS, MILK - INVENTORY, AVG, MEASURED IN HEAD",HEAD,"1,278,000"
2021,MONTHLY,APR THRU JUN,WEST VIRGINIA,WV,54,"CATTLE, COWS, MILK - INVENTORY, AVG, MEASURED IN HEAD",HEAD,"5,000"
2021,MONTHLY,JAN THRU MAR,WEST VIRGINIA,WV,54,"CATTLE, COWS, MILK - INVENTORY, AVG, MEASURED IN HEAD",HEAD,"5,000"
2021,MONTHLY,JUL THRU SEP,WEST VIRGINIA,WV,54,"CATTLE, COWS, MILK - INVENTORY, AVG, MEASURED IN HEAD",HEAD,"5,000"
2021,MONTHLY,OCT THRU DEC,WEST VIRGINIA,WV,54,"CATTLE, COWS, MILK - INVENTORY, AVG, MEASURED IN HEAD",HEAD,"5,000"
2021,MONTHLY,APR THRU JUN,WYOMING,WY,56,"CATTLE, COWS, MILK - INVENTORY, AVG, MEASURED IN HEAD",HEAD,"8,500"
2021,MONTHLY,JAN THRU MAR,WYOMING,WY,56,"CATTLE, COWS, MILK - INVENTORY, AVG, MEASURED IN HEAD",HEAD,"8,000"
2021,MONTHLY,JUL THRU SEP,WYOMING,WY,56,"CATTLE, COWS, MILK - INVENTORY, AVG, MEASURED IN HEAD",HEAD,"8,500"
2021,MONTHLY,OCT THRU DEC,WYOMING,WY,56,"CATTLE, COWS, MILK - INVENTORY, AVG, MEASURED IN HEAD",HEAD,"9,000"
2022,MONTHLY,APR THRU JUN,ALABAMA,AL,01,"CATTLE, COWS, MILK - INVENTORY, AVG, MEASURED IN HEAD",HEAD,"2,500"
2022,MONTHLY,JAN THRU MAR,ALABAMA,AL,01,"CATTLE, COWS, MILK - INVENTORY, AVG, MEASURED IN HEAD",HEAD,"3,000"
2022,MONTHLY,JUL THRU SEP,ALABAMA,AL,01,"CATTLE, COWS, MILK - INVENTORY, AVG, MEASURED IN HEAD",HEAD,"2,500"
2022,MONTHLY,OCT THRU DEC,ALABAMA,AL,01,"CATTLE, COWS, MILK - INVENTORY, AVG, MEASURED IN HEAD",HEAD,"2,000"
2022,MONTHLY,APR THRU JUN,ARKANSAS,AR,05,"CATTLE, COWS, MILK - INVENTORY, AVG, MEASURED IN HEAD",HEAD,"4,000"
2022,MONTHLY,JAN THRU MAR,ARKANSAS,AR,05,"CATTLE, COWS, MILK - INVENTORY, AVG, MEASURED IN HEAD",HEAD,"4,000"
2022,MONTHLY,JUL THRU SEP,ARKANSAS,AR,05,"CATTLE, COWS, MILK - INVENTORY, AVG, MEASURED IN HEAD",HEAD,"3,500"
2022,MONTHLY,OCT THRU DEC,ARKANSAS,AR,05,"CATTLE, COWS, MILK - INVENTORY, AVG, MEASURED IN HEAD",HEAD,"3,500"
2022,MONTHLY,APR,ARIZONA,AZ,04,"CATTLE, COWS, MILK - INVENTORY, AVG, MEASURED IN HEAD",HEAD,"199,000"
2022,MONTHLY,APR THRU JUN,ARIZONA,AZ,04,"CATTLE, COWS, MILK - INVENTORY, AVG, MEASURED IN HEAD",HEAD,"199,000"
2022,MONTHLY,AUG,ARIZONA,AZ,04,"CATTLE, COWS, MILK - INVENTORY, AVG, MEASURED IN HEAD",HEAD,"196,000"
2022,MONTHLY,DEC,ARIZONA,AZ,04,"CATTLE, COWS, MILK - INVENTORY, AVG, MEASURED IN HEAD",HEAD,"195,000"
2022,MONTHLY,FEB,ARIZONA,AZ,04,"CATTLE, COWS, MILK - INVENTORY, AVG, MEASURED IN HEAD",HEAD,"196,000"
2022,MONTHLY,JAN,ARIZONA,AZ,04,"CATTLE, COWS, MILK - INVENTORY, AVG, MEASURED IN HEAD",HEAD,"194,000"
2022,MONTHLY,JAN THRU MAR,ARIZONA,AZ,04,"CATTLE, COWS, MILK - INVENTORY, AVG, MEASURED IN HEAD",HEAD,"196,000"
2022,MONTHLY,JUL,ARIZONA,AZ,04,"CATTLE, COWS, MILK - INVENTORY, AVG, MEASURED IN HEAD",HEAD,"197,000"
2022,MONTHLY,JUL THRU SEP,ARIZONA,AZ,04,"CATTLE, COWS, MILK - INVENTORY, AVG, MEASURED IN HEAD",HEAD,"196,000"
2022,MONTHLY,JUN,ARIZONA,AZ,04,"CATTLE, COWS, MILK - INVENTORY, AVG, MEASURED IN HEAD",HEAD,"198,000"
2022,MONTHLY,MAR,ARIZONA,AZ,04,"CATTLE, COWS, MILK - INVENTORY, AVG, MEASURED IN HEAD",HEAD,"199,000"
2022,MONTHLY,MAY,ARIZONA,AZ,04,"CATTLE, COWS, MILK - INVENTORY, AVG, MEASURED IN HEAD",HEAD,"199,000"
2022,MONTHLY,NOV,ARIZONA,AZ,04,"CATTLE, COWS, MILK - INVENTORY, AVG, MEASURED IN HEAD",HEAD,"195,000"
2022,MONTHLY,OCT,ARIZONA,AZ,04,"CATTLE, COWS, MILK - INVENTORY, AVG, MEASURED IN HEAD",HEAD,"195,000"
2022,MONTHLY,OCT THRU DEC,ARIZONA,AZ,04,"CATTLE, COWS, MILK - INVENTORY, AVG, MEASURED IN HEAD",HEAD,"195,000"
2022,MONTHLY,SEP,ARIZONA,AZ,04,"CATTLE, COWS, MILK - INVENTORY, AVG, MEASURED IN HEAD",HEAD,"195,000"
2022,MONTHLY,APR,CALIFORNIA,CA,06,"CATTLE, COWS, MILK - INVENTORY, AVG, MEASURED IN HEAD",HEAD,"1,719,000"
2022,MONTHLY,APR THRU JUN,CALIFORNIA,CA,06,"CATTLE, COWS, MILK - INVENTORY, AVG, MEASURED IN HEAD",HEAD,"1,719,000"
2022,MONTHLY,AUG,CALIFORNIA,CA,06,"CATTLE, COWS, MILK - INVENTORY, AVG, MEASURED IN HEAD",HEAD,"1,719,000"
2022,MONTHLY,DEC,CALIFORNIA,CA,06,"CATTLE, COWS, MILK - INVENTORY, AVG, MEASURED IN HEAD",HEAD,"1,720,000"
2022,MONTHLY,FEB,CALIFORNIA,CA,06,"CATTLE, COWS, MILK - INVENTORY, AVG, MEASURED IN HEAD",HEAD,"1,719,000"
2022,MONTHLY,JAN,CALIFORNIA,CA,06,"CATTLE, COWS, MILK - INVENTORY, AVG, MEASURED IN HEAD",HEAD,"1,720,000"
2022,MONTHLY,JAN THRU MAR,CALIFORNIA,CA,06,"CATTLE, COWS, MILK - INVENTORY, AVG, MEASURED IN HEAD",HEAD,"1,719,000"
2022,MONTHLY,JUL,CALIFORNIA,CA,06,"CATTLE, COWS, MILK - INVENTORY, AVG, MEASURED IN HEAD",HEAD,"1,719,000"
2022,MONTHLY,JUL THRU SEP,CALIFORNIA,CA,06,"CATTLE, COWS, MILK - INVENTORY, AVG, MEASURED IN HEAD",HEAD,"1,719,000"
2022,MONTHLY,JUN,CALIFORNIA,CA,06,"CATTLE, COWS, MILK - INVENTORY, AVG, MEASURED IN HEAD",HEAD,"1,719,000"
2022,MONTHLY,MAR,CALIFORNIA,CA,06,"CATTLE, COWS, MILK - INVENTORY, AVG, MEASURED IN HEAD",HEAD,"1,719,000"
2022,MONTHLY,MAY,CALIFORNIA,CA,06,"CATTLE, COWS, MILK - INVENTORY, AVG, MEASURED IN HEAD",HEAD,"1,719,000"
2022,MONTHLY,NOV,CALIFORNIA,CA,06,"CATTLE, COWS, MILK - INVENTORY, AVG, MEASURED IN HEAD",HEAD,"1,720,000"
2022,MONTHLY,OCT,CALIFORNIA,CA,06,"CATTLE, COWS, MILK - INVENTORY, AVG, MEASURED IN HEAD",HEAD,"1,720,000"
2022,MONTHLY,OCT THRU DEC,CALIFORNIA,CA,06,"CATTLE, COWS, MILK - INVENTORY, AVG, MEASURED IN HEAD",HEAD,"1,720,000"
2022,MONTHLY,SEP,CALIFORNIA,CA,06,"CATTLE, COWS, MILK - INVENTORY, AVG, MEASURED IN HEAD",HEAD,"1,720,000"
2022,MONTHLY,APR,COLORADO,CO,08,"CATTLE, COWS, MILK - INVENTORY, AVG, MEASURED IN HEAD",HEAD,"204,000"
2022,MONTHLY,APR THRU JUN,COLORADO,CO,08,"CATTLE, COWS, MILK - INVENTORY, AVG, MEASURED IN HEAD",HEAD,"206,000"
2022,MONTHLY,AUG,COLORADO,CO,08,"CATTLE, COWS, MILK - INVENTORY, AVG, MEASURED IN HEAD",HEAD,"206,000"
2022,MONTHLY,DEC,COLORADO,CO,08,"CATTLE, COWS, MILK - INVENTORY, AVG, MEASURED IN HEAD",HEAD,"203,000"
2022,MONTHLY,FEB,COLORADO,CO,08,"CATTLE, COWS, MILK - INVENTORY, AVG, MEASURED IN HEAD",HEAD,"202,000"
2022,MONTHLY,JAN,COLORADO,CO,08,"CATTLE, COWS, MILK - INVENTORY, AVG, MEASURED IN HEAD",HEAD,"202,000"
2022,MONTHLY,JAN THRU MAR,COLORADO,CO,08,"CATTLE, COWS, MILK - INVENTORY, AVG, MEASURED IN HEAD",HEAD,"202,000"
2022,MONTHLY,JUL,COLORADO,CO,08,"CATTLE, COWS, MILK - INVENTORY, AVG, MEASURED IN HEAD",HEAD,"206,000"
2022,MONTHLY,JUL THRU SEP,COLORADO,CO,08,"CATTLE, COWS, MILK - INVENTORY, AVG, MEASURED IN HEAD",HEAD,"206,000"
2022,MONTHLY,JUN,COLORADO,CO,08,"CATTLE, COWS, MILK - INVENTORY, AVG, MEASURED IN HEAD",HEAD,"207,000"
2022,MONTHLY,MAR,COLORADO,CO,08,"CATTLE, COWS, MILK - INVENTORY, AVG, MEASURED IN HEAD",HEAD,"203,000"
2022,MONTHLY,MAY,COLORADO,CO,08,"CATTLE, COWS, MILK - INVENTORY, AVG, MEASURED IN HEAD",HEAD,"206,000"
2022,MONTHLY,NOV,COLORADO,CO,08,"CATTLE, COWS, MILK - INVENTORY, AVG, MEASURED IN HEAD",HEAD,"203,000"
2022,MONTHLY,OCT,COLORADO,CO,08,"CATTLE, COWS, MILK - INVENTORY, AVG, MEASURED IN HEAD",HEAD,"205,000"
2022,MONTHLY,OCT THRU DEC,COLORADO,CO,08,"CATTLE, COWS, MILK - INVENTORY, AVG, MEASURED IN HEAD",HEAD,"204,000"
2022,MONTHLY,SEP,COLORADO,CO,08,"CATTLE, COWS, MILK - INVENTORY, AVG, MEASURED IN HEAD",HEAD,"206,000"
2022,MONTHLY,APR THRU JUN,CONNECTICUT,CT,09,"CATTLE, COWS, MILK - INVENTORY, AVG, MEASURED IN HEAD",HEAD,"18,500"
2022,MONTHLY,JAN THRU MAR,CONNECTICUT,CT,09,"CATTLE, COWS, MILK - INVENTORY, AVG, MEASURED IN HEAD",HEAD,"18,000"
2022,MONTHLY,JUL THRU SEP,CONNECTICUT,CT,09,"CATTLE, COWS, MILK - INVENTORY, AVG, MEASURED IN HEAD",HEAD,"18,500"
2022,MONTHLY,OCT THRU DEC,CONNECTICUT,CT,09,"CATTLE, COWS, MILK - INVENTORY, AVG, MEASURED IN HEAD",HEAD,"18,500"
2022,MONTHLY,APR THRU JUN,DELAWARE,DE,10,"CATTLE, COWS, MILK - INVENTORY, AVG, MEASURED IN HEAD",HEAD,"2,800"
2022,MONTHLY,JAN THRU MAR,DELAWARE,DE,10,"CATTLE, COWS, MILK - INVENTORY, AVG, MEASURED IN HEAD",HEAD,"2,800"
2022,MONTHLY,JUL THRU SEP,DELAWARE,DE,10,"CATTLE, COWS, MILK - INVENTORY, AVG, MEASURED IN HEAD",HEAD,"2,600"
2022,MONTHLY,OCT THRU DEC,DELAWARE,DE,10,"CATTLE, COWS, MILK - INVENTORY, AVG, MEASURED IN HEAD",HEAD,"2,600"
2022,MONTHLY,APR,FLORIDA,FL,12,"CATTLE, COWS, MILK - INVENTORY, AVG, MEASURED IN HEAD",HEAD,"98,000"
2022,MONTHLY,APR THRU JUN,FLORIDA,FL,12,"CATTLE, COWS, MILK - INVENTORY, AVG, MEASURED IN HEAD",HEAD,"98,000"
2022,MONTHLY,AUG,FLORIDA,FL,12,"CATTLE, COWS, MILK - INVENTORY, AVG, MEASURED IN HEAD",HEAD,"95,000"
2022,MONTHLY,DEC,FLORIDA,FL,12,"CATTLE, COWS, MILK - INVENTORY, AVG, MEASURED IN HEAD",HEAD,"92,000"
2022,MONTHLY,FEB,FLORIDA,FL,12,"CATTLE, COWS, MILK - INVENTORY, AVG, MEASURED IN HEAD",HEAD,"98,000"
2022,MONTHLY,JAN,FLORIDA,FL,12,"CATTLE, COWS, MILK - INVENTORY, AVG, MEASURED IN HEAD",HEAD,"102,000"
2022,MONTHLY,JAN THRU MAR,FLORIDA,FL,12,"CATTLE, COWS, MILK - INVENTORY, AVG, MEASURED IN HEAD",HEAD,"99,000"
2022,MONTHLY,JUL,FLORIDA,FL,12,"CATTLE, COWS, MILK - INVENTORY, AVG, MEASURED IN HEAD",HEAD,"96,000"
2022,MONTHLY,JUL THRU SEP,FLORIDA,FL,12,"CATTLE, COWS, MILK - INVENTORY, AVG, MEASURED IN HEAD",HEAD,"95,000"
2022,MONTHLY,JUN,FLORIDA,FL,12,"CATTLE, COWS, MILK - INVENTORY, AVG, MEASURED IN HEAD",HEAD,"96,000"
2022,MONTHLY,MAR,FLORIDA,FL,12,"CATTLE, COWS, MILK - INVENTORY, AVG, MEASURED IN HEAD",HEAD,"98,000"
2022,MONTHLY,MAY,FLORIDA,FL,12,"CATTLE, COWS, MILK - INVENTORY, AVG, MEASURED IN HEAD",HEAD,"99,000"
2022,MONTHLY,NOV,FLORIDA,FL,12,"CATTLE, COWS, MILK - INVENTORY, AVG, MEASURED IN HEAD",HEAD,"92,000"
2022,MONTHLY,OCT,FLORIDA,FL,12,"CATTLE, COWS, MILK - INVENTORY, AVG, MEASURED IN HEAD",HEAD,"93,000"
2022,MONTHLY,OCT THRU DEC,FLORIDA,FL,12,"CATTLE, COWS, MILK - INVENTORY, AVG, MEASURED IN HEAD",HEAD,"92,000"
2022,MONTHLY,SEP,FLORIDA,FL,12,"CATTLE, COWS, MILK - INVENTORY, AVG, MEASURED IN HEAD",HEAD,"93,000"
2022,MONTHLY,APR,GEORGIA,GA,13,"CATTLE, COWS, MILK - INVENTORY, AVG, MEASURED IN HEAD",HEAD,"91,000"
2022,MONTHLY,APR THRU JUN,GEORGIA,GA,13,"CATTLE, COWS, MILK - INVENTORY, AVG, MEASURED IN HEAD",HEAD,"92,000"
2022,MONTHLY,AUG,GEORGIA,GA,13,"CATTLE, COWS, MILK - INVENTORY, AVG, MEASURED IN HEAD",HEAD,"93,000"
2022,MONTHLY,DEC,GEORGIA,GA,13,"CATTLE, COWS, MILK - INVENTORY, AVG, MEASURED IN HEAD",HEAD,"92,000"
2022,MONTHLY,FEB,GEORGIA,GA,13,"CATTLE, COWS, MILK - INVENTORY, AVG, MEASURED IN HEAD",HEAD,"89,000"
2022,MONTHLY,JAN,GEORGIA,GA,13,"CATTLE, COWS, MILK - INVENTORY, AVG, MEASURED IN HEAD",HEAD,"87,000"
2022,MONTHLY,JAN THRU MAR,GEORGIA,GA,13,"CATTLE, COWS, MILK - INVENTORY, AVG, MEASURED IN HEAD",HEAD,"89,000"
2022,MONTHLY,JUL,GEORGIA,GA,13,"CATTLE, COWS, MILK - INVENTORY, AVG, MEASURED IN HEAD",HEAD,"93,000"
2022,MONTHLY,JUL THRU SEP,GEORGIA,GA,13,"CATTLE, COWS, MILK - INVENTORY, AVG, MEASURED IN HEAD",HEAD,"93,000"
2022,MONTHLY,JUN,GEORGIA,GA,13,"CATTLE, COWS, MILK - INVENTORY, AVG, MEASURED IN HEAD",HEAD,"92,000"
2022,MONTHLY,MAR,GEORGIA,GA,13,"CATTLE, COWS, MILK - INVENTORY, AVG, MEASURED IN HEAD",HEAD,"90,000"
2022,MONTHLY,MAY,GEORGIA,GA,13,"CATTLE, COWS, MILK - INVENTORY, AVG, MEASURED IN HEAD",HEAD,"92,000"
2022,MONTHLY,NOV,GEORGIA,GA,13,"CATTLE, COWS, MILK - INVENTORY, AVG, MEASURED IN HEAD",HEAD,"92,000"
2022,MONTHLY,OCT,GEORGIA,GA,13,"CATTLE, COWS, MILK - INVENTORY, AVG, MEASURED IN HEAD",HEAD,"92,000"
2022,MONTHLY,OCT THRU DEC,GEORGIA,GA,13,"CATTLE, COWS, MILK - INVENTORY, AVG, MEASURED IN HEAD",HEAD,"92,000"
2022,MONTHLY,SEP,GEORGIA,GA,13,"CATTLE, COWS, MILK - INVENTORY, AVG, MEASURED IN HEAD",HEAD,"92,000"
2022,MONTHLY,APR,IOWA,IA,19,"CATTLE, COWS, MILK - INVENTORY, AVG, MEASURED IN HEAD",HEAD,"231,000"
2022,MONTHLY,APR THRU JUN,IOWA,IA,19,"CATTLE, COWS, MILK - INVENTORY, AVG, MEASURED IN HEAD",HEAD,"233,000"
2022,MONTHLY,AUG,IOWA,IA,19,"CATTLE, COWS, MILK - INVENTORY, AVG, MEASURED IN HEAD",HEAD,"238,000"
2022,MONTHLY,DEC,IOWA,IA,19,"CATTLE, COWS, MILK - INVENTORY, AVG, MEASURED IN HEAD",HEAD,"239,000"
2022,MONTHLY,FEB,IOWA,IA,19,"CATTLE, COWS, MILK - INVENTORY, AVG, MEASURED IN HEAD",HEAD,"226,000"
2022,MONTHLY,JAN,IOWA,IA,19,"CATTLE, COWS, MILK - INVENTORY, AVG, MEASURED IN HEAD",HEAD,"225,000"
2022,MONTHLY,JAN THRU MAR,IOWA,IA,19,"CATTLE, COWS, MILK - INVENTORY, AVG, MEASURED IN HEAD",HEAD,"227,000"
2022,MONTHLY,JUL,IOWA,IA,19,"CATTLE, COWS, MILK - INVENTORY, AVG, MEASURED IN HEAD",HEAD,"236,000"
2022,MONTHLY,JUL THRU SEP,IOWA,IA,19,"CATTLE, COWS, MILK - INVENTORY, AVG, MEASURED IN HEAD",HEAD,"237,000"
2022,MONTHLY,JUN,IOWA,IA,19,"CATTLE, COWS, MILK - INVENTORY, AVG, MEASURED IN HEAD",HEAD,"234,000"
2022,MONTHLY,MAR,IOWA,IA,19,"CATTLE, COWS, MILK - INVENTORY, AVG, MEASURED IN HEAD",HEAD,"229,000"
2022,MONTHLY,MAY,IOWA,IA,19,"CATTLE, COWS, MILK - INVENTORY, AVG, MEASURED IN HEAD",HEAD,"234,000"
2022,MONTHLY,NOV,IOWA,IA,19,"CATTLE, COWS, MILK - INVENTORY, AVG, MEASURED IN HEAD",HEAD,"239,000"
2022,MONTHLY,OCT,IOWA,IA,19,"CATTLE, COWS, MILK - INVENTORY, AVG, MEASURED IN HEAD",HEAD,"239,000"
2022,MONTHLY,OCT THRU DEC,IOWA,IA,19,"CATTLE, COWS, MILK - INVENTORY, AVG, MEASURED IN HEAD",HEAD,"239,000"
2022,MONTHLY,SEP,IOWA,IA,19,"CATTLE, COWS, MILK - INVENTORY, AVG, MEASURED IN HEAD",HEAD,"238,000"
2022,MONTHLY,APR,IDAHO,ID,16,"CATTLE, COWS, MILK - INVENTORY, AVG, MEASURED IN HEAD",HEAD,"653,000"
2022,MONTHLY,APR THRU JUN,IDAHO,ID,16,"CATTLE, COWS, MILK - INVENTORY, AVG, MEASURED IN HEAD",HEAD,"654,000"
2022,MONTHLY,AUG,IDAHO,ID,16,"CATTLE, COWS, MILK - INVENTORY, AVG, MEASURED IN HEAD",HEAD,"657,000"
2022,MONTHLY,DEC,IDAHO,ID,16,"CATTLE, COWS, MILK - INVENTORY, AVG, MEASURED IN HEAD",HEAD,"661,000"
2022,MONTHLY,FEB,IDAHO,ID,16,"CATTLE, COWS, MILK - INVENTORY, AVG, MEASURED IN HEAD",HEAD,"652,000"
2022,MONTHLY,JAN,IDAHO,ID,16,"CATTLE, COWS, MILK - INVENTORY, AVG, MEASURED IN HEAD",HEAD,"652,000"
2022,MONTHLY,JAN THRU MAR,IDAHO,ID,16,"CATTLE, COWS, MILK - INVENTORY, AVG, MEASURED IN HEAD",HEAD,"652,000"
2022,MONTHLY,JUL,IDAHO,ID,16,"CATTLE, COWS, MILK - INVENTORY, AVG, MEASURED IN HEAD",HEAD,"657,000"
2022,MONTHLY,JUL THRU SEP,IDAHO,ID,16,"CATTLE, COWS, MILK - INVENTORY, AVG, MEASURED IN HEAD",HEAD,"658,000"
2022,MONTHLY,JUN,IDAHO,ID,16,"CATTLE, COWS, MILK - INVENTORY, AVG, MEASURED IN HEAD",HEAD,"655,000"
2022,MONTHLY,MAR,IDAHO,ID,16,"CATTLE, COWS, MILK - INVENTORY, AVG, MEASURED IN HEAD",HEAD,"653,000"
2022,MONTHLY,MAY,IDAHO,ID,16,"CATTLE, COWS, MILK - INVENTORY, AVG, MEASURED IN HEAD",HEAD,"653,000"
2022,MONTHLY,NOV,IDAHO,ID,16,"CATTLE, COWS, MILK - INVENTORY, AVG, MEASURED IN HEAD",HEAD,"661,000"
2022,MONTHLY,OCT,IDAHO,ID,16,"CATTLE, COWS, MILK - INVENTORY, AVG, MEASURED IN HEAD",HEAD,"662,000"
2022,MONTHLY,OCT THRU DEC,IDAHO,ID,16,"CATTLE, COWS, MILK - INVENTORY, AVG, MEASURED IN HEAD",HEAD,"661,000"
2022,MONTHLY,SEP,IDAHO,ID,16,"CATTLE, COWS, MILK - INVENTORY, AVG, MEASURED IN HEAD",HEAD,"660,000"
2022,MONTHLY,APR,ILLINOIS,IL,17,"CATTLE, COWS, MILK - INVENTORY, AVG, MEASURED IN HEAD",HEAD,"80,000"
2022,MONTHLY,APR THRU JUN,ILLINOIS,IL,17,"CATTLE, COWS, MILK - INVENTORY, AVG, MEASURED IN HEAD",HEAD,"80,000"
2022,MONTHLY,AUG,ILLINOIS,IL,17,"CATTLE, COWS, MILK - INVENTORY, AVG, MEASURED IN HEAD",HEAD,"80,000"
2022,MONTHLY,DEC,ILLINOIS,IL,17,"CATTLE, COWS, MILK - INVENTORY, AVG, MEASURED IN HEAD",HEAD,"79,000"
2022,MONTHLY,FEB,ILLINOIS,IL,17,"CATTLE, COWS, MILK - INVENTORY, AVG, MEASURED IN HEAD",HEAD,"80,000"
2022,MONTHLY,JAN,ILLINOIS,IL,17,"CATTLE, COWS, MILK - INVENTORY, AVG, MEASURED IN HEAD",HEAD,"80,000"
2022,MONTHLY,JAN THRU MAR,ILLINOIS,IL,17,"CATTLE, COWS, MILK - INVENTORY, AVG, MEASURED IN HEAD",HEAD,"80,000"
2022,MONTHLY,JUL,ILLINOIS,IL,17,"CATTLE, COWS, MILK - INVENTORY, AVG, MEASURED IN HEAD",HEAD,"80,000"
2022,MONTHLY,JUL THRU SEP,ILLINOIS,IL,17,"CATTLE, COWS, MILK - INVENTORY, AVG, MEASURED IN HEAD",HEAD,"80,000"
2022,MONTHLY,JUN,ILLINOIS,IL,17,"CATTLE, COWS, MILK - INVENTORY, AVG, MEASURED IN HEAD",HEAD,"80,000"
2022,MONTHLY,MAR,ILLINOIS,IL,17,"CATTLE, COWS, MILK - INVENTORY, AVG, MEASURED IN HEAD",HEAD,"80,000"
2022,MONTHLY,MAY,ILLINOIS,IL,17,"CATTLE, COWS, MILK - INVENTORY, AVG, MEASURED IN HEAD",HEAD,"80,000"
2022,MONTHLY,NOV,ILLINOIS,IL,17,"CATTLE, COWS, MILK - INVENTORY, AVG, MEASURED IN HEAD",HEAD,"79,000"
2022,MONTHLY,OCT,ILLINOIS,IL,17,"CATTLE, COWS, MILK - INVENTORY, AVG, MEASURED IN HEAD",HEAD,"79,000"
2022,MONTHLY,OCT THRU DEC,ILLINOIS,IL,17,"CATTLE, COWS, MILK - INVENTORY, AVG, MEASURED IN HEAD",HEAD,"79,000"
2022,MONTHLY,SEP,ILLINOIS,IL,17,"CATTLE, COWS, MILK - INVENTORY, AVG, MEASURED IN HEAD",HEAD,"80,000"
2022,MONTHLY,APR,INDIANA,IN,18,"CATTLE, COWS, MILK - INVENTORY, AVG, MEASURED IN HEAD",HEAD,"184,000"
2022,MONTHLY,APR THRU JUN,INDIANA,IN,18,"CATTLE, COWS, MILK - INVENTORY, AVG, MEASURED IN HEAD",HEAD,"184,000"
2022,MONTHLY,AUG,INDIANA,IN,18,"CATTLE, COWS, MILK - INVENTORY, AVG, MEASURED IN HEAD",HEAD,"185,000"
2022,MONTHLY,DEC,INDIANA,IN,18,"CATTLE, COWS, MILK - INVENTORY, AVG, MEASURED IN HEAD",HEAD,"187,000"
2022,MONTHLY,FEB,INDIANA,IN,18,"CATTLE, COWS, MILK - INVENTORY, AVG, MEASURED IN HEAD",HEAD,"184,000"
2022,MONTHLY,JAN,INDIANA,IN,18,"CATTLE, COWS, MILK - INVENTORY, AVG, MEASURED IN HEAD",HEAD,"185,000"
2022,MONTHLY,JAN THRU MAR,INDIANA,IN,18,"CATTLE, COWS, MILK - INVENTORY, AVG, MEASURED IN HEAD",HEAD,"184,000"
2022,MONTHLY,JUL,INDIANA,IN,18,"CATTLE, COWS, MILK - INVENTORY, AVG, MEASURED IN HEAD",HEAD,"185,000"
2022,MONTHLY,JUL THRU SEP,INDIANA,IN,18,"CATTLE, COWS, MILK - INVENTORY, AVG, MEASURED IN HEAD",HEAD,"185,000"
2022,MONTHLY,JUN,INDIANA,IN,18,"CATTLE, COWS, MILK - INVENTORY, AVG, MEASURED IN HEAD",HEAD,"184,000"
2022,MONTHLY,MAR,INDIANA,IN,18,"CATTLE, COWS, MILK - INVENTORY, AVG, MEASURED IN HEAD",HEAD,"184,000"
2022,MONTHLY,MAY,INDIANA,IN,18,"CATTLE, COWS, MILK - INVENTORY, AVG, MEASURED IN HEAD",HEAD,"184,000"
2022,MONTHLY,NOV,INDIANA,IN,18,"CATTLE, COWS, MILK - INVENTORY, AVG, MEASURED IN HEAD",HEAD,"186,000"
2022,MONTHLY,OCT,INDIANA,IN,18,"CATTLE, COWS, MILK - INVENTORY, AVG, MEASURED IN HEAD",HEAD,"185,000"
2022,MONTHLY,OCT THRU DEC,INDIANA,IN,18,"CATTLE, COWS, MILK - INVENTORY, AVG, MEASURED IN HEAD",HEAD,"186,000"
2022,MONTHLY,SEP,INDIANA,IN,18,"CATTLE, COWS, MILK - INVENTORY, AVG, MEASURED IN HEAD",HEAD,"185,000"
2022,MONTHLY,APR,KANSAS,KS,20,"CATTLE, COWS, MILK - INVENTORY, AVG, MEASURED IN HEAD",HEAD,"171,000"
2022,MONTHLY,APR THRU JUN,KANSAS,KS,20,"CATTLE, COWS, MILK - INVENTORY, AVG, MEASURED IN HEAD",HEAD,"173,000"
2022,MONTHLY,AUG,KANSAS,KS,20,"CATTLE, COWS, MILK - INVENTORY, AVG, MEASURED IN HEAD",HEAD,"174,000"
2022,MONTHLY,DEC,KANSAS,KS,20,"CATTLE, COWS, MILK - INVENTORY, AVG, MEASURED IN HEAD",HEAD,"175,000"
2022,MONTHLY,FEB,KANSAS,KS,20,"CATTLE, COWS, MILK - INVENTORY, AVG, MEASURED IN HEAD",HEAD,"170,000"
2022,MONTHLY,JAN,KANSAS,KS,20,"CATTLE, COWS, MILK - INVENTORY, AVG, MEASURED IN HEAD",HEAD,"169,000"
2022,MONTHLY,JAN THRU MAR,KANSAS,KS,20,"CATTLE, COWS, MILK - INVENTORY, AVG, MEASURED IN HEAD",HEAD,"170,000"
2022,MONTHLY,JUL,KANSAS,KS,20,"CATTLE, COWS, MILK - INVENTORY, AVG, MEASURED IN HEAD",HEAD,"174,000"
2022,MONTHLY,JUL THRU SEP,KANSAS,KS,20,"CATTLE, COWS, MILK - INVENTORY, AVG, MEASURED IN HEAD",HEAD,"174,000"
2022,MONTHLY,JUN,KANSAS,KS,20,"CATTLE, COWS, MILK - INVENTORY, AVG, MEASURED IN HEAD",HEAD,"174,000"
2022,MONTHLY,MAR,KANSAS,KS,20,"CATTLE, COWS, MILK - INVENTORY, AVG, MEASURED IN HEAD",HEAD,"171,000"
2022,MONTHLY,MAY,KANSAS,KS,20,"CATTLE, COWS, MILK - INVENTORY, AVG, MEASURED IN HEAD",HEAD,"173,000"
2022,MONTHLY,NOV,KANSAS,KS,20,"CATTLE, COWS, MILK - INVENTORY, AVG, MEASURED IN HEAD",HEAD,"175,000"
2022,MONTHLY,OCT,KANSAS,KS,20,"CATTLE, COWS, MILK - INVENTORY, AVG, MEASURED IN HEAD",HEAD,"175,000"
2022,MONTHLY,OCT THRU DEC,KANSAS,KS,20,"CATTLE, COWS, MILK - INVENTORY, AVG, MEASURED IN HEAD",HEAD,"175,000"
2022,MONTHLY,SEP,KANSAS,KS,20,"CATTLE, COWS, MILK - INVENTORY, AVG, MEASURED IN HEAD",HEAD,"175,000"
2022,MONTHLY,APR THRU JUN,KENTUCKY,KY,21,"CATTLE, COWS, MILK - INVENTORY, AVG, MEASURED IN HEAD",HEAD,"46,000"
2022,MONTHLY,JAN THRU MAR,KENTUCKY,KY,21,"CATTLE, COWS, MILK - INVENTORY, AVG, MEASURED IN HEAD",HEAD,"45,000"
2022,MONTHLY,JUL THRU SEP,KENTUCKY,KY,21,"CATTLE, COWS, MILK - INVENTORY, AVG, MEASURED IN HEAD",HEAD,"45,000"
2022,MONTHLY,OCT THRU DEC,KENTUCKY,KY,21,"CATTLE, COWS, MILK - INVENTORY, AVG, MEASURED IN HEAD",HEAD,"45,000"
2022,MONTHLY,APR THRU JUN,LOUISIANA,LA,22,"CATTLE, COWS, MILK - INVENTORY, AVG, MEASURED IN HEAD",HEAD,"9,000"
2022,MONTHLY,JAN THRU MAR,LOUISIANA,LA,22,"CATTLE, COWS, MILK - INVENTORY, AVG, MEASURED IN HEAD",HEAD,"9,000"
2022,MONTHLY,JUL THRU SEP,LOUISIANA,LA,22,"CATTLE, COWS, MILK - INVENTORY, AVG, MEASURED IN HEAD",HEAD,"8,000"
2022,MONTHLY,OCT THRU DEC,LOUISIANA,LA,22,"CATTLE, COWS, MILK - INVENTORY, AVG, MEASURED IN HEAD",HEAD,"8,000"
2022,MONTHLY,APR THRU JUN,MASSACHUSETTS,MA,25,"CATTLE, COWS, MILK - INVENTORY, AVG, MEASURED IN HEAD",HEAD,"9,500"
2022,MONTHLY,JAN THRU MAR,MASSACHUSETTS,MA,25,"CATTLE, COWS, MILK - INVENTORY, AVG, MEASURED IN HEAD",HEAD,"9,500"
2022,MONTHLY,JUL THRU SEP,MASSACHUSETTS,MA,25,"CATTLE, COWS, MILK - INVENTORY, AVG, MEASURED IN HEAD",HEAD,"9,500"
2022,MONTHLY,OCT THRU DEC,MASSACHUSETTS,MA,25,"CATTLE, COWS, MILK - INVENTORY, AVG, MEASURED IN HEAD",HEAD,"9,000"
2022,MONTHLY,APR THRU JUN,MARYLAND,MD,24,"CATTLE, COWS, MILK - INVENTORY, AVG, MEASURED IN HEAD",HEAD,"41,000"
2022,MONTHLY,JAN THRU MAR,MARYLAND,MD,24,"CATTLE, COWS, MILK - INVENTORY, AVG, MEASURED IN HEAD",HEAD,"41,000"
2022,MONTHLY,JUL THRU SEP,MARYLAND,MD,24,"CATTLE, COWS, MILK - INVENTORY, AVG, MEASURED IN HEAD",HEAD,"40,000"
2022,MONTHLY,OCT THRU DEC,MARYLAND,MD,24,"CATTLE, COWS, MILK - INVENTORY, AVG, MEASURED IN HEAD",HEAD,"40,000"
2022,MONTHLY,APR THRU JUN,MAINE,ME,23,"CATTLE, COWS, MILK - INVENTORY, AVG, MEASURED IN HEAD",HEAD,"26,000"
2022,MONTHLY,JAN THRU MAR,MAINE,ME,23,"CATTLE, COWS, MILK - INVENTORY, AVG, MEASURED IN HEAD",HEAD,"26,000"
2022,MONTHLY,JUL THRU SEP,MAINE,ME,23,"CATTLE, COWS, MILK - INVENTORY, AVG, MEASURED IN HEAD",HEAD,"26,000"
2022,MONTHLY,OCT THRU DEC,MAINE,ME,23,"CATTLE, COWS, MILK - INVENTORY, AVG, MEASURED IN HEAD",HEAD,"25,000"
2022,MONTHLY,APR,MICHIGAN,MI,26,"CATTLE, COWS, MILK - INVENTORY, AVG, MEASURED IN HEAD",HEAD,"427,000"
2022,MONTHLY,APR THRU JUN,MICHIGAN,MI,26,"CATTLE, COWS, MILK - INVENTORY, AVG, MEASURED IN HEAD",HEAD,"427,000"
2022,MONTHLY,AUG,MICHIGAN,MI,26,"CATTLE, COWS, MILK - INVENTORY, AVG, MEASURED IN HEAD",HEAD,"428,000"
2022,MONTHLY,DEC,MICHIGAN,MI,26,"CATTLE, COWS, MILK - INVENTORY, AVG, MEASURED IN HEAD",HEAD,"434,000"
2022,MONTHLY,FEB,MICHIGAN,MI,26,"CATTLE, COWS, MILK - INVENTORY, AVG, MEASURED IN HEAD",HEAD,"428,000"
2022,MONTHLY,JAN,MICHIGAN,MI,26,"CATTLE, COWS, MILK - INVENTORY, AVG, MEASURED IN HEAD",HEAD,"430,000"
2022,MONTHLY,JAN THRU MAR,MICHIGAN,MI,26,"CATTLE, COWS, MILK - INVENTORY, AVG, MEASURED IN HEAD",HEAD,"428,000"
2022,MONTHLY,JUL,MICHIGAN,MI,26,"CATTLE, COWS, MILK - INVENTORY, AVG, MEASURED IN HEAD",HEAD,"427,000"
2022,MONTHLY,JUL THRU SEP,MICHIGAN,MI,26,"CATTLE, COWS, MILK - INVENTORY, AVG, MEASURED IN HEAD",HEAD,"428,000"
2022,MONTHLY,JUN,MICHIGAN,MI,26,"CATTLE, COWS, MILK - INVENTORY, AVG, MEASURED IN HEAD",HEAD,"427,000"
2022,MONTHLY,MAR,MICHIGAN,MI,26,"CATTLE, COWS, MILK - INVENTORY, AVG, MEASURED IN HEAD",HEAD,"427,000"
2022,MONTHLY,MAY,MICHIGAN,MI,26,"CATTLE, COWS, MILK - INVENTORY, AVG, MEASURED IN HEAD",HEAD,"427,000"
2022,MONTHLY,NOV,MICHIGAN,MI,26,"CATTLE, COWS, MILK - INVENTORY, AVG, MEASURED IN HEAD",HEAD,"432,000"
2022,MONTHLY,OCT,MICHIGAN,MI,26,"CATTLE, COWS, MILK - INVENTORY, AVG, MEASURED IN HEAD",HEAD,"430,000"
2022,MONTHLY,OCT THRU DEC,MICHIGAN,MI,26,"CATTLE, COWS, MILK - INVENTORY, AVG, MEASURED IN HEAD",HEAD,"432,000"
2022,MONTHLY,SEP,MICHIGAN,MI,26,"CATTLE, COWS, MILK - INVENTORY, AVG, MEASURED IN HEAD",HEAD,"429,000"
2022,MONTHLY,APR,MINNESOTA,MN,27,"CATTLE, COWS, MILK - INVENTORY, AVG, MEASURED IN HEAD",HEAD,"453,000"
2022,MONTHLY,APR THRU JUN,MINNESOTA,MN,27,"CATTLE, COWS, MILK - INVENTORY, AVG, MEASURED IN HEAD",HEAD,"452,000"
2022,MONTHLY,AUG,MINNESOTA,MN,27,"CATTLE, COWS, MILK - INVENTORY, AVG, MEASURED IN HEAD",HEAD,"453,000"
2022,MONTHLY,DEC,MINNESOTA,MN,27,"CATTLE, COWS, MILK - INVENTORY, AVG, MEASURED IN HEAD",HEAD,"455,000"
2022,MONTHLY,FEB,MINNESOTA,MN,27,"CATTLE, COWS, MILK - INVENTORY, AVG, MEASURED IN HEAD",HEAD,"453,000"
2022,MONTHLY,JAN,MINNESOTA,MN,27,"CATTLE, COWS, MILK - INVENTORY, AVG, MEASURED IN HEAD",HEAD,"456,000"
2022,MONTHLY,JAN THRU MAR,MINNESOTA,MN,27,"CATTLE, COWS, MILK - INVENTORY, AVG, MEASURED IN HEAD",HEAD,"454,000"
2022,MONTHLY,JUL,MINNESOTA,MN,27,"CATTLE, COWS, MILK - INVENTORY, AVG, MEASURED IN HEAD",HEAD,"453,000"
2022,MONTHLY,JUL THRU SEP,MINNESOTA,MN,27,"CATTLE, COWS, MILK - INVENTORY, AVG, MEASURED IN HEAD",HEAD,"453,000"
2022,MONTHLY,JUN,MINNESOTA,MN,27,"CATTLE, COWS, MILK - INVENTORY, AVG, MEASURED IN HEAD",HEAD,"450,000"
2022,MONTHLY,MAR,MINNESOTA,MN,27,"CATTLE, COWS, MILK - INVENTORY, AVG, MEASURED IN HEAD",HEAD,"453,000"
2022,MONTHLY,MAY,MINNESOTA,MN,27,"CATTLE, COWS, MILK - INVENTORY, AVG, MEASURED IN HEAD",HEAD,"452,000"
2022,MONTHLY,NOV,MINNESOTA,MN,27,"CATTLE, COWS, MILK - INVENTORY, AVG, MEASURED IN HEAD",HEAD,"454,000"
2022,MONTHLY,OCT,MINNESOTA,MN,27,"CATTLE, COWS, MILK - INVENTORY, AVG, MEASURED IN HEAD",HEAD,"453,000"
2022,MONTHLY,OCT THRU DEC,MINNESOTA,MN,27,"CATTLE, COWS, MILK - INVENTORY, AVG, MEASURED IN HEAD",HEAD,"454,000"
2022,MONTHLY,SEP,MINNESOTA,MN,27,"CATTLE, COWS, MILK - INVENTORY, AVG, MEASURED IN HEAD",HEAD,"453,000"
2022,MONTHLY,APR THRU JUN,MISSOURI,MO,29,"CATTLE, COWS, MILK - INVENTORY, AVG, MEASURED IN HEAD",HEAD,"68,000"
2022,MONTHLY,JAN THRU MAR,MISSOURI,MO,29,"CATTLE, COWS, MILK - INVENTORY, AVG, MEASURED IN HEAD",HEAD,"68,000"
2022,MONTHLY,JUL THRU SEP,MISSOURI,MO,29,"CATTLE, COWS, MILK - INVENTORY, AVG, MEASURED IN HEAD",HEAD,"65,000"
2022,MONTHLY,OCT THRU DEC,MISSOURI,MO,29,"CATTLE, COWS, MILK - INVENTORY, AVG, MEASURED IN HEAD",HEAD,"65,000"
2022,MONTHLY,APR THRU JUN,MISSISSIPPI,MS,28,"CATTLE, COWS, MILK - INVENTORY, AVG, MEASURED IN HEAD",HEAD,"7,000"
2022,MONTHLY,JAN THRU MAR,MISSISSIPPI,MS,28,"CATTLE, COWS, MILK - INVENTORY, AVG, MEASURED IN HEAD",HEAD,"7,000"
2022,MONTHLY,JUL THRU SEP,MISSISSIPPI,MS,28,"CATTLE, COWS, MILK - INVENTORY, AVG, MEASURED IN HEAD",HEAD,"6,000"
2022,MONTHLY,OCT THRU DEC,MISSISSIPPI,MS,28,"CATTLE, COWS, MILK - INVENTORY, AVG, MEASURED IN HEAD",HEAD,"6,000"
2022,MONTHLY,APR THRU JUN,MONTANA,MT,30,"CATTLE, COWS, MILK - INVENTORY, AVG, MEASURED IN HEAD",HEAD,"10,000"
2022,MONTHLY,JAN THRU MAR,MONTANA,MT,30,"CATTLE, COWS, MILK - INVENTORY, AVG, MEASURED IN HEAD",HEAD,"10,500"
2022,MONTHLY,JUL THRU SEP,MONTANA,MT,30,"CATTLE, COWS, MILK - INVENTORY, AVG, MEASURED IN HEAD",HEAD,"10,000"
2022,MONTHLY,OCT THRU DEC,MONTANA,MT,30,"CATTLE, COWS, MILK - INVENTORY, AVG, MEASURED IN HEAD",HEAD,"10,000"
2022,MONTHLY,APR THRU JUN,NORTH CAROLINA,NC,37,"CATTLE, COWS, MILK - INVENTORY, AVG, MEASURED IN HEAD",HEAD,"39,000"
2022,MONTHLY,JAN THRU MAR,NORTH CAROLINA,NC,37,"CATTLE, COWS, MILK - INVENTORY, AVG, MEASURED IN HEAD",HEAD,"39,000"
2022,MONTHLY,JUL THRU SEP,NORTH CAROLINA,NC,37,"CATTLE, COWS, MILK - INVENTORY, AVG, MEASURED IN HEAD",HEAD,"39,000"
2022,MONTHLY,OCT THRU DEC,NORTH CAROLINA,NC,37,"CATTLE, COWS, MILK - INVENTORY, AVG, MEASURED IN HEAD",HEAD,"39,000"
2022,MONTHLY,APR THRU JUN,NORTH DAKOTA,ND,38,"CATTLE, COWS, MILK - INVENTORY, AVG, MEASURED IN HEAD",HEAD,"14,000"
2022,MONTHLY,JAN THRU MAR,NORTH DAKOTA,ND,38,"CATTLE, COWS, MILK - INVENTORY, AVG, MEASURED IN HEAD",HEAD,"14,500"
2022,MONTHLY,JUL THRU SEP,NORTH DAKOTA,ND,38,"CATTLE, COWS, MILK - INVENTORY, AVG, MEASURED IN HEAD",HEAD,"14,000"
2022,MONTHLY,OCT THRU DEC,NORTH DAKOTA,ND,38,"CATTLE, COWS, MILK - INVENTORY, AVG, MEASURED IN HEAD",HEAD,"14,000"
2022,MONTHLY,APR THRU JUN,NEBRASKA,NE,31,"CATTLE, COWS, MILK - INVENTORY, AVG, MEASURED IN HEAD",HEAD,"58,000"
2022,MONTHLY,JAN THRU MAR,NEBRASKA,NE,31,"CATTLE, COWS, MILK - INVENTORY, AVG, MEASURED IN HEAD",HEAD,"57,000"
2022,MONTHLY,JUL THRU SEP,NEBRASKA,NE,31,"CATTLE, COWS, MILK - INVENTORY, AVG, MEASURED IN HEAD",HEAD,"57,000"
2022,MONTHLY,OCT THRU DEC,NEBRASKA,NE,31,"CATTLE, COWS, MILK - INVENTORY, AVG, MEASURED IN HEAD",HEAD,"57,000"
2022,MONTHLY,APR THRU JUN,NEW HAMPSHIRE,NH,33,"CATTLE, COWS, MILK - INVENTORY, AVG, MEASURED IN HEAD",HEAD,"10,000"
2022,MONTHLY,JAN THRU MAR,NEW HAMPSHIRE,NH,33,"CATTLE, COWS, MILK - INVENTORY, AVG, MEASURED IN HEAD",HEAD,"10,500"
2022,MONTHLY,JUL THRU SEP,NEW HAMPSHIRE,NH,33,"CATTLE, COWS, MILK - INVENTORY, AVG, MEASURED IN HEAD",HEAD,"10,000"
2022,MONTHLY,OCT THRU DEC,NEW HAMPSHIRE,NH,33,"CATTLE, COWS, MILK - INVENTORY, AVG, MEASURED IN HEAD",HEAD,"10,000"
2022,MONTHLY,APR THRU JUN,NEW JERSEY,NJ,34,"CATTLE, COWS, MILK - INVENTORY, AVG, MEASURED IN HEAD",HEAD,"4,300"
2022,MONTHLY,JAN THRU MAR,NEW JERSEY,NJ,34,"CATTLE, COWS, MILK - INVENTORY, AVG, MEASURED IN HEAD",HEAD,"4,300"
2022,MONTHLY,JUL THRU SEP,NEW JERSEY,NJ,34,"CATTLE, COWS, MILK - INVENTORY, AVG, MEASURED IN HEAD",HEAD,"4,300"
2022,MONTHLY,OCT THRU DEC,NEW JERSEY,NJ,34,"CATTLE, COWS, MILK - INVENTORY, AVG, MEASURED IN HEAD",HEAD,"4,200"
2022,MONTHLY,APR,NEW MEXICO,NM,35,"CATTLE, COWS, MILK - INVENTORY, AVG, MEASURED IN HEAD",HEAD,"292,000"
2022,MONTHLY,APR THRU JUN,NEW MEXICO,NM,35,"CATTLE, COWS, MILK - INVENTORY, AVG, MEASURED IN HEAD",HEAD,"291,000"
2022,MONTHLY,AUG,NEW MEXICO,NM,35,"CATTLE, COWS, MILK - INVENTORY, AVG, MEASURED IN HEAD",HEAD,"287,000"
2022,MONTHLY,DEC,NEW MEXICO,NM,35,"CATTLE, COWS, MILK - INVENTORY, AVG, MEASURED IN HEAD",HEAD,"281,000"
2022,MONTHLY,FEB,NEW MEXICO,NM,35,"CATTLE, COWS, MILK - INVENTORY, AVG, MEASURED IN HEAD",HEAD,"292,000"
2022,MONTHLY,JAN,NEW MEXICO,NM,35,"CATTLE, COWS, MILK - INVENTORY, AVG, MEASURED IN HEAD",HEAD,"295,000"
2022,MONTHLY,JAN THRU MAR,NEW MEXICO,NM,35,"CATTLE, COWS, MILK - INVENTORY, AVG, MEASURED IN HEAD",HEAD,"294,000"
2022,MONTHLY,JUL,NEW MEXICO,NM,35,"CATTLE, COWS, MILK - INVENTORY, AVG, MEASURED IN HEAD",HEAD,"287,000"
2022,MONTHLY,JUL THRU SEP,NEW MEXICO,NM,35,"CATTLE, COWS, MILK - INVENTORY, AVG, MEASURED IN HEAD",HEAD,"286,000"
2022,MONTHLY,JUN,NEW MEXICO,NM,35,"CATTLE, COWS, MILK - INVENTORY, AVG, MEASURED IN HEAD",HEAD,"289,000"
2022,MONTHLY,MAR,NEW MEXICO,NM,35,"CATTLE, COWS, MILK - INVENTORY, AVG, MEASURED IN HEAD",HEAD,"295,000"
2022,MONTHLY,MAY,NEW MEXICO,NM,35,"CATTLE, COWS, MILK - INVENTORY, AVG, MEASURED IN HEAD",HEAD,"292,000"
2022,MONTHLY,NOV,NEW MEXICO,NM,35,"CATTLE, COWS, MILK - INVENTORY, AVG, MEASURED IN HEAD",HEAD,"282,000"
2022,MONTHLY,OCT,NEW MEXICO,NM,35,"CATTLE, COWS, MILK - INVENTORY, AVG, MEASURED IN HEAD",HEAD,"284,000"
2022,MONTHLY,OCT THRU DEC,NEW MEXICO,NM,35,"CATTLE, COWS, MILK - INVENTORY, AVG, MEASURED IN HEAD",HEAD,"282,000"
2022,MONTHLY,SEP,NEW MEXICO,NM,35,"CATTLE, COWS, MILK - INVENTORY, AVG, MEASURED IN HEAD",HEAD,"284,000"
2022,MONTHLY,APR THRU JUN,NEVADA,NV,32,"CATTLE, COWS, MILK - INVENTORY, AVG, MEASURED IN HEAD",HEAD,"33,000"
2022,MONTHLY,JAN THRU MAR,NEVADA,NV,32,"CATTLE, COWS, MILK - INVENTORY, AVG, MEASURED IN HEAD",HEAD,"33,000"
2022,MONTHLY,JUL THRU SEP,NEVADA,NV,32,"CATTLE, COWS, MILK - INVENTORY, AVG, MEASURED IN HEAD",HEAD,"33,000"
2022,MONTHLY,OCT THRU DEC,NEVADA,NV,32,"CATTLE, COWS, MILK - INVENTORY, AVG, MEASURED IN HEAD",HEAD,"33,000"
2022,MONTHLY,APR,NEW YORK,NY,36,"CATTLE, COWS, MILK - INVENTORY, AVG, MEASURED IN HEAD",HEAD,"620,000"
2022,MONTHLY,APR THRU JUN,NEW YORK,NY,36,"CATTLE, COWS, MILK - INVENTORY, AVG, MEASURED IN HEAD",HEAD,"622,000"
2022,MONTHLY,AUG,NEW YORK,NY,36,"CATTLE, COWS, MILK - INVENTORY, AVG, MEASURED IN HEAD",HEAD,"624,000"
2022,MONTHLY,DEC,NEW YORK,NY,36,"CATTLE, COWS, MILK - INVENTORY, AVG, MEASURED IN HEAD",HEAD,"630,000"
2022,MONTHLY,FEB,NEW YORK,NY,36,"CATTLE, COWS, MILK - INVENTORY, AVG, MEASURED IN HEAD",HEAD,"620,000"
2022,MONTHLY,JAN,NEW YORK,NY,36,"CATTLE, COWS, MILK - INVENTORY, AVG, MEASURED IN HEAD",HEAD,"620,000"
2022,MONTHLY,JAN THRU MAR,NEW YORK,NY,36,"CATTLE, COWS, MILK - INVENTORY, AVG, MEASURED IN HEAD",HEAD,"620,000"
2022,MONTHLY,JUL,NEW YORK,NY,36,"CATTLE, COWS, MILK - INVENTORY, AVG, MEASURED IN HEAD",HEAD,"623,000"
2022,MONTHLY,JUL THRU SEP,NEW YORK,NY,36,"CATTLE, COWS, MILK - INVENTORY, AVG, MEASURED IN HEAD",HEAD,"624,000"
2022,MONTHLY,JUN,NEW YORK,NY,36,"CATTLE, COWS, MILK - INVENTORY, AVG, MEASURED IN HEAD",HEAD,"623,000"
2022,MONTHLY,MAR,NEW YORK,NY,36,"CATTLE, COWS, MILK - INVENTORY, AVG, MEASURED IN HEAD",HEAD,"620,000"
2022,MONTHLY,MAY,NEW YORK,NY,36,"CATTLE, COWS, MILK - INVENTORY, AVG, MEASURED IN HEAD",HEAD,"623,000"
2022,MONTHLY,NOV,NEW YORK,NY,36,"CATTLE, COWS, MILK - INVENTORY, AVG, MEASURED IN HEAD",HEAD,"630,000"
2022,MONTHLY,OCT,NEW YORK,NY,36,"CATTLE, COWS, MILK - INVENTORY, AVG, MEASURED IN HEAD",HEAD,"629,000"
2022,MONTHLY,OCT THRU DEC,NEW YORK,NY,36,"CATTLE, COWS, MILK - INVENTORY, AVG, MEASURED IN HEAD",HEAD,"630,000"
2022,MONTHLY,SEP,NEW YORK,NY,36,"CATTLE, COWS, MILK - INVENTORY, AVG, MEASURED IN HEAD",HEAD,"626,000"
2022,MONTHLY,APR,OHIO,OH,39,"CATTLE, COWS, MILK - INVENTORY, AVG, MEASURED IN HEAD",HEAD,"251,000"
2022,MONTHLY,APR THRU JUN,OHIO,OH,39,"CATTLE, COWS, MILK - INVENTORY, AVG, MEASURED IN HEAD",HEAD,"250,000"
2022,MONTHLY,AUG,OHIO,OH,39,"CATTLE, COWS, MILK - INVENTORY, AVG, MEASURED IN HEAD",HEAD,"250,000"
2022,MONTHLY,DEC,OHIO,OH,39,"CATTLE, COWS, MILK - INVENTORY, AVG, MEASURED IN HEAD",HEAD,"250,000"
2022,MONTHLY,FEB,OHIO,OH,39,"CATTLE, COWS, MILK - INVENTORY, AVG, MEASURED IN HEAD",HEAD,"248,000"
2022,MONTHLY,JAN,OHIO,OH,39,"CATTLE, COWS, MILK - INVENTORY, AVG, MEASURED IN HEAD",HEAD,"248,000"
2022,MONTHLY,JAN THRU MAR,OHIO,OH,39,"CATTLE, COWS, MILK - INVENTORY, AVG, MEASURED IN HEAD",HEAD,"249,000"
2022,MONTHLY,JUL,OHIO,OH,39,"CATTLE, COWS, MILK - INVENTORY, AVG, MEASURED IN HEAD",HEAD,"249,000"
2022,MONTHLY,JUL THRU SEP,OHIO,OH,39,"CATTLE, COWS, MILK - INVENTORY, AVG, MEASURED IN HEAD",HEAD,"250,000"
2022,MONTHLY,JUN,OHIO,OH,39,"CATTLE, COWS, MILK - INVENTORY, AVG, MEASURED IN HEAD",HEAD,"249,000"
2022,MONTHLY,MAR,OHIO,OH,39,"CATTLE, COWS, MILK - INVENTORY, AVG, MEASURED IN HEAD",HEAD,"250,000"
2022,MONTHLY,MAY,OHIO,OH,39,"CATTLE, COWS, MILK - INVENTORY, AVG, MEASURED IN HEAD",HEAD,"251,000"
2022,MONTHLY,NOV,OHIO,OH,39,"CATTLE, COWS, MILK - INVENTORY, AVG, MEASURED IN HEAD",HEAD,"250,000"
2022,MONTHLY,OCT,OHIO,OH,39,"CATTLE, COWS, MILK - INVENTORY, AVG, MEASURED IN HEAD",HEAD,"250,000"
2022,MONTHLY,OCT THRU DEC,OHIO,OH,39,"CATTLE, COWS, MILK - INVENTORY, AVG, MEASURED IN HEAD",HEAD,"250,000"
2022,MONTHLY,SEP,OHIO,OH,39,"CATTLE, COWS, MILK - INVENTORY, AVG, MEASURED IN HEAD",HEAD,"250,000"
2022,MONTHLY,APR THRU JUN,OKLAHOMA,OK,40,"CATTLE, COWS, MILK - INVENTORY, AVG, MEASURED IN HEAD",HEAD,"40,000"
2022,MONTHLY,JAN THRU MAR,OKLAHOMA,OK,40,"CATTLE, COWS, MILK - INVENTORY, AVG, MEASURED IN HEAD",HEAD,"40,000"
2022,MONTHLY,JUL THRU SEP,OKLAHOMA,OK,40,"CATTLE, COWS, MILK - INVENTORY, AVG, MEASURED IN HEAD",HEAD,"40,000"
2022,MONTHLY,OCT THRU DEC,OKLAHOMA,OK,40,"CATTLE, COWS, MILK - INVENTORY, AVG, MEASURED IN HEAD",HEAD,"39,000"
2022,MONTHLY,APR,OREGON,OR,41,"CATTLE, COWS, MILK - INVENTORY, AVG, MEASURED IN HEAD",HEAD,"128,000"
2022,MONTHLY,APR THRU JUN,OREGON,OR,41,"CATTLE, COWS, MILK - INVENTORY, AVG, MEASURED IN HEAD",HEAD,"127,000"
2022,MONTHLY,AUG,OREGON,OR,41,"CATTLE, COWS, MILK - INVENTORY, AVG, MEASURED IN HEAD",HEAD,"124,000"
2022,MONTHLY,DEC,OREGON,OR,41,"CATTLE, COWS, MILK - INVENTORY, AVG, MEASURED IN HEAD",HEAD,"123,000"
2022,MONTHLY,FEB,OREGON,OR,41,"CATTLE, COWS, MILK - INVENTORY, AVG, MEASURED IN HEAD",HEAD,"127,000"
2022,MONTHLY,JAN,OREGON,OR,41,"CATTLE, COWS, MILK - INVENTORY, AVG, MEASURED IN HEAD",HEAD,"125,000"
2022,MONTHLY,JAN THRU MAR,OREGON,OR,41,"CATTLE, COWS, MILK - INVENTORY, AVG, MEASURED IN HEAD",HEAD,"127,000"
2022,MONTHLY,JUL,OREGON,OR,41,"CATTLE, COWS, MILK - INVENTORY, AVG, MEASURED IN HEAD",HEAD,"126,000"
2022,MONTHLY,JUL THRU SEP,OREGON,OR,41,"CATTLE, COWS, MILK - INVENTORY, AVG, MEASURED IN HEAD",HEAD,"125,000"
2022,MONTHLY,JUN,OREGON,OR,41,"CATTLE, COWS, MILK - INVENTORY, AVG, MEASURED IN HEAD",HEAD,"126,000"
2022,MONTHLY,MAR,OREGON,OR,41,"CATTLE, COWS, MILK - INVENTORY, AVG, MEASURED IN HEAD",HEAD,"128,000"
2022,MONTHLY,MAY,OREGON,OR,41,"CATTLE, COWS, MILK - INVENTORY, AVG, MEASURED IN HEAD",HEAD,"127,000"
2022,MONTHLY,NOV,OREGON,OR,41,"CATTLE, COWS, MILK - INVENTORY, AVG, MEASURED IN HEAD",HEAD,"123,000"
2022,MONTHLY,OCT,OREGON,OR,41,"CATTLE, COWS, MILK - INVENTORY, AVG, MEASURED IN HEAD",HEAD,"124,000"
2022,MONTHLY,OCT THRU DEC,OREGON,OR,41,"CATTLE, COWS, MILK - INVENTORY, AVG, MEASURED IN HEAD",HEAD,"123,000"
2022,MONTHLY,SEP,OREGON,OR,41,"CATTLE, COWS, MILK - INVENTORY, AVG, MEASURED IN HEAD",HEAD,"124,000"
2022,MONTHLY,APR THRU JUN,OTHER STATES,OT,98,"CATTLE, COWS, MILK - INVENTORY, AVG, MEASURED IN HEAD",HEAD,"1,000"
2022,MONTHLY,JAN THRU MAR,OTHER STATES,OT,98,"CATTLE, COWS, MILK - INVENTORY, AVG, MEASURED IN HEAD",HEAD,"1,000"
2022,MONTHLY,JUL THRU SEP,OTHER STATES,OT,98,"CATTLE, COWS, MILK - INVENTORY, AVG, MEASURED IN HEAD",HEAD,900
2022,MONTHLY,OCT THRU DEC,OTHER STATES,OT,98,"CATTLE, COWS, MILK - INVENTORY, AVG, MEASURED IN HEAD",HEAD,800
2022,MONTHLY,APR,PENNSYLVANIA,PA,42,"CATTLE, COWS, MILK - INVENTORY, AVG, MEASURED IN HEAD",HEAD,"467,000"
2022,MONTHLY,APR THRU JUN,PENNSYLVANIA,PA,42,"CATTLE, COWS, MILK - INVENTORY, AVG, MEASURED IN HEAD",HEAD,"467,000"
2022,MONTHLY,AUG,PENNSYLVANIA,PA,42,"CATTLE, COWS, MILK - INVENTORY, AVG, MEASURED IN HEAD",HEAD,"468,000"
2022,MONTHLY,DEC,PENNSYLVANIA,PA,42,"CATTLE, COWS, MILK - INVENTORY, AVG, MEASURED IN HEAD",HEAD,"465,000"
2022,MONTHLY,FEB,PENNSYLVANIA,PA,42,"CATTLE, COWS, MILK - INVENTORY, AVG, MEASURED IN HEAD",HEAD,"468,000"
2022,MONTHLY,JAN,PENNSYLVANIA,PA,42,"CATTLE, COWS, MILK - INVENTORY, AVG, MEASURED IN HEAD",HEAD,"468,000"
2022,MONTHLY,JAN THRU MAR,PENNSYLVANIA,PA,42,"CATTLE, COWS, MILK - INVENTORY, AVG, MEASURED IN HEAD",HEAD,"468,000"
2022,MONTHLY,JUL,PENNSYLVANIA,PA,42,"CATTLE, COWS, MILK - INVENTORY, AVG, MEASURED IN HEAD",HEAD,"467,000"
2022,MONTHLY,JUL THRU SEP,PENNSYLVANIA,PA,42,"CATTLE, COWS, MILK - INVENTORY, AVG, MEASURED IN HEAD",HEAD,"468,000"
2022,MONTHLY,JUN,PENNSYLVANIA,PA,42,"CATTLE, COWS, MILK - INVENTORY, AVG, MEASURED IN HEAD",HEAD,"467,000"
2022,MONTHLY,MAR,PENNSYLVANIA,PA,42,"CATTLE, COWS, MILK - INVENTORY, AVG, MEASURED IN HEAD",HEAD,"467,000"
2022,MONTHLY,MAY,PENNSYLVANIA,PA,42,"CATTLE, COWS, MILK - INVENTORY, AVG, MEASURED IN HEAD",HEAD,"467,000"
2022,MONTHLY,NOV,PENNSYLVANIA,PA,42,"CATTLE, COWS, MILK - INVENTORY, AVG, MEASURED IN HEAD",HEAD,"467,000"
2022,MONTHLY,OCT,PENNSYLVANIA,PA,42,"CATTLE, COWS, MILK - INVENTORY, AVG, MEASURED IN HEAD",HEAD,"468,000"
2022,MONTHLY,OCT THRU DEC,PENNSYLVANIA,PA,42,"CATTLE, COWS, MILK - INVENTORY, AVG, MEASURED IN HEAD",HEAD,"467,000"
2022,MONTHLY,SEP,PENNSYLVANIA,PA,42,"CATTLE, COWS, MILK - INVENTORY, AVG, MEASURED IN HEAD",HEAD,"468,000"
2022,MONTHLY,APR THRU JUN,RHODE ISLAND,RI,44,"CATTLE, COWS, MILK - INVENTORY, AVG, MEASURED IN HEAD",HEAD,500
2022,MONTHLY,JAN THRU MAR,RHODE ISLAND,RI,44,"CATTLE, COWS, MILK - INVENTORY, AVG, MEASURED IN HEAD",HEAD,500
2022,MONTHLY,JUL THRU SEP,RHODE ISLAND,RI,44,"CATTLE, COWS, MILK - INVENTORY, AVG, MEASURED IN HEAD",HEAD,500
2022,MONTHLY,OCT THRU DEC,RHODE ISLAND,RI,44,"CATTLE, COWS, MILK - INVENTORY, AVG, MEASURED IN HEAD",HEAD,500
2022,MONTHLY,APR THRU JUN,SOUTH CAROLINA,SC,45,"CATTLE, COWS, MILK - INVENTORY, AVG, MEASURED IN HEAD",HEAD,"9,000"
2022,MONTHLY,JAN THRU MAR,SOUTH CAROLINA,SC,45,"CATTLE, COWS, MILK - INVENTORY, AVG, MEASURED IN HEAD",HEAD,"9,000"
2022,MONTHLY,JUL THRU SEP,SOUTH CAROLINA,SC,45,"CATTLE, COWS, MILK - INVENTORY, AVG, MEASURED IN HEAD",HEAD,"9,000"
2022,MONTHLY,OCT THRU DEC,SOUTH CAROLINA,SC,45,"CATTLE, COWS, MILK - INVENTORY, AVG, MEASURED IN HEAD",HEAD,"9,000"
2022,MONTHLY,APR,SOUTH DAKOTA,SD,46,"CATTLE, COWS, MILK - INVENTORY, AVG, MEASURED IN HEAD",HEAD,"177,000"
2022,MONTHLY,APR THRU JUN,SOUTH DAKOTA,SD,46,"CATTLE, COWS, MILK - INVENTORY, AVG, MEASURED IN HEAD",HEAD,"178,000"
2022,MONTHLY,AUG,SOUTH DAKOTA,SD,46,"CATTLE, COWS, MILK - INVENTORY, AVG, MEASURED IN HEAD",HEAD,"185,000"
2022,MONTHLY,DEC,SOUTH DAKOTA,SD,46,"CATTLE, COWS, MILK - INVENTORY, AVG, MEASURED IN HEAD",HEAD,"186,000"
2022,MONTHLY,FEB,SOUTH DAKOTA,SD,46,"CATTLE, COWS, MILK - INVENTORY, AVG, MEASURED IN HEAD",HEAD,"175,000"
2022,MONTHLY,JAN,SOUTH DAKOTA,SD,46,"CATTLE, COWS, MILK - INVENTORY, AVG, MEASURED IN HEAD",HEAD,"170,000"
2022,MONTHLY,JAN THRU MAR,SOUTH DAKOTA,SD,46,"CATTLE, COWS, MILK - INVENTORY, AVG, MEASURED IN HEAD",HEAD,"174,000"
2022,MONTHLY,JUL,SOUTH DAKOTA,SD,46,"CATTLE, COWS, MILK - INVENTORY, AVG, MEASURED IN HEAD",HEAD,"182,000"
2022,MONTHLY,JUL THRU SEP,SOUTH DAKOTA,SD,46,"CATTLE, COWS, MILK - INVENTORY, AVG, MEASURED IN HEAD",HEAD,"184,000"
2022,MONTHLY,JUN,SOUTH DAKOTA,SD,46,"CATTLE, COWS, MILK - INVENTORY, AVG, MEASURED IN HEAD",HEAD,"180,000"
2022,MONTHLY,MAR,SOUTH DAKOTA,SD,46,"CATTLE, COWS, MILK - INVENTORY, AVG, MEASURED IN HEAD",HEAD,"177,000"
2022,MONTHLY,MAY,SOUTH DAKOTA,SD,46,"CATTLE, COWS, MILK - INVENTORY, AVG, MEASURED IN HEAD",HEAD,"178,000"
2022,MONTHLY,NOV,SOUTH DAKOTA,SD,46,"CATTLE, COWS, MILK - INVENTORY, AVG, MEASURED IN HEAD",HEAD,"185,000"
2022,MONTHLY,OCT,SOUTH DAKOTA,SD,46,"CATTLE, COWS, MILK - INVENTORY, AVG, MEASURED IN HEAD",HEAD,"185,000"
2022,MONTHLY,OCT THRU DEC,SOUTH DAKOTA,SD,46,"CATTLE, COWS, MILK - INVENTORY, AVG, MEASURED IN HEAD",HEAD,"185,000"
2022,MONTHLY,SEP,SOUTH DAKOTA,SD,46,"CATTLE, COWS, MILK - INVENTORY, AVG, MEASURED IN HEAD",HEAD,"185,000"
2022,MONTHLY,APR THRU JUN,TENNESSEE,TN,47,"CATTLE, COWS, MILK - INVENTORY, AVG, MEASURED IN HEAD",HEAD,"27,000"
2022,MONTHLY,JAN THRU MAR,TENNESSEE,TN,47,"CATTLE, COWS, MILK - INVENTORY, AVG, MEASURED IN HEAD",HEAD,"27,000"
2022,MONTHLY,JUL THRU SEP,TENNESSEE,TN,47,"CATTLE, COWS, MILK - INVENTORY, AVG, MEASURED IN HEAD",HEAD,"27,000"
2022,MONTHLY,OCT THRU DEC,TENNESSEE,TN,47,"CATTLE, COWS, MILK - INVENTORY, AVG, MEASURED IN HEAD",HEAD,"26,000"
2022,MONTHLY,APR,TEXAS,TX,48,"CATTLE, COWS, MILK - INVENTORY, AVG, MEASURED IN HEAD",HEAD,"640,000"
2022,MONTHLY,APR THRU JUN,TEXAS,TX,48,"CATTLE, COWS, MILK - INVENTORY, AVG, MEASURED IN HEAD",HEAD,"644,000"
2022,MONTHLY,AUG,TEXAS,TX,48,"CATTLE, COWS, MILK - INVENTORY, AVG, MEASURED IN HEAD",HEAD,"655,000"
2022,MONTHLY,DEC,TEXAS,TX,48,"CATTLE, COWS, MILK - INVENTORY, AVG, MEASURED IN HEAD",HEAD,"650,000"
2022,MONTHLY,FEB,TEXAS,TX,48,"CATTLE, COWS, MILK - INVENTORY, AVG, MEASURED IN HEAD",HEAD,"633,000"
2022,MONTHLY,JAN,TEXAS,TX,48,"CATTLE, COWS, MILK - INVENTORY, AVG, MEASURED IN HEAD",HEAD,"628,000"
2022,MONTHLY,JAN THRU MAR,TEXAS,TX,48,"CATTLE, COWS, MILK - INVENTORY, AVG, MEASURED IN HEAD",HEAD,"634,000"
2022,MONTHLY,JUL,TEXAS,TX,48,"CATTLE, COWS, MILK - INVENTORY, AVG, MEASURED IN HEAD",HEAD,"650,000"
2022,MONTHLY,JUL THRU SEP,TEXAS,TX,48,"CATTLE, COWS, MILK - INVENTORY, AVG, MEASURED IN HEAD",HEAD,"653,000"
2022,MONTHLY,JUN,TEXAS,TX,48,"CATTLE, COWS, MILK - INVENTORY, AVG, MEASURED IN HEAD",HEAD,"648,000"
2022,MONTHLY,MAR,TEXAS,TX,48,"CATTLE, COWS, MILK - INVENTORY, AVG, MEASURED IN HEAD",HEAD,"640,000"
2022,MONTHLY,MAY,TEXAS,TX,48,"CATTLE, COWS, MILK - INVENTORY, AVG, MEASURED IN HEAD",HEAD,"644,000"
2022,MONTHLY,NOV,TEXAS,TX,48,"CATTLE, COWS, MILK - INVENTORY, AVG, MEASURED IN HEAD",HEAD,"653,000"
2022,MONTHLY,OCT,TEXAS,TX,48,"CATTLE, COWS, MILK - INVENTORY, AVG, MEASURED IN HEAD",HEAD,"655,000"
2022,MONTHLY,OCT THRU DEC,TEXAS,TX,48,"CATTLE, COWS, MILK - INVENTORY, AVG, MEASURED IN HEAD",HEAD,"653,000"
2022,MONTHLY,SEP,TEXAS,TX,48,"CATTLE, COWS, MILK - INVENTORY, AVG, MEASURED IN HEAD",HEAD,"655,000"
2022,MONTHLY,APR,US TOTAL,US,99,"CATTLE, COWS, MILK - INVENTORY, AVG, MEASURED IN HEAD",HEAD,"9,400,000"
2022,MONTHLY,APR THRU JUN,US TOTAL,US,99,"CATTLE, COWS, MILK - INVENTORY, AVG, MEASURED IN HEAD",HEAD,"9,407,000"
2022,MONTHLY,AUG,US TOTAL,US,99,"CATTLE, COWS, MILK - INVENTORY, AVG, MEASURED IN HEAD",HEAD,"9,409,000"
2022,MONTHLY,DEC,US TOTAL,US,99,"CATTLE, COWS, MILK - INVENTORY, AVG, MEASURED IN HEAD",HEAD,"9,399,000"
2022,MONTHLY,FEB,US TOTAL,US,99,"CATTLE, COWS, MILK - INVENTORY, AVG, MEASURED IN HEAD",HEAD,"9,374,000"
2022,MONTHLY,JAN,US TOTAL,US,99,"CATTLE, COWS, MILK - INVENTORY, AVG, MEASURED IN HEAD",HEAD,"9,368,000"
2022,MONTHLY,JAN THRU MAR,US TOTAL,US,99,"CATTLE, COWS, MILK - INVENTORY, AVG, MEASURED IN HEAD",HEAD,"9,380,000"
2022,MONTHLY,JUL,US TOTAL,US,99,"CATTLE, COWS, MILK - INVENTORY, AVG, MEASURED IN HEAD",HEAD,"9,402,000"
2022,MONTHLY,JUL THRU SEP,US TOTAL,US,99,"CATTLE, COWS, MILK - INVENTORY, AVG, MEASURED IN HEAD",HEAD,"9,407,000"
2022,MONTHLY,JUN,US TOTAL,US,99,"CATTLE, COWS, MILK - INVENTORY, AVG, MEASURED IN HEAD",HEAD,"9,409,000"
2022,MONTHLY,MAR,US TOTAL,US,99,"CATTLE, COWS, MILK - INVENTORY, AVG, MEASURED IN HEAD",HEAD,"9,397,000"
2022,MONTHLY,MAY,US TOTAL,US,99,"CATTLE, COWS, MILK - INVENTORY, AVG, MEASURED IN HEAD",HEAD,"9,411,000"
2022,MONTHLY,NOV,US TOTAL,US,99,"CATTLE, COWS, MILK - INVENTORY, AVG, MEASURED IN HEAD",HEAD,"9,405,000"
2022,MONTHLY,OCT,US TOTAL,US,99,"CATTLE, COWS, MILK - INVENTORY, AVG, MEASURED IN HEAD",HEAD,"9,411,000"
2022,MONTHLY,OCT THRU DEC,US TOTAL,US,99,"CATTLE, COWS, MILK - INVENTORY, AVG, MEASURED IN HEAD",HEAD,"9,405,000"
2022,MONTHLY,SEP,US TOTAL,US,99,"CATTLE, COWS, MILK - INVENTORY, AVG, MEASURED IN HEAD",HEAD,"9,411,000"
2022,MONTHLY,APR,UTAH,UT,49,"CATTLE, COWS, MILK - INVENTORY, AVG, MEASURED IN HEAD",HEAD,"94,000"
2022,MONTHLY,APR THRU JUN,UTAH,UT,49,"CATTLE, COWS, MILK - INVENTORY, AVG, MEASURED IN HEAD",HEAD,"94,000"
2022,MONTHLY,AUG,UTAH,UT,49,"CATTLE, COWS, MILK - INVENTORY, AVG, MEASURED IN HEAD",HEAD,"93,000"
2022,MONTHLY,DEC,UTAH,UT,49,"CATTLE, COWS, MILK - INVENTORY, AVG, MEASURED IN HEAD",HEAD,"92,000"
2022,MONTHLY,FEB,UTAH,UT,49,"CATTLE, COWS, MILK - INVENTORY, AVG, MEASURED IN HEAD",HEAD,"94,000"
2022,MONTHLY,JAN,UTAH,UT,49,"CATTLE, COWS, MILK - INVENTORY, AVG, MEASURED IN HEAD",HEAD,"94,000"
2022,MONTHLY,JAN THRU MAR,UTAH,UT,49,"CATTLE, COWS, MILK - INVENTORY, AVG, MEASURED IN HEAD",HEAD,"94,000"
2022,MONTHLY,JUL,UTAH,UT,49,"CATTLE, COWS, MILK - INVENTORY, AVG, MEASURED IN HEAD",HEAD,"95,000"
2022,MONTHLY,JUL THRU SEP,UTAH,UT,49,"CATTLE, COWS, MILK - INVENTORY, AVG, MEASURED IN HEAD",HEAD,"93,000"
2022,MONTHLY,JUN,UTAH,UT,49,"CATTLE, COWS, MILK - INVENTORY, AVG, MEASURED IN HEAD",HEAD,"95,000"
2022,MONTHLY,MAR,UTAH,UT,49,"CATTLE, COWS, MILK - INVENTORY, AVG, MEASURED IN HEAD",HEAD,"94,000"
2022,MONTHLY,MAY,UTAH,UT,49,"CATTLE, COWS, MILK - INVENTORY, AVG, MEASURED IN HEAD",HEAD,"94,000"
2022,MONTHLY,NOV,UTAH,UT,49,"CATTLE, COWS, MILK - INVENTORY, AVG, MEASURED IN HEAD",HEAD,"92,000"
2022,MONTHLY,OCT,UTAH,UT,49,"CATTLE, COWS, MILK - INVENTORY, AVG, MEASURED IN HEAD",HEAD,"92,000"
2022,MONTHLY,OCT THRU DEC,UTAH,UT,49,"CATTLE, COWS, MILK - INVENTORY, AVG, MEASURED IN HEAD",HEAD,"92,000"
2022,MONTHLY,SEP,UTAH,UT,49,"CATTLE, COWS, MILK - INVENTORY, AVG, MEASURED IN HEAD",HEAD,"92,000"
2022,MONTHLY,APR,VIRGINIA,VA,51,"CATTLE, COWS, MILK - INVENTORY, AVG, MEASURED IN HEAD",HEAD,"70,000"
2022,MONTHLY,APR THRU JUN,VIRGINIA,VA,51,"CATTLE, COWS, MILK - INVENTORY, AVG, MEASURED IN HEAD",HEAD,"70,000"
2022,MONTHLY,AUG,VIRGINIA,VA,51,"CATTLE, COWS, MILK - INVENTORY, AVG, MEASURED IN HEAD",HEAD,"69,000"
2022,MONTHLY,DEC,VIRGINIA,VA,51,"CATTLE, COWS, MILK - INVENTORY, AVG, MEASURED IN HEAD",HEAD,"67,000"
2022,MONTHLY,FEB,VIRGINIA,VA,51,"CATTLE, COWS, MILK - INVENTORY, AVG, MEASURED IN HEAD",HEAD,"71,000"
2022,MONTHLY,JAN,VIRGINIA,VA,51,"CATTLE, COWS, MILK - INVENTORY, AVG, MEASURED IN HEAD",HEAD,"71,000"
2022,MONTHLY,JAN THRU MAR,VIRGINIA,VA,51,"CATTLE, COWS, MILK - INVENTORY, AVG, MEASURED IN HEAD",HEAD,"71,000"
2022,MONTHLY,JUL,VIRGINIA,VA,51,"CATTLE, COWS, MILK - INVENTORY, AVG, MEASURED IN HEAD",HEAD,"69,000"
2022,MONTHLY,JUL THRU SEP,VIRGINIA,VA,51,"CATTLE, COWS, MILK - INVENTORY, AVG, MEASURED IN HEAD",HEAD,"69,000"
2022,MONTHLY,JUN,VIRGINIA,VA,51,"CATTLE, COWS, MILK - INVENTORY, AVG, MEASURED IN HEAD",HEAD,"70,000"
2022,MONTHLY,MAR,VIRGINIA,VA,51,"CATTLE, COWS, MILK - INVENTORY, AVG, MEASURED IN HEAD",HEAD,"70,000"
2022,MONTHLY,MAY,VIRGINIA,VA,51,"CATTLE, COWS, MILK - INVENTORY, AVG, MEASURED IN HEAD",HEAD,"70,000"
2022,MONTHLY,NOV,VIRGINIA,VA,51,"CATTLE, COWS, MILK - INVENTORY, AVG, MEASURED IN HEAD",HEAD,"69,000"
2022,MONTHLY,OCT,VIRGINIA,VA,51,"CATTLE, COWS, MILK - INVENTORY, AVG, MEASURED IN HEAD",HEAD,"69,000"
2022,MONTHLY,OCT THRU DEC,VIRGINIA,VA,51,"CATTLE, COWS, MILK - INVENTORY, AVG, MEASURED IN HEAD",HEAD,"68,000"
2022,MONTHLY,SEP,VIRGINIA,VA,51,"CATTLE, COWS, MILK - INVENTORY, AVG, MEASURED IN HEAD",HEAD,"69,000"
2022,MONTHLY,APR,VERMONT,VT,50,"CATTLE, COWS, MILK - INVENTORY, AVG, MEASURED IN HEAD",HEAD,"118,000"
2022,MONTHLY,APR THRU JUN,VERMONT,VT,50,"CATTLE, COWS, MILK - INVENTORY, AVG, MEASURED IN HEAD",HEAD,"118,000"
2022,MONTHLY,AUG,VERMONT,VT,50,"CATTLE, COWS, MILK - INVENTORY, AVG, MEASURED IN HEAD",HEAD,"117,000"
2022,MONTHLY,DEC,VERMONT,VT,50,"CATTLE, COWS, MILK - INVENTORY, AVG, MEASURED IN HEAD",HEAD,"118,000"
2022,MONTHLY,FEB,VERMONT,VT,50,"CATTLE, COWS, MILK - INVENTORY, AVG, MEASURED IN HEAD",HEAD,"119,000"
2022,MONTHLY,JAN,VERMONT,VT,50,"CATTLE, COWS, MILK - INVENTORY, AVG, MEASURED IN HEAD",HEAD,"119,000"
2022,MONTHLY,JAN THRU MAR,VERMONT,VT,50,"CATTLE, COWS, MILK - INVENTORY, AVG, MEASURED IN HEAD",HEAD,"119,000"
2022,MONTHLY,JUL,VERMONT,VT,50,"CATTLE, COWS, MILK - INVENTORY, AVG, MEASURED IN HEAD",HEAD,"117,000"
2022,MONTHLY,JUL THRU SEP,VERMONT,VT,50,"CATTLE, COWS, MILK - INVENTORY, AVG, MEASURED IN HEAD",HEAD,"117,000"
2022,MONTHLY,JUN,VERMONT,VT,50,"CATTLE, COWS, MILK - INVENTORY, AVG, MEASURED IN HEAD",HEAD,"117,000"
2022,MONTHLY,MAR,VERMONT,VT,50,"CATTLE, COWS, MILK - INVENTORY, AVG, MEASURED IN HEAD",HEAD,"118,000"
2022,MONTHLY,MAY,VERMONT,VT,50,"CATTLE, COWS, MILK - INVENTORY, AVG, MEASURED IN HEAD",HEAD,"118,000"
2022,MONTHLY,NOV,VERMONT,VT,50,"CATTLE, COWS, MILK - INVENTORY, AVG, MEASURED IN HEAD",HEAD,"118,000"
2022,MONTHLY,OCT,VERMONT,VT,50,"CATTLE, COWS, MILK - INVENTORY, AVG, MEASURED IN HEAD",HEAD,"117,000"
2022,MONTHLY,OCT THRU DEC,VERMONT,VT,50,"CATTLE, COWS, MILK - INVENTORY, AVG, MEASURED IN HEAD",HEAD,"118,000"
2022,MONTHLY,SEP,VERMONT,VT,50,"CATTLE, COWS, MILK - INVENTORY, AVG, MEASURED IN HEAD",HEAD,"117,000"
2022,MONTHLY,APR,WASHINGTON,WA,53,"CATTLE, COWS, MILK - INVENTORY, AVG, MEASURED IN HEAD",HEAD,"263,000"
2022,MONTHLY,APR THRU JUN,WASHINGTON,WA,53,"CATTLE, COWS, MILK - INVENTORY, AVG, MEASURED IN HEAD",HEAD,"261,000"
2022,MONTHLY,AUG,WASHINGTON,WA,53,"CATTLE, COWS, MILK - INVENTORY, AVG, MEASURED IN HEAD",HEAD,"255,000"
2022,MONTHLY,DEC,WASHINGTON,WA,53,"CATTLE, COWS, MILK - INVENTORY, AVG, MEASURED IN HEAD",HEAD,"255,000"
2022,MONTHLY,FEB,WASHINGTON,WA,53,"CATTLE, COWS, MILK - INVENTORY, AVG, MEASURED IN HEAD",HEAD,"263,000"
2022,MONTHLY,JAN,WASHINGTON,WA,53,"CATTLE, COWS, MILK - INVENTORY, AVG, MEASURED IN HEAD",HEAD,"261,000"
2022,MONTHLY,JAN THRU MAR,WASHINGTON,WA,53,"CATTLE, COWS, MILK - INVENTORY, AVG, MEASURED IN HEAD",HEAD,"263,000"
2022,MONTHLY,JUL,WASHINGTON,WA,53,"CATTLE, COWS, MILK - INVENTORY, AVG, MEASURED IN HEAD",HEAD,"257,000"
2022,MONTHLY,JUL THRU SEP,WASHINGTON,WA,53,"CATTLE, COWS, MILK - INVENTORY, AVG, MEASURED IN HEAD",HEAD,"256,000"
2022,MONTHLY,JUN,WASHINGTON,WA,53,"CATTLE, COWS, MILK - INVENTORY, AVG, MEASURED IN HEAD",HEAD,"260,000"
2022,MONTHLY,MAR,WASHINGTON,WA,53,"CATTLE, COWS, MILK - INVENTORY, AVG, MEASURED IN HEAD",HEAD,"265,000"
2022,MONTHLY,MAY,WASHINGTON,WA,53,"CATTLE, COWS, MILK - INVENTORY, AVG, MEASURED IN HEAD",HEAD,"260,000"
2022,MONTHLY,NOV,WASHINGTON,WA,53,"CATTLE, COWS, MILK - INVENTORY, AVG, MEASURED IN HEAD",HEAD,"256,000"
2022,MONTHLY,OCT,WASHINGTON,WA,53,"CATTLE, COWS, MILK - INVENTORY, AVG, MEASURED IN HEAD",HEAD,"257,000"
2022,MONTHLY,OCT THRU DEC,WASHINGTON,WA,53,"CATTLE, COWS, MILK - INVENTORY, AVG, MEASURED IN HEAD",HEAD,"256,000"
2022,MONTHLY,SEP,WASHINGTON,WA,53,"CATTLE, COWS, MILK - INVENTORY, AVG, MEASURED IN HEAD",HEAD,"257,000"
2022,MONTHLY,APR,WISCONSIN,WI,55,"CATTLE, COWS, MILK - INVENTORY, AVG, MEASURED IN HEAD",HEAD,"1,273,000"
2022,MONTHLY,APR THRU JUN,WISCONSIN,WI,55,"CATTLE, COWS, MILK - INVENTORY, AVG, MEASURED IN HEAD",HEAD,"1,273,000"
2022,MONTHLY,AUG,WISCONSIN,WI,55,"CATTLE, COWS, MILK - INVENTORY, AVG, MEASURED IN HEAD",HEAD,"1,272,000"
2022,MONTHLY,DEC,WISCONSIN,WI,55,"CATTLE, COWS, MILK - INVENTORY, AVG, MEASURED IN HEAD",HEAD,"1,270,000"
2022,MONTHLY,FEB,WISCONSIN,WI,55,"CATTLE, COWS, MILK - INVENTORY, AVG, MEASURED IN HEAD",HEAD,"1,273,000"
2022,MONTHLY,JAN,WISCONSIN,WI,55,"CATTLE, COWS, MILK - INVENTORY, AVG, MEASURED IN HEAD",HEAD,"1,273,000"
2022,MONTHLY,JAN THRU MAR,WISCONSIN,WI,55,"CATTLE, COWS, MILK - INVENTORY, AVG, MEASURED IN HEAD",HEAD,"1,273,000"
2022,MONTHLY,JUL,WISCONSIN,WI,55,"CATTLE, COWS, MILK - INVENTORY, AVG, MEASURED IN HEAD",HEAD,"1,272,000"
2022,MONTHLY,JUL THRU SEP,WISCONSIN,WI,55,"CATTLE, COWS, MILK - INVENTORY, AVG, MEASURED IN HEAD",HEAD,"1,272,000"
2022,MONTHLY,JUN,WISCONSIN,WI,55,"CATTLE, COWS, MILK - INVENTORY, AVG, MEASURED IN HEAD",HEAD,"1,272,000"
2022,MONTHLY,MAR,WISCONSIN,WI,55,"CATTLE, COWS, MILK - INVENTORY, AVG, MEASURED IN HEAD",HEAD,"1,273,000"
2022,MONTHLY,MAY,WISCONSIN,WI,55,"CATTLE, COWS, MILK - INVENTORY, AVG, MEASURED IN HEAD",HEAD,"1,273,000"
2022,MONTHLY,NOV,WISCONSIN,WI,55,"CATTLE, COWS, MILK - INVENTORY, AVG, MEASURED IN HEAD",HEAD,"1,271,000"
2022,MONTHLY,OCT,WISCONSIN,WI,55,"CATTLE, COWS, MILK - INVENTORY, AVG, MEASURED IN HEAD",HEAD,"1,271,000"
2022,MONTHLY,OCT THRU DEC,WISCONSIN,WI,55,"CATTLE, COWS, MILK - INVENTORY, AVG, MEASURED IN HEAD",HEAD,"1,271,000"
2022,MONTHLY,SEP,WISCONSIN,WI,55,"CATTLE, COWS, MILK - INVENTORY, AVG, MEASURED IN HEAD",HEAD,"1,271,000"
2022,MONTHLY,APR THRU JUN,WEST VIRGINIA,WV,54,"CATTLE, COWS, MILK - INVENTORY, AVG, MEASURED IN HEAD",HEAD,"5,000"
2022,MONTHLY,JAN THRU MAR,WEST VIRGINIA,WV,54,"CATTLE, COWS, MILK - INVENTORY, AVG, MEASURED IN HEAD",HEAD,"5,000"
2022,MONTHLY,JUL THRU SEP,WEST VIRGINIA,WV,54,"CATTLE, COWS, MILK - INVENTORY, AVG, MEASURED IN HEAD",HEAD,"5,000"
2022,MONTHLY,OCT THRU DEC,WEST VIRGINIA,WV,54,"CATTLE, COWS, MILK - INVENTORY, AVG, MEASURED IN HEAD",HEAD,"5,000"
2022,MONTHLY,APR THRU JUN,WYOMING,WY,56,"CATTLE, COWS, MILK - INVENTORY, AVG, MEASURED IN HEAD",HEAD,"9,500"
2022,MONTHLY,JAN THRU MAR,WYOMING,WY,56,"CATTLE, COWS, MILK - INVENTORY, AVG, MEASURED IN HEAD",HEAD,"9,000"
2022,MONTHLY,JUL THRU SEP,WYOMING,WY,56,"CATTLE, COWS, MILK - INVENTORY, AVG, MEASURED IN HEAD",HEAD,"9,500"
2022,MONTHLY,OCT THRU DEC,WYOMING,WY,56,"CATTLE, COWS, MILK - INVENTORY, AVG, MEASURED IN HEAD",HEAD,"9,000"
2023,MONTHLY,APR THRU JUN,ALABAMA,AL,01,"CATTLE, COWS, MILK - INVENTORY, AVG, MEASURED IN HEAD",HEAD,"2,500"
2023,MONTHLY,JAN THRU MAR,ALABAMA,AL,01,"CATTLE, COWS, MILK - INVENTORY, AVG, MEASURED IN HEAD",HEAD,"2,500"
2023,MONTHLY,JUL THRU SEP,ALABAMA,AL,01,"CATTLE, COWS, MILK - INVENTORY, AVG, MEASURED IN HEAD",HEAD,"2,000"
2023,MONTHLY,OCT THRU DEC,ALABAMA,AL,01,"CATTLE, COWS, MILK - INVENTORY, AVG, MEASURED IN HEAD",HEAD,"2,000"
2023,MONTHLY,APR THRU JUN,ARKANSAS,AR,05,"CATTLE, COWS, MILK - INVENTORY, AVG, MEASURED IN HEAD",HEAD,"2,900"
2023,MONTHLY,JAN THRU MAR,ARKANSAS,AR,05,"CATTLE, COWS, MILK - INVENTORY, AVG, MEASURED IN HEAD",HEAD,"3,000"
2023,MONTHLY,JUL THRU SEP,ARKANSAS,AR,05,"CATTLE, COWS, MILK - INVENTORY, AVG, MEASURED IN HEAD",HEAD,"2,500"
2023,MONTHLY,OCT THRU DEC,ARKANSAS,AR,05,"CATTLE, COWS, MILK - INVENTORY, AVG, MEASURED IN HEAD",HEAD,"2,300"
2023,MONTHLY,APR,ARIZONA,AZ,04,"CATTLE, COWS, MILK - INVENTORY, AVG, MEASURED IN HEAD",HEAD,"196,000"
2023,MONTHLY,APR THRU JUN,ARIZONA,AZ,04,"CATTLE, COWS, MILK - INVENTORY, AVG, MEASURED IN HEAD",HEAD,"198,000"
2023,MONTHLY,AUG,ARIZONA,AZ,04,"CATTLE, COWS, MILK - INVENTORY, AVG, MEASURED IN HEAD",HEAD,"201,000"
2023,MONTHLY,DEC,ARIZONA,AZ,04,"CATTLE, COWS, MILK - INVENTORY, AVG, MEASURED IN HEAD",HEAD,"197,000"
2023,MONTHLY,FEB,ARIZONA,AZ,04,"CATTLE, COWS, MILK - INVENTORY, AVG, MEASURED IN HEAD",HEAD,"194,000"
2023,MONTHLY,JAN,ARIZONA,AZ,04,"CATTLE, COWS, MILK - INVENTORY, AVG, MEASURED IN HEAD",HEAD,"194,000"
2023,MONTHLY,JAN THRU MAR,ARIZONA,AZ,04,"CATTLE, COWS, MILK - INVENTORY, AVG, MEASURED IN HEAD",HEAD,"194,000"
2023,MONTHLY,JUL,ARIZONA,AZ,04,"CATTLE, COWS, MILK - INVENTORY, AVG, MEASURED IN HEAD",HEAD,"198,000"
2023,MONTHLY,JUL THRU SEP,ARIZONA,AZ,04,"CATTLE, COWS, MILK - INVENTORY, AVG, MEASURED IN HEAD",HEAD,"200,000"
2023,MONTHLY,JUN,ARIZONA,AZ,04,"CATTLE, COWS, MILK - INVENTORY, AVG, MEASURED IN HEAD",HEAD,"200,000"
2023,MONTHLY,MAR,ARIZONA,AZ,04,"CATTLE, COWS, MILK - INVENTORY, AVG, MEASURED IN HEAD",HEAD,"194,000"
2023,MONTHLY,MAY,ARIZONA,AZ,04,"CATTLE, COWS, MILK - INVENTORY, AVG, MEASURED IN HEAD",HEAD,"198,000"
2023,MONTHLY,NOV,ARIZONA,AZ,04,"CATTLE, COWS, MILK - INVENTORY, AVG, MEASURED IN HEAD",HEAD,"199,000"
2023,MONTHLY,OCT,ARIZONA,AZ,04,"CATTLE, COWS, MILK - INVENTORY, AVG, MEASURED IN HEAD",HEAD,"201,000"
2023,MONTHLY,OCT THRU DEC,ARIZONA,AZ,04,"CATTLE, COWS, MILK - INVENTORY, AVG, MEASURED IN HEAD",HEAD,"199,000"
2023,MONTHLY,SEP,ARIZONA,AZ,04,"CATTLE, COWS, MILK - INVENTORY, AVG, MEASURED IN HEAD",HEAD,"201,000"
2023,MONTHLY,APR,CALIFORNIA,CA,06,"CATTLE, COWS, MILK - INVENTORY, AVG, MEASURED IN HEAD",HEAD,"1,717,000"
2023,MONTHLY,APR THRU JUN,CALIFORNIA,CA,06,"CATTLE, COWS, MILK - INVENTORY, AVG, MEASURED IN HEAD",HEAD,"1,715,000"
2023,MONTHLY,AUG,CALIFORNIA,CA,06,"CATTLE, COWS, MILK - INVENTORY, AVG, MEASURED IN HEAD",HEAD,"1,713,000"
2023,MONTHLY,DEC,CALIFORNIA,CA,06,"CATTLE, COWS, MILK - INVENTORY, AVG, MEASURED IN HEAD",HEAD,"1,709,000"
2023,MONTHLY,FEB,CALIFORNIA,CA,06,"CATTLE, COWS, MILK - INVENTORY, AVG, MEASURED IN HEAD",HEAD,"1,718,000"
2023,MONTHLY,JAN,CALIFORNIA,CA,06,"CATTLE, COWS, MILK - INVENTORY, AVG, MEASURED IN HEAD",HEAD,"1,719,000"
2023,MONTHLY,JAN THRU MAR,CALIFORNIA,CA,06,"CATTLE, COWS, MILK - INVENTORY, AVG, MEASURED IN HEAD",HEAD,"1,718,000"
2023,MONTHLY,JUL,CALIFORNIA,CA,06,"CATTLE, COWS, MILK - INVENTORY, AVG, MEASURED IN HEAD",HEAD,"1,714,000"
2023,MONTHLY,JUL THRU SEP,CALIFORNIA,CA,06,"CATTLE, COWS, MILK - INVENTORY, AVG, MEASURED IN HEAD",HEAD,"1,713,000"
2023,MONTHLY,JUN,CALIFORNIA,CA,06,"CATTLE, COWS, MILK - INVENTORY, AVG, MEASURED IN HEAD",HEAD,"1,714,000"
2023,MONTHLY,MAR,CALIFORNIA,CA,06,"CATTLE, COWS, MILK - INVENTORY, AVG, MEASURED IN HEAD",HEAD,"1,717,000"
2023,MONTHLY,MAY,CALIFORNIA,CA,06,"CATTLE, COWS, MILK - INVENTORY, AVG, MEASURED IN HEAD",HEAD,"1,715,000"
2023,MONTHLY,NOV,CALIFORNIA,CA,06,"CATTLE, COWS, MILK - INVENTORY, AVG, MEASURED IN HEAD",HEAD,"1,710,000"
2023,MONTHLY,OCT,CALIFORNIA,CA,06,"CATTLE, COWS, MILK - INVENTORY, AVG, MEASURED IN HEAD",HEAD,"1,711,000"
2023,MONTHLY,OCT THRU DEC,CALIFORNIA,CA,06,"CATTLE, COWS, MILK - INVENTORY, AVG, MEASURED IN HEAD",HEAD,"1,710,000"
2023,MONTHLY,SEP,CALIFORNIA,CA,06,"CATTLE, COWS, MILK - INVENTORY, AVG, MEASURED IN HEAD",HEAD,"1,712,000"
2023,MONTHLY,APR,COLORADO,CO,08,"CATTLE, COWS, MILK - INVENTORY, AVG, MEASURED IN HEAD",HEAD,"205,000"
2023,MONTHLY,APR THRU JUN,COLORADO,CO,08,"CATTLE, COWS, MILK - INVENTORY, AVG, MEASURED IN HEAD",HEAD,"205,000"
2023,MONTHLY,AUG,COLORADO,CO,08,"CATTLE, COWS, MILK - INVENTORY, AVG, MEASURED IN HEAD",HEAD,"198,000"
2023,MONTHLY,DEC,COLORADO,CO,08,"CATTLE, COWS, MILK - INVENTORY, AVG, MEASURED IN HEAD",HEAD,"197,000"
2023,MONTHLY,FEB,COLORADO,CO,08,"CATTLE, COWS, MILK - INVENTORY, AVG, MEASURED IN HEAD",HEAD,"201,000"
2023,MONTHLY,JAN,COLORADO,CO,08,"CATTLE, COWS, MILK - INVENTORY, AVG, MEASURED IN HEAD",HEAD,"200,000"
2023,MONTHLY,JAN THRU MAR,COLORADO,CO,08,"CATTLE, COWS, MILK - INVENTORY, AVG, MEASURED IN HEAD",HEAD,"201,000"
2023,MONTHLY,JUL,COLORADO,CO,08,"CATTLE, COWS, MILK - INVENTORY, AVG, MEASURED IN HEAD",HEAD,"200,000"
2023,MONTHLY,JUL THRU SEP,COLORADO,CO,08,"CATTLE, COWS, MILK - INVENTORY, AVG, MEASURED IN HEAD",HEAD,"199,000"
2023,MONTHLY,JUN,COLORADO,CO,08,"CATTLE, COWS, MILK - INVENTORY, AVG, MEASURED IN HEAD",HEAD,"204,000"
2023,MONTHLY,MAR,COLORADO,CO,08,"CATTLE, COWS, MILK - INVENTORY, AVG, MEASURED IN HEAD",HEAD,"203,000"
2023,MONTHLY,MAY,COLORADO,CO,08,"CATTLE, COWS, MILK - INVENTORY, AVG, MEASURED IN HEAD",HEAD,"206,000"
2023,MONTHLY,NOV,COLORADO,CO,08,"CATTLE, COWS, MILK - INVENTORY, AVG, MEASURED IN HEAD",HEAD,"197,000"
2023,MONTHLY,OCT,COLORADO,CO,08,"CATTLE, COWS, MILK - INVENTORY, AVG, MEASURED IN HEAD",HEAD,"198,000"
2023,MONTHLY,OCT THRU DEC,COLORADO,CO,08,"CATTLE, COWS, MILK - INVENTORY, AVG, MEASURED IN HEAD",HEAD,"197,000"
2023,MONTHLY,SEP,COLORADO,CO,08,"CATTLE, COWS, MILK - INVENTORY, AVG, MEASURED IN HEAD",HEAD,"198,000"
2023,MONTHLY,APR THRU JUN,CONNECTICUT,CT,09,"CATTLE, COWS, MILK - INVENTORY, AVG, MEASURED IN HEAD",HEAD,"18,000"
2023,MONTHLY,JAN THRU MAR,CONNECTICUT,CT,09,"CATTLE, COWS, MILK - INVENTORY, AVG, MEASURED IN HEAD",HEAD,"18,500"
2023,MONTHLY,JUL THRU SEP,CONNECTICUT,CT,09,"CATTLE, COWS, MILK - INVENTORY, AVG, MEASURED IN HEAD",HEAD,"17,500"
2023,MONTHLY,OCT THRU DEC,CONNECTICUT,CT,09,"CATTLE, COWS, MILK - INVENTORY, AVG, MEASURED IN HEAD",HEAD,"17,500"
2023,MONTHLY,APR THRU JUN,DELAWARE,DE,10,"CATTLE, COWS, MILK - INVENTORY, AVG, MEASURED IN HEAD",HEAD,"2,700"
2023,MONTHLY,JAN THRU MAR,DELAWARE,DE,10,"CATTLE, COWS, MILK - INVENTORY, AVG, MEASURED IN HEAD",HEAD,"2,700"
2023,MONTHLY,JUL THRU SEP,DELAWARE,DE,10,"CATTLE, COWS, MILK - INVENTORY, AVG, MEASURED IN HEAD",HEAD,"2,600"
2023,MONTHLY,OCT THRU DEC,DELAWARE,DE,10,"CATTLE, COWS, MILK - INVENTORY, AVG, MEASURED IN HEAD",HEAD,"2,600"
2023,MONTHLY,APR,FLORIDA,FL,12,"CATTLE, COWS, MILK - INVENTORY, AVG, MEASURED IN HEAD",HEAD,"95,000"
2023,MONTHLY,APR THRU JUN,FLORIDA,FL,12,"CATTLE, COWS, MILK - INVENTORY, AVG, MEASURED IN HEAD",HEAD,"96,000"
2023,MONTHLY,AUG,FLORIDA,FL,12,"CATTLE, COWS, MILK - INVENTORY, AVG, MEASURED IN HEAD",HEAD,"99,000"
2023,MONTHLY,DEC,FLORIDA,FL,12,"CATTLE, COWS, MILK - INVENTORY, AVG, MEASURED IN HEAD",HEAD,"98,000"
2023,MONTHLY,FEB,FLORIDA,FL,12,"CATTLE, COWS, MILK - INVENTORY, AVG, MEASURED IN HEAD",HEAD,"95,000"
2023,MONTHLY,JAN,FLORIDA,FL,12,"CATTLE, COWS, MILK - INVENTORY, AVG, MEASURED IN HEAD",HEAD,"94,000"
2023,MONTHLY,JAN THRU MAR,FLORIDA,FL,12,"CATTLE, COWS, MILK - INVENTORY, AVG, MEASURED IN HEAD",HEAD,"95,000"
2023,MONTHLY,JUL,FLORIDA,FL,12,"CATTLE, COWS, MILK - INVENTORY, AVG, MEASURED IN HEAD",HEAD,"99,000"
2023,MONTHLY,JUL THRU SEP,FLORIDA,FL,12,"CATTLE, COWS, MILK - INVENTORY, AVG, MEASURED IN HEAD",HEAD,"99,000"
2023,MONTHLY,JUN,FLORIDA,FL,12,"CATTLE, COWS, MILK - INVENTORY, AVG, MEASURED IN HEAD",HEAD,"97,000"
2023,MONTHLY,MAR,FLORIDA,FL,12,"CATTLE, COWS, MILK - INVENTORY, AVG, MEASURED IN HEAD",HEAD,"95,000"
2023,MONTHLY,MAY,FLORIDA,FL,12,"CATTLE, COWS, MILK - INVENTORY, AVG, MEASURED IN HEAD",HEAD,"96,000"
2023,MONTHLY,NOV,FLORIDA,FL,12,"CATTLE, COWS, MILK - INVENTORY, AVG, MEASURED IN HEAD",HEAD,"99,000"
2023,MONTHLY,OCT,FLORIDA,FL,12,"CATTLE, COWS, MILK - INVENTORY, AVG, MEASURED IN HEAD",HEAD,"100,000"
2023,MONTHLY,OCT THRU DEC,FLORIDA,FL,12,"CATTLE, COWS, MILK - INVENTORY, AVG, MEASURED IN HEAD",HEAD,"99,000"
2023,MONTHLY,SEP,FLORIDA,FL,12,"CATTLE, COWS, MILK - INVENTORY, AVG, MEASURED IN HEAD",HEAD,"100,000"
2023,MONTHLY,APR,GEORGIA,GA,13,"CATTLE, COWS, MILK - INVENTORY, AVG, MEASURED IN HEAD",HEAD,"89,000"
2023,MONTHLY,APR THRU JUN,GEORGIA,GA,13,"CATTLE, COWS, MILK - INVENTORY, AVG, MEASURED IN HEAD",HEAD,"89,000"
2023,MONTHLY,AUG,GEORGIA,GA,13,"CATTLE, COWS, MILK - INVENTORY, AVG, MEASURED IN HEAD",HEAD,"89,000"
2023,MONTHLY,DEC,GEORGIA,GA,13,"CATTLE, COWS, MILK - INVENTORY, AVG, MEASURED IN HEAD",HEAD,"88,000"
2023,MONTHLY,FEB,GEORGIA,GA,13,"CATTLE, COWS, MILK - INVENTORY, AVG, MEASURED IN HEAD",HEAD,"89,000"
2023,MONTHLY,JAN,GEORGIA,GA,13,"CATTLE, COWS, MILK - INVENTORY, AVG, MEASURED IN HEAD",HEAD,"91,000"
2023,MONTHLY,JAN THRU MAR,GEORGIA,GA,13,"CATTLE, COWS, MILK - INVENTORY, AVG, MEASURED IN HEAD",HEAD,"90,000"
2023,MONTHLY,JUL,GEORGIA,GA,13,"CATTLE, COWS, MILK - INVENTORY, AVG, MEASURED IN HEAD",HEAD,"89,000"
2023,MONTHLY,JUL THRU SEP,GEORGIA,GA,13,"CATTLE, COWS, MILK - INVENTORY, AVG, MEASURED IN HEAD",HEAD,"89,000"
2023,MONTHLY,JUN,GEORGIA,GA,13,"CATTLE, COWS, MILK - INVENTORY, AVG, MEASURED IN HEAD",HEAD,"89,000"
2023,MONTHLY,MAR,GEORGIA,GA,13,"CATTLE, COWS, MILK - INVENTORY, AVG, MEASURED IN HEAD",HEAD,"89,000"
2023,MONTHLY,MAY,GEORGIA,GA,13,"CATTLE, COWS, MILK - INVENTORY, AVG, MEASURED IN HEAD",HEAD,"89,000"
2023,MONTHLY,NOV,GEORGIA,GA,13,"CATTLE, COWS, MILK - INVENTORY, AVG, MEASURED IN HEAD",HEAD,"88,000"
2023,MONTHLY,OCT,GEORGIA,GA,13,"CATTLE, COWS, MILK - INVENTORY, AVG, MEASURED IN HEAD",HEAD,"89,000"
2023,MONTHLY,OCT THRU DEC,GEORGIA,GA,13,"CATTLE, COWS, MILK - INVENTORY, AVG, MEASURED IN HEAD",HEAD,"88,000"
2023,MONTHLY,SEP,GEORGIA,GA,13,"CATTLE, COWS, MILK - INVENTORY, AVG, MEASURED IN HEAD",HEAD,"89,000"
2023,MONTHLY,APR,IOWA,IA,19,"CATTLE, COWS, MILK - INVENTORY, AVG, MEASURED IN HEAD",HEAD,"239,000"
2023,MONTHLY,APR THRU JUN,IOWA,IA,19,"CATTLE, COWS, MILK - INVENTORY, AVG, MEASURED IN HEAD",HEAD,"240,000"
2023,MONTHLY,AUG,IOWA,IA,19,"CATTLE, COWS, MILK - INVENTORY, AVG, MEASURED IN HEAD",HEAD,"240,000"
2023,MONTHLY,DEC,IOWA,IA,19,"CATTLE, COWS, MILK - INVENTORY, AVG, MEASURED IN HEAD",HEAD,"239,000"
2023,MONTHLY,FEB,IOWA,IA,19,"CATTLE, COWS, MILK - INVENTORY, AVG, MEASURED IN HEAD",HEAD,"240,000"
2023,MONTHLY,JAN,IOWA,IA,19,"CATTLE, COWS, MILK - INVENTORY, AVG, MEASURED IN HEAD",HEAD,"240,000"
2023,MONTHLY,JAN THRU MAR,IOWA,IA,19,"CATTLE, COWS, MILK - INVENTORY, AVG, MEASURED IN HEAD",HEAD,"240,000"
2023,MONTHLY,JUL,IOWA,IA,19,"CATTLE, COWS, MILK - INVENTORY, AVG, MEASURED IN HEAD",HEAD,"242,000"
2023,MONTHLY,JUL THRU SEP,IOWA,IA,19,"CATTLE, COWS, MILK - INVENTORY, AVG, MEASURED IN HEAD",HEAD,"241,000"
2023,MONTHLY,JUN,IOWA,IA,19,"CATTLE, COWS, MILK - INVENTORY, AVG, MEASURED IN HEAD",HEAD,"240,000"
2023,MONTHLY,MAR,IOWA,IA,19,"CATTLE, COWS, MILK - INVENTORY, AVG, MEASURED IN HEAD",HEAD,"240,000"
2023,MONTHLY,MAY,IOWA,IA,19,"CATTLE, COWS, MILK - INVENTORY, AVG, MEASURED IN HEAD",HEAD,"240,000"
2023,MONTHLY,NOV,IOWA,IA,19,"CATTLE, COWS, MILK - INVENTORY, AVG, MEASURED IN HEAD",HEAD,"239,000"
2023,MONTHLY,OCT,IOWA,IA,19,"CATTLE, COWS, MILK - INVENTORY, AVG, MEASURED IN HEAD",HEAD,"239,000"
2023,MONTHLY,OCT THRU DEC,IOWA,IA,19,"CATTLE, COWS, MILK - INVENTORY, AVG, MEASURED IN HEAD",HEAD,"239,000"
2023,MONTHLY,SEP,IOWA,IA,19,"CATTLE, COWS, MILK - INVENTORY, AVG, MEASURED IN HEAD",HEAD,"240,000"
2023,MONTHLY,APR,IDAHO,ID,16,"CATTLE, COWS, MILK - INVENTORY, AVG, MEASURED IN HEAD",HEAD,"669,000"
2023,MONTHLY,APR THRU JUN,IDAHO,ID,16,"CATTLE, COWS, MILK - INVENTORY, AVG, MEASURED IN HEAD",HEAD,"670,000"
2023,MONTHLY,AUG,IDAHO,ID,16,"CATTLE, COWS, MILK - INVENTORY, AVG, MEASURED IN HEAD",HEAD,"666,000"
2023,MONTHLY,DEC,IDAHO,ID,16,"CATTLE, COWS, MILK - INVENTORY, AVG, MEASURED IN HEAD",HEAD,"663,000"
2023,MONTHLY,FEB,IDAHO,ID,16,"CATTLE, COWS, MILK - INVENTORY, AVG, MEASURED IN HEAD",HEAD,"668,000"
2023,MONTHLY,JAN,IDAHO,ID,16,"CATTLE, COWS, MILK - INVENTORY, AVG, MEASURED IN HEAD",HEAD,"664,000"
2023,MONTHLY,JAN THRU MAR,IDAHO,ID,16,"CATTLE, COWS, MILK - INVENTORY, AVG, MEASURED IN HEAD",HEAD,"667,000"
2023,MONTHLY,JUL,IDAHO,ID,16,"CATTLE, COWS, MILK - INVENTORY, AVG, MEASURED IN HEAD",HEAD,"666,000"
2023,MONTHLY,JUL THRU SEP,IDAHO,ID,16,"CATTLE, COWS, MILK - INVENTORY, AVG, MEASURED IN HEAD",HEAD,"666,000"
2023,MONTHLY,JUN,IDAHO,ID,16,"CATTLE, COWS, MILK - INVENTORY, AVG, MEASURED IN HEAD",HEAD,"670,000"
2023,MONTHLY,MAR,IDAHO,ID,16,"CATTLE, COWS, MILK - INVENTORY, AVG, MEASURED IN HEAD",HEAD,"669,000"
2023,MONTHLY,MAY,IDAHO,ID,16,"CATTLE, COWS, MILK - INVENTORY, AVG, MEASURED IN HEAD",HEAD,"670,000"
2023,MONTHLY,NOV,IDAHO,ID,16,"CATTLE, COWS, MILK - INVENTORY, AVG, MEASURED IN HEAD",HEAD,"663,000"
2023,MONTHLY,OCT,IDAHO,ID,16,"CATTLE, COWS, MILK - INVENTORY, AVG, MEASURED IN HEAD",HEAD,"663,000"
2023,MONTHLY,OCT THRU DEC,IDAHO,ID,16,"CATTLE, COWS, MILK - INVENTORY, AVG, MEASURED IN HEAD",HEAD,"663,000"
2023,MONTHLY,SEP,IDAHO,ID,16,"CATTLE, COWS, MILK - INVENTORY, AVG, MEASURED IN HEAD",HEAD,"665,000"
2023,MONTHLY,APR,ILLINOIS,IL,17,"CATTLE, COWS, MILK - INVENTORY, AVG, MEASURED IN HEAD",HEAD,"79,000"
2023,MONTHLY,APR THRU JUN,ILLINOIS,IL,17,"CATTLE, COWS, MILK - INVENTORY, AVG, MEASURED IN HEAD",HEAD,"79,000"
2023,MONTHLY,AUG,ILLINOIS,IL,17,"CATTLE, COWS, MILK - INVENTORY, AVG, MEASURED IN HEAD",HEAD,"79,000"
2023,MONTHLY,DEC,ILLINOIS,IL,17,"CATTLE, COWS, MILK - INVENTORY, AVG, MEASURED IN HEAD",HEAD,"79,000"
2023,MONTHLY,FEB,ILLINOIS,IL,17,"CATTLE, COWS, MILK - INVENTORY, AVG, MEASURED IN HEAD",HEAD,"79,000"
2023,MONTHLY,JAN,ILLINOIS,IL,17,"CATTLE, COWS, MILK - INVENTORY, AVG, MEASURED IN HEAD",HEAD,"79,000"
2023,MONTHLY,JAN THRU MAR,ILLINOIS,IL,17,"CATTLE, COWS, MILK - INVENTORY, AVG, MEASURED IN HEAD",HEAD,"79,000"
2023,MONTHLY,JUL,ILLINOIS,IL,17,"CATTLE, COWS, MILK - INVENTORY, AVG, MEASURED IN HEAD",HEAD,"79,000"
2023,MONTHLY,JUL THRU SEP,ILLINOIS,IL,17,"CATTLE, COWS, MILK - INVENTORY, AVG, MEASURED IN HEAD",HEAD,"79,000"
2023,MONTHLY,JUN,ILLINOIS,IL,17,"CATTLE, COWS, MILK - INVENTORY, AVG, MEASURED IN HEAD",HEAD,"79,000"
2023,MONTHLY,MAR,ILLINOIS,IL,17,"CATTLE, COWS, MILK - INVENTORY, AVG, MEASURED IN HEAD",HEAD,"79,000"
2023,MONTHLY,MAY,ILLINOIS,IL,17,"CATTLE, COWS, MILK - INVENTORY, AVG, MEASURED IN HEAD",HEAD,"79,000"
2023,MONTHLY,NOV,ILLINOIS,IL,17,"CATTLE, COWS, MILK - INVENTORY, AVG, MEASURED IN HEAD",HEAD,"79,000"
2023,MONTHLY,OCT,ILLINOIS,IL,17,"CATTLE, COWS, MILK - INVENTORY, AVG, MEASURED IN HEAD",HEAD,"79,000"
2023,MONTHLY,OCT THRU DEC,ILLINOIS,IL,17,"CATTLE, COWS, MILK - INVENTORY, AVG, MEASURED IN HEAD",HEAD,"79,000"
2023,MONTHLY,SEP,ILLINOIS,IL,17,"CATTLE, COWS, MILK - INVENTORY, AVG, MEASURED IN HEAD",HEAD,"79,000"
2023,MONTHLY,APR,INDIANA,IN,18,"CATTLE, COWS, MILK - INVENTORY, AVG, MEASURED IN HEAD",HEAD,"189,000"
2023,MONTHLY,APR THRU JUN,INDIANA,IN,18,"CATTLE, COWS, MILK - INVENTORY, AVG, MEASURED IN HEAD",HEAD,"189,000"
2023,MONTHLY,AUG,INDIANA,IN,18,"CATTLE, COWS, MILK - INVENTORY, AVG, MEASURED IN HEAD",HEAD,"190,000"
2023,MONTHLY,DEC,INDIANA,IN,18,"CATTLE, COWS, MILK - INVENTORY, AVG, MEASURED IN HEAD",HEAD,"190,000"
2023,MONTHLY,FEB,INDIANA,IN,18,"CATTLE, COWS, MILK - INVENTORY, AVG, MEASURED IN HEAD",HEAD,"189,000"
2023,MONTHLY,JAN,INDIANA,IN,18,"CATTLE, COWS, MILK - INVENTORY, AVG, MEASURED IN HEAD",HEAD,"188,000"
2023,MONTHLY,JAN THRU MAR,INDIANA,IN,18,"CATTLE, COWS, MILK - INVENTORY, AVG, MEASURED IN HEAD",HEAD,"189,000"
2023,MONTHLY,JUL,INDIANA,IN,18,"CATTLE, COWS, MILK - INVENTORY, AVG, MEASURED IN HEAD",HEAD,"190,000"
2023,MONTHLY,JUL THRU SEP,INDIANA,IN,18,"CATTLE, COWS, MILK - INVENTORY, AVG, MEASURED IN HEAD",HEAD,"190,000"
2023,MONTHLY,JUN,INDIANA,IN,18,"CATTLE, COWS, MILK - INVENTORY, AVG, MEASURED IN HEAD",HEAD,"189,000"
2023,MONTHLY,MAR,INDIANA,IN,18,"CATTLE, COWS, MILK - INVENTORY, AVG, MEASURED IN HEAD",HEAD,"189,000"
2023,MONTHLY,MAY,INDIANA,IN,18,"CATTLE, COWS, MILK - INVENTORY, AVG, MEASURED IN HEAD",HEAD,"189,000"
2023,MONTHLY,NOV,INDIANA,IN,18,"CATTLE, COWS, MILK - INVENTORY, AVG, MEASURED IN HEAD",HEAD,"190,000"
2023,MONTHLY,OCT,INDIANA,IN,18,"CATTLE, COWS, MILK - INVENTORY, AVG, MEASURED IN HEAD",HEAD,"191,000"
2023,MONTHLY,OCT THRU DEC,INDIANA,IN,18,"CATTLE, COWS, MILK - INVENTORY, AVG, MEASURED IN HEAD",HEAD,"190,000"
2023,MONTHLY,SEP,INDIANA,IN,18,"CATTLE, COWS, MILK - INVENTORY, AVG, MEASURED IN HEAD",HEAD,"191,000"
2023,MONTHLY,APR,KANSAS,KS,20,"CATTLE, COWS, MILK - INVENTORY, AVG, MEASURED IN HEAD",HEAD,"180,000"
2023,MONTHLY,APR THRU JUN,KANSAS,KS,20,"CATTLE, COWS, MILK - INVENTORY, AVG, MEASURED IN HEAD",HEAD,"178,000"
2023,MONTHLY,AUG,KANSAS,KS,20,"CATTLE, COWS, MILK - INVENTORY, AVG, MEASURED IN HEAD",HEAD,"169,000"
2023,MONTHLY,DEC,KANSAS,KS,20,"CATTLE, COWS, MILK - INVENTORY, AVG, MEASURED IN HEAD",HEAD,"175,000"
2023,MONTHLY,FEB,KANSAS,KS,20,"CATTLE, COWS, MILK - INVENTORY, AVG, MEASURED IN HEAD",HEAD,"178,000"
2023,MONTHLY,JAN,KANSAS,KS,20,"CATTLE, COWS, MILK - INVENTORY, AVG, MEASURED IN HEAD",HEAD,"175,000"
2023,MONTHLY,JAN THRU MAR,KANSAS,KS,20,"CATTLE, COWS, MILK - INVENTORY, AVG, MEASURED IN HEAD",HEAD,"178,000"
2023,MONTHLY,JUL,KANSAS,KS,20,"CATTLE, COWS, MILK - INVENTORY, AVG, MEASURED IN HEAD",HEAD,"169,000"
2023,MONTHLY,JUL THRU SEP,KANSAS,KS,20,"CATTLE, COWS, MILK - INVENTORY, AVG, MEASURED IN HEAD",HEAD,"170,000"
2023,MONTHLY,JUN,KANSAS,KS,20,"CATTLE, COWS, MILK - INVENTORY, AVG, MEASURED IN HEAD",HEAD,"175,000"
2023,MONTHLY,MAR,KANSAS,KS,20,"CATTLE, COWS, MILK - INVENTORY, AVG, MEASURED IN HEAD",HEAD,"180,000"
2023,MONTHLY,MAY,KANSAS,KS,20,"CATTLE, COWS, MILK - INVENTORY, AVG, MEASURED IN HEAD",HEAD,"179,000"
2023,MONTHLY,NOV,KANSAS,KS,20,"CATTLE, COWS, MILK - INVENTORY, AVG, MEASURED IN HEAD",HEAD,"176,000"
2023,MONTHLY,OCT,KANSAS,KS,20,"CATTLE, COWS, MILK - INVENTORY, AVG, MEASURED IN HEAD",HEAD,"175,000"
2023,MONTHLY,OCT THRU DEC,KANSAS,KS,20,"CATTLE, COWS, MILK - INVENTORY, AVG, MEASURED IN HEAD",HEAD,"175,000"
2023,MONTHLY,SEP,KANSAS,KS,20,"CATTLE, COWS, MILK - INVENTORY, AVG, MEASURED IN HEAD",HEAD,"172,000"
2023,MONTHLY,APR THRU JUN,KENTUCKY,KY,21,"CATTLE, COWS, MILK - INVENTORY, AVG, MEASURED IN HEAD",HEAD,"45,000"
2023,MONTHLY,JAN THRU MAR,KENTUCKY,KY,21,"CATTLE, COWS, MILK - INVENTORY, AVG, MEASURED IN HEAD",HEAD,"46,000"
2023,MONTHLY,JUL THRU SEP,KENTUCKY,KY,21,"CATTLE, COWS, MILK - INVENTORY, AVG, MEASURED IN HEAD",HEAD,"44,000"
2023,MONTHLY,OCT THRU DEC,KENTUCKY,KY,21,"CATTLE, COWS, MILK - INVENTORY, AVG, MEASURED IN HEAD",HEAD,"43,000"
2023,MONTHLY,APR THRU JUN,LOUISIANA,LA,22,"CATTLE, COWS, MILK - INVENTORY, AVG, MEASURED IN HEAD",HEAD,"8,000"
2023,MONTHLY,JAN THRU MAR,LOUISIANA,LA,22,"CATTLE, COWS, MILK - INVENTORY, AVG, MEASURED IN HEAD",HEAD,"8,000"
2023,MONTHLY,JUL THRU SEP,LOUISIANA,LA,22,"CATTLE, COWS, MILK - INVENTORY, AVG, MEASURED IN HEAD",HEAD,"7,000"
2023,MONTHLY,OCT THRU DEC,LOUISIANA,LA,22,"CATTLE, COWS, MILK - INVENTORY, AVG, MEASURED IN HEAD",HEAD,"7,000"
2023,MONTHLY,APR THRU JUN,MASSACHUSETTS,MA,25,"CATTLE, COWS, MILK - INVENTORY, AVG, MEASURED IN HEAD",HEAD,"9,000"
2023,MONTHLY,JAN THRU MAR,MASSACHUSETTS,MA,25,"CATTLE, COWS, MILK - INVENTORY, AVG, MEASURED IN HEAD",HEAD,"9,000"
2023,MONTHLY,JUL THRU SEP,MASSACHUSETTS,MA,25,"CATTLE, COWS, MILK - INVENTORY, AVG, MEASURED IN HEAD",HEAD,"9,000"
2023,MONTHLY,OCT THRU DEC,MASSACHUSETTS,MA,25,"CATTLE, COWS, MILK - INVENTORY, AVG, MEASURED IN HEAD",HEAD,"9,000"
2023,MONTHLY,APR THRU JUN,MARYLAND,MD,24,"CATTLE, COWS, MILK - INVENTORY, AVG, MEASURED IN HEAD",HEAD,"40,000"
2023,MONTHLY,JAN THRU MAR,MARYLAND,MD,24,"CATTLE, COWS, MILK - INVENTORY, AVG, MEASURED IN HEAD",HEAD,"40,000"
2023,MONTHLY,JUL THRU SEP,MARYLAND,MD,24,"CATTLE, COWS, MILK - INVENTORY, AVG, MEASURED IN HEAD",HEAD,"40,000"
2023,MONTHLY,OCT THRU DEC,MARYLAND,MD,24,"CATTLE, COWS, MILK - INVENTORY, AVG, MEASURED IN HEAD",HEAD,"40,000"
2023,MONTHLY,APR THRU JUN,MAINE,ME,23,"CATTLE, COWS, MILK - INVENTORY, AVG, MEASURED IN HEAD",HEAD,"25,000"
2023,MONTHLY,JAN THRU MAR,MAINE,ME,23,"CATTLE, COWS, MILK - INVENTORY, AVG, MEASURED IN HEAD",HEAD,"25,000"
2023,MONTHLY,JUL THRU SEP,MAINE,ME,23,"CATTLE, COWS, MILK - INVENTORY, AVG, MEASURED IN HEAD",HEAD,"25,000"
2023,MONTHLY,OCT THRU DEC,MAINE,ME,23,"CATTLE, COWS, MILK - INVENTORY, AVG, MEASURED IN HEAD",HEAD,"24,000"
2023,MONTHLY,APR,MICHIGAN,MI,26,"CATTLE, COWS, MILK - INVENTORY, AVG, MEASURED IN HEAD",HEAD,"436,000"
2023,MONTHLY,APR THRU JUN,MICHIGAN,MI,26,"CATTLE, COWS, MILK - INVENTORY, AVG, MEASURED IN HEAD",HEAD,"437,000"
2023,MONTHLY,AUG,MICHIGAN,MI,26,"CATTLE, COWS, MILK - INVENTORY, AVG, MEASURED IN HEAD",HEAD,"439,000"
2023,MONTHLY,DEC,MICHIGAN,MI,26,"CATTLE, COWS, MILK - INVENTORY, AVG, MEASURED IN HEAD",HEAD,"439,000"
2023,MONTHLY,FEB,MICHIGAN,MI,26,"CATTLE, COWS, MILK - INVENTORY, AVG, MEASURED IN HEAD",HEAD,"435,000"
2023,MONTHLY,JAN,MICHIGAN,MI,26,"CATTLE, COWS, MILK - INVENTORY, AVG, MEASURED IN HEAD",HEAD,"435,000"
2023,MONTHLY,JAN THRU MAR,MICHIGAN,MI,26,"CATTLE, COWS, MILK - INVENTORY, AVG, MEASURED IN HEAD",HEAD,"435,000"
2023,MONTHLY,JUL,MICHIGAN,MI,26,"CATTLE, COWS, MILK - INVENTORY, AVG, MEASURED IN HEAD",HEAD,"439,000"
2023,MONTHLY,JUL THRU SEP,MICHIGAN,MI,26,"CATTLE, COWS, MILK - INVENTORY, AVG, MEASURED IN HEAD",HEAD,"439,000"
2023,MONTHLY,JUN,MICHIGAN,MI,26,"CATTLE, COWS, MILK - INVENTORY, AVG, MEASURED IN HEAD",HEAD,"438,000"
2023,MONTHLY,MAR,MICHIGAN,MI,26,"CATTLE, COWS, MILK - INVENTORY, AVG, MEASURED IN HEAD",HEAD,"435,000"
2023,MONTHLY,MAY,MICHIGAN,MI,26,"CATTLE, COWS, MILK - INVENTORY, AVG, MEASURED IN HEAD",HEAD,"436,000"
2023,MONTHLY,NOV,MICHIGAN,MI,26,"CATTLE, COWS, MILK - INVENTORY, AVG, MEASURED IN HEAD",HEAD,"439,000"
2023,MONTHLY,OCT,MICHIGAN,MI,26,"CATTLE, COWS, MILK - INVENTORY, AVG, MEASURED IN HEAD",HEAD,"439,000"
2023,MONTHLY,OCT THRU DEC,MICHIGAN,MI,26,"CATTLE, COWS, MILK - INVENTORY, AVG, MEASURED IN HEAD",HEAD,"439,000"
2023,MONTHLY,SEP,MICHIGAN,MI,26,"CATTLE, COWS, MILK - INVENTORY, AVG, MEASURED IN HEAD",HEAD,"439,000"
2023,MONTHLY,APR,MINNESOTA,MN,27,"CATTLE, COWS, MILK - INVENTORY, AVG, MEASURED IN HEAD",HEAD,"454,000"
2023,MONTHLY,APR THRU JUN,MINNESOTA,MN,27,"CATTLE, COWS, MILK - INVENTORY, AVG, MEASURED IN HEAD",HEAD,"453,000"
2023,MONTHLY,AUG,MINNESOTA,MN,27,"CATTLE, COWS, MILK - INVENTORY, AVG, MEASURED IN HEAD",HEAD,"450,000"
2023,MONTHLY,DEC,MINNESOTA,MN,27,"CATTLE, COWS, MILK - INVENTORY, AVG, MEASURED IN HEAD",HEAD,"450,000"
2023,MONTHLY,FEB,MINNESOTA,MN,27,"CATTLE, COWS, MILK - INVENTORY, AVG, MEASURED IN HEAD",HEAD,"455,000"
2023,MONTHLY,JAN,MINNESOTA,MN,27,"CATTLE, COWS, MILK - INVENTORY, AVG, MEASURED IN HEAD",HEAD,"455,000"
2023,MONTHLY,JAN THRU MAR,MINNESOTA,MN,27,"CATTLE, COWS, MILK - INVENTORY, AVG, MEASURED IN HEAD",HEAD,"455,000"
2023,MONTHLY,JUL,MINNESOTA,MN,27,"CATTLE, COWS, MILK - INVENTORY, AVG, MEASURED IN HEAD",HEAD,"451,000"
2023,MONTHLY,JUL THRU SEP,MINNESOTA,MN,27,"CATTLE, COWS, MILK - INVENTORY, AVG, MEASURED IN HEAD",HEAD,"451,000"
2023,MONTHLY,JUN,MINNESOTA,MN,27,"CATTLE, COWS, MILK - INVENTORY, AVG, MEASURED IN HEAD",HEAD,"452,000"
2023,MONTHLY,MAR,MINNESOTA,MN,27,"CATTLE, COWS, MILK - INVENTORY, AVG, MEASURED IN HEAD",HEAD,"454,000"
2023,MONTHLY,MAY,MINNESOTA,MN,27,"CATTLE, COWS, MILK - INVENTORY, AVG, MEASURED IN HEAD",HEAD,"454,000"
2023,MONTHLY,NOV,MINNESOTA,MN,27,"CATTLE, COWS, MILK - INVENTORY, AVG, MEASURED IN HEAD",HEAD,"449,000"
2023,MONTHLY,OCT,MINNESOTA,MN,27,"CATTLE, COWS, MILK - INVENTORY, AVG, MEASURED IN HEAD",HEAD,"451,000"
2023,MONTHLY,OCT THRU DEC,MINNESOTA,MN,27,"CATTLE, COWS, MILK - INVENTORY, AVG, MEASURED IN HEAD",HEAD,"450,000"
2023,MONTHLY,SEP,MINNESOTA,MN,27,"CATTLE, COWS, MILK - INVENTORY, AVG, MEASURED IN HEAD",HEAD,"451,000"
2023,MONTHLY,APR THRU JUN,MISSOURI,MO,29,"CATTLE, COWS, MILK - INVENTORY, AVG, MEASURED IN HEAD",HEAD,"63,000"
2023,MONTHLY,JAN THRU MAR,MISSOURI,MO,29,"CATTLE, COWS, MILK - INVENTORY, AVG, MEASURED IN HEAD",HEAD,"64,000"
2023,MONTHLY,JUL THRU SEP,MISSOURI,MO,29,"CATTLE, COWS, MILK - INVENTORY, AVG, MEASURED IN HEAD",HEAD,"60,000"
2023,MONTHLY,OCT THRU DEC,MISSOURI,MO,29,"CATTLE, COWS, MILK - INVENTORY, AVG, MEASURED IN HEAD",HEAD,"60,000"
2023,MONTHLY,APR THRU JUN,MISSISSIPPI,MS,28,"CATTLE, COWS, MILK - INVENTORY, AVG, MEASURED IN HEAD",HEAD,"6,000"
2023,MONTHLY,JAN THRU MAR,MISSISSIPPI,MS,28,"CATTLE, COWS, MILK - INVENTORY, AVG, MEASURED IN HEAD",HEAD,"6,000"
2023,MONTHLY,JUL THRU SEP,MISSISSIPPI,MS,28,"CATTLE, COWS, MILK - INVENTORY, AVG, MEASURED IN HEAD",HEAD,"5,500"
2023,MONTHLY,OCT THRU DEC,MISSISSIPPI,MS,28,"CATTLE, COWS, MILK - INVENTORY, AVG, MEASURED IN HEAD",HEAD,"5,500"
2023,MONTHLY,APR THRU JUN,MONTANA,MT,30,"CATTLE, COWS, MILK - INVENTORY, AVG, MEASURED IN HEAD",HEAD,"9,500"
2023,MONTHLY,JAN THRU MAR,MONTANA,MT,30,"CATTLE, COWS, MILK - INVENTORY, AVG, MEASURED IN HEAD",HEAD,"9,500"
2023,MONTHLY,JUL THRU SEP,MONTANA,MT,30,"CATTLE, COWS, MILK - INVENTORY, AVG, MEASURED IN HEAD",HEAD,"9,000"
2023,MONTHLY,OCT THRU DEC,MONTANA,MT,30,"CATTLE, COWS, MILK - INVENTORY, AVG, MEASURED IN HEAD",HEAD,"9,000"
2023,MONTHLY,APR THRU JUN,NORTH CAROLINA,NC,37,"CATTLE, COWS, MILK - INVENTORY, AVG, MEASURED IN HEAD",HEAD,"38,000"
2023,MONTHLY,JAN THRU MAR,NORTH CAROLINA,NC,37,"CATTLE, COWS, MILK - INVENTORY, AVG, MEASURED IN HEAD",HEAD,"39,000"
2023,MONTHLY,JUL THRU SEP,NORTH CAROLINA,NC,37,"CATTLE, COWS, MILK - INVENTORY, AVG, MEASURED IN HEAD",HEAD,"38,000"
2023,MONTHLY,OCT THRU DEC,NORTH CAROLINA,NC,37,"CATTLE, COWS, MILK - INVENTORY, AVG, MEASURED IN HEAD",HEAD,"38,000"
2023,MONTHLY,APR THRU JUN,NORTH DAKOTA,ND,38,"CATTLE, COWS, MILK - INVENTORY, AVG, MEASURED IN HEAD",HEAD,"12,000"
2023,MONTHLY,JAN THRU MAR,NORTH DAKOTA,ND,38,"CATTLE, COWS, MILK - INVENTORY, AVG, MEASURED IN HEAD",HEAD,"13,000"
2023,MONTHLY,JUL THRU SEP,NORTH DAKOTA,ND,38,"CATTLE, COWS, MILK - INVENTORY, AVG, MEASURED IN HEAD",HEAD,"11,000"
2023,MONTHLY,OCT THRU DEC,NORTH DAKOTA,ND,38,"CATTLE, COWS, MILK - INVENTORY, AVG, MEASURED IN HEAD",HEAD,"10,500"
2023,MONTHLY,APR THRU JUN,NEBRASKA,NE,31,"CATTLE, COWS, MILK - INVENTORY, AVG, MEASURED IN HEAD",HEAD,"55,000"
2023,MONTHLY,JAN THRU MAR,NEBRASKA,NE,31,"CATTLE, COWS, MILK - INVENTORY, AVG, MEASURED IN HEAD",HEAD,"55,000"
2023,MONTHLY,JUL THRU SEP,NEBRASKA,NE,31,"CATTLE, COWS, MILK - INVENTORY, AVG, MEASURED IN HEAD",HEAD,"54,000"
2023,MONTHLY,OCT THRU DEC,NEBRASKA,NE,31,"CATTLE, COWS, MILK - INVENTORY, AVG, MEASURED IN HEAD",HEAD,"53,000"
2023,MONTHLY,APR THRU JUN,NEW HAMPSHIRE,NH,33,"CATTLE, COWS, MILK - INVENTORY, AVG, MEASURED IN HEAD",HEAD,"9,500"
2023,MONTHLY,JAN THRU MAR,NEW HAMPSHIRE,NH,33,"CATTLE, COWS, MILK - INVENTORY, AVG, MEASURED IN HEAD",HEAD,"10,000"
2023,MONTHLY,JUL THRU SEP,NEW HAMPSHIRE,NH,33,"CATTLE, COWS, MILK - INVENTORY, AVG, MEASURED IN HEAD",HEAD,"9,500"
2023,MONTHLY,OCT THRU DEC,NEW HAMPSHIRE,NH,33,"CATTLE, COWS, MILK - INVENTORY, AVG, MEASURED IN HEAD",HEAD,"9,500"
2023,MONTHLY,APR THRU JUN,NEW JERSEY,NJ,34,"CATTLE, COWS, MILK - INVENTORY, AVG, MEASURED IN HEAD",HEAD,"4,000"
2023,MONTHLY,JAN THRU MAR,NEW JERSEY,NJ,34,"CATTLE, COWS, MILK - INVENTORY, AVG, MEASURED IN HEAD",HEAD,"4,100"
2023,MONTHLY,JUL THRU SEP,NEW JERSEY,NJ,34,"CATTLE, COWS, MILK - INVENTORY, AVG, MEASURED IN HEAD",HEAD,"3,900"
2023,MONTHLY,OCT THRU DEC,NEW JERSEY,NJ,34,"CATTLE, COWS, MILK - INVENTORY, AVG, MEASURED IN HEAD",HEAD,"4,000"
2023,MONTHLY,APR,NEW MEXICO,NM,35,"CATTLE, COWS, MILK - INVENTORY, AVG, MEASURED IN HEAD",HEAD,"282,000"
2023,MONTHLY,APR THRU JUN,NEW MEXICO,NM,35,"CATTLE, COWS, MILK - INVENTORY, AVG, MEASURED IN HEAD",HEAD,"279,000"
2023,MONTHLY,AUG,NEW MEXICO,NM,35,"CATTLE, COWS, MILK - INVENTORY, AVG, MEASURED IN HEAD",HEAD,"270,000"
2023,MONTHLY,DEC,NEW MEXICO,NM,35,"CATTLE, COWS, MILK - INVENTORY, AVG, MEASURED IN HEAD",HEAD,"250,000"
2023,MONTHLY,FEB,NEW MEXICO,NM,35,"CATTLE, COWS, MILK - INVENTORY, AVG, MEASURED IN HEAD",HEAD,"280,000"
2023,MONTHLY,JAN,NEW MEXICO,NM,35,"CATTLE, COWS, MILK - INVENTORY, AVG, MEASURED IN HEAD",HEAD,"282,000"
2023,MONTHLY,JAN THRU MAR,NEW MEXICO,NM,35,"CATTLE, COWS, MILK - INVENTORY, AVG, MEASURED IN HEAD",HEAD,"281,000"
2023,MONTHLY,JUL,NEW MEXICO,NM,35,"CATTLE, COWS, MILK - INVENTORY, AVG, MEASURED IN HEAD",HEAD,"270,000"
2023,MONTHLY,JUL THRU SEP,NEW MEXICO,NM,35,"CATTLE, COWS, MILK - INVENTORY, AVG, MEASURED IN HEAD",HEAD,"268,000"
2023,MONTHLY,JUN,NEW MEXICO,NM,35,"CATTLE, COWS, MILK - INVENTORY, AVG, MEASURED IN HEAD",HEAD,"275,000"
2023,MONTHLY,MAR,NEW MEXICO,NM,35,"CATTLE, COWS, MILK - INVENTORY, AVG, MEASURED IN HEAD",HEAD,"281,000"
2023,MONTHLY,MAY,NEW MEXICO,NM,35,"CATTLE, COWS, MILK - INVENTORY, AVG, MEASURED IN HEAD",HEAD,"280,000"
2023,MONTHLY,NOV,NEW MEXICO,NM,35,"CATTLE, COWS, MILK - INVENTORY, AVG, MEASURED IN HEAD",HEAD,"255,000"
2023,MONTHLY,OCT,NEW MEXICO,NM,35,"CATTLE, COWS, MILK - INVENTORY, AVG, MEASURED IN HEAD",HEAD,"260,000"
2023,MONTHLY,OCT THRU DEC,NEW MEXICO,NM,35,"CATTLE, COWS, MILK - INVENTORY, AVG, MEASURED IN HEAD",HEAD,"255,000"
2023,MONTHLY,SEP,NEW MEXICO,NM,35,"CATTLE, COWS, MILK - INVENTORY, AVG, MEASURED IN HEAD",HEAD,"265,000"
2023,MONTHLY,APR THRU JUN,NEVADA,NV,32,"CATTLE, COWS, MILK - INVENTORY, AVG, MEASURED IN HEAD",HEAD,"32,000"
2023,MONTHLY,JAN THRU MAR,NEVADA,NV,32,"CATTLE, COWS, MILK - INVENTORY, AVG, MEASURED IN HEAD",HEAD,"32,000"
2023,MONTHLY,JUL THRU SEP,NEVADA,NV,32,"CATTLE, COWS, MILK - INVENTORY, AVG, MEASURED IN HEAD",HEAD,"32,000"
2023,MONTHLY,OCT THRU DEC,NEVADA,NV,32,"CATTLE, COWS, MILK - INVENTORY, AVG, MEASURED IN HEAD",HEAD,"32,000"
2023,MONTHLY,APR,NEW YORK,NY,36,"CATTLE, COWS, MILK - INVENTORY, AVG, MEASURED IN HEAD",HEAD,"630,000"
2023,MONTHLY,APR THRU JUN,NEW YORK,NY,36,"CATTLE, COWS, MILK - INVENTORY, AVG, MEASURED IN HEAD",HEAD,"630,000"
2023,MONTHLY,AUG,NEW YORK,NY,36,"CATTLE, COWS, MILK - INVENTORY, AVG, MEASURED IN HEAD",HEAD,"630,000"
2023,MONTHLY,DEC,NEW YORK,NY,36,"CATTLE, COWS, MILK - INVENTORY, AVG, MEASURED IN HEAD",HEAD,"630,000"
2023,MONTHLY,FEB,NEW YORK,NY,36,"CATTLE, COWS, MILK - INVENTORY, AVG, MEASURED IN HEAD",HEAD,"630,000"
2023,MONTHLY,JAN,NEW YORK,NY,36,"CATTLE, COWS, MILK - INVENTORY, AVG, MEASURED IN HEAD",HEAD,"630,000"
2023,MONTHLY,JAN THRU MAR,NEW YORK,NY,36,"CATTLE, COWS, MILK - INVENTORY, AVG, MEASURED IN HEAD",HEAD,"630,000"
2023,MONTHLY,JUL,NEW YORK,NY,36,"CATTLE, COWS, MILK - INVENTORY, AVG, MEASURED IN HEAD",HEAD,"630,000"
2023,MONTHLY,JUL THRU SEP,NEW YORK,NY,36,"CATTLE, COWS, MILK - INVENTORY, AVG, MEASURED IN HEAD",HEAD,"630,000"
2023,MONTHLY,JUN,NEW YORK,NY,36,"CATTLE, COWS, MILK - INVENTORY, AVG, MEASURED IN HEAD",HEAD,"630,000"
2023,MONTHLY,MAR,NEW YORK,NY,36,"CATTLE, COWS, MILK - INVENTORY, AVG, MEASURED IN HEAD",HEAD,"630,000"
2023,MONTHLY,MAY,NEW YORK,NY,36,"CATTLE, COWS, MILK - INVENTORY, AVG, MEASURED IN HEAD",HEAD,"630,000"
2023,MONTHLY,NOV,NEW YORK,NY,36,"CATTLE, COWS, MILK - INVENTORY, AVG, MEASURED IN HEAD",HEAD,"630,000"
2023,MONTHLY,OCT,NEW YORK,NY,36,"CATTLE, COWS, MILK - INVENTORY, AVG, MEASURED IN HEAD",HEAD,"630,000"
2023,MONTHLY,OCT THRU DEC,NEW YORK,NY,36,"CATTLE, COWS, MILK - INVENTORY, AVG, MEASURED IN HEAD",HEAD,"630,000"
2023,MONTHLY,SEP,NEW YORK,NY,36,"CATTLE, COWS, MILK - INVENTORY, AVG, MEASURED IN HEAD",HEAD,"630,000"
2023,MONTHLY,APR,OHIO,OH,39,"CATTLE, COWS, MILK - INVENTORY, AVG, MEASURED IN HEAD",HEAD,"252,000"
2023,MONTHLY,APR THRU JUN,OHIO,OH,39,"CATTLE, COWS, MILK - INVENTORY, AVG, MEASURED IN HEAD",HEAD,"252,000"
2023,MONTHLY,AUG,OHIO,OH,39,"CATTLE, COWS, MILK - INVENTORY, AVG, MEASURED IN HEAD",HEAD,"253,000"
2023,MONTHLY,DEC,OHIO,OH,39,"CATTLE, COWS, MILK - INVENTORY, AVG, MEASURED IN HEAD",HEAD,"255,000"
2023,MONTHLY,FEB,OHIO,OH,39,"CATTLE, COWS, MILK - INVENTORY, AVG, MEASURED IN HEAD",HEAD,"252,000"
2023,MONTHLY,JAN,OHIO,OH,39,"CATTLE, COWS, MILK - INVENTORY, AVG, MEASURED IN HEAD",HEAD,"251,000"
2023,MONTHLY,JAN THRU MAR,OHIO,OH,39,"CATTLE, COWS, MILK - INVENTORY, AVG, MEASURED IN HEAD",HEAD,"252,000"
2023,MONTHLY,JUL,OHIO,OH,39,"CATTLE, COWS, MILK - INVENTORY, AVG, MEASURED IN HEAD",HEAD,"253,000"
2023,MONTHLY,JUL THRU SEP,OHIO,OH,39,"CATTLE, COWS, MILK - INVENTORY, AVG, MEASURED IN HEAD",HEAD,"254,000"
2023,MONTHLY,JUN,OHIO,OH,39,"CATTLE, COWS, MILK - INVENTORY, AVG, MEASURED IN HEAD",HEAD,"252,000"
2023,MONTHLY,MAR,OHIO,OH,39,"CATTLE, COWS, MILK - INVENTORY, AVG, MEASURED IN HEAD",HEAD,"252,000"
2023,MONTHLY,MAY,OHIO,OH,39,"CATTLE, COWS, MILK - INVENTORY, AVG, MEASURED IN HEAD",HEAD,"252,000"
2023,MONTHLY,NOV,OHIO,OH,39,"CATTLE, COWS, MILK - INVENTORY, AVG, MEASURED IN HEAD",HEAD,"255,000"
2023,MONTHLY,OCT,OHIO,OH,39,"CATTLE, COWS, MILK - INVENTORY, AVG, MEASURED IN HEAD",HEAD,"255,000"
2023,MONTHLY,OCT THRU DEC,OHIO,OH,39,"CATTLE, COWS, MILK - INVENTORY, AVG, MEASURED IN HEAD",HEAD,"255,000"
2023,MONTHLY,SEP,OHIO,OH,39,"CATTLE, COWS, MILK - INVENTORY, AVG, MEASURED IN HEAD",HEAD,"255,000"
2023,MONTHLY,APR THRU JUN,OKLAHOMA,OK,40,"CATTLE, COWS, MILK - INVENTORY, AVG, MEASURED IN HEAD",HEAD,"39,000"
2023,MONTHLY,JAN THRU MAR,OKLAHOMA,OK,40,"CATTLE, COWS, MILK - INVENTORY, AVG, MEASURED IN HEAD",HEAD,"41,000"
2023,MONTHLY,JUL THRU SEP,OKLAHOMA,OK,40,"CATTLE, COWS, MILK - INVENTORY, AVG, MEASURED IN HEAD",HEAD,"37,000"
2023,MONTHLY,OCT THRU DEC,OKLAHOMA,OK,40,"CATTLE, COWS, MILK - INVENTORY, AVG, MEASURED IN HEAD",HEAD,"37,000"
2023,MONTHLY,APR,OREGON,OR,41,"CATTLE, COWS, MILK - INVENTORY, AVG, MEASURED IN HEAD",HEAD,"125,000"
2023,MONTHLY,APR THRU JUN,OREGON,OR,41,"CATTLE, COWS, MILK - INVENTORY, AVG, MEASURED IN HEAD",HEAD,"122,000"
2023,MONTHLY,AUG,OREGON,OR,41,"CATTLE, COWS, MILK - INVENTORY, AVG, MEASURED IN HEAD",HEAD,"120,000"
2023,MONTHLY,DEC,OREGON,OR,41,"CATTLE, COWS, MILK - INVENTORY, AVG, MEASURED IN HEAD",HEAD,"120,000"
2023,MONTHLY,FEB,OREGON,OR,41,"CATTLE, COWS, MILK - INVENTORY, AVG, MEASURED IN HEAD",HEAD,"124,000"
2023,MONTHLY,JAN,OREGON,OR,41,"CATTLE, COWS, MILK - INVENTORY, AVG, MEASURED IN HEAD",HEAD,"124,000"
2023,MONTHLY,JAN THRU MAR,OREGON,OR,41,"CATTLE, COWS, MILK - INVENTORY, AVG, MEASURED IN HEAD",HEAD,"125,000"
2023,MONTHLY,JUL,OREGON,OR,41,"CATTLE, COWS, MILK - INVENTORY, AVG, MEASURED IN HEAD",HEAD,"120,000"
2023,MONTHLY,JUL THRU SEP,OREGON,OR,41,"CATTLE, COWS, MILK - INVENTORY, AVG, MEASURED IN HEAD",HEAD,"120,000"
2023,MONTHLY,JUN,OREGON,OR,41,"CATTLE, COWS, MILK - INVENTORY, AVG, MEASURED IN HEAD",HEAD,"120,000"
2023,MONTHLY,MAR,OREGON,OR,41,"CATTLE, COWS, MILK - INVENTORY, AVG, MEASURED IN HEAD",HEAD,"126,000"
2023,MONTHLY,MAY,OREGON,OR,41,"CATTLE, COWS, MILK - INVENTORY, AVG, MEASURED IN HEAD",HEAD,"122,000"
2023,MONTHLY,NOV,OREGON,OR,41,"CATTLE, COWS, MILK - INVENTORY, AVG, MEASURED IN HEAD",HEAD,"120,000"
2023,MONTHLY,OCT,OREGON,OR,41,"CATTLE, COWS, MILK - INVENTORY, AVG, MEASURED IN HEAD",HEAD,"119,000"
2023,MONTHLY,OCT THRU DEC,OREGON,OR,41,"CATTLE, COWS, MILK - INVENTORY, AVG, MEASURED IN HEAD",HEAD,"120,000"
2023,MONTHLY,SEP,OREGON,OR,41,"CATTLE, COWS, MILK - INVENTORY, AVG, MEASURED IN HEAD",HEAD,"120,000"
2023,MONTHLY,APR THRU JUN,OTHER STATES,OT,98,"CATTLE, COWS, MILK - INVENTORY, AVG, MEASURED IN HEAD",HEAD,900
2023,MONTHLY,JAN THRU MAR,OTHER STATES,OT,98,"CATTLE, COWS, MILK - INVENTORY, AVG, MEASURED IN HEAD",HEAD,900
2023,MONTHLY,JUL THRU SEP,OTHER STATES,OT,98,"CATTLE, COWS, MILK - INVENTORY, AVG, MEASURED IN HEAD",HEAD,900
2023,MONTHLY,OCT THRU DEC,OTHER STATES,OT,98,"CATTLE, COWS, MILK - INVENTORY, AVG, MEASURED IN HEAD",HEAD,800
2023,MONTHLY,APR,PENNSYLVANIA,PA,42,"CATTLE, COWS, MILK - INVENTORY, AVG, MEASURED IN HEAD",HEAD,"466,000"
2023,MONTHLY,APR THRU JUN,PENNSYLVANIA,PA,42,"CATTLE, COWS, MILK - INVENTORY, AVG, MEASURED IN HEAD",HEAD,"466,000"
2023,MONTHLY,AUG,PENNSYLVANIA,PA,42,"CATTLE, COWS, MILK - INVENTORY, AVG, MEASURED IN HEAD",HEAD,"466,000"
2023,MONTHLY,DEC,PENNSYLVANIA,PA,42,"CATTLE, COWS, MILK - INVENTORY, AVG, MEASURED IN HEAD",HEAD,"465,000"
2023,MONTHLY,FEB,PENNSYLVANIA,PA,42,"CATTLE, COWS, MILK - INVENTORY, AVG, MEASURED IN HEAD",HEAD,"466,000"
2023,MONTHLY,JAN,PENNSYLVANIA,PA,42,"CATTLE, COWS, MILK - INVENTORY, AVG, MEASURED IN HEAD",HEAD,"466,000"
2023,MONTHLY,JAN THRU MAR,PENNSYLVANIA,PA,42,"CATTLE, COWS, MILK - INVENTORY, AVG, MEASURED IN HEAD",HEAD,"466,000"
2023,MONTHLY,JUL,PENNSYLVANIA,PA,42,"CATTLE, COWS, MILK - INVENTORY, AVG, MEASURED IN HEAD",HEAD,"466,000"
2023,MONTHLY,JUL THRU SEP,PENNSYLVANIA,PA,42,"CATTLE, COWS, MILK - INVENTORY, AVG, MEASURED IN HEAD",HEAD,"466,000"
2023,MONTHLY,JUN,PENNSYLVANIA,PA,42,"CATTLE, COWS, MILK - INVENTORY, AVG, MEASURED IN HEAD",HEAD,"466,000"
2023,MONTHLY,MAR,PENNSYLVANIA,PA,42,"CATTLE, COWS, MILK - INVENTORY, AVG, MEASURED IN HEAD",HEAD,"466,000"
2023,MONTHLY,MAY,PENNSYLVANIA,PA,42,"CATTLE, COWS, MILK - INVENTORY, AVG, MEASURED IN HEAD",HEAD,"466,000"
2023,MONTHLY,NOV,PENNSYLVANIA,PA,42,"CATTLE, COWS, MILK - INVENTORY, AVG, MEASURED IN HEAD",HEAD,"466,000"
2023,MONTHLY,OCT,PENNSYLVANIA,PA,42,"CATTLE, COWS, MILK - INVENTORY, AVG, MEASURED IN HEAD",HEAD,"466,000"
2023,MONTHLY,OCT THRU DEC,PENNSYLVANIA,PA,42,"CATTLE, COWS, MILK - INVENTORY, AVG, MEASURED IN HEAD",HEAD,"466,000"
2023,MONTHLY,SEP,PENNSYLVANIA,PA,42,"CATTLE, COWS, MILK - INVENTORY, AVG, MEASURED IN HEAD",HEAD,"466,000"
2023,MONTHLY,APR THRU JUN,RHODE ISLAND,RI,44,"CATTLE, COWS, MILK - INVENTORY, AVG, MEASURED IN HEAD",HEAD,500
2023,MONTHLY,JAN THRU MAR,RHODE ISLAND,RI,44,"CATTLE, COWS, MILK - INVENTORY, AVG, MEASURED IN HEAD",HEAD,500
2023,MONTHLY,JUL THRU SEP,RHODE ISLAND,RI,44,"CATTLE, COWS, MILK - INVENTORY, AVG, MEASURED IN HEAD",HEAD,500
2023,MONTHLY,OCT THRU DEC,RHODE ISLAND,RI,44,"CATTLE, COWS, MILK - INVENTORY, AVG, MEASURED IN HEAD",HEAD,500
2023,MONTHLY,APR THRU JUN,SOUTH CAROLINA,SC,45,"CATTLE, COWS, MILK - INVENTORY, AVG, MEASURED IN HEAD",HEAD,"8,500"
2023,MONTHLY,JAN THRU MAR,SOUTH CAROLINA,SC,45,"CATTLE, COWS, MILK - INVENTORY, AVG, MEASURED IN HEAD",HEAD,"8,500"
2023,MONTHLY,JUL THRU SEP,SOUTH CAROLINA,SC,45,"CATTLE, COWS, MILK - INVENTORY, AVG, MEASURED IN HEAD",HEAD,"8,000"
2023,MONTHLY,OCT THRU DEC,SOUTH CAROLINA,SC,45,"CATTLE, COWS, MILK - INVENTORY, AVG, MEASURED IN HEAD",HEAD,"8,000"
2023,MONTHLY,APR,SOUTH DAKOTA,SD,46,"CATTLE, COWS, MILK - INVENTORY, AVG, MEASURED IN HEAD",HEAD,"189,000"
2023,MONTHLY,APR THRU JUN,SOUTH DAKOTA,SD,46,"CATTLE, COWS, MILK - INVENTORY, AVG, MEASURED IN HEAD",HEAD,"192,000"
2023,MONTHLY,AUG,SOUTH DAKOTA,SD,46,"CATTLE, COWS, MILK - INVENTORY, AVG, MEASURED IN HEAD",HEAD,"197,000"
2023,MONTHLY,DEC,SOUTH DAKOTA,SD,46,"CATTLE, COWS, MILK - INVENTORY, AVG, MEASURED IN HEAD",HEAD,"207,000"
2023,MONTHLY,FEB,SOUTH DAKOTA,SD,46,"CATTLE, COWS, MILK - INVENTORY, AVG, MEASURED IN HEAD",HEAD,"189,000"
2023,MONTHLY,JAN,SOUTH DAKOTA,SD,46,"CATTLE, COWS, MILK - INVENTORY, AVG, MEASURED IN HEAD",HEAD,"187,000"
2023,MONTHLY,JAN THRU MAR,SOUTH DAKOTA,SD,46,"CATTLE, COWS, MILK - INVENTORY, AVG, MEASURED IN HEAD",HEAD,"188,000"
2023,MONTHLY,JUL,SOUTH DAKOTA,SD,46,"CATTLE, COWS, MILK - INVENTORY, AVG, MEASURED IN HEAD",HEAD,"197,000"
2023,MONTHLY,JUL THRU SEP,SOUTH DAKOTA,SD,46,"CATTLE, COWS, MILK - INVENTORY, AVG, MEASURED IN HEAD",HEAD,"197,000"
2023,MONTHLY,JUN,SOUTH DAKOTA,SD,46,"CATTLE, COWS, MILK - INVENTORY, AVG, MEASURED IN HEAD",HEAD,"195,000"
2023,MONTHLY,MAR,SOUTH DAKOTA,SD,46,"CATTLE, COWS, MILK - INVENTORY, AVG, MEASURED IN HEAD",HEAD,"189,000"
2023,MONTHLY,MAY,SOUTH DAKOTA,SD,46,"CATTLE, COWS, MILK - INVENTORY, AVG, MEASURED IN HEAD",HEAD,"193,000"
2023,MONTHLY,NOV,SOUTH DAKOTA,SD,46,"CATTLE, COWS, MILK - INVENTORY, AVG, MEASURED IN HEAD",HEAD,"202,000"
2023,MONTHLY,OCT,SOUTH DAKOTA,SD,46,"CATTLE, COWS, MILK - INVENTORY, AVG, MEASURED IN HEAD",HEAD,"198,000"
2023,MONTHLY,OCT THRU DEC,SOUTH DAKOTA,SD,46,"CATTLE, COWS, MILK - INVENTORY, AVG, MEASURED IN HEAD",HEAD,"202,000"
2023,MONTHLY,SEP,SOUTH DAKOTA,SD,46,"CATTLE, COWS, MILK - INVENTORY, AVG, MEASURED IN HEAD",HEAD,"198,000"
2023,MONTHLY,APR THRU JUN,TENNESSEE,TN,47,"CATTLE, COWS, MILK - INVENTORY, AVG, MEASURED IN HEAD",HEAD,"25,000"
2023,MONTHLY,JAN THRU MAR,TENNESSEE,TN,47,"CATTLE, COWS, MILK - INVENTORY, AVG, MEASURED IN HEAD",HEAD,"26,000"
2023,MONTHLY,JUL THRU SEP,TENNESSEE,TN,47,"CATTLE, COWS, MILK - INVENTORY, AVG, MEASURED IN HEAD",HEAD,"25,000"
2023,MONTHLY,OCT THRU DEC,TENNESSEE,TN,47,"CATTLE, COWS, MILK - INVENTORY, AVG, MEASURED IN HEAD",HEAD,"25,000"
2023,MONTHLY,APR,TEXAS,TX,48,"CATTLE, COWS, MILK - INVENTORY, AVG, MEASURED IN HEAD",HEAD,"645,000"
2023,MONTHLY,APR THRU JUN,TEXAS,TX,48,"CATTLE, COWS, MILK - INVENTORY, AVG, MEASURED IN HEAD",HEAD,"642,000"
2023,MONTHLY,AUG,TEXAS,TX,48,"CATTLE, COWS, MILK - INVENTORY, AVG, MEASURED IN HEAD",HEAD,"635,000"
2023,MONTHLY,DEC,TEXAS,TX,48,"CATTLE, COWS, MILK - INVENTORY, AVG, MEASURED IN HEAD",HEAD,"635,000"
2023,MONTHLY,FEB,TEXAS,TX,48,"CATTLE, COWS, MILK - INVENTORY, AVG, MEASURED IN HEAD",HEAD,"655,000"
2023,MONTHLY,JAN,TEXAS,TX,48,"CATTLE, COWS, MILK - INVENTORY, AVG, MEASURED IN HEAD",HEAD,"650,000"
2023,MONTHLY,JAN THRU MAR,TEXAS,TX,48,"CATTLE, COWS, MILK - INVENTORY, AVG, MEASURED IN HEAD",HEAD,"655,000"
2023,MONTHLY,JUL,TEXAS,TX,48,"CATTLE, COWS, MILK - INVENTORY, AVG, MEASURED IN HEAD",HEAD,"635,000"
2023,MONTHLY,JUL THRU SEP,TEXAS,TX,48,"CATTLE, COWS, MILK - INVENTORY, AVG, MEASURED IN HEAD",HEAD,"635,000"
2023,MONTHLY,JUN,TEXAS,TX,48,"CATTLE, COWS, MILK - INVENTORY, AVG, MEASURED IN HEAD",HEAD,"635,000"
2023,MONTHLY,MAR,TEXAS,TX,48,"CATTLE, COWS, MILK - INVENTORY, AVG, MEASURED IN HEAD",HEAD,"660,000"
2023,MONTHLY,MAY,TEXAS,TX,48,"CATTLE, COWS, MILK - INVENTORY, AVG, MEASURED IN HEAD",HEAD,"645,000"
2023,MONTHLY,NOV,TEXAS,TX,48,"CATTLE, COWS, MILK - INVENTORY, AVG, MEASURED IN HEAD",HEAD,"635,000"
2023,MONTHLY,OCT,TEXAS,TX,48,"CATTLE, COWS, MILK - INVENTORY, AVG, MEASURED IN HEAD",HEAD,"635,000"
2023,MONTHLY,OCT THRU DEC,TEXAS,TX,48,"CATTLE, COWS, MILK - INVENTORY, AVG, MEASURED IN HEAD",HEAD,"635,000"
2023,MONTHLY,SEP,TEXAS,TX,48,"CATTLE, COWS, MILK - INVENTORY, AVG, MEASURED IN HEAD",HEAD,"635,000"
2023,MONTHLY,APR,US TOTAL,US,99,"CATTLE, COWS, MILK - INVENTORY, AVG, MEASURED IN HEAD",HEAD,"9,412,000"
2023,MONTHLY,APR THRU JUN,US TOTAL,US,99,"CATTLE, COWS, MILK - INVENTORY, AVG, MEASURED IN HEAD",HEAD,"9,406,000"
2023,MONTHLY,AUG,US TOTAL,US,99,"CATTLE, COWS, MILK - INVENTORY, AVG, MEASURED IN HEAD",HEAD,"9,363,000"
2023,MONTHLY,DEC,US TOTAL,US,99,"CATTLE, COWS, MILK - INVENTORY, AVG, MEASURED IN HEAD",HEAD,"9,339,000"
2023,MONTHLY,FEB,US TOTAL,US,99,"CATTLE, COWS, MILK - INVENTORY, AVG, MEASURED IN HEAD",HEAD,"9,420,000"
2023,MONTHLY,JAN,US TOTAL,US,99,"CATTLE, COWS, MILK - INVENTORY, AVG, MEASURED IN HEAD",HEAD,"9,405,000"
2023,MONTHLY,JAN THRU MAR,US TOTAL,US,99,"CATTLE, COWS, MILK - INVENTORY, AVG, MEASURED IN HEAD",HEAD,"9,419,000"
2023,MONTHLY,JUL,US TOTAL,US,99,"CATTLE, COWS, MILK - INVENTORY, AVG, MEASURED IN HEAD",HEAD,"9,367,000"
2023,MONTHLY,JUL THRU SEP,US TOTAL,US,99,"CATTLE, COWS, MILK - INVENTORY, AVG, MEASURED IN HEAD",HEAD,"9,365,000"
2023,MONTHLY,JUN,US TOTAL,US,99,"CATTLE, COWS, MILK - INVENTORY, AVG, MEASURED IN HEAD",HEAD,"9,392,000"
2023,MONTHLY,MAR,US TOTAL,US,99,"CATTLE, COWS, MILK - INVENTORY, AVG, MEASURED IN HEAD",HEAD,"9,432,000"
2023,MONTHLY,MAY,US TOTAL,US,99,"CATTLE, COWS, MILK - INVENTORY, AVG, MEASURED IN HEAD",HEAD,"9,414,000"
2023,MONTHLY,NOV,US TOTAL,US,99,"CATTLE, COWS, MILK - INVENTORY, AVG, MEASURED IN HEAD",HEAD,"9,342,000"
2023,MONTHLY,OCT,US TOTAL,US,99,"CATTLE, COWS, MILK - INVENTORY, AVG, MEASURED IN HEAD",HEAD,"9,351,000"
2023,MONTHLY,OCT THRU DEC,US TOTAL,US,99,"CATTLE, COWS, MILK - INVENTORY, AVG, MEASURED IN HEAD",HEAD,"9,344,000"
2023,MONTHLY,SEP,US TOTAL,US,99,"CATTLE, COWS, MILK - INVENTORY, AVG, MEASURED IN HEAD",HEAD,"9,365,000"
2023,MONTHLY,APR,UTAH,UT,49,"CATTLE, COWS, MILK - INVENTORY, AVG, MEASURED IN HEAD",HEAD,"90,000"
2023,MONTHLY,APR THRU JUN,UTAH,UT,49,"CATTLE, COWS, MILK - INVENTORY, AVG, MEASURED IN HEAD",HEAD,"91,000"
2023,MONTHLY,AUG,UTAH,UT,49,"CATTLE, COWS, MILK - INVENTORY, AVG, MEASURED IN HEAD",HEAD,"90,000"
2023,MONTHLY,DEC,UTAH,UT,49,"CATTLE, COWS, MILK - INVENTORY, AVG, MEASURED IN HEAD",HEAD,"89,000"
2023,MONTHLY,FEB,UTAH,UT,49,"CATTLE, COWS, MILK - INVENTORY, AVG, MEASURED IN HEAD",HEAD,"90,000"
2023,MONTHLY,JAN,UTAH,UT,49,"CATTLE, COWS, MILK - INVENTORY, AVG, MEASURED IN HEAD",HEAD,"91,000"
2023,MONTHLY,JAN THRU MAR,UTAH,UT,49,"CATTLE, COWS, MILK - INVENTORY, AVG, MEASURED IN HEAD",HEAD,"90,000"
2023,MONTHLY,JUL,UTAH,UT,49,"CATTLE, COWS, MILK - INVENTORY, AVG, MEASURED IN HEAD",HEAD,"91,000"
2023,MONTHLY,JUL THRU SEP,UTAH,UT,49,"CATTLE, COWS, MILK - INVENTORY, AVG, MEASURED IN HEAD",HEAD,"90,000"
2023,MONTHLY,JUN,UTAH,UT,49,"CATTLE, COWS, MILK - INVENTORY, AVG, MEASURED IN HEAD",HEAD,"91,000"
2023,MONTHLY,MAR,UTAH,UT,49,"CATTLE, COWS, MILK - INVENTORY, AVG, MEASURED IN HEAD",HEAD,"90,000"
2023,MONTHLY,MAY,UTAH,UT,49,"CATTLE, COWS, MILK - INVENTORY, AVG, MEASURED IN HEAD",HEAD,"91,000"
2023,MONTHLY,NOV,UTAH,UT,49,"CATTLE, COWS, MILK - INVENTORY, AVG, MEASURED IN HEAD",HEAD,"88,000"
2023,MONTHLY,OCT,UTAH,UT,49,"CATTLE, COWS, MILK - INVENTORY, AVG, MEASURED IN HEAD",HEAD,"88,000"
2023,MONTHLY,OCT THRU DEC,UTAH,UT,49,"CATTLE, COWS, MILK - INVENTORY, AVG, MEASURED IN HEAD",HEAD,"88,000"
2023,MONTHLY,SEP,UTAH,UT,49,"CATTLE, COWS, MILK - INVENTORY, AVG, MEASURED IN HEAD",HEAD,"88,000"
2023,MONTHLY,APR,VIRGINIA,VA,51,"CATTLE, COWS, MILK - INVENTORY, AVG, MEASURED IN HEAD",HEAD,"67,000"
2023,MONTHLY,APR THRU JUN,VIRGINIA,VA,51,"CATTLE, COWS, MILK - INVENTORY, AVG, MEASURED IN HEAD",HEAD,"67,000"
2023,MONTHLY,AUG,VIRGINIA,VA,51,"CATTLE, COWS, MILK - INVENTORY, AVG, MEASURED IN HEAD",HEAD,"68,000"
2023,MONTHLY,DEC,VIRGINIA,VA,51,"CATTLE, COWS, MILK - INVENTORY, AVG, MEASURED IN HEAD",HEAD,"68,000"
2023,MONTHLY,FEB,VIRGINIA,VA,51,"CATTLE, COWS, MILK - INVENTORY, AVG, MEASURED IN HEAD",HEAD,"68,000"
2023,MONTHLY,JAN,VIRGINIA,VA,51,"CATTLE, COWS, MILK - INVENTORY, AVG, MEASURED IN HEAD",HEAD,"68,000"
2023,MONTHLY,JAN THRU MAR,VIRGINIA,VA,51,"CATTLE, COWS, MILK - INVENTORY, AVG, MEASURED IN HEAD",HEAD,"68,000"
2023,MONTHLY,JUL,VIRGINIA,VA,51,"CATTLE, COWS, MILK - INVENTORY, AVG, MEASURED IN HEAD",HEAD,"68,000"
2023,MONTHLY,JUL THRU SEP,VIRGINIA,VA,51,"CATTLE, COWS, MILK - INVENTORY, AVG, MEASURED IN HEAD",HEAD,"68,000"
2023,MONTHLY,JUN,VIRGINIA,VA,51,"CATTLE, COWS, MILK - INVENTORY, AVG, MEASURED IN HEAD",HEAD,"68,000"
2023,MONTHLY,MAR,VIRGINIA,VA,51,"CATTLE, COWS, MILK - INVENTORY, AVG, MEASURED IN HEAD",HEAD,"67,000"
2023,MONTHLY,MAY,VIRGINIA,VA,51,"CATTLE, COWS, MILK - INVENTORY, AVG, MEASURED IN HEAD",HEAD,"67,000"
2023,MONTHLY,NOV,VIRGINIA,VA,51,"CATTLE, COWS, MILK - INVENTORY, AVG, MEASURED IN HEAD",HEAD,"68,000"
2023,MONTHLY,OCT,VIRGINIA,VA,51,"CATTLE, COWS, MILK - INVENTORY, AVG, MEASURED IN HEAD",HEAD,"69,000"
2023,MONTHLY,OCT THRU DEC,VIRGINIA,VA,51,"CATTLE, COWS, MILK - INVENTORY, AVG, MEASURED IN HEAD",HEAD,"68,000"
2023,MONTHLY,SEP,VIRGINIA,VA,51,"CATTLE, COWS, MILK - INVENTORY, AVG, MEASURED IN HEAD",HEAD,"69,000"
2023,MONTHLY,APR,VERMONT,VT,50,"CATTLE, COWS, MILK - INVENTORY, AVG, MEASURED IN HEAD",HEAD,"118,000"
2023,MONTHLY,APR THRU JUN,VERMONT,VT,50,"CATTLE, COWS, MILK - INVENTORY, AVG, MEASURED IN HEAD",HEAD,"118,000"
2023,MONTHLY,AUG,VERMONT,VT,50,"CATTLE, COWS, MILK - INVENTORY, AVG, MEASURED IN HEAD",HEAD,"117,000"
2023,MONTHLY,DEC,VERMONT,VT,50,"CATTLE, COWS, MILK - INVENTORY, AVG, MEASURED IN HEAD",HEAD,"116,000"
2023,MONTHLY,FEB,VERMONT,VT,50,"CATTLE, COWS, MILK - INVENTORY, AVG, MEASURED IN HEAD",HEAD,"118,000"
2023,MONTHLY,JAN,VERMONT,VT,50,"CATTLE, COWS, MILK - INVENTORY, AVG, MEASURED IN HEAD",HEAD,"118,000"
2023,MONTHLY,JAN THRU MAR,VERMONT,VT,50,"CATTLE, COWS, MILK - INVENTORY, AVG, MEASURED IN HEAD",HEAD,"118,000"
2023,MONTHLY,JUL,VERMONT,VT,50,"CATTLE, COWS, MILK - INVENTORY, AVG, MEASURED IN HEAD",HEAD,"117,000"
2023,MONTHLY,JUL THRU SEP,VERMONT,VT,50,"CATTLE, COWS, MILK - INVENTORY, AVG, MEASURED IN HEAD",HEAD,"117,000"
2023,MONTHLY,JUN,VERMONT,VT,50,"CATTLE, COWS, MILK - INVENTORY, AVG, MEASURED IN HEAD",HEAD,"117,000"
2023,MONTHLY,MAR,VERMONT,VT,50,"CATTLE, COWS, MILK - INVENTORY, AVG, MEASURED IN HEAD",HEAD,"118,000"
2023,MONTHLY,MAY,VERMONT,VT,50,"CATTLE, COWS, MILK - INVENTORY, AVG, MEASURED IN HEAD",HEAD,"118,000"
2023,MONTHLY,NOV,VERMONT,VT,50,"CATTLE, COWS, MILK - INVENTORY, AVG, MEASURED IN HEAD",HEAD,"116,000"
2023,MONTHLY,OCT,VERMONT,VT,50,"CATTLE, COWS, MILK - INVENTORY, AVG, MEASURED IN HEAD",HEAD,"116,000"
2023,MONTHLY,OCT THRU DEC,VERMONT,VT,50,"CATTLE, COWS, MILK - INVENTORY, AVG, MEASURED IN HEAD",HEAD,"116,000"
2023,MONTHLY,SEP,VERMONT,VT,50,"CATTLE, COWS, MILK - INVENTORY, AVG, MEASURED IN HEAD",HEAD,"116,000"
2023,MONTHLY,APR,WASHINGTON,WA,53,"CATTLE, COWS, MILK - INVENTORY, AVG, MEASURED IN HEAD",HEAD,"261,000"
2023,MONTHLY,APR THRU JUN,WASHINGTON,WA,53,"CATTLE, COWS, MILK - INVENTORY, AVG, MEASURED IN HEAD",HEAD,"259,000"
2023,MONTHLY,AUG,WASHINGTON,WA,53,"CATTLE, COWS, MILK - INVENTORY, AVG, MEASURED IN HEAD",HEAD,"257,000"
2023,MONTHLY,DEC,WASHINGTON,WA,53,"CATTLE, COWS, MILK - INVENTORY, AVG, MEASURED IN HEAD",HEAD,"258,000"
2023,MONTHLY,FEB,WASHINGTON,WA,53,"CATTLE, COWS, MILK - INVENTORY, AVG, MEASURED IN HEAD",HEAD,"257,000"
2023,MONTHLY,JAN,WASHINGTON,WA,53,"CATTLE, COWS, MILK - INVENTORY, AVG, MEASURED IN HEAD",HEAD,"255,000"
2023,MONTHLY,JAN THRU MAR,WASHINGTON,WA,53,"CATTLE, COWS, MILK - INVENTORY, AVG, MEASURED IN HEAD",HEAD,"257,000"
2023,MONTHLY,JUL,WASHINGTON,WA,53,"CATTLE, COWS, MILK - INVENTORY, AVG, MEASURED IN HEAD",HEAD,"257,000"
2023,MONTHLY,JUL THRU SEP,WASHINGTON,WA,53,"CATTLE, COWS, MILK - INVENTORY, AVG, MEASURED IN HEAD",HEAD,"257,000"
2023,MONTHLY,JUN,WASHINGTON,WA,53,"CATTLE, COWS, MILK - INVENTORY, AVG, MEASURED IN HEAD",HEAD,"258,000"
2023,MONTHLY,MAR,WASHINGTON,WA,53,"CATTLE, COWS, MILK - INVENTORY, AVG, MEASURED IN HEAD",HEAD,"260,000"
2023,MONTHLY,MAY,WASHINGTON,WA,53,"CATTLE, COWS, MILK - INVENTORY, AVG, MEASURED IN HEAD",HEAD,"258,000"
2023,MONTHLY,NOV,WASHINGTON,WA,53,"CATTLE, COWS, MILK - INVENTORY, AVG, MEASURED IN HEAD",HEAD,"257,000"
2023,MONTHLY,OCT,WASHINGTON,WA,53,"CATTLE, COWS, MILK - INVENTORY, AVG, MEASURED IN HEAD",HEAD,"257,000"
2023,MONTHLY,OCT THRU DEC,WASHINGTON,WA,53,"CATTLE, COWS, MILK - INVENTORY, AVG, MEASURED IN HEAD",HEAD,"257,000"
2023,MONTHLY,SEP,WASHINGTON,WA,53,"CATTLE, COWS, MILK - INVENTORY, AVG, MEASURED IN HEAD",HEAD,"257,000"
2023,MONTHLY,APR,WISCONSIN,WI,55,"CATTLE, COWS, MILK - INVENTORY, AVG, MEASURED IN HEAD",HEAD,"1,268,000"
2023,MONTHLY,APR THRU JUN,WISCONSIN,WI,55,"CATTLE, COWS, MILK - INVENTORY, AVG, MEASURED IN HEAD",HEAD,"1,269,000"
2023,MONTHLY,AUG,WISCONSIN,WI,55,"CATTLE, COWS, MILK - INVENTORY, AVG, MEASURED IN HEAD",HEAD,"1,269,000"
2023,MONTHLY,DEC,WISCONSIN,WI,55,"CATTLE, COWS, MILK - INVENTORY, AVG, MEASURED IN HEAD",HEAD,"1,270,000"
2023,MONTHLY,FEB,WISCONSIN,WI,55,"CATTLE, COWS, MILK - INVENTORY, AVG, MEASURED IN HEAD",HEAD,"1,270,000"
2023,MONTHLY,JAN,WISCONSIN,WI,55,"CATTLE, COWS, MILK - INVENTORY, AVG, MEASURED IN HEAD",HEAD,"1,270,000"
2023,MONTHLY,JAN THRU MAR,WISCONSIN,WI,55,"CATTLE, COWS, MILK - INVENTORY, AVG, MEASURED IN HEAD",HEAD,"1,270,000"
2023,MONTHLY,JUL,WISCONSIN,WI,55,"CATTLE, COWS, MILK - INVENTORY, AVG, MEASURED IN HEAD",HEAD,"1,269,000"
2023,MONTHLY,JUL THRU SEP,WISCONSIN,WI,55,"CATTLE, COWS, MILK - INVENTORY, AVG, MEASURED IN HEAD",HEAD,"1,269,000"
2023,MONTHLY,JUN,WISCONSIN,WI,55,"CATTLE, COWS, MILK - INVENTORY, AVG, MEASURED IN HEAD",HEAD,"1,269,000"
2023,MONTHLY,MAR,WISCONSIN,WI,55,"CATTLE, COWS, MILK - INVENTORY, AVG, MEASURED IN HEAD",HEAD,"1,269,000"
2023,MONTHLY,MAY,WISCONSIN,WI,55,"CATTLE, COWS, MILK - INVENTORY, AVG, MEASURED IN HEAD",HEAD,"1,270,000"
2023,MONTHLY,NOV,WISCONSIN,WI,55,"CATTLE, COWS, MILK - INVENTORY, AVG, MEASURED IN HEAD",HEAD,"1,270,000"
2023,MONTHLY,OCT,WISCONSIN,WI,55,"CATTLE, COWS, MILK - INVENTORY, AVG, MEASURED IN HEAD",HEAD,"1,270,000"
2023,MONTHLY,OCT THRU DEC,WISCONSIN,WI,55,"CATTLE, COWS, MILK - INVENTORY, AVG, MEASURED IN HEAD",HEAD,"1,270,000"
2023,MONTHLY,SEP,WISCONSIN,WI,55,"CATTLE, COWS, MILK - INVENTORY, AVG, MEASURED IN HEAD",HEAD,"1,270,000"
2023,MONTHLY,APR THRU JUN,WEST VIRGINIA,WV,54,"CATTLE, COWS, MILK - INVENTORY, AVG, MEASURED IN HEAD",HEAD,"4,500"
2023,MONTHLY,JAN THRU MAR,WEST VIRGINIA,WV,54,"CATTLE, COWS, MILK - INVENTORY, AVG, MEASURED IN HEAD",HEAD,"4,500"
2023,MONTHLY,JUL THRU SEP,WEST VIRGINIA,WV,54,"CATTLE, COWS, MILK - INVENTORY, AVG, MEASURED IN HEAD",HEAD,"4,500"
2023,MONTHLY,OCT THRU DEC,WEST VIRGINIA,WV,54,"CATTLE, COWS, MILK - INVENTORY, AVG, MEASURED IN HEAD",HEAD,"4,500"
2023,MONTHLY,APR THRU JUN,WYOMING,WY,56,"CATTLE, COWS, MILK - INVENTORY, AVG, MEASURED IN HEAD",HEAD,"9,500"
2023,MONTHLY,JAN THRU MAR,WYOMING,WY,56,"CATTLE, COWS, MILK - INVENTORY, AVG, MEASURED IN HEAD",HEAD,"9,000"
2023,MONTHLY,JUL THRU SEP,WYOMING,WY,56,"CATTLE, COWS, MILK - INVENTORY, AVG, MEASURED IN HEAD",HEAD,"9,500"
2023,MONTHLY,OCT THRU DEC,WYOMING,WY,56,"CATTLE, COWS, MILK - INVENTORY, AVG, MEASURED IN HEAD",HEAD,"9,000"
2024,MONTHLY,APR THRU JUN,ALABAMA,AL,01,"CATTLE, COWS, MILK - INVENTORY, AVG, MEASURED IN HEAD",HEAD,"2,500"
2024,MONTHLY,JAN THRU MAR,ALABAMA,AL,01,"CATTLE, COWS, MILK - INVENTORY, AVG, MEASURED IN HEAD",HEAD,"2,500"
2024,MONTHLY,JUL THRU SEP,ALABAMA,AL,01,"CATTLE, COWS, MILK - INVENTORY, AVG, MEASURED IN HEAD",HEAD,"2,000"
2024,MONTHLY,OCT THRU DEC,ALABAMA,AL,01,"CATTLE, COWS, MILK - INVENTORY, AVG, MEASURED IN HEAD",HEAD,"2,200"
2024,MONTHLY,APR THRU JUN,ARKANSAS,AR,05,"CATTLE, COWS, MILK - INVENTORY, AVG, MEASURED IN HEAD",HEAD,"2,000"
2024,MONTHLY,JAN THRU MAR,ARKANSAS,AR,05,"CATTLE, COWS, MILK - INVENTORY, AVG, MEASURED IN HEAD",HEAD,"2,300"
2024,MONTHLY,JUL THRU SEP,ARKANSAS,AR,05,"CATTLE, COWS, MILK - INVENTORY, AVG, MEASURED IN HEAD",HEAD,"2,000"
2024,MONTHLY,OCT THRU DEC,ARKANSAS,AR,05,"CATTLE, COWS, MILK - INVENTORY, AVG, MEASURED IN HEAD",HEAD,"2,000"
2024,MONTHLY,APR,ARIZONA,AZ,04,"CATTLE, COWS, MILK - INVENTORY, AVG, MEASURED IN HEAD",HEAD,"193,000"
2024,MONTHLY,APR THRU JUN,ARIZONA,AZ,04,"CATTLE, COWS, MILK - INVENTORY, AVG, MEASURED IN HEAD",HEAD,"192,000"
2024,MONTHLY,AUG,ARIZONA,AZ,04,"CATTLE, COWS, MILK - INVENTORY, AVG, MEASURED IN HEAD",HEAD,"192,000"
2024,MONTHLY,DEC,ARIZONA,AZ,04,"CATTLE, COWS, MILK - INVENTORY, AVG, MEASURED IN HEAD",HEAD,"189,000"
2024,MONTHLY,FEB,ARIZONA,AZ,04,"CATTLE, COWS, MILK - INVENTORY, AVG, MEASURED IN HEAD",HEAD,"193,000"
2024,MONTHLY,JAN,ARIZONA,AZ,04,"CATTLE, COWS, MILK - INVENTORY, AVG, MEASURED IN HEAD",HEAD,"196,000"
2024,MONTHLY,JAN THRU MAR,ARIZONA,AZ,04,"CATTLE, COWS, MILK - INVENTORY, AVG, MEASURED IN HEAD",HEAD,"194,000"
2024,MONTHLY,JUL,ARIZONA,AZ,04,"CATTLE, COWS, MILK - INVENTORY, AVG, MEASURED IN HEAD",HEAD,"190,000"
2024,MONTHLY,JUL THRU SEP,ARIZONA,AZ,04,"CATTLE, COWS, MILK - INVENTORY, AVG, MEASURED IN HEAD",HEAD,"191,000"
2024,MONTHLY,JUN,ARIZONA,AZ,04,"CATTLE, COWS, MILK - INVENTORY, AVG, MEASURED IN HEAD",HEAD,"190,000"
2024,MONTHLY,MAR,ARIZONA,AZ,04,"CATTLE, COWS, MILK - INVENTORY, AVG, MEASURED IN HEAD",HEAD,"193,000"
2024,MONTHLY,MAY,ARIZONA,AZ,04,"CATTLE, COWS, MILK - INVENTORY, AVG, MEASURED IN HEAD",HEAD,"192,000"
2024,MONTHLY,NOV,ARIZONA,AZ,04,"CATTLE, COWS, MILK - INVENTORY, AVG, MEASURED IN HEAD",HEAD,"189,000"
2024,MONTHLY,OCT,ARIZONA,AZ,04,"CATTLE, COWS, MILK - INVENTORY, AVG, MEASURED IN HEAD",HEAD,"190,000"
2024,MONTHLY,OCT THRU DEC,ARIZONA,AZ,04,"CATTLE, COWS, MILK - INVENTORY, AVG, MEASURED IN HEAD",HEAD,"189,000"
2024,MONTHLY,SEP,ARIZONA,AZ,04,"CATTLE, COWS, MILK - INVENTORY, AVG, MEASURED IN HEAD",HEAD,"192,000"
2024,MONTHLY,APR,CALIFORNIA,CA,06,"CATTLE, COWS, MILK - INVENTORY, AVG, MEASURED IN HEAD",HEAD,"1,709,000"
2024,MONTHLY,APR THRU JUN,CALIFORNIA,CA,06,"CATTLE, COWS, MILK - INVENTORY, AVG, MEASURED IN HEAD",HEAD,"1,708,000"
2024,MONTHLY,AUG,CALIFORNIA,CA,06,"CATTLE, COWS, MILK - INVENTORY, AVG, MEASURED IN HEAD",HEAD,"1,707,000"
2024,MONTHLY,DEC,CALIFORNIA,CA,06,"CATTLE, COWS, MILK - INVENTORY, AVG, MEASURED IN HEAD",HEAD,"1,707,000"
2024,MONTHLY,FEB,CALIFORNIA,CA,06,"CATTLE, COWS, MILK - INVENTORY, AVG, MEASURED IN HEAD",HEAD,"1,709,000"
2024,MONTHLY,JAN,CALIFORNIA,CA,06,"CATTLE, COWS, MILK - INVENTORY, AVG, MEASURED IN HEAD",HEAD,"1,709,000"
2024,MONTHLY,JAN THRU MAR,CALIFORNIA,CA,06,"CATTLE, COWS, MILK - INVENTORY, AVG, MEASURED IN HEAD",HEAD,"1,709,000"
2024,MONTHLY,JUL,CALIFORNIA,CA,06,"CATTLE, COWS, MILK - INVENTORY, AVG, MEASURED IN HEAD",HEAD,"1,707,000"
2024,MONTHLY,JUL THRU SEP,CALIFORNIA,CA,06,"CATTLE, COWS, MILK - INVENTORY, AVG, MEASURED IN HEAD",HEAD,"1,707,000"
2024,MONTHLY,JUN,CALIFORNIA,CA,06,"CATTLE, COWS, MILK - INVENTORY, AVG, MEASURED IN HEAD",HEAD,"1,707,000"
2024,MONTHLY,MAR,CALIFORNIA,CA,06,"CATTLE, COWS, MILK - INVENTORY, AVG, MEASURED IN HEAD",HEAD,"1,709,000"
2024,MONTHLY,MAY,CALIFORNIA,CA,06,"CATTLE, COWS, MILK - INVENTORY, AVG, MEASURED IN HEAD",HEAD,"1,708,000"
2024,MONTHLY,NOV,CALIFORNIA,CA,06,"CATTLE, COWS, MILK - INVENTORY, AVG, MEASURED IN HEAD",HEAD,"1,709,000"
2024,MONTHLY,OCT,CALIFORNIA,CA,06,"CATTLE, COWS, MILK - INVENTORY, AVG, MEASURED IN HEAD",HEAD,"1,709,000"
2024,MONTHLY,OCT THRU DEC,CALIFORNIA,CA,06,"CATTLE, COWS, MILK - INVENTORY, AVG, MEASURED IN HEAD",HEAD,"1,708,000"
2024,MONTHLY,SEP,CALIFORNIA,CA,06,"CATTLE, COWS, MILK - INVENTORY, AVG, MEASURED IN HEAD",HEAD,"1,708,000"
2024,MONTHLY,APR,COLORADO,CO,08,"CATTLE, COWS, MILK - INVENTORY, AVG, MEASURED IN HEAD",HEAD,"203,000"
2024,MONTHLY,APR THRU JUN,COLORADO,CO,08,"CATTLE, COWS, MILK - INVENTORY, AVG, MEASURED IN HEAD",HEAD,"203,000"
2024,MONTHLY,AUG,COLORADO,CO,08,"CATTLE, COWS, MILK - INVENTORY, AVG, MEASURED IN HEAD",HEAD,"200,000"
2024,MONTHLY,DEC,COLORADO,CO,08,"CATTLE, COWS, MILK - INVENTORY, AVG, MEASURED IN HEAD",HEAD,"205,000"
2024,MONTHLY,FEB,COLORADO,CO,08,"CATTLE, COWS, MILK - INVENTORY, AVG, MEASURED IN HEAD",HEAD,"201,000"
2024,MONTHLY,JAN,COLORADO,CO,08,"CATTLE, COWS, MILK - INVENTORY, AVG, MEASURED IN HEAD",HEAD,"198,000"
2024,MONTHLY,JAN THRU MAR,COLORADO,CO,08,"CATTLE, COWS, MILK - INVENTORY, AVG, MEASURED IN HEAD",HEAD,"201,000"
2024,MONTHLY,JUL,COLORADO,CO,08,"CATTLE, COWS, MILK - INVENTORY, AVG, MEASURED IN HEAD",HEAD,"200,000"
2024,MONTHLY,JUL THRU SEP,COLORADO,CO,08,"CATTLE, COWS, MILK - INVENTORY, AVG, MEASURED IN HEAD",HEAD,"201,000"
2024,MONTHLY,JUN,COLORADO,CO,08,"CATTLE, COWS, MILK - INVENTORY, AVG, MEASURED IN HEAD",HEAD,"202,000"
2024,MONTHLY,MAR,COLORADO,CO,08,"CATTLE, COWS, MILK - INVENTORY, AVG, MEASURED IN HEAD",HEAD,"203,000"
2024,MONTHLY,MAY,COLORADO,CO,08,"CATTLE, COWS, MILK - INVENTORY, AVG, MEASURED IN HEAD",HEAD,"203,000"
2024,MONTHLY,NOV,COLORADO,CO,08,"CATTLE, COWS, MILK - INVENTORY, AVG, MEASURED IN HEAD",HEAD,"204,000"
2024,MONTHLY,OCT,COLORADO,CO,08,"CATTLE, COWS, MILK - INVENTORY, AVG, MEASURED IN HEAD",HEAD,"206,000"
2024,MONTHLY,OCT THRU DEC,COLORADO,CO,08,"CATTLE, COWS, MILK - INVENTORY, AVG, MEASURED IN HEAD",HEAD,"205,000"
2024,MONTHLY,SEP,COLORADO,CO,08,"CATTLE, COWS, MILK - INVENTORY, AVG, MEASURED IN HEAD",HEAD,"202,000"
2024,MONTHLY,APR THRU JUN,CONNECTICUT,CT,09,"CATTLE, COWS, MILK - INVENTORY, AVG, MEASURED IN HEAD",HEAD,"17,500"
2024,MONTHLY,JAN THRU MAR,CONNECTICUT,CT,09,"CATTLE, COWS, MILK - INVENTORY, AVG, MEASURED IN HEAD",HEAD,"17,500"
2024,MONTHLY,JUL THRU SEP,CONNECTICUT,CT,09,"CATTLE, COWS, MILK - INVENTORY, AVG, MEASURED IN HEAD",HEAD,"17,500"
2024,MONTHLY,OCT THRU DEC,CONNECTICUT,CT,09,"CATTLE, COWS, MILK - INVENTORY, AVG, MEASURED IN HEAD",HEAD,"17,500"
2024,MONTHLY,APR THRU JUN,DELAWARE,DE,10,"CATTLE, COWS, MILK - INVENTORY, AVG, MEASURED IN HEAD",HEAD,"2,600"
2024,MONTHLY,JAN THRU MAR,DELAWARE,DE,10,"CATTLE, COWS, MILK - INVENTORY, AVG, MEASURED IN HEAD",HEAD,"2,600"
2024,MONTHLY,JUL THRU SEP,DELAWARE,DE,10,"CATTLE, COWS, MILK - INVENTORY, AVG, MEASURED IN HEAD",HEAD,"2,600"
2024,MONTHLY,OCT THRU DEC,DELAWARE,DE,10,"CATTLE, COWS, MILK - INVENTORY, AVG, MEASURED IN HEAD",HEAD,"2,600"
2024,MONTHLY,APR,FLORIDA,FL,12,"CATTLE, COWS, MILK - INVENTORY, AVG, MEASURED IN HEAD",HEAD,"102,000"
2024,MONTHLY,APR THRU JUN,FLORIDA,FL,12,"CATTLE, COWS, MILK - INVENTORY, AVG, MEASURED IN HEAD",HEAD,"100,000"
2024,MONTHLY,AUG,FLORIDA,FL,12,"CATTLE, COWS, MILK - INVENTORY, AVG, MEASURED IN HEAD",HEAD,"98,000"
2024,MONTHLY,DEC,FLORIDA,FL,12,"CATTLE, COWS, MILK - INVENTORY, AVG, MEASURED IN HEAD",HEAD,"96,000"
2024,MONTHLY,FEB,FLORIDA,FL,12,"CATTLE, COWS, MILK - INVENTORY, AVG, MEASURED IN HEAD",HEAD,"98,000"
2024,MONTHLY,JAN,FLORIDA,FL,12,"CATTLE, COWS, MILK - INVENTORY, AVG, MEASURED IN HEAD",HEAD,"98,000"
2024,MONTHLY,JAN THRU MAR,FLORIDA,FL,12,"CATTLE, COWS, MILK - INVENTORY, AVG, MEASURED IN HEAD",HEAD,"99,000"
2024,MONTHLY,JUL,FLORIDA,FL,12,"CATTLE, COWS, MILK - INVENTORY, AVG, MEASURED IN HEAD",HEAD,"98,000"
2024,MONTHLY,JUL THRU SEP,FLORIDA,FL,12,"CATTLE, COWS, MILK - INVENTORY, AVG, MEASURED IN HEAD",HEAD,"98,000"
2024,MONTHLY,JUN,FLORIDA,FL,12,"CATTLE, COWS, MILK - INVENTORY, AVG, MEASURED IN HEAD",HEAD,"98,000"
2024,MONTHLY,MAR,FLORIDA,FL,12,"CATTLE, COWS, MILK - INVENTORY, AVG, MEASURED IN HEAD",HEAD,"100,000"
2024,MONTHLY,MAY,FLORIDA,FL,12,"CATTLE, COWS, MILK - INVENTORY, AVG, MEASURED IN HEAD",HEAD,"100,000"
2024,MONTHLY,NOV,FLORIDA,FL,12,"CATTLE, COWS, MILK - INVENTORY, AVG, MEASURED IN HEAD",HEAD,"96,000"
2024,MONTHLY,OCT,FLORIDA,FL,12,"CATTLE, COWS, MILK - INVENTORY, AVG, MEASURED IN HEAD",HEAD,"98,000"
2024,MONTHLY,OCT THRU DEC,FLORIDA,FL,12,"CATTLE, COWS, MILK - INVENTORY, AVG, MEASURED IN HEAD",HEAD,"97,000"
2024,MONTHLY,SEP,FLORIDA,FL,12,"CATTLE, COWS, MILK - INVENTORY, AVG, MEASURED IN HEAD",HEAD,"98,000"
2024,MONTHLY,APR,GEORGIA,GA,13,"CATTLE, COWS, MILK - INVENTORY, AVG, MEASURED IN HEAD",HEAD,"85,000"
2024,MONTHLY,APR THRU JUN,GEORGIA,GA,13,"CATTLE, COWS, MILK - INVENTORY, AVG, MEASURED IN HEAD",HEAD,"85,000"
2024,MONTHLY,AUG,GEORGIA,GA,13,"CATTLE, COWS, MILK - INVENTORY, AVG, MEASURED IN HEAD",HEAD,"85,000"
2024,MONTHLY,DEC,GEORGIA,GA,13,"CATTLE, COWS, MILK - INVENTORY, AVG, MEASURED IN HEAD",HEAD,"85,000"
2024,MONTHLY,FEB,GEORGIA,GA,13,"CATTLE, COWS, MILK - INVENTORY, AVG, MEASURED IN HEAD",HEAD,"86,000"
2024,MONTHLY,JAN,GEORGIA,GA,13,"CATTLE, COWS, MILK - INVENTORY, AVG, MEASURED IN HEAD",HEAD,"87,000"
2024,MONTHLY,JAN THRU MAR,GEORGIA,GA,13,"CATTLE, COWS, MILK - INVENTORY, AVG, MEASURED IN HEAD",HEAD,"86,000"
2024,MONTHLY,JUL,GEORGIA,GA,13,"CATTLE, COWS, MILK - INVENTORY, AVG, MEASURED IN HEAD",HEAD,"85,000"
2024,MONTHLY,JUL THRU SEP,GEORGIA,GA,13,"CATTLE, COWS, MILK - INVENTORY, AVG, MEASURED IN HEAD",HEAD,"85,000"
2024,MONTHLY,JUN,GEORGIA,GA,13,"CATTLE, COWS, MILK - INVENTORY, AVG, MEASURED IN HEAD",HEAD,"85,000"
2024,MONTHLY,MAR,GEORGIA,GA,13,"CATTLE, COWS, MILK - INVENTORY, AVG, MEASURED IN HEAD",HEAD,"85,000"
2024,MONTHLY,MAY,GEORGIA,GA,13,"CATTLE, COWS, MILK - INVENTORY, AVG, MEASURED IN HEAD",HEAD,"85,000"
2024,MONTHLY,NOV,GEORGIA,GA,13,"CATTLE, COWS, MILK - INVENTORY, AVG, MEASURED IN HEAD",HEAD,"85,000"
2024,MONTHLY,OCT,GEORGIA,GA,13,"CATTLE, COWS, MILK - INVENTORY, AVG, MEASURED IN HEAD",HEAD,"85,000"
2024,MONTHLY,OCT THRU DEC,GEORGIA,GA,13,"CATTLE, COWS, MILK - INVENTORY, AVG, MEASURED IN HEAD",HEAD,"85,000"
2024,MONTHLY,SEP,GEORGIA,GA,13,"CATTLE, COWS, MILK - INVENTORY, AVG, MEASURED IN HEAD",HEAD,"85,000"
2024,MONTHLY,APR,IOWA,IA,19,"CATTLE, COWS, MILK - INVENTORY, AVG, MEASURED IN HEAD",HEAD,"243,000"
2024,MONTHLY,APR THRU JUN,IOWA,IA,19,"CATTLE, COWS, MILK - INVENTORY, AVG, MEASURED IN HEAD",HEAD,"242,000"
2024,MONTHLY,AUG,IOWA,IA,19,"CATTLE, COWS, MILK - INVENTORY, AVG, MEASURED IN HEAD",HEAD,"241,000"
2024,MONTHLY,DEC,IOWA,IA,19,"CATTLE, COWS, MILK - INVENTORY, AVG, MEASURED IN HEAD",HEAD,"245,000"
2024,MONTHLY,FEB,IOWA,IA,19,"CATTLE, COWS, MILK - INVENTORY, AVG, MEASURED IN HEAD",HEAD,"242,000"
2024,MONTHLY,JAN,IOWA,IA,19,"CATTLE, COWS, MILK - INVENTORY, AVG, MEASURED IN HEAD",HEAD,"240,000"
2024,MONTHLY,JAN THRU MAR,IOWA,IA,19,"CATTLE, COWS, MILK - INVENTORY, AVG, MEASURED IN HEAD",HEAD,"241,000"
2024,MONTHLY,JUL,IOWA,IA,19,"CATTLE, COWS, MILK - INVENTORY, AVG, MEASURED IN HEAD",HEAD,"241,000"
2024,MONTHLY,JUL THRU SEP,IOWA,IA,19,"CATTLE, COWS, MILK - INVENTORY, AVG, MEASURED IN HEAD",HEAD,"242,000"
2024,MONTHLY,JUN,IOWA,IA,19,"CATTLE, COWS, MILK - INVENTORY, AVG, MEASURED IN HEAD",HEAD,"241,000"
2024,MONTHLY,MAR,IOWA,IA,19,"CATTLE, COWS, MILK - INVENTORY, AVG, MEASURED IN HEAD",HEAD,"242,000"
2024,MONTHLY,MAY,IOWA,IA,19,"CATTLE, COWS, MILK - INVENTORY, AVG, MEASURED IN HEAD",HEAD,"243,000"
2024,MONTHLY,NOV,IOWA,IA,19,"CATTLE, COWS, MILK - INVENTORY, AVG, MEASURED IN HEAD",HEAD,"244,000"
2024,MONTHLY,OCT,IOWA,IA,19,"CATTLE, COWS, MILK - INVENTORY, AVG, MEASURED IN HEAD",HEAD,"244,000"
2024,MONTHLY,OCT THRU DEC,IOWA,IA,19,"CATTLE, COWS, MILK - INVENTORY, AVG, MEASURED IN HEAD",HEAD,"244,000"
2024,MONTHLY,SEP,IOWA,IA,19,"CATTLE, COWS, MILK - INVENTORY, AVG, MEASURED IN HEAD",HEAD,"243,000"
2024,MONTHLY,APR,IDAHO,ID,16,"CATTLE, COWS, MILK - INVENTORY, AVG, MEASURED IN HEAD",HEAD,"669,000"
2024,MONTHLY,APR THRU JUN,IDAHO,ID,16,"CATTLE, COWS, MILK - INVENTORY, AVG, MEASURED IN HEAD",HEAD,"667,000"
2024,MONTHLY,AUG,IDAHO,ID,16,"CATTLE, COWS, MILK - INVENTORY, AVG, MEASURED IN HEAD",HEAD,"672,000"
2024,MONTHLY,DEC,IDAHO,ID,16,"CATTLE, COWS, MILK - INVENTORY, AVG, MEASURED IN HEAD",HEAD,"692,000"
2024,MONTHLY,FEB,IDAHO,ID,16,"CATTLE, COWS, MILK - INVENTORY, AVG, MEASURED IN HEAD",HEAD,"665,000"
2024,MONTHLY,JAN,IDAHO,ID,16,"CATTLE, COWS, MILK - INVENTORY, AVG, MEASURED IN HEAD",HEAD,"663,000"
2024,MONTHLY,JAN THRU MAR,IDAHO,ID,16,"CATTLE, COWS, MILK - INVENTORY, AVG, MEASURED IN HEAD",HEAD,"665,000"
2024,MONTHLY,JUL,IDAHO,ID,16,"CATTLE, COWS, MILK - INVENTORY, AVG, MEASURED IN HEAD",HEAD,"667,000"
2024,MONTHLY,JUL THRU SEP,IDAHO,ID,16,"CATTLE, COWS, MILK - INVENTORY, AVG, MEASURED IN HEAD",HEAD,"671,000"
2024,MONTHLY,JUN,IDAHO,ID,16,"CATTLE, COWS, MILK - INVENTORY, AVG, MEASURED IN HEAD",HEAD,"667,000"
2024,MONTHLY,MAR,IDAHO,ID,16,"CATTLE, COWS, MILK - INVENTORY, AVG, MEASURED IN HEAD",HEAD,"668,000"
2024,MONTHLY,MAY,IDAHO,ID,16,"CATTLE, COWS, MILK - INVENTORY, AVG, MEASURED IN HEAD",HEAD,"666,000"
2024,MONTHLY,NOV,IDAHO,ID,16,"CATTLE, COWS, MILK - INVENTORY, AVG, MEASURED IN HEAD",HEAD,"685,000"
2024,MONTHLY,OCT,IDAHO,ID,16,"CATTLE, COWS, MILK - INVENTORY, AVG, MEASURED IN HEAD",HEAD,"680,000"
2024,MONTHLY,OCT THRU DEC,IDAHO,ID,16,"CATTLE, COWS, MILK - INVENTORY, AVG, MEASURED IN HEAD",HEAD,"686,000"
2024,MONTHLY,SEP,IDAHO,ID,16,"CATTLE, COWS, MILK - INVENTORY, AVG, MEASURED IN HEAD",HEAD,"674,000"
2024,MONTHLY,APR,ILLINOIS,IL,17,"CATTLE, COWS, MILK - INVENTORY, AVG, MEASURED IN HEAD",HEAD,"79,000"
2024,MONTHLY,APR THRU JUN,ILLINOIS,IL,17,"CATTLE, COWS, MILK - INVENTORY, AVG, MEASURED IN HEAD",HEAD,"78,000"
2024,MONTHLY,AUG,ILLINOIS,IL,17,"CATTLE, COWS, MILK - INVENTORY, AVG, MEASURED IN HEAD",HEAD,"77,000"
2024,MONTHLY,DEC,ILLINOIS,IL,17,"CATTLE, COWS, MILK - INVENTORY, AVG, MEASURED IN HEAD",HEAD,"77,000"
2024,MONTHLY,FEB,ILLINOIS,IL,17,"CATTLE, COWS, MILK - INVENTORY, AVG, MEASURED IN HEAD",HEAD,"79,000"
2024,MONTHLY,JAN,ILLINOIS,IL,17,"CATTLE, COWS, MILK - INVENTORY, AVG, MEASURED IN HEAD",HEAD,"79,000"
2024,MONTHLY,JAN THRU MAR,ILLINOIS,IL,17,"CATTLE, COWS, MILK - INVENTORY, AVG, MEASURED IN HEAD",HEAD,"79,000"
2024,MONTHLY,JUL,ILLINOIS,IL,17,"CATTLE, COWS, MILK - INVENTORY, AVG, MEASURED IN HEAD",HEAD,"78,000"
2024,MONTHLY,JUL THRU SEP,ILLINOIS,IL,17,"CATTLE, COWS, MILK - INVENTORY, AVG, MEASURED IN HEAD",HEAD,"77,000"
2024,MONTHLY,JUN,ILLINOIS,IL,17,"CATTLE, COWS, MILK - INVENTORY, AVG, MEASURED IN HEAD",HEAD,"78,000"
2024,MONTHLY,MAR,ILLINOIS,IL,17,"CATTLE, COWS, MILK - INVENTORY, AVG, MEASURED IN HEAD",HEAD,"79,000"
2024,MONTHLY,MAY,ILLINOIS,IL,17,"CATTLE, COWS, MILK - INVENTORY, AVG, MEASURED IN HEAD",HEAD,"78,000"
2024,MONTHLY,NOV,ILLINOIS,IL,17,"CATTLE, COWS, MILK - INVENTORY, AVG, MEASURED IN HEAD",HEAD,"77,000"
2024,MONTHLY,OCT,ILLINOIS,IL,17,"CATTLE, COWS, MILK - INVENTORY, AVG, MEASURED IN HEAD",HEAD,"77,000"
2024,MONTHLY,OCT THRU DEC,ILLINOIS,IL,17,"CATTLE, COWS, MILK - INVENTORY, AVG, MEASURED IN HEAD",HEAD,"77,000"
2024,MONTHLY,SEP,ILLINOIS,IL,17,"CATTLE, COWS, MILK - INVENTORY, AVG, MEASURED IN HEAD",HEAD,"77,000"
2024,MONTHLY,APR,INDIANA,IN,18,"CATTLE, COWS, MILK - INVENTORY, AVG, MEASURED IN HEAD",HEAD,"189,000"
2024,MONTHLY,APR THRU JUN,INDIANA,IN,18,"CATTLE, COWS, MILK - INVENTORY, AVG, MEASURED IN HEAD",HEAD,"189,000"
2024,MONTHLY,AUG,INDIANA,IN,18,"CATTLE, COWS, MILK - INVENTORY, AVG, MEASURED IN HEAD",HEAD,"189,000"
2024,MONTHLY,DEC,INDIANA,IN,18,"CATTLE, COWS, MILK - INVENTORY, AVG, MEASURED IN HEAD",HEAD,"190,000"
2024,MONTHLY,FEB,INDIANA,IN,18,"CATTLE, COWS, MILK - INVENTORY, AVG, MEASURED IN HEAD",HEAD,"190,000"
2024,MONTHLY,JAN,INDIANA,IN,18,"CATTLE, COWS, MILK - INVENTORY, AVG, MEASURED IN HEAD",HEAD,"190,000"
2024,MONTHLY,JAN THRU MAR,INDIANA,IN,18,"CATTLE, COWS, MILK - INVENTORY, AVG, MEASURED IN HEAD",HEAD,"190,000"
2024,MONTHLY,JUL,INDIANA,IN,18,"CATTLE, COWS, MILK - INVENTORY, AVG, MEASURED IN HEAD",HEAD,"189,000"
2024,MONTHLY,JUL THRU SEP,INDIANA,IN,18,"CATTLE, COWS, MILK - INVENTORY, AVG, MEASURED IN HEAD",HEAD,"189,000"
2024,MONTHLY,JUN,INDIANA,IN,18,"CATTLE, COWS, MILK - INVENTORY, AVG, MEASURED IN HEAD",HEAD,"189,000"
2024,MONTHLY,MAR,INDIANA,IN,18,"CATTLE, COWS, MILK - INVENTORY, AVG, MEASURED IN HEAD",HEAD,"190,000"
2024,MONTHLY,MAY,INDIANA,IN,18,"CATTLE, COWS, MILK - INVENTORY, AVG, MEASURED IN HEAD",HEAD,"189,000"
2024,MONTHLY,NOV,INDIANA,IN,18,"CATTLE, COWS, MILK - INVENTORY, AVG, MEASURED IN HEAD",HEAD,"192,000"
2024,MONTHLY,OCT,INDIANA,IN,18,"CATTLE, COWS, MILK - INVENTORY, AVG, MEASURED IN HEAD",HEAD,"189,000"
2024,MONTHLY,OCT THRU DEC,INDIANA,IN,18,"CATTLE, COWS, MILK - INVENTORY, AVG, MEASURED IN HEAD",HEAD,"190,000"
2024,MONTHLY,SEP,INDIANA,IN,18,"CATTLE, COWS, MILK - INVENTORY, AVG, MEASURED IN HEAD",HEAD,"189,000"
2024,MONTHLY,APR,KANSAS,KS,20,"CATTLE, COWS, MILK - INVENTORY, AVG, MEASURED IN HEAD",HEAD,"173,000"
2024,MONTHLY,APR THRU JUN,KANSAS,KS,20,"CATTLE, COWS, MILK - INVENTORY, AVG, MEASURED IN HEAD",HEAD,"173,000"
2024,MONTHLY,AUG,KANSAS,KS,20,"CATTLE, COWS, MILK - INVENTORY, AVG, MEASURED IN HEAD",HEAD,"178,000"
2024,MONTHLY,DEC,KANSAS,KS,20,"CATTLE, COWS, MILK - INVENTORY, AVG, MEASURED IN HEAD",HEAD,"180,000"
2024,MONTHLY,FEB,KANSAS,KS,20,"CATTLE, COWS, MILK - INVENTORY, AVG, MEASURED IN HEAD",HEAD,"174,000"
2024,MONTHLY,JAN,KANSAS,KS,20,"CATTLE, COWS, MILK - INVENTORY, AVG, MEASURED IN HEAD",HEAD,"174,000"
2024,MONTHLY,JAN THRU MAR,KANSAS,KS,20,"CATTLE, COWS, MILK - INVENTORY, AVG, MEASURED IN HEAD",HEAD,"174,000"
2024,MONTHLY,JUL,KANSAS,KS,20,"CATTLE, COWS, MILK - INVENTORY, AVG, MEASURED IN HEAD",HEAD,"177,000"
2024,MONTHLY,JUL THRU SEP,KANSAS,KS,20,"CATTLE, COWS, MILK - INVENTORY, AVG, MEASURED IN HEAD",HEAD,"179,000"
2024,MONTHLY,JUN,KANSAS,KS,20,"CATTLE, COWS, MILK - INVENTORY, AVG, MEASURED IN HEAD",HEAD,"173,000"
2024,MONTHLY,MAR,KANSAS,KS,20,"CATTLE, COWS, MILK - INVENTORY, AVG, MEASURED IN HEAD",HEAD,"174,000"
2024,MONTHLY,MAY,KANSAS,KS,20,"CATTLE, COWS, MILK - INVENTORY, AVG, MEASURED IN HEAD",HEAD,"173,000"
2024,MONTHLY,NOV,KANSAS,KS,20,"CATTLE, COWS, MILK - INVENTORY, AVG, MEASURED IN HEAD",HEAD,"180,000"
2024,MONTHLY,OCT,KANSAS,KS,20,"CATTLE, COWS, MILK - INVENTORY, AVG, MEASURED IN HEAD",HEAD,"181,000"
2024,MONTHLY,OCT THRU DEC,KANSAS,KS,20,"CATTLE, COWS, MILK - INVENTORY, AVG, MEASURED IN HEAD",HEAD,"180,000"
2024,MONTHLY,SEP,KANSAS,KS,20,"CATTLE, COWS, MILK - INVENTORY, AVG, MEASURED IN HEAD",HEAD,"181,000"
2024,MONTHLY,APR THRU JUN,KENTUCKY,KY,21,"CATTLE, COWS, MILK - INVENTORY, AVG, MEASURED IN HEAD",HEAD,"43,000"
2024,MONTHLY,JAN THRU MAR,KENTUCKY,KY,21,"CATTLE, COWS, MILK - INVENTORY, AVG, MEASURED IN HEAD",HEAD,"43,000"
2024,MONTHLY,JUL THRU SEP,KENTUCKY,KY,21,"CATTLE, COWS, MILK - INVENTORY, AVG, MEASURED IN HEAD",HEAD,"41,000"
2024,MONTHLY,OCT THRU DEC,KENTUCKY,KY,21,"CATTLE, COWS, MILK - INVENTORY, AVG, MEASURED IN HEAD",HEAD,"41,000"
2024,MONTHLY,APR THRU JUN,LOUISIANA,LA,22,"CATTLE, COWS, MILK - INVENTORY, AVG, MEASURED IN HEAD",HEAD,"7,500"
2024,MONTHLY,JAN THRU MAR,LOUISIANA,LA,22,"CATTLE, COWS, MILK - INVENTORY, AVG, MEASURED IN HEAD",HEAD,"8,000"
2024,MONTHLY,JUL THRU SEP,LOUISIANA,LA,22,"CATTLE, COWS, MILK - INVENTORY, AVG, MEASURED IN HEAD",HEAD,"6,500"
2024,MONTHLY,OCT THRU DEC,LOUISIANA,LA,22,"CATTLE, COWS, MILK - INVENTORY, AVG, MEASURED IN HEAD",HEAD,"7,000"
2024,MONTHLY,APR THRU JUN,MASSACHUSETTS,MA,25,"CATTLE, COWS, MILK - INVENTORY, AVG, MEASURED IN HEAD",HEAD,"9,000"
2024,MONTHLY,JAN THRU MAR,MASSACHUSETTS,MA,25,"CATTLE, COWS, MILK - INVENTORY, AVG, MEASURED IN HEAD",HEAD,"9,000"
2024,MONTHLY,JUL THRU SEP,MASSACHUSETTS,MA,25,"CATTLE, COWS, MILK - INVENTORY, AVG, MEASURED IN HEAD",HEAD,"9,000"
2024,MONTHLY,OCT THRU DEC,MASSACHUSETTS,MA,25,"CATTLE, COWS, MILK - INVENTORY, AVG, MEASURED IN HEAD",HEAD,"9,000"
2024,MONTHLY,APR THRU JUN,MARYLAND,MD,24,"CATTLE, COWS, MILK - INVENTORY, AVG, MEASURED IN HEAD",HEAD,"38,000"
2024,MONTHLY,JAN THRU MAR,MARYLAND,MD,24,"CATTLE, COWS, MILK - INVENTORY, AVG, MEASURED IN HEAD",HEAD,"40,000"
2024,MONTHLY,JUL THRU SEP,MARYLAND,MD,24,"CATTLE, COWS, MILK - INVENTORY, AVG, MEASURED IN HEAD",HEAD,"38,000"
2024,MONTHLY,OCT THRU DEC,MARYLAND,MD,24,"CATTLE, COWS, MILK - INVENTORY, AVG, MEASURED IN HEAD",HEAD,"38,000"
2024,MONTHLY,APR THRU JUN,MAINE,ME,23,"CATTLE, COWS, MILK - INVENTORY, AVG, MEASURED IN HEAD",HEAD,"24,000"
2024,MONTHLY,JAN THRU MAR,MAINE,ME,23,"CATTLE, COWS, MILK - INVENTORY, AVG, MEASURED IN HEAD",HEAD,"24,000"
2024,MONTHLY,JUL THRU SEP,MAINE,ME,23,"CATTLE, COWS, MILK - INVENTORY, AVG, MEASURED IN HEAD",HEAD,"24,000"
2024,MONTHLY,OCT THRU DEC,MAINE,ME,23,"CATTLE, COWS, MILK - INVENTORY, AVG, MEASURED IN HEAD",HEAD,"24,000"
2024,MONTHLY,APR,MICHIGAN,MI,26,"CATTLE, COWS, MILK - INVENTORY, AVG, MEASURED IN HEAD",HEAD,"438,000"
2024,MONTHLY,APR THRU JUN,MICHIGAN,MI,26,"CATTLE, COWS, MILK - INVENTORY, AVG, MEASURED IN HEAD",HEAD,"437,000"
2024,MONTHLY,AUG,MICHIGAN,MI,26,"CATTLE, COWS, MILK - INVENTORY, AVG, MEASURED IN HEAD",HEAD,"437,000"
2024,MONTHLY,DEC,MICHIGAN,MI,26,"CATTLE, COWS, MILK - INVENTORY, AVG, MEASURED IN HEAD",HEAD,"444,000"
2024,MONTHLY,FEB,MICHIGAN,MI,26,"CATTLE, COWS, MILK - INVENTORY, AVG, MEASURED IN HEAD",HEAD,"439,000"
2024,MONTHLY,JAN,MICHIGAN,MI,26,"CATTLE, COWS, MILK - INVENTORY, AVG, MEASURED IN HEAD",HEAD,"439,000"
2024,MONTHLY,JAN THRU MAR,MICHIGAN,MI,26,"CATTLE, COWS, MILK - INVENTORY, AVG, MEASURED IN HEAD",HEAD,"439,000"
2024,MONTHLY,JUL,MICHIGAN,MI,26,"CATTLE, COWS, MILK - INVENTORY, AVG, MEASURED IN HEAD",HEAD,"436,000"
2024,MONTHLY,JUL THRU SEP,MICHIGAN,MI,26,"CATTLE, COWS, MILK - INVENTORY, AVG, MEASURED IN HEAD",HEAD,"437,000"
2024,MONTHLY,JUN,MICHIGAN,MI,26,"CATTLE, COWS, MILK - INVENTORY, AVG, MEASURED IN HEAD",HEAD,"436,000"
2024,MONTHLY,MAR,MICHIGAN,MI,26,"CATTLE, COWS, MILK - INVENTORY, AVG, MEASURED IN HEAD",HEAD,"439,000"
2024,MONTHLY,MAY,MICHIGAN,MI,26,"CATTLE, COWS, MILK - INVENTORY, AVG, MEASURED IN HEAD",HEAD,"438,000"
2024,MONTHLY,NOV,MICHIGAN,MI,26,"CATTLE, COWS, MILK - INVENTORY, AVG, MEASURED IN HEAD",HEAD,"440,000"
2024,MONTHLY,OCT,MICHIGAN,MI,26,"CATTLE, COWS, MILK - INVENTORY, AVG, MEASURED IN HEAD",HEAD,"439,000"
2024,MONTHLY,OCT THRU DEC,MICHIGAN,MI,26,"CATTLE, COWS, MILK - INVENTORY, AVG, MEASURED IN HEAD",HEAD,"441,000"
2024,MONTHLY,SEP,MICHIGAN,MI,26,"CATTLE, COWS, MILK - INVENTORY, AVG, MEASURED IN HEAD",HEAD,"438,000"
2024,MONTHLY,APR,MINNESOTA,MN,27,"CATTLE, COWS, MILK - INVENTORY, AVG, MEASURED IN HEAD",HEAD,"446,000"
2024,MONTHLY,APR THRU JUN,MINNESOTA,MN,27,"CATTLE, COWS, MILK - INVENTORY, AVG, MEASURED IN HEAD",HEAD,"445,000"
2024,MONTHLY,AUG,MINNESOTA,MN,27,"CATTLE, COWS, MILK - INVENTORY, AVG, MEASURED IN HEAD",HEAD,"442,000"
2024,MONTHLY,DEC,MINNESOTA,MN,27,"CATTLE, COWS, MILK - INVENTORY, AVG, MEASURED IN HEAD",HEAD,"442,000"
2024,MONTHLY,FEB,MINNESOTA,MN,27,"CATTLE, COWS, MILK - INVENTORY, AVG, MEASURED IN HEAD",HEAD,"448,000"
2024,MONTHLY,JAN,MINNESOTA,MN,27,"CATTLE, COWS, MILK - INVENTORY, AVG, MEASURED IN HEAD",HEAD,"449,000"
2024,MONTHLY,JAN THRU MAR,MINNESOTA,MN,27,"CATTLE, COWS, MILK - INVENTORY, AVG, MEASURED IN HEAD",HEAD,"448,000"
2024,MONTHLY,JUL,MINNESOTA,MN,27,"CATTLE, COWS, MILK - INVENTORY, AVG, MEASURED IN HEAD",HEAD,"442,000"
2024,MONTHLY,JUL THRU SEP,MINNESOTA,MN,27,"CATTLE, COWS, MILK - INVENTORY, AVG, MEASURED IN HEAD",HEAD,"442,000"
2024,MONTHLY,JUN,MINNESOTA,MN,27,"CATTLE, COWS, MILK - INVENTORY, AVG, MEASURED IN HEAD",HEAD,"444,000"
2024,MONTHLY,MAR,MINNESOTA,MN,27,"CATTLE, COWS, MILK - INVENTORY, AVG, MEASURED IN HEAD",HEAD,"446,000"
2024,MONTHLY,MAY,MINNESOTA,MN,27,"CATTLE, COWS, MILK - INVENTORY, AVG, MEASURED IN HEAD",HEAD,"446,000"
2024,MONTHLY,NOV,MINNESOTA,MN,27,"CATTLE, COWS, MILK - INVENTORY, AVG, MEASURED IN HEAD",HEAD,"442,000"
2024,MONTHLY,OCT,MINNESOTA,MN,27,"CATTLE, COWS, MILK - INVENTORY, AVG, MEASURED IN HEAD",HEAD,"442,000"
2024,MONTHLY,OCT THRU DEC,MINNESOTA,MN,27,"CATTLE, COWS, MILK - INVENTORY, AVG, MEASURED IN HEAD",HEAD,"442,000"
2024,MONTHLY,SEP,MINNESOTA,MN,27,"CATTLE, COWS, MILK - INVENTORY, AVG, MEASURED IN HEAD",HEAD,"442,000"
2024,MONTHLY,APR THRU JUN,MISSOURI,MO,29,"CATTLE, COWS, MILK - INVENTORY, AVG, MEASURED IN HEAD",HEAD,"58,000"
2024,MONTHLY,JAN THRU MAR,MISSOURI,MO,29,"CATTLE, COWS, MILK - INVENTORY, AVG, MEASURED IN HEAD",HEAD,"59,000"
2024,MONTHLY,JUL THRU SEP,MISSOURI,MO,29,"CATTLE, COWS, MILK - INVENTORY, AVG, MEASURED IN HEAD",HEAD,"56,000"
2024,MONTHLY,OCT THRU DEC,MISSOURI,MO,29,"CATTLE, COWS, MILK - INVENTORY, AVG, MEASURED IN HEAD",HEAD,"56,000"
2024,MONTHLY,APR THRU JUN,MISSISSIPPI,MS,28,"CATTLE, COWS, MILK - INVENTORY, AVG, MEASURED IN HEAD",HEAD,"5,500"
2024,MONTHLY,JAN THRU MAR,MISSISSIPPI,MS,28,"CATTLE, COWS, MILK - INVENTORY, AVG, MEASURED IN HEAD",HEAD,"5,500"
2024,MONTHLY,JUL THRU SEP,MISSISSIPPI,MS,28,"CATTLE, COWS, MILK - INVENTORY, AVG, MEASURED IN HEAD",HEAD,"5,000"
2024,MONTHLY,OCT THRU DEC,MISSISSIPPI,MS,28,"CATTLE, COWS, MILK - INVENTORY, AVG, MEASURED IN HEAD",HEAD,"5,000"
2024,MONTHLY,APR THRU JUN,MONTANA,MT,30,"CATTLE, COWS, MILK - INVENTORY, AVG, MEASURED IN HEAD",HEAD,"8,500"
2024,MONTHLY,JAN THRU MAR,MONTANA,MT,30,"CATTLE, COWS, MILK - INVENTORY, AVG, MEASURED IN HEAD",HEAD,"9,000"
2024,MONTHLY,JUL THRU SEP,MONTANA,MT,30,"CATTLE, COWS, MILK - INVENTORY, AVG, MEASURED IN HEAD",HEAD,"8,500"
2024,MONTHLY,OCT THRU DEC,MONTANA,MT,30,"CATTLE, COWS, MILK - INVENTORY, AVG, MEASURED IN HEAD",HEAD,"8,500"
2024,MONTHLY,APR THRU JUN,NORTH CAROLINA,NC,37,"CATTLE, COWS, MILK - INVENTORY, AVG, MEASURED IN HEAD",HEAD,"38,000"
2024,MONTHLY,JAN THRU MAR,NORTH CAROLINA,NC,37,"CATTLE, COWS, MILK - INVENTORY, AVG, MEASURED IN HEAD",HEAD,"38,000"
2024,MONTHLY,JUL THRU SEP,NORTH CAROLINA,NC,37,"CATTLE, COWS, MILK - INVENTORY, AVG, MEASURED IN HEAD",HEAD,"37,000"
2024,MONTHLY,OCT THRU DEC,NORTH CAROLINA,NC,37,"CATTLE, COWS, MILK - INVENTORY, AVG, MEASURED IN HEAD",HEAD,"37,000"
2024,MONTHLY,APR THRU JUN,NORTH DAKOTA,ND,38,"CATTLE, COWS, MILK - INVENTORY, AVG, MEASURED IN HEAD",HEAD,"9,500"
2024,MONTHLY,JAN THRU MAR,NORTH DAKOTA,ND,38,"CATTLE, COWS, MILK - INVENTORY, AVG, MEASURED IN HEAD",HEAD,"10,000"
2024,MONTHLY,JUL THRU SEP,NORTH DAKOTA,ND,38,"CATTLE, COWS, MILK - INVENTORY, AVG, MEASURED IN HEAD",HEAD,"9,500"
2024,MONTHLY,OCT THRU DEC,NORTH DAKOTA,ND,38,"CATTLE, COWS, MILK - INVENTORY, AVG, MEASURED IN HEAD",HEAD,"9,500"
2024,MONTHLY,APR THRU JUN,NEBRASKA,NE,31,"CATTLE, COWS, MILK - INVENTORY, AVG, MEASURED IN HEAD",HEAD,"50,000"
2024,MONTHLY,JAN THRU MAR,NEBRASKA,NE,31,"CATTLE, COWS, MILK - INVENTORY, AVG, MEASURED IN HEAD",HEAD,"51,000"
2024,MONTHLY,JUL THRU SEP,NEBRASKA,NE,31,"CATTLE, COWS, MILK - INVENTORY, AVG, MEASURED IN HEAD",HEAD,"50,000"
2024,MONTHLY,OCT THRU DEC,NEBRASKA,NE,31,"CATTLE, COWS, MILK - INVENTORY, AVG, MEASURED IN HEAD",HEAD,"49,000"
2024,MONTHLY,APR THRU JUN,NEW HAMPSHIRE,NH,33,"CATTLE, COWS, MILK - INVENTORY, AVG, MEASURED IN HEAD",HEAD,"9,500"
2024,MONTHLY,JAN THRU MAR,NEW HAMPSHIRE,NH,33,"CATTLE, COWS, MILK - INVENTORY, AVG, MEASURED IN HEAD",HEAD,"9,500"
2024,MONTHLY,JUL THRU SEP,NEW HAMPSHIRE,NH,33,"CATTLE, COWS, MILK - INVENTORY, AVG, MEASURED IN HEAD",HEAD,"9,500"
2024,MONTHLY,OCT THRU DEC,NEW HAMPSHIRE,NH,33,"CATTLE, COWS, MILK - INVENTORY, AVG, MEASURED IN HEAD",HEAD,"9,500"
2024,MONTHLY,APR THRU JUN,NEW JERSEY,NJ,34,"CATTLE, COWS, MILK - INVENTORY, AVG, MEASURED IN HEAD",HEAD,"4,000"
2024,MONTHLY,JAN THRU MAR,NEW JERSEY,NJ,34,"CATTLE, COWS, MILK - INVENTORY, AVG, MEASURED IN HEAD",HEAD,"4,000"
2024,MONTHLY,JUL THRU SEP,NEW JERSEY,NJ,34,"CATTLE, COWS, MILK - INVENTORY, AVG, MEASURED IN HEAD",HEAD,"3,900"
2024,MONTHLY,OCT THRU DEC,NEW JERSEY,NJ,34,"CATTLE, COWS, MILK - INVENTORY, AVG, MEASURED IN HEAD",HEAD,"3,800"
2024,MONTHLY,APR,NEW MEXICO,NM,35,"CATTLE, COWS, MILK - INVENTORY, AVG, MEASURED IN HEAD",HEAD,"235,000"
2024,MONTHLY,APR THRU JUN,NEW MEXICO,NM,35,"CATTLE, COWS, MILK - INVENTORY, AVG, MEASURED IN HEAD",HEAD,"237,000"
2024,MONTHLY,AUG,NEW MEXICO,NM,35,"CATTLE, COWS, MILK - INVENTORY, AVG, MEASURED IN HEAD",HEAD,"239,000"
2024,MONTHLY,DEC,NEW MEXICO,NM,35,"CATTLE, COWS, MILK - INVENTORY, AVG, MEASURED IN HEAD",HEAD,"240,000"
2024,MONTHLY,FEB,NEW MEXICO,NM,35,"CATTLE, COWS, MILK - INVENTORY, AVG, MEASURED IN HEAD",HEAD,"243,000"
2024,MONTHLY,JAN,NEW MEXICO,NM,35,"CATTLE, COWS, MILK - INVENTORY, AVG, MEASURED IN HEAD",HEAD,"240,000"
2024,MONTHLY,JAN THRU MAR,NEW MEXICO,NM,35,"CATTLE, COWS, MILK - INVENTORY, AVG, MEASURED IN HEAD",HEAD,"241,000"
2024,MONTHLY,JUL,NEW MEXICO,NM,35,"CATTLE, COWS, MILK - INVENTORY, AVG, MEASURED IN HEAD",HEAD,"239,000"
2024,MONTHLY,JUL THRU SEP,NEW MEXICO,NM,35,"CATTLE, COWS, MILK - INVENTORY, AVG, MEASURED IN HEAD",HEAD,"239,000"
2024,MONTHLY,JUN,NEW MEXICO,NM,35,"CATTLE, COWS, MILK - INVENTORY, AVG, MEASURED IN HEAD",HEAD,"238,000"
2024,MONTHLY,MAR,NEW MEXICO,NM,35,"CATTLE, COWS, MILK - INVENTORY, AVG, MEASURED IN HEAD",HEAD,"240,000"
2024,MONTHLY,MAY,NEW MEXICO,NM,35,"CATTLE, COWS, MILK - INVENTORY, AVG, MEASURED IN HEAD",HEAD,"238,000"
2024,MONTHLY,NOV,NEW MEXICO,NM,35,"CATTLE, COWS, MILK - INVENTORY, AVG, MEASURED IN HEAD",HEAD,"240,000"
2024,MONTHLY,OCT,NEW MEXICO,NM,35,"CATTLE, COWS, MILK - INVENTORY, AVG, MEASURED IN HEAD",HEAD,"242,000"
2024,MONTHLY,OCT THRU DEC,NEW MEXICO,NM,35,"CATTLE, COWS, MILK - INVENTORY, AVG, MEASURED IN HEAD",HEAD,"241,000"
2024,MONTHLY,SEP,NEW MEXICO,NM,35,"CATTLE, COWS, MILK - INVENTORY, AVG, MEASURED IN HEAD",HEAD,"240,000"
2024,MONTHLY,APR THRU JUN,NEVADA,NV,32,"CATTLE, COWS, MILK - INVENTORY, AVG, MEASURED IN HEAD",HEAD,"31,000"
2024,MONTHLY,JAN THRU MAR,NEVADA,NV,32,"CATTLE, COWS, MILK - INVENTORY, AVG, MEASURED IN HEAD",HEAD,"32,000"
2024,MONTHLY,JUL THRU SEP,NEVADA,NV,32,"CATTLE, COWS, MILK - INVENTORY, AVG, MEASURED IN HEAD",HEAD,"31,000"
2024,MONTHLY,OCT THRU DEC,NEVADA,NV,32,"CATTLE, COWS, MILK - INVENTORY, AVG, MEASURED IN HEAD",HEAD,"31,000"
2024,MONTHLY,APR,NEW YORK,NY,36,"CATTLE, COWS, MILK - INVENTORY, AVG, MEASURED IN HEAD",HEAD,"630,000"
2024,MONTHLY,APR THRU JUN,NEW YORK,NY,36,"CATTLE, COWS, MILK - INVENTORY, AVG, MEASURED IN HEAD",HEAD,"631,000"
2024,MONTHLY,AUG,NEW YORK,NY,36,"CATTLE, COWS, MILK - INVENTORY, AVG, MEASURED IN HEAD",HEAD,"630,000"
2024,MONTHLY,DEC,NEW YORK,NY,36,"CATTLE, COWS, MILK - INVENTORY, AVG, MEASURED IN HEAD",HEAD,"630,000"
2024,MONTHLY,FEB,NEW YORK,NY,36,"CATTLE, COWS, MILK - INVENTORY, AVG, MEASURED IN HEAD",HEAD,"630,000"
2024,MONTHLY,JAN,NEW YORK,NY,36,"CATTLE, COWS, MILK - INVENTORY, AVG, MEASURED IN HEAD",HEAD,"630,000"
2024,MONTHLY,JAN THRU MAR,NEW YORK,NY,36,"CATTLE, COWS, MILK - INVENTORY, AVG, MEASURED IN HEAD",HEAD,"630,000"
2024,MONTHLY,JUL,NEW YORK,NY,36,"CATTLE, COWS, MILK - INVENTORY, AVG, MEASURED IN HEAD",HEAD,"630,000"
2024,MONTHLY,JUL THRU SEP,NEW YORK,NY,36,"CATTLE, COWS, MILK - INVENTORY, AVG, MEASURED IN HEAD",HEAD,"630,000"
2024,MONTHLY,JUN,NEW YORK,NY,36,"CATTLE, COWS, MILK - INVENTORY, AVG, MEASURED IN HEAD",HEAD,"630,000"
2024,MONTHLY,MAR,NEW YORK,NY,36,"CATTLE, COWS, MILK - INVENTORY, AVG, MEASURED IN HEAD",HEAD,"630,000"
2024,MONTHLY,MAY,NEW YORK,NY,36,"CATTLE, COWS, MILK - INVENTORY, AVG, MEASURED IN HEAD",HEAD,"632,000"
2024,MONTHLY,NOV,NEW YORK,NY,36,"CATTLE, COWS, MILK - INVENTORY, AVG, MEASURED IN HEAD",HEAD,"629,000"
2024,MONTHLY,OCT,NEW YORK,NY,36,"CATTLE, COWS, MILK - INVENTORY, AVG, MEASURED IN HEAD",HEAD,"628,000"
2024,MONTHLY,OCT THRU DEC,NEW YORK,NY,36,"CATTLE, COWS, MILK - INVENTORY, AVG, MEASURED IN HEAD",HEAD,"629,000"
2024,MONTHLY,SEP,NEW YORK,NY,36,"CATTLE, COWS, MILK - INVENTORY, AVG, MEASURED IN HEAD",HEAD,"630,000"
2024,MONTHLY,APR,OHIO,OH,39,"CATTLE, COWS, MILK - INVENTORY, AVG, MEASURED IN HEAD",HEAD,"255,000"
2024,MONTHLY,APR THRU JUN,OHIO,OH,39,"CATTLE, COWS, MILK - INVENTORY, AVG, MEASURED IN HEAD",HEAD,"253,000"
2024,MONTHLY,AUG,OHIO,OH,39,"CATTLE, COWS, MILK - INVENTORY, AVG, MEASURED IN HEAD",HEAD,"252,000"
2024,MONTHLY,DEC,OHIO,OH,39,"CATTLE, COWS, MILK - INVENTORY, AVG, MEASURED IN HEAD",HEAD,"250,000"
2024,MONTHLY,FEB,OHIO,OH,39,"CATTLE, COWS, MILK - INVENTORY, AVG, MEASURED IN HEAD",HEAD,"254,000"
2024,MONTHLY,JAN,OHIO,OH,39,"CATTLE, COWS, MILK - INVENTORY, AVG, MEASURED IN HEAD",HEAD,"255,000"
2024,MONTHLY,JAN THRU MAR,OHIO,OH,39,"CATTLE, COWS, MILK - INVENTORY, AVG, MEASURED IN HEAD",HEAD,"255,000"
2024,MONTHLY,JUL,OHIO,OH,39,"CATTLE, COWS, MILK - INVENTORY, AVG, MEASURED IN HEAD",HEAD,"252,000"
2024,MONTHLY,JUL THRU SEP,OHIO,OH,39,"CATTLE, COWS, MILK - INVENTORY, AVG, MEASURED IN HEAD",HEAD,"252,000"
2024,MONTHLY,JUN,OHIO,OH,39,"CATTLE, COWS, MILK - INVENTORY, AVG, MEASURED IN HEAD",HEAD,"252,000"
2024,MONTHLY,MAR,OHIO,OH,39,"CATTLE, COWS, MILK - INVENTORY, AVG, MEASURED IN HEAD",HEAD,"255,000"
2024,MONTHLY,MAY,OHIO,OH,39,"CATTLE, COWS, MILK - INVENTORY, AVG, MEASURED IN HEAD",HEAD,"253,000"
2024,MONTHLY,NOV,OHIO,OH,39,"CATTLE, COWS, MILK - INVENTORY, AVG, MEASURED IN HEAD",HEAD,"251,000"
2024,MONTHLY,OCT,OHIO,OH,39,"CATTLE, COWS, MILK - INVENTORY, AVG, MEASURED IN HEAD",HEAD,"252,000"
2024,MONTHLY,OCT THRU DEC,OHIO,OH,39,"CATTLE, COWS, MILK - INVENTORY, AVG, MEASURED IN HEAD",HEAD,"251,000"
2024,MONTHLY,SEP,OHIO,OH,39,"CATTLE, COWS, MILK - INVENTORY, AVG, MEASURED IN HEAD",HEAD,"251,000"
2024,MONTHLY,APR THRU JUN,OKLAHOMA,OK,40,"CATTLE, COWS, MILK - INVENTORY, AVG, MEASURED IN HEAD",HEAD,"40,000"
2024,MONTHLY,JAN THRU MAR,OKLAHOMA,OK,40,"CATTLE, COWS, MILK - INVENTORY, AVG, MEASURED IN HEAD",HEAD,"39,000"
2024,MONTHLY,JUL THRU SEP,OKLAHOMA,OK,40,"CATTLE, COWS, MILK - INVENTORY, AVG, MEASURED IN HEAD",HEAD,"41,000"
2024,MONTHLY,OCT THRU DEC,OKLAHOMA,OK,40,"CATTLE, COWS, MILK - INVENTORY, AVG, MEASURED IN HEAD",HEAD,"41,000"
2024,MONTHLY,APR,OREGON,OR,41,"CATTLE, COWS, MILK - INVENTORY, AVG, MEASURED IN HEAD",HEAD,"118,000"
2024,MONTHLY,APR THRU JUN,OREGON,OR,41,"CATTLE, COWS, MILK - INVENTORY, AVG, MEASURED IN HEAD",HEAD,"118,000"
2024,MONTHLY,AUG,OREGON,OR,41,"CATTLE, COWS, MILK - INVENTORY, AVG, MEASURED IN HEAD",HEAD,"118,000"
2024,MONTHLY,DEC,OREGON,OR,41,"CATTLE, COWS, MILK - INVENTORY, AVG, MEASURED IN HEAD",HEAD,"117,000"
2024,MONTHLY,FEB,OREGON,OR,41,"CATTLE, COWS, MILK - INVENTORY, AVG, MEASURED IN HEAD",HEAD,"116,000"
2024,MONTHLY,JAN,OREGON,OR,41,"CATTLE, COWS, MILK - INVENTORY, AVG, MEASURED IN HEAD",HEAD,"115,000"
2024,MONTHLY,JAN THRU MAR,OREGON,OR,41,"CATTLE, COWS, MILK - INVENTORY, AVG, MEASURED IN HEAD",HEAD,"116,000"
2024,MONTHLY,JUL,OREGON,OR,41,"CATTLE, COWS, MILK - INVENTORY, AVG, MEASURED IN HEAD",HEAD,"117,000"
2024,MONTHLY,JUL THRU SEP,OREGON,OR,41,"CATTLE, COWS, MILK - INVENTORY, AVG, MEASURED IN HEAD",HEAD,"118,000"
2024,MONTHLY,JUN,OREGON,OR,41,"CATTLE, COWS, MILK - INVENTORY, AVG, MEASURED IN HEAD",HEAD,"118,000"
2024,MONTHLY,MAR,OREGON,OR,41,"CATTLE, COWS, MILK - INVENTORY, AVG, MEASURED IN HEAD",HEAD,"116,000"
2024,MONTHLY,MAY,OREGON,OR,41,"CATTLE, COWS, MILK - INVENTORY, AVG, MEASURED IN HEAD",HEAD,"118,000"
2024,MONTHLY,NOV,OREGON,OR,41,"CATTLE, COWS, MILK - INVENTORY, AVG, MEASURED IN HEAD",HEAD,"116,000"
2024,MONTHLY,OCT,OREGON,OR,41,"CATTLE, COWS, MILK - INVENTORY, AVG, MEASURED IN HEAD",HEAD,"118,000"
2024,MONTHLY,OCT THRU DEC,OREGON,OR,41,"CATTLE, COWS, MILK - INVENTORY, AVG, MEASURED IN HEAD",HEAD,"117,000"
2024,MONTHLY,SEP,OREGON,OR,41,"CATTLE, COWS, MILK - INVENTORY, AVG, MEASURED IN HEAD",HEAD,"118,000"
2024,MONTHLY,APR THRU JUN,OTHER STATES,OT,98,"CATTLE, COWS, MILK - INVENTORY, AVG, MEASURED IN HEAD",HEAD,900
2024,MONTHLY,JAN THRU MAR,OTHER STATES,OT,98,"CATTLE, COWS, MILK - INVENTORY, AVG, MEASURED IN HEAD",HEAD,800
2024,MONTHLY,JUL THRU SEP,OTHER STATES,OT,98,"CATTLE, COWS, MILK - INVENTORY, AVG, MEASURED IN HEAD",HEAD,900
2024,MONTHLY,OCT THRU DEC,OTHER STATES,OT,98,"CATTLE, COWS, MILK - INVENTORY, AVG, MEASURED IN HEAD",HEAD,900
2024,MONTHLY,APR,PENNSYLVANIA,PA,42,"CATTLE, COWS, MILK - INVENTORY, AVG, MEASURED IN HEAD",HEAD,"465,000"
2024,MONTHLY,APR THRU JUN,PENNSYLVANIA,PA,42,"CATTLE, COWS, MILK - INVENTORY, AVG, MEASURED IN HEAD",HEAD,"465,000"
2024,MONTHLY,AUG,PENNSYLVANIA,PA,42,"CATTLE, COWS, MILK - INVENTORY, AVG, MEASURED IN HEAD",HEAD,"465,000"
2024,MONTHLY,DEC,PENNSYLVANIA,PA,42,"CATTLE, COWS, MILK - INVENTORY, AVG, MEASURED IN HEAD",HEAD,"465,000"
2024,MONTHLY,FEB,PENNSYLVANIA,PA,42,"CATTLE, COWS, MILK - INVENTORY, AVG, MEASURED IN HEAD",HEAD,"465,000"
2024,MONTHLY,JAN,PENNSYLVANIA,PA,42,"CATTLE, COWS, MILK - INVENTORY, AVG, MEASURED IN HEAD",HEAD,"465,000"
2024,MONTHLY,JAN THRU MAR,PENNSYLVANIA,PA,42,"CATTLE, COWS, MILK - INVENTORY, AVG, MEASURED IN HEAD",HEAD,"465,000"
2024,MONTHLY,JUL,PENNSYLVANIA,PA,42,"CATTLE, COWS, MILK - INVENTORY, AVG, MEASURED IN HEAD",HEAD,"465,000"
2024,MONTHLY,JUL THRU SEP,PENNSYLVANIA,PA,42,"CATTLE, COWS, MILK - INVENTORY, AVG, MEASURED IN HEAD",HEAD,"465,000"
2024,MONTHLY,JUN,PENNSYLVANIA,PA,42,"CATTLE, COWS, MILK - INVENTORY, AVG, MEASURED IN HEAD",HEAD,"465,000"
2024,MONTHLY,MAR,PENNSYLVANIA,PA,42,"CATTLE, COWS, MILK - INVENTORY, AVG, MEASURED IN HEAD",HEAD,"465,000"
2024,MONTHLY,MAY,PENNSYLVANIA,PA,42,"CATTLE, COWS, MILK - INVENTORY, AVG, MEASURED IN HEAD",HEAD,"465,000"
2024,MONTHLY,NOV,PENNSYLVANIA,PA,42,"CATTLE, COWS, MILK - INVENTORY, AVG, MEASURED IN HEAD",HEAD,"465,000"
2024,MONTHLY,OCT,PENNSYLVANIA,PA,42,"CATTLE, COWS, MILK - INVENTORY, AVG, MEASURED IN HEAD",HEAD,"465,000"
2024,MONTHLY,OCT THRU DEC,PENNSYLVANIA,PA,42,"CATTLE, COWS, MILK - INVENTORY, AVG, MEASURED IN HEAD",HEAD,"465,000"
2024,MONTHLY,SEP,PENNSYLVANIA,PA,42,"CATTLE, COWS, MILK - INVENTORY, AVG, MEASURED IN HEAD",HEAD,"465,000"
2024,MONTHLY,APR THRU JUN,RHODE ISLAND,RI,44,"CATTLE, COWS, MILK - INVENTORY, AVG, MEASURED IN HEAD",HEAD,500
2024,MONTHLY,JAN THRU MAR,RHODE ISLAND,RI,44,"CATTLE, COWS, MILK - INVENTORY, AVG, MEASURED IN HEAD",HEAD,500
2024,MONTHLY,JUL THRU SEP,RHODE ISLAND,RI,44,"CATTLE, COWS, MILK - INVENTORY, AVG, MEASURED IN HEAD",HEAD,500
2024,MONTHLY,OCT THRU DEC,RHODE ISLAND,RI,44,"CATTLE, COWS, MILK - INVENTORY, AVG, MEASURED IN HEAD",HEAD,500
2024,MONTHLY,APR THRU JUN,SOUTH CAROLINA,SC,45,"CATTLE, COWS, MILK - INVENTORY, AVG, MEASURED IN HEAD",HEAD,"8,000"
2024,MONTHLY,JAN THRU MAR,SOUTH CAROLINA,SC,45,"CATTLE, COWS, MILK - INVENTORY, AVG, MEASURED IN HEAD",HEAD,"8,000"
2024,MONTHLY,JUL THRU SEP,SOUTH CAROLINA,SC,45,"CATTLE, COWS, MILK - INVENTORY, AVG, MEASURED IN HEAD",HEAD,"8,000"
2024,MONTHLY,OCT THRU DEC,SOUTH CAROLINA,SC,45,"CATTLE, COWS, MILK - INVENTORY, AVG, MEASURED IN HEAD",HEAD,"8,000"
2024,MONTHLY,APR,SOUTH DAKOTA,SD,46,"CATTLE, COWS, MILK - INVENTORY, AVG, MEASURED IN HEAD",HEAD,"212,000"
2024,MONTHLY,APR THRU JUN,SOUTH DAKOTA,SD,46,"CATTLE, COWS, MILK - INVENTORY, AVG, MEASURED IN HEAD",HEAD,"212,000"
2024,MONTHLY,AUG,SOUTH DAKOTA,SD,46,"CATTLE, COWS, MILK - INVENTORY, AVG, MEASURED IN HEAD",HEAD,"214,000"
2024,MONTHLY,DEC,SOUTH DAKOTA,SD,46,"CATTLE, COWS, MILK - INVENTORY, AVG, MEASURED IN HEAD",HEAD,"215,000"
2024,MONTHLY,FEB,SOUTH DAKOTA,SD,46,"CATTLE, COWS, MILK - INVENTORY, AVG, MEASURED IN HEAD",HEAD,"210,000"
2024,MONTHLY,JAN,SOUTH DAKOTA,SD,46,"CATTLE, COWS, MILK - INVENTORY, AVG, MEASURED IN HEAD",HEAD,"210,000"
2024,MONTHLY,JAN THRU MAR,SOUTH DAKOTA,SD,46,"CATTLE, COWS, MILK - INVENTORY, AVG, MEASURED IN HEAD",HEAD,"211,000"
2024,MONTHLY,JUL,SOUTH DAKOTA,SD,46,"CATTLE, COWS, MILK - INVENTORY, AVG, MEASURED IN HEAD",HEAD,"213,000"
2024,MONTHLY,JUL THRU SEP,SOUTH DAKOTA,SD,46,"CATTLE, COWS, MILK - INVENTORY, AVG, MEASURED IN HEAD",HEAD,"214,000"
2024,MONTHLY,JUN,SOUTH DAKOTA,SD,46,"CATTLE, COWS, MILK - INVENTORY, AVG, MEASURED IN HEAD",HEAD,"213,000"
2024,MONTHLY,MAR,SOUTH DAKOTA,SD,46,"CATTLE, COWS, MILK - INVENTORY, AVG, MEASURED IN HEAD",HEAD,"212,000"
2024,MONTHLY,MAY,SOUTH DAKOTA,SD,46,"CATTLE, COWS, MILK - INVENTORY, AVG, MEASURED IN HEAD",HEAD,"212,000"
2024,MONTHLY,NOV,SOUTH DAKOTA,SD,46,"CATTLE, COWS, MILK - INVENTORY, AVG, MEASURED IN HEAD",HEAD,"215,000"
2024,MONTHLY,OCT,SOUTH DAKOTA,SD,46,"CATTLE, COWS, MILK - INVENTORY, AVG, MEASURED IN HEAD",HEAD,"215,000"
2024,MONTHLY,OCT THRU DEC,SOUTH DAKOTA,SD,46,"CATTLE, COWS, MILK - INVENTORY, AVG, MEASURED IN HEAD",HEAD,"215,000"
2024,MONTHLY,SEP,SOUTH DAKOTA,SD,46,"CATTLE, COWS, MILK - INVENTORY, AVG, MEASURED IN HEAD",HEAD,"215,000"
2024,MONTHLY,APR THRU JUN,TENNESSEE,TN,47,"CATTLE, COWS, MILK - INVENTORY, AVG, MEASURED IN HEAD",HEAD,"24,000"
2024,MONTHLY,JAN THRU MAR,TENNESSEE,TN,47,"CATTLE, COWS, MILK - INVENTORY, AVG, MEASURED IN HEAD",HEAD,"25,000"
2024,MONTHLY,JUL THRU SEP,TENNESSEE,TN,47,"CATTLE, COWS, MILK - INVENTORY, AVG, MEASURED IN HEAD",HEAD,"24,000"
2024,MONTHLY,OCT THRU DEC,TENNESSEE,TN,47,"CATTLE, COWS, MILK - INVENTORY, AVG, MEASURED IN HEAD",HEAD,"24,000"
2024,MONTHLY,APR,TEXAS,TX,48,"CATTLE, COWS, MILK - INVENTORY, AVG, MEASURED IN HEAD",HEAD,"640,000"
2024,MONTHLY,APR THRU JUN,TEXAS,TX,48,"CATTLE, COWS, MILK - INVENTORY, AVG, MEASURED IN HEAD",HEAD,"645,000"
2024,MONTHLY,AUG,TEXAS,TX,48,"CATTLE, COWS, MILK - INVENTORY, AVG, MEASURED IN HEAD",HEAD,"670,000"
2024,MONTHLY,DEC,TEXAS,TX,48,"CATTLE, COWS, MILK - INVENTORY, AVG, MEASURED IN HEAD",HEAD,"675,000"
2024,MONTHLY,FEB,TEXAS,TX,48,"CATTLE, COWS, MILK - INVENTORY, AVG, MEASURED IN HEAD",HEAD,"645,000"
2024,MONTHLY,JAN,TEXAS,TX,48,"CATTLE, COWS, MILK - INVENTORY, AVG, MEASURED IN HEAD",HEAD,"635,000"
2024,MONTHLY,JAN THRU MAR,TEXAS,TX,48,"CATTLE, COWS, MILK - INVENTORY, AVG, MEASURED IN HEAD",HEAD,"641,000"
2024,MONTHLY,JUL,TEXAS,TX,48,"CATTLE, COWS, MILK - INVENTORY, AVG, MEASURED IN HEAD",HEAD,"660,000"
2024,MONTHLY,JUL THRU SEP,TEXAS,TX,48,"CATTLE, COWS, MILK - INVENTORY, AVG, MEASURED IN HEAD",HEAD,"667,000"
2024,MONTHLY,JUN,TEXAS,TX,48,"CATTLE, COWS, MILK - INVENTORY, AVG, MEASURED IN HEAD",HEAD,"650,000"
2024,MONTHLY,MAR,TEXAS,TX,48,"CATTLE, COWS, MILK - INVENTORY, AVG, MEASURED IN HEAD",HEAD,"643,000"
2024,MONTHLY,MAY,TEXAS,TX,48,"CATTLE, COWS, MILK - INVENTORY, AVG, MEASURED IN HEAD",HEAD,"645,000"
2024,MONTHLY,NOV,TEXAS,TX,48,"CATTLE, COWS, MILK - INVENTORY, AVG, MEASURED IN HEAD",HEAD,"675,000"
2024,MONTHLY,OCT,TEXAS,TX,48,"CATTLE, COWS, MILK - INVENTORY, AVG, MEASURED IN HEAD",HEAD,"675,000"
2024,MONTHLY,OCT THRU DEC,TEXAS,TX,48,"CATTLE, COWS, MILK - INVENTORY, AVG, MEASURED IN HEAD",HEAD,"675,000"
2024,MONTHLY,SEP,TEXAS,TX,48,"CATTLE, COWS, MILK - INVENTORY, AVG, MEASURED IN HEAD",HEAD,"670,000"
2024,MONTHLY,APR,US TOTAL,US,99,"CATTLE, COWS, MILK - INVENTORY, AVG, MEASURED IN HEAD",HEAD,"9,335,000"
2024,MONTHLY,APR THRU JUN,US TOTAL,US,99,"CATTLE, COWS, MILK - INVENTORY, AVG, MEASURED IN HEAD",HEAD,"9,330,000"
2024,MONTHLY,AUG,US TOTAL,US,99,"CATTLE, COWS, MILK - INVENTORY, AVG, MEASURED IN HEAD",HEAD,"9,345,000"
2024,MONTHLY,DEC,US TOTAL,US,99,"CATTLE, COWS, MILK - INVENTORY, AVG, MEASURED IN HEAD",HEAD,"9,374,000"
2024,MONTHLY,FEB,US TOTAL,US,99,"CATTLE, COWS, MILK - INVENTORY, AVG, MEASURED IN HEAD",HEAD,"9,343,000"
2024,MONTHLY,JAN,US TOTAL,US,99,"CATTLE, COWS, MILK - INVENTORY, AVG, MEASURED IN HEAD",HEAD,"9,325,000"
2024,MONTHLY,JAN THRU MAR,US TOTAL,US,99,"CATTLE, COWS, MILK - INVENTORY, AVG, MEASURED IN HEAD",HEAD,"9,338,000"
2024,MONTHLY,JUL,US TOTAL,US,99,"CATTLE, COWS, MILK - INVENTORY, AVG, MEASURED IN HEAD",HEAD,"9,327,000"
2024,MONTHLY,JUL THRU SEP,US TOTAL,US,99,"CATTLE, COWS, MILK - INVENTORY, AVG, MEASURED IN HEAD",HEAD,"9,342,000"
2024,MONTHLY,JUN,US TOTAL,US,99,"CATTLE, COWS, MILK - INVENTORY, AVG, MEASURED IN HEAD",HEAD,"9,322,000"
2024,MONTHLY,MAR,US TOTAL,US,99,"CATTLE, COWS, MILK - INVENTORY, AVG, MEASURED IN HEAD",HEAD,"9,347,000"
2024,MONTHLY,MAY,US TOTAL,US,99,"CATTLE, COWS, MILK - INVENTORY, AVG, MEASURED IN HEAD",HEAD,"9,333,000"
2024,MONTHLY,NOV,US TOTAL,US,99,"CATTLE, COWS, MILK - INVENTORY, AVG, MEASURED IN HEAD",HEAD,"9,364,000"
2024,MONTHLY,OCT,US TOTAL,US,99,"CATTLE, COWS, MILK - INVENTORY, AVG, MEASURED IN HEAD",HEAD,"9,370,000"
2024,MONTHLY,OCT THRU DEC,US TOTAL,US,99,"CATTLE, COWS, MILK - INVENTORY, AVG, MEASURED IN HEAD",HEAD,"9,369,000"
2024,MONTHLY,SEP,US TOTAL,US,99,"CATTLE, COWS, MILK - INVENTORY, AVG, MEASURED IN HEAD",HEAD,"9,355,000"
2024,MONTHLY,APR,UTAH,UT,49,"CATTLE, COWS, MILK - INVENTORY, AVG, MEASURED IN HEAD",HEAD,"91,000"
2024,MONTHLY,APR THRU JUN,UTAH,UT,49,"CATTLE, COWS, MILK - INVENTORY, AVG, MEASURED IN HEAD",HEAD,"91,000"
2024,MONTHLY,AUG,UTAH,UT,49,"CATTLE, COWS, MILK - INVENTORY, AVG, MEASURED IN HEAD",HEAD,"92,000"
2024,MONTHLY,DEC,UTAH,UT,49,"CATTLE, COWS, MILK - INVENTORY, AVG, MEASURED IN HEAD",HEAD,"91,000"
2024,MONTHLY,FEB,UTAH,UT,49,"CATTLE, COWS, MILK - INVENTORY, AVG, MEASURED IN HEAD",HEAD,"90,000"
2024,MONTHLY,JAN,UTAH,UT,49,"CATTLE, COWS, MILK - INVENTORY, AVG, MEASURED IN HEAD",HEAD,"89,000"
2024,MONTHLY,JAN THRU MAR,UTAH,UT,49,"CATTLE, COWS, MILK - INVENTORY, AVG, MEASURED IN HEAD",HEAD,"90,000"
2024,MONTHLY,JUL,UTAH,UT,49,"CATTLE, COWS, MILK - INVENTORY, AVG, MEASURED IN HEAD",HEAD,"92,000"
2024,MONTHLY,JUL THRU SEP,UTAH,UT,49,"CATTLE, COWS, MILK - INVENTORY, AVG, MEASURED IN HEAD",HEAD,"92,000"
2024,MONTHLY,JUN,UTAH,UT,49,"CATTLE, COWS, MILK - INVENTORY, AVG, MEASURED IN HEAD",HEAD,"91,000"
2024,MONTHLY,MAR,UTAH,UT,49,"CATTLE, COWS, MILK - INVENTORY, AVG, MEASURED IN HEAD",HEAD,"91,000"
2024,MONTHLY,MAY,UTAH,UT,49,"CATTLE, COWS, MILK - INVENTORY, AVG, MEASURED IN HEAD",HEAD,"91,000"
2024,MONTHLY,NOV,UTAH,UT,49,"CATTLE, COWS, MILK - INVENTORY, AVG, MEASURED IN HEAD",HEAD,"91,000"
2024,MONTHLY,OCT,UTAH,UT,49,"CATTLE, COWS, MILK - INVENTORY, AVG, MEASURED IN HEAD",HEAD,"91,000"
2024,MONTHLY,OCT THRU DEC,UTAH,UT,49,"CATTLE, COWS, MILK - INVENTORY, AVG, MEASURED IN HEAD",HEAD,"91,000"
2024,MONTHLY,SEP,UTAH,UT,49,"CATTLE, COWS, MILK - INVENTORY, AVG, MEASURED IN HEAD",HEAD,"91,000"
2024,MONTHLY,APR,VIRGINIA,VA,51,"CATTLE, COWS, MILK - INVENTORY, AVG, MEASURED IN HEAD",HEAD,"67,000"
2024,MONTHLY,APR THRU JUN,VIRGINIA,VA,51,"CATTLE, COWS, MILK - INVENTORY, AVG, MEASURED IN HEAD",HEAD,"67,000"
2024,MONTHLY,AUG,VIRGINIA,VA,51,"CATTLE, COWS, MILK - INVENTORY, AVG, MEASURED IN HEAD",HEAD,"66,000"
2024,MONTHLY,DEC,VIRGINIA,VA,51,"CATTLE, COWS, MILK - INVENTORY, AVG, MEASURED IN HEAD",HEAD,"66,000"
2024,MONTHLY,FEB,VIRGINIA,VA,51,"CATTLE, COWS, MILK - INVENTORY, AVG, MEASURED IN HEAD",HEAD,"67,000"
2024,MONTHLY,JAN,VIRGINIA,VA,51,"CATTLE, COWS, MILK - INVENTORY, AVG, MEASURED IN HEAD",HEAD,"67,000"
2024,MONTHLY,JAN THRU MAR,VIRGINIA,VA,51,"CATTLE, COWS, MILK - INVENTORY, AVG, MEASURED IN HEAD",HEAD,"67,000"
2024,MONTHLY,JUL,VIRGINIA,VA,51,"CATTLE, COWS, MILK - INVENTORY, AVG, MEASURED IN HEAD",HEAD,"66,000"
2024,MONTHLY,JUL THRU SEP,VIRGINIA,VA,51,"CATTLE, COWS, MILK - INVENTORY, AVG, MEASURED IN HEAD",HEAD,"66,000"
2024,MONTHLY,JUN,VIRGINIA,VA,51,"CATTLE, COWS, MILK - INVENTORY, AVG, MEASURED IN HEAD",HEAD,"66,000"
2024,MONTHLY,MAR,VIRGINIA,VA,51,"CATTLE, COWS, MILK - INVENTORY, AVG, MEASURED IN HEAD",HEAD,"67,000"
2024,MONTHLY,MAY,VIRGINIA,VA,51,"CATTLE, COWS, MILK - INVENTORY, AVG, MEASURED IN HEAD",HEAD,"67,000"
2024,MONTHLY,NOV,VIRGINIA,VA,51,"CATTLE, COWS, MILK - INVENTORY, AVG, MEASURED IN HEAD",HEAD,"66,000"
2024,MONTHLY,OCT,VIRGINIA,VA,51,"CATTLE, COWS, MILK - INVENTORY, AVG, MEASURED IN HEAD",HEAD,"66,000"
2024,MONTHLY,OCT THRU DEC,VIRGINIA,VA,51,"CATTLE, COWS, MILK - INVENTORY, AVG, MEASURED IN HEAD",HEAD,"66,000"
2024,MONTHLY,SEP,VIRGINIA,VA,51,"CATTLE, COWS, MILK - INVENTORY, AVG, MEASURED IN HEAD",HEAD,"66,000"
2024,MONTHLY,APR,VERMONT,VT,50,"CATTLE, COWS, MILK - INVENTORY, AVG, MEASURED IN HEAD",HEAD,"115,000"
2024,MONTHLY,APR THRU JUN,VERMONT,VT,50,"CATTLE, COWS, MILK - INVENTORY, AVG, MEASURED IN HEAD",HEAD,"114,000"
2024,MONTHLY,AUG,VERMONT,VT,50,"CATTLE, COWS, MILK - INVENTORY, AVG, MEASURED IN HEAD",HEAD,"113,000"
2024,MONTHLY,DEC,VERMONT,VT,50,"CATTLE, COWS, MILK - INVENTORY, AVG, MEASURED IN HEAD",HEAD,"113,000"
2024,MONTHLY,FEB,VERMONT,VT,50,"CATTLE, COWS, MILK - INVENTORY, AVG, MEASURED IN HEAD",HEAD,"116,000"
2024,MONTHLY,JAN,VERMONT,VT,50,"CATTLE, COWS, MILK - INVENTORY, AVG, MEASURED IN HEAD",HEAD,"116,000"
2024,MONTHLY,JAN THRU MAR,VERMONT,VT,50,"CATTLE, COWS, MILK - INVENTORY, AVG, MEASURED IN HEAD",HEAD,"116,000"
2024,MONTHLY,JUL,VERMONT,VT,50,"CATTLE, COWS, MILK - INVENTORY, AVG, MEASURED IN HEAD",HEAD,"114,000"
2024,MONTHLY,JUL THRU SEP,VERMONT,VT,50,"CATTLE, COWS, MILK - INVENTORY, AVG, MEASURED IN HEAD",HEAD,"113,000"
2024,MONTHLY,JUN,VERMONT,VT,50,"CATTLE, COWS, MILK - INVENTORY, AVG, MEASURED IN HEAD",HEAD,"114,000"
2024,MONTHLY,MAR,VERMONT,VT,50,"CATTLE, COWS, MILK - INVENTORY, AVG, MEASURED IN HEAD",HEAD,"115,000"
2024,MONTHLY,MAY,VERMONT,VT,50,"CATTLE, COWS, MILK - INVENTORY, AVG, MEASURED IN HEAD",HEAD,"114,000"
2024,MONTHLY,NOV,VERMONT,VT,50,"CATTLE, COWS, MILK - INVENTORY, AVG, MEASURED IN HEAD",HEAD,"113,000"
2024,MONTHLY,OCT,VERMONT,VT,50,"CATTLE, COWS, MILK - INVENTORY, AVG, MEASURED IN HEAD",HEAD,"113,000"
2024,MONTHLY,OCT THRU DEC,VERMONT,VT,50,"CATTLE, COWS, MILK - INVENTORY, AVG, MEASURED IN HEAD",HEAD,"113,000"
2024,MONTHLY,SEP,VERMONT,VT,50,"CATTLE, COWS, MILK - INVENTORY, AVG, MEASURED IN HEAD",HEAD,"113,000"
2024,MONTHLY,APR,WASHINGTON,WA,53,"CATTLE, COWS, MILK - INVENTORY, AVG, MEASURED IN HEAD",HEAD,"261,000"
2024,MONTHLY,APR THRU JUN,WASHINGTON,WA,53,"CATTLE, COWS, MILK - INVENTORY, AVG, MEASURED IN HEAD",HEAD,"260,000"
2024,MONTHLY,AUG,WASHINGTON,WA,53,"CATTLE, COWS, MILK - INVENTORY, AVG, MEASURED IN HEAD",HEAD,"260,000"
2024,MONTHLY,DEC,WASHINGTON,WA,53,"CATTLE, COWS, MILK - INVENTORY, AVG, MEASURED IN HEAD",HEAD,"254,000"
2024,MONTHLY,FEB,WASHINGTON,WA,53,"CATTLE, COWS, MILK - INVENTORY, AVG, MEASURED IN HEAD",HEAD,"258,000"
2024,MONTHLY,JAN,WASHINGTON,WA,53,"CATTLE, COWS, MILK - INVENTORY, AVG, MEASURED IN HEAD",HEAD,"257,000"
2024,MONTHLY,JAN THRU MAR,WASHINGTON,WA,53,"CATTLE, COWS, MILK - INVENTORY, AVG, MEASURED IN HEAD",HEAD,"258,000"
2024,MONTHLY,JUL,WASHINGTON,WA,53,"CATTLE, COWS, MILK - INVENTORY, AVG, MEASURED IN HEAD",HEAD,"260,000"
2024,MONTHLY,JUL THRU SEP,WASHINGTON,WA,53,"CATTLE, COWS, MILK - INVENTORY, AVG, MEASURED IN HEAD",HEAD,"260,000"
2024,MONTHLY,JUN,WASHINGTON,WA,53,"CATTLE, COWS, MILK - INVENTORY, AVG, MEASURED IN HEAD",HEAD,"260,000"
2024,MONTHLY,MAR,WASHINGTON,WA,53,"CATTLE, COWS, MILK - INVENTORY, AVG, MEASURED IN HEAD",HEAD,"260,000"
2024,MONTHLY,MAY,WASHINGTON,WA,53,"CATTLE, COWS, MILK - INVENTORY, AVG, MEASURED IN HEAD",HEAD,"260,000"
2024,MONTHLY,NOV,WASHINGTON,WA,53,"CATTLE, COWS, MILK - INVENTORY, AVG, MEASURED IN HEAD",HEAD,"255,000"
2024,MONTHLY,OCT,WASHINGTON,WA,53,"CATTLE, COWS, MILK - INVENTORY, AVG, MEASURED IN HEAD",HEAD,"259,000"
2024,MONTHLY,OCT THRU DEC,WASHINGTON,WA,53,"CATTLE, COWS, MILK - INVENTORY, AVG, MEASURED IN HEAD",HEAD,"256,000"
2024,MONTHLY,SEP,WASHINGTON,WA,53,"CATTLE, COWS, MILK - INVENTORY, AVG, MEASURED IN HEAD",HEAD,"259,000"
2024,MONTHLY,APR,WISCONSIN,WI,55,"CATTLE, COWS, MILK - INVENTORY, AVG, MEASURED IN HEAD",HEAD,"1,272,000"
2024,MONTHLY,APR THRU JUN,WISCONSIN,WI,55,"CATTLE, COWS, MILK - INVENTORY, AVG, MEASURED IN HEAD",HEAD,"1,271,000"
2024,MONTHLY,AUG,WISCONSIN,WI,55,"CATTLE, COWS, MILK - INVENTORY, AVG, MEASURED IN HEAD",HEAD,"1,266,000"
2024,MONTHLY,DEC,WISCONSIN,WI,55,"CATTLE, COWS, MILK - INVENTORY, AVG, MEASURED IN HEAD",HEAD,"1,265,000"
2024,MONTHLY,FEB,WISCONSIN,WI,55,"CATTLE, COWS, MILK - INVENTORY, AVG, MEASURED IN HEAD",HEAD,"1,270,000"
2024,MONTHLY,JAN,WISCONSIN,WI,55,"CATTLE, COWS, MILK - INVENTORY, AVG, MEASURED IN HEAD",HEAD,"1,270,000"
2024,MONTHLY,JAN THRU MAR,WISCONSIN,WI,55,"CATTLE, COWS, MILK - INVENTORY, AVG, MEASURED IN HEAD",HEAD,"1,270,000"
2024,MONTHLY,JUL,WISCONSIN,WI,55,"CATTLE, COWS, MILK - INVENTORY, AVG, MEASURED IN HEAD",HEAD,"1,268,000"
2024,MONTHLY,JUL THRU SEP,WISCONSIN,WI,55,"CATTLE, COWS, MILK - INVENTORY, AVG, MEASURED IN HEAD",HEAD,"1,267,000"
2024,MONTHLY,JUN,WISCONSIN,WI,55,"CATTLE, COWS, MILK - INVENTORY, AVG, MEASURED IN HEAD",HEAD,"1,270,000"
2024,MONTHLY,MAR,WISCONSIN,WI,55,"CATTLE, COWS, MILK - INVENTORY, AVG, MEASURED IN HEAD",HEAD,"1,270,000"
2024,MONTHLY,MAY,WISCONSIN,WI,55,"CATTLE, COWS, MILK - INVENTORY, AVG, MEASURED IN HEAD",HEAD,"1,272,000"
2024,MONTHLY,NOV,WISCONSIN,WI,55,"CATTLE, COWS, MILK - INVENTORY, AVG, MEASURED IN HEAD",HEAD,"1,266,000"
2024,MONTHLY,OCT,WISCONSIN,WI,55,"CATTLE, COWS, MILK - INVENTORY, AVG, MEASURED IN HEAD",HEAD,"1,266,000"
2024,MONTHLY,OCT THRU DEC,WISCONSIN,WI,55,"CATTLE, COWS, MILK - INVENTORY, AVG, MEASURED IN HEAD",HEAD,"1,266,000"
2024,MONTHLY,SEP,WISCONSIN,WI,55,"CATTLE, COWS, MILK - INVENTORY, AVG, MEASURED IN HEAD",HEAD,"1,266,000"
2024,MONTHLY,APR THRU JUN,WEST VIRGINIA,WV,54,"CATTLE, COWS, MILK - INVENTORY, AVG, MEASURED IN HEAD",HEAD,"4,000"
2024,MONTHLY,JAN THRU MAR,WEST VIRGINIA,WV,54,"CATTLE, COWS, MILK - INVENTORY, AVG, MEASURED IN HEAD",HEAD,"4,000"
2024,MONTHLY,JUL THRU SEP,WEST VIRGINIA,WV,54,"CATTLE, COWS, MILK - INVENTORY, AVG, MEASURED IN HEAD",HEAD,"4,000"
2024,MONTHLY,OCT THRU DEC,WEST VIRGINIA,WV,54,"CATTLE, COWS, MILK - INVENTORY, AVG, MEASURED IN HEAD",HEAD,"4,000"
2024,MONTHLY,APR THRU JUN,WYOMING,WY,56,"CATTLE, COWS, MILK - INVENTORY, AVG, MEASURED IN HEAD",HEAD,"9,000"
2024,MONTHLY,JAN THRU MAR,WYOMING,WY,56,"CATTLE, COWS, MILK - INVENTORY, AVG, MEASURED IN HEAD",HEAD,"9,000"
2024,MONTHLY,JUL THRU SEP,WYOMING,WY,56,"CATTLE, COWS, MILK - INVENTORY, AVG, MEASURED IN HEAD",HEAD,"9,000"
2024,MONTHLY,OCT THRU DEC,WYOMING,WY,56,"CATTLE, COWS, MILK - INVENTORY, AVG, MEASURED IN HEAD",HEAD,"9,000"
2025,MONTHLY,APR,ARIZONA,AZ,04,"CATTLE, COWS, MILK - INVENTORY, AVG, MEASURED IN HEAD",HEAD,"191,000"
2025,MONTHLY,APR THRU JUN,ARIZONA,AZ,04,"CATTLE, COWS, MILK - INVENTORY, AVG, MEASURED IN HEAD",HEAD,"191,000"
2025,MONTHLY,AUG,ARIZONA,AZ,04,"CATTLE, COWS, MILK - INVENTORY, AVG, MEASURED IN HEAD",HEAD,"202,000"
2025,MONTHLY,DEC,ARIZONA,AZ,04,"CATTLE, COWS, MILK - INVENTORY, AVG, MEASURED IN HEAD",HEAD,"196,000"
2025,MONTHLY,FEB,ARIZONA,AZ,04,"CATTLE, COWS, MILK - INVENTORY, AVG, MEASURED IN HEAD",HEAD,"192,000"
2025,MONTHLY,JAN,ARIZONA,AZ,04,"CATTLE, COWS, MILK - INVENTORY, AVG, MEASURED IN HEAD",HEAD,"192,000"
2025,MONTHLY,JAN THRU MAR,ARIZONA,AZ,04,"CATTLE, COWS, MILK - INVENTORY, AVG, MEASURED IN HEAD",HEAD,"192,000"
2025,MONTHLY,JUL,ARIZONA,AZ,04,"CATTLE, COWS, MILK - INVENTORY, AVG, MEASURED IN HEAD",HEAD,"196,000"
2025,MONTHLY,JUL THRU SEP,ARIZONA,AZ,04,"CATTLE, COWS, MILK - INVENTORY, AVG, MEASURED IN HEAD",HEAD,"199,000"
2025,MONTHLY,JUN,ARIZONA,AZ,04,"CATTLE, COWS, MILK - INVENTORY, AVG, MEASURED IN HEAD",HEAD,"191,000"
2025,MONTHLY,MAR,ARIZONA,AZ,04,"CATTLE, COWS, MILK - INVENTORY, AVG, MEASURED IN HEAD",HEAD,"191,000"
2025,MONTHLY,MAY,ARIZONA,AZ,04,"CATTLE, COWS, MILK - INVENTORY, AVG, MEASURED IN HEAD",HEAD,"191,000"
2025,MONTHLY,NOV,ARIZONA,AZ,04,"CATTLE, COWS, MILK - INVENTORY, AVG, MEASURED IN HEAD",HEAD,"196,000"
2025,MONTHLY,OCT,ARIZONA,AZ,04,"CATTLE, COWS, MILK - INVENTORY, AVG, MEASURED IN HEAD",HEAD,"197,000"
2025,MONTHLY,OCT THRU DEC,ARIZONA,AZ,04,"CATTLE, COWS, MILK - INVENTORY, AVG, MEASURED IN HEAD",HEAD,"196,000"
2025,MONTHLY,SEP,ARIZONA,AZ,04,"CATTLE, COWS, MILK - INVENTORY, AVG, MEASURED IN HEAD",HEAD,"200,000"
2025,MONTHLY,APR,CALIFORNIA,CA,06,"CATTLE, COWS, MILK - INVENTORY, AVG, MEASURED IN HEAD",HEAD,"1,710,000"
2025,MONTHLY,APR THRU JUN,CALIFORNIA,CA,06,"CATTLE, COWS, MILK - INVENTORY, AVG, MEASURED IN HEAD",HEAD,"1,710,000"
2025,MONTHLY,AUG,CALIFORNIA,CA,06,"CATTLE, COWS, MILK - INVENTORY, AVG, MEASURED IN HEAD",HEAD,"1,715,000"
2025,MONTHLY,DEC,CALIFORNIA,CA,06,"CATTLE, COWS, MILK - INVENTORY, AVG, MEASURED IN HEAD",HEAD,"1,712,000"
2025,MONTHLY,FEB,CALIFORNIA,CA,06,"CATTLE, COWS, MILK - INVENTORY, AVG, MEASURED IN HEAD",HEAD,"1,709,000"
2025,MONTHLY,JAN,CALIFORNIA,CA,06,"CATTLE, COWS, MILK - INVENTORY, AVG, MEASURED IN HEAD",HEAD,"1,710,000"
2025,MONTHLY,JAN THRU MAR,CALIFORNIA,CA,06,"CATTLE, COWS, MILK - INVENTORY, AVG, MEASURED IN HEAD",HEAD,"1,710,000"
2025,MONTHLY,JUL,CALIFORNIA,CA,06,"CATTLE, COWS, MILK - INVENTORY, AVG, MEASURED IN HEAD",HEAD,"1,715,000"
2025,MONTHLY,JUL THRU SEP,CALIFORNIA,CA,06,"CATTLE, COWS, MILK - INVENTORY, AVG, MEASURED IN HEAD",HEAD,"1,714,000"
2025,MONTHLY,JUN,CALIFORNIA,CA,06,"CATTLE, COWS, MILK - INVENTORY, AVG, MEASURED IN HEAD",HEAD,"1,710,000"
2025,MONTHLY,MAR,CALIFORNIA,CA,06,"CATTLE, COWS, MILK - INVENTORY, AVG, MEASURED IN HEAD",HEAD,"1,710,000"
2025,MONTHLY,MAY,CALIFORNIA,CA,06,"CATTLE, COWS, MILK - INVENTORY, AVG, MEASURED IN HEAD",HEAD,"1,710,000"
2025,MONTHLY,NOV,CALIFORNIA,CA,06,"CATTLE, COWS, MILK - INVENTORY, AVG, MEASURED IN HEAD",HEAD,"1,712,000"
2025,MONTHLY,OCT,CALIFORNIA,CA,06,"CATTLE, COWS, MILK - INVENTORY, AVG, MEASURED IN HEAD",HEAD,"1,713,000"
2025,MONTHLY,OCT THRU DEC,CALIFORNIA,CA,06,"CATTLE, COWS, MILK - INVENTORY, AVG, MEASURED IN HEAD",HEAD,"1,712,000"
2025,MONTHLY,SEP,CALIFORNIA,CA,06,"CATTLE, COWS, MILK - INVENTORY, AVG, MEASURED IN HEAD",HEAD,"1,713,000"
2025,MONTHLY,APR,COLORADO,CO,08,"CATTLE, COWS, MILK - INVENTORY, AVG, MEASURED IN HEAD",HEAD,"209,000"
2025,MONTHLY,APR THRU JUN,COLORADO,CO,08,"CATTLE, COWS, MILK - INVENTORY, AVG, MEASURED IN HEAD",HEAD,"210,000"
2025,MONTHLY,AUG,COLORADO,CO,08,"CATTLE, COWS, MILK - INVENTORY, AVG, MEASURED IN HEAD",HEAD,"211,000"
2025,MONTHLY,DEC,COLORADO,CO,08,"CATTLE, COWS, MILK - INVENTORY, AVG, MEASURED IN HEAD",HEAD,"210,000"
2025,MONTHLY,FEB,COLORADO,CO,08,"CATTLE, COWS, MILK - INVENTORY, AVG, MEASURED IN HEAD",HEAD,"208,000"
2025,MONTHLY,JAN,COLORADO,CO,08,"CATTLE, COWS, MILK - INVENTORY, AVG, MEASURED IN HEAD",HEAD,"206,000"
2025,MONTHLY,JAN THRU MAR,COLORADO,CO,08,"CATTLE, COWS, MILK - INVENTORY, AVG, MEASURED IN HEAD",HEAD,"208,000"
2025,MONTHLY,JUL,COLORADO,CO,08,"CATTLE, COWS, MILK - INVENTORY, AVG, MEASURED IN HEAD",HEAD,"211,000"
2025,MONTHLY,JUL THRU SEP,COLORADO,CO,08,"CATTLE, COWS, MILK - INVENTORY, AVG, MEASURED IN HEAD",HEAD,"211,000"
2025,MONTHLY,JUN,COLORADO,CO,08,"CATTLE, COWS, MILK - INVENTORY, AVG, MEASURED IN HEAD",HEAD,"211,000"
2025,MONTHLY,MAR,COLORADO,CO,08,"CATTLE, COWS, MILK - INVENTORY, AVG, MEASURED IN HEAD",HEAD,"209,000"
2025,MONTHLY,MAY,COLORADO,CO,08,"CATTLE, COWS, MILK - INVENTORY, AVG, MEASURED IN HEAD",HEAD,"210,000"
2025,MONTHLY,NOV,COLORADO,CO,08,"CATTLE, COWS, MILK - INVENTORY, AVG, MEASURED IN HEAD",HEAD,"210,000"
2025,MONTHLY,OCT,COLORADO,CO,08,"CATTLE, COWS, MILK - INVENTORY, AVG, MEASURED IN HEAD",HEAD,"211,000"
2025,MONTHLY,OCT THRU DEC,COLORADO,CO,08,"CATTLE, COWS, MILK - INVENTORY, AVG, MEASURED IN HEAD",HEAD,"210,000"
2025,MONTHLY,SEP,COLORADO,CO,08,"CATTLE, COWS, MILK - INVENTORY, AVG, MEASURED IN HEAD",HEAD,"211,000"
2025,MONTHLY,APR,FLORIDA,FL,12,"CATTLE, COWS, MILK - INVENTORY, AVG, MEASURED IN HEAD",HEAD,"95,000"
2025,MONTHLY,APR THRU JUN,FLORIDA,FL,12,"CATTLE, COWS, MILK - INVENTORY, AVG, MEASURED IN HEAD",HEAD,"96,000"
2025,MONTHLY,AUG,FLORIDA,FL,12,"CATTLE, COWS, MILK - INVENTORY, AVG, MEASURED IN HEAD",HEAD,"97,000"
2025,MONTHLY,DEC,FLORIDA,FL,12,"CATTLE, COWS, MILK - INVENTORY, AVG, MEASURED IN HEAD",HEAD,"98,000"
2025,MONTHLY,FEB,FLORIDA,FL,12,"CATTLE, COWS, MILK - INVENTORY, AVG, MEASURED IN HEAD",HEAD,"95,000"
2025,MONTHLY,JAN,FLORIDA,FL,12,"CATTLE, COWS, MILK - INVENTORY, AVG, MEASURED IN HEAD",HEAD,"95,000"
2025,MONTHLY,JAN THRU MAR,FLORIDA,FL,12,"CATTLE, COWS, MILK - INVENTORY, AVG, MEASURED IN HEAD",HEAD,"95,000"
2025,MONTHLY,JUL,FLORIDA,FL,12,"CATTLE, COWS, MILK - INVENTORY, AVG, MEASURED IN HEAD",HEAD,"97,000"
2025,MONTHLY,JUL THRU SEP,FLORIDA,FL,12,"CATTLE, COWS, MILK - INVENTORY, AVG, MEASURED IN HEAD",HEAD,"98,000"
2025,MONTHLY,JUN,FLORIDA,FL,12,"CATTLE, COWS, MILK - INVENTORY, AVG, MEASURED IN HEAD",HEAD,"97,000"
2025,MONTHLY,MAR,FLORIDA,FL,12,"CATTLE, COWS, MILK - INVENTORY, AVG, MEASURED IN HEAD",HEAD,"95,000"
2025,MONTHLY,MAY,FLORIDA,FL,12,"CATTLE, COWS, MILK - INVENTORY, AVG, MEASURED IN HEAD",HEAD,"97,000"
2025,MONTHLY,NOV,FLORIDA,FL,12,"CATTLE, COWS, MILK - INVENTORY, AVG, MEASURED IN HEAD",HEAD,"98,000"
2025,MONTHLY,OCT,FLORIDA,FL,12,"CATTLE, COWS, MILK - INVENTORY, AVG, MEASURED IN HEAD",HEAD,"99,000"
2025,MONTHLY,OCT THRU DEC,FLORIDA,FL,12,"CATTLE, COWS, MILK - INVENTORY, AVG, MEASURED IN HEAD",HEAD,"98,000"
2025,MONTHLY,SEP,FLORIDA,FL,12,"CATTLE, COWS, MILK - INVENTORY, AVG, MEASURED IN HEAD",HEAD,"99,000"
2025,MONTHLY,APR,GEORGIA,GA,13,"CATTLE, COWS, MILK - INVENTORY, AVG, MEASURED IN HEAD",HEAD,"87,000"
2025,MONTHLY,APR THRU JUN,GEORGIA,GA,13,"CATTLE, COWS, MILK - INVENTORY, AVG, MEASURED IN HEAD",HEAD,"87,000"
2025,MONTHLY,AUG,GEORGIA,GA,13,"CATTLE, COWS, MILK - INVENTORY, AVG, MEASURED IN HEAD",HEAD,"89,000"
2025,MONTHLY,DEC,GEORGIA,GA,13,"CATTLE, COWS, MILK - INVENTORY, AVG, MEASURED IN HEAD",HEAD,"89,000"
2025,MONTHLY,FEB,GEORGIA,GA,13,"CATTLE, COWS, MILK - INVENTORY, AVG, MEASURED IN HEAD",HEAD,"85,000"
2025,MONTHLY,JAN,GEORGIA,GA,13,"CATTLE, COWS, MILK - INVENTORY, AVG, MEASURED IN HEAD",HEAD,"85,000"
2025,MONTHLY,JAN THRU MAR,GEORGIA,GA,13,"CATTLE, COWS, MILK - INVENTORY, AVG, MEASURED IN HEAD",HEAD,"85,000"
2025,MONTHLY,JUL,GEORGIA,GA,13,"CATTLE, COWS, MILK - INVENTORY, AVG, MEASURED IN HEAD",HEAD,"89,000"
2025,MONTHLY,JUL THRU SEP,GEORGIA,GA,13,"CATTLE, COWS, MILK - INVENTORY, AVG, MEASURED IN HEAD",HEAD,"89,000"
2025,MONTHLY,JUN,GEORGIA,GA,13,"CATTLE, COWS, MILK - INVENTORY, AVG, MEASURED IN HEAD",HEAD,"87,000"
2025,MONTHLY,MAR,GEORGIA,GA,13,"CATTLE, COWS, MILK - INVENTORY, AVG, MEASURED IN HEAD",HEAD,"85,000"
2025,MONTHLY,MAY,GEORGIA,GA,13,"CATTLE, COWS, MILK - INVENTORY, AVG, MEASURED IN HEAD",HEAD,"87,000"
2025,MONTHLY,NOV,GEORGIA,GA,13,"CATTLE, COWS, MILK - INVENTORY, AVG, MEASURED IN HEAD",HEAD,"89,000"
2025,MONTHLY,OCT,GEORGIA,GA,13,"CATTLE, COWS, MILK - INVENTORY, AVG, MEASURED IN HEAD",HEAD,"89,000"
2025,MONTHLY,OCT THRU DEC,GEORGIA,GA,13,"CATTLE, COWS, MILK - INVENTORY, AVG, MEASURED IN HEAD",HEAD,"89,000"
2025,MONTHLY,SEP,GEORGIA,GA,13,"CATTLE, COWS, MILK - INVENTORY, AVG, MEASURED IN HEAD",HEAD,"89,000"
2025,MONTHLY,APR,IOWA,IA,19,"CATTLE, COWS, MILK - INVENTORY, AVG, MEASURED IN HEAD",HEAD,"244,000"
2025,MONTHLY,APR THRU JUN,IOWA,IA,19,"CATTLE, COWS, MILK - INVENTORY, AVG, MEASURED IN HEAD",HEAD,"243,000"
2025,MONTHLY,AUG,IOWA,IA,19,"CATTLE, COWS, MILK - INVENTORY, AVG, MEASURED IN HEAD",HEAD,"244,000"
2025,MONTHLY,DEC,IOWA,IA,19,"CATTLE, COWS, MILK - INVENTORY, AVG, MEASURED IN HEAD",HEAD,"245,000"
2025,MONTHLY,FEB,IOWA,IA,19,"CATTLE, COWS, MILK - INVENTORY, AVG, MEASURED IN HEAD",HEAD,"244,000"
2025,MONTHLY,JAN,IOWA,IA,19,"CATTLE, COWS, MILK - INVENTORY, AVG, MEASURED IN HEAD",HEAD,"245,000"
2025,MONTHLY,JAN THRU MAR,IOWA,IA,19,"CATTLE, COWS, MILK - INVENTORY, AVG, MEASURED IN HEAD",HEAD,"244,000"
2025,MONTHLY,JUL,IOWA,IA,19,"CATTLE, COWS, MILK - INVENTORY, AVG, MEASURED IN HEAD",HEAD,"242,000"
2025,MONTHLY,JUL THRU SEP,IOWA,IA,19,"CATTLE, COWS, MILK - INVENTORY, AVG, MEASURED IN HEAD",HEAD,"244,000"
2025,MONTHLY,JUN,IOWA,IA,19,"CATTLE, COWS, MILK - INVENTORY, AVG, MEASURED IN HEAD",HEAD,"242,000"
2025,MONTHLY,MAR,IOWA,IA,19,"CATTLE, COWS, MILK - INVENTORY, AVG, MEASURED IN HEAD",HEAD,"244,000"
2025,MONTHLY,MAY,IOWA,IA,19,"CATTLE, COWS, MILK - INVENTORY, AVG, MEASURED IN HEAD",HEAD,"244,000"
2025,MONTHLY,NOV,IOWA,IA,19,"CATTLE, COWS, MILK - INVENTORY, AVG, MEASURED IN HEAD",HEAD,"245,000"
2025,MONTHLY,OCT,IOWA,IA,19,"CATTLE, COWS, MILK - INVENTORY, AVG, MEASURED IN HEAD",HEAD,"246,000"
2025,MONTHLY,OCT THRU DEC,IOWA,IA,19,"CATTLE, COWS, MILK - INVENTORY, AVG, MEASURED IN HEAD",HEAD,"245,000"
2025,MONTHLY,SEP,IOWA,IA,19,"CATTLE, COWS, MILK - INVENTORY, AVG, MEASURED IN HEAD",HEAD,"246,000"
2025,MONTHLY,APR,IDAHO,ID,16,"CATTLE, COWS, MILK - INVENTORY, AVG, MEASURED IN HEAD",HEAD,"704,000"
2025,MONTHLY,APR THRU JUN,IDAHO,ID,16,"CATTLE, COWS, MILK - INVENTORY, AVG, MEASURED IN HEAD",HEAD,"710,000"
2025,MONTHLY,AUG,IDAHO,ID,16,"CATTLE, COWS, MILK - INVENTORY, AVG, MEASURED IN HEAD",HEAD,"722,000"
2025,MONTHLY,DEC,IDAHO,ID,16,"CATTLE, COWS, MILK - INVENTORY, AVG, MEASURED IN HEAD",HEAD,"725,000"
2025,MONTHLY,FEB,IDAHO,ID,16,"CATTLE, COWS, MILK - INVENTORY, AVG, MEASURED IN HEAD",HEAD,"700,000"
2025,MONTHLY,JAN,IDAHO,ID,16,"CATTLE, COWS, MILK - INVENTORY, AVG, MEASURED IN HEAD",HEAD,"700,000"
2025,MONTHLY,JAN THRU MAR,IDAHO,ID,16,"CATTLE, COWS, MILK - INVENTORY, AVG, MEASURED IN HEAD",HEAD,"700,000"
2025,MONTHLY,JUL,IDAHO,ID,16,"CATTLE, COWS, MILK - INVENTORY, AVG, MEASURED IN HEAD",HEAD,"723,000"
2025,MONTHLY,JUL THRU SEP,IDAHO,ID,16,"CATTLE, COWS, MILK - INVENTORY, AVG, MEASURED IN HEAD",HEAD,"723,000"
2025,MONTHLY,JUN,IDAHO,ID,16,"CATTLE, COWS, MILK - INVENTORY, AVG, MEASURED IN HEAD",HEAD,"715,000"
2025,MONTHLY,MAR,IDAHO,ID,16,"CATTLE, COWS, MILK - INVENTORY, AVG, MEASURED IN HEAD",HEAD,"700,000"
2025,MONTHLY,MAY,IDAHO,ID,16,"CATTLE, COWS, MILK - INVENTORY, AVG, MEASURED IN HEAD",HEAD,"710,000"
2025,MONTHLY,NOV,IDAHO,ID,16,"CATTLE, COWS, MILK - INVENTORY, AVG, MEASURED IN HEAD",HEAD,"721,000"
2025,MONTHLY,OCT,IDAHO,ID,16,"CATTLE, COWS, MILK - INVENTORY, AVG, MEASURED IN HEAD",HEAD,"720,000"
2025,MONTHLY,OCT THRU DEC,IDAHO,ID,16,"CATTLE, COWS, MILK - INVENTORY, AVG, MEASURED IN HEAD",HEAD,"722,000"
2025,MONTHLY,SEP,IDAHO,ID,16,"CATTLE, COWS, MILK - INVENTORY, AVG, MEASURED IN HEAD",HEAD,"725,000"
2025,MONTHLY,APR,ILLINOIS,IL,17,"CATTLE, COWS, MILK - INVENTORY, AVG, MEASURED IN HEAD",HEAD,"76,000"
2025,MONTHLY,APR THRU JUN,ILLINOIS,IL,17,"CATTLE, COWS, MILK - INVENTORY, AVG, MEASURED IN HEAD",HEAD,"76,000"
2025,MONTHLY,AUG,ILLINOIS,IL,17,"CATTLE, COWS, MILK - INVENTORY, AVG, MEASURED IN HEAD",HEAD,"75,000"
2025,MONTHLY,DEC,ILLINOIS,IL,17,"CATTLE, COWS, MILK - INVENTORY, AVG, MEASURED IN HEAD",HEAD,"76,000"
2025,MONTHLY,FEB,ILLINOIS,IL,17,"CATTLE, COWS, MILK - INVENTORY, AVG, MEASURED IN HEAD",HEAD,"77,000"
2025,MONTHLY,JAN,ILLINOIS,IL,17,"CATTLE, COWS, MILK - INVENTORY, AVG, MEASURED IN HEAD",HEAD,"77,000"
2025,MONTHLY,JAN THRU MAR,ILLINOIS,IL,17,"CATTLE, COWS, MILK - INVENTORY, AVG, MEASURED IN HEAD",HEAD,"77,000"
2025,MONTHLY,JUL,ILLINOIS,IL,17,"CATTLE, COWS, MILK - INVENTORY, AVG, MEASURED IN HEAD",HEAD,"74,000"
2025,MONTHLY,JUL THRU SEP,ILLINOIS,IL,17,"CATTLE, COWS, MILK - INVENTORY, AVG, MEASURED IN HEAD",HEAD,"76,000"
2025,MONTHLY,JUN,ILLINOIS,IL,17,"CATTLE, COWS, MILK - INVENTORY, AVG, MEASURED IN HEAD",HEAD,"75,000"
2025,MONTHLY,MAR,ILLINOIS,IL,17,"CATTLE, COWS, MILK - INVENTORY, AVG, MEASURED IN HEAD",HEAD,"77,000"
2025,MONTHLY,MAY,ILLINOIS,IL,17,"CATTLE, COWS, MILK - INVENTORY, AVG, MEASURED IN HEAD",HEAD,"76,000"
2025,MONTHLY,NOV,ILLINOIS,IL,17,"CATTLE, COWS, MILK - INVENTORY, AVG, MEASURED IN HEAD",HEAD,"76,000"
2025,MONTHLY,OCT,ILLINOIS,IL,17,"CATTLE, COWS, MILK - INVENTORY, AVG, MEASURED IN HEAD",HEAD,"77,000"
2025,MONTHLY,OCT THRU DEC,ILLINOIS,IL,17,"CATTLE, COWS, MILK - INVENTORY, AVG, MEASURED IN HEAD",HEAD,"76,000"
2025,MONTHLY,SEP,ILLINOIS,IL,17,"CATTLE, COWS, MILK - INVENTORY, AVG, MEASURED IN HEAD",HEAD,"79,000"
2025,MONTHLY,APR,INDIANA,IN,18,"CATTLE, COWS, MILK - INVENTORY, AVG, MEASURED IN HEAD",HEAD,"189,000"
2025,MONTHLY,APR THRU JUN,INDIANA,IN,18,"CATTLE, COWS, MILK - INVENTORY, AVG, MEASURED IN HEAD",HEAD,"191,000"
2025,MONTHLY,AUG,INDIANA,IN,18,"CATTLE, COWS, MILK - INVENTORY, AVG, MEASURED IN HEAD",HEAD,"190,000"
2025,MONTHLY,DEC,INDIANA,IN,18,"CATTLE, COWS, MILK - INVENTORY, AVG, MEASURED IN HEAD",HEAD,"195,000"
2025,MONTHLY,FEB,INDIANA,IN,18,"CATTLE, COWS, MILK - INVENTORY, AVG, MEASURED IN HEAD",HEAD,"192,000"
2025,MONTHLY,JAN,INDIANA,IN,18,"CATTLE, COWS, MILK - INVENTORY, AVG, MEASURED IN HEAD",HEAD,"191,000"
2025,MONTHLY,JAN THRU MAR,INDIANA,IN,18,"CATTLE, COWS, MILK - INVENTORY, AVG, MEASURED IN HEAD",HEAD,"192,000"
2025,MONTHLY,JUL,INDIANA,IN,18,"CATTLE, COWS, MILK - INVENTORY, AVG, MEASURED IN HEAD",HEAD,"189,000"
2025,MONTHLY,JUL THRU SEP,INDIANA,IN,18,"CATTLE, COWS, MILK - INVENTORY, AVG, MEASURED IN HEAD",HEAD,"191,000"
2025,MONTHLY,JUN,INDIANA,IN,18,"CATTLE, COWS, MILK - INVENTORY, AVG, MEASURED IN HEAD",HEAD,"191,000"
2025,MONTHLY,MAR,INDIANA,IN,18,"CATTLE, COWS, MILK - INVENTORY, AVG, MEASURED IN HEAD",HEAD,"192,000"
2025,MONTHLY,MAY,INDIANA,IN,18,"CATTLE, COWS, MILK - INVENTORY, AVG, MEASURED IN HEAD",HEAD,"194,000"
2025,MONTHLY,NOV,INDIANA,IN,18,"CATTLE, COWS, MILK - INVENTORY, AVG, MEASURED IN HEAD",HEAD,"194,000"
2025,MONTHLY,OCT,INDIANA,IN,18,"CATTLE, COWS, MILK - INVENTORY, AVG, MEASURED IN HEAD",HEAD,"194,000"
2025,MONTHLY,OCT THRU DEC,INDIANA,IN,18,"CATTLE, COWS, MILK - INVENTORY, AVG, MEASURED IN HEAD",HEAD,"194,000"
2025,MONTHLY,SEP,INDIANA,IN,18,"CATTLE, COWS, MILK - INVENTORY, AVG, MEASURED IN HEAD",HEAD,"193,000"
2025,MONTHLY,APR,KANSAS,KS,20,"CATTLE, COWS, MILK - INVENTORY, AVG, MEASURED IN HEAD",HEAD,"196,000"
2025,MONTHLY,APR THRU JUN,KANSAS,KS,20,"CATTLE, COWS, MILK - INVENTORY, AVG, MEASURED IN HEAD",HEAD,"201,000"
2025,MONTHLY,AUG,KANSAS,KS,20,"CATTLE, COWS, MILK - INVENTORY, AVG, MEASURED IN HEAD",HEAD,"218,000"
2025,MONTHLY,DEC,KANSAS,KS,20,"CATTLE, COWS, MILK - INVENTORY, AVG, MEASURED IN HEAD",HEAD,"225,000"
2025,MONTHLY,FEB,KANSAS,KS,20,"CATTLE, COWS, MILK - INVENTORY, AVG, MEASURED IN HEAD",HEAD,"181,000"
2025,MONTHLY,JAN,KANSAS,KS,20,"CATTLE, COWS, MILK - INVENTORY, AVG, MEASURED IN HEAD",HEAD,"181,000"
2025,MONTHLY,JAN THRU MAR,KANSAS,KS,20,"CATTLE, COWS, MILK - INVENTORY, AVG, MEASURED IN HEAD",HEAD,"183,000"
2025,MONTHLY,JUL,KANSAS,KS,20,"CATTLE, COWS, MILK - INVENTORY, AVG, MEASURED IN HEAD",HEAD,"213,000"
2025,MONTHLY,JUL THRU SEP,KANSAS,KS,20,"CATTLE, COWS, MILK - INVENTORY, AVG, MEASURED IN HEAD",HEAD,"217,000"
2025,MONTHLY,JUN,KANSAS,KS,20,"CATTLE, COWS, MILK - INVENTORY, AVG, MEASURED IN HEAD",HEAD,"206,000"
2025,MONTHLY,MAR,KANSAS,KS,20,"CATTLE, COWS, MILK - INVENTORY, AVG, MEASURED IN HEAD",HEAD,"187,000"
2025,MONTHLY,MAY,KANSAS,KS,20,"CATTLE, COWS, MILK - INVENTORY, AVG, MEASURED IN HEAD",HEAD,"202,000"
2025,MONTHLY,NOV,KANSAS,KS,20,"CATTLE, COWS, MILK - INVENTORY, AVG, MEASURED IN HEAD",HEAD,"223,000"
2025,MONTHLY,OCT,KANSAS,KS,20,"CATTLE, COWS, MILK - INVENTORY, AVG, MEASURED IN HEAD",HEAD,"221,000"
2025,MONTHLY,OCT THRU DEC,KANSAS,KS,20,"CATTLE, COWS, MILK - INVENTORY, AVG, MEASURED IN HEAD",HEAD,"223,000"
2025,MONTHLY,SEP,KANSAS,KS,20,"CATTLE, COWS, MILK - INVENTORY, AVG, MEASURED IN HEAD",HEAD,"219,000"
2025,MONTHLY,APR THRU JUN,KENTUCKY,KY,21,"CATTLE, COWS, MILK - INVENTORY, AVG, MEASURED IN HEAD",HEAD,"40,000"
2025,MONTHLY,JAN THRU MAR,KENTUCKY,KY,21,"CATTLE, COWS, MILK - INVENTORY, AVG, MEASURED IN HEAD",HEAD,"41,000"
2025,MONTHLY,JUL THRU SEP,KENTUCKY,KY,21,"CATTLE, COWS, MILK - INVENTORY, AVG, MEASURED IN HEAD",HEAD,"38,000"
2025,MONTHLY,OCT THRU DEC,KENTUCKY,KY,21,"CATTLE, COWS, MILK - INVENTORY, AVG, MEASURED IN HEAD",HEAD,"38,000"
2025,MONTHLY,APR THRU JUN,MARYLAND,MD,24,"CATTLE, COWS, MILK - INVENTORY, AVG, MEASURED IN HEAD",HEAD,"39,000"
2025,MONTHLY,JAN THRU MAR,MARYLAND,MD,24,"CATTLE, COWS, MILK - INVENTORY, AVG, MEASURED IN HEAD",HEAD,"38,000"
2025,MONTHLY,JUL THRU SEP,MARYLAND,MD,24,"CATTLE, COWS, MILK - INVENTORY, AVG, MEASURED IN HEAD",HEAD,"37,000"
2025,MONTHLY,OCT THRU DEC,MARYLAND,MD,24,"CATTLE, COWS, MILK - INVENTORY, AVG, MEASURED IN HEAD",HEAD,"37,000"
2025,MONTHLY,APR THRU JUN,MAINE,ME,23,"CATTLE, COWS, MILK - INVENTORY, AVG, MEASURED IN HEAD",HEAD,"24,000"
2025,MONTHLY,JAN THRU MAR,MAINE,ME,23,"CATTLE, COWS, MILK - INVENTORY, AVG, MEASURED IN HEAD",HEAD,"24,000"
2025,MONTHLY,JUL THRU SEP,MAINE,ME,23,"CATTLE, COWS, MILK - INVENTORY, AVG, MEASURED IN HEAD",HEAD,"23,000"
2025,MONTHLY,OCT THRU DEC,MAINE,ME,23,"CATTLE, COWS, MILK - INVENTORY, AVG, MEASURED IN HEAD",HEAD,"23,000"
2025,MONTHLY,APR,MICHIGAN,MI,26,"CATTLE, COWS, MILK - INVENTORY, AVG, MEASURED IN HEAD",HEAD,"448,000"
2025,MONTHLY,APR THRU JUN,MICHIGAN,MI,26,"CATTLE, COWS, MILK - INVENTORY, AVG, MEASURED IN HEAD",HEAD,"451,000"
2025,MONTHLY,AUG,MICHIGAN,MI,26,"CATTLE, COWS, MILK - INVENTORY, AVG, MEASURED IN HEAD",HEAD,"455,000"
2025,MONTHLY,DEC,MICHIGAN,MI,26,"CATTLE, COWS, MILK - INVENTORY, AVG, MEASURED IN HEAD",HEAD,"460,000"
2025,MONTHLY,FEB,MICHIGAN,MI,26,"CATTLE, COWS, MILK - INVENTORY, AVG, MEASURED IN HEAD",HEAD,"445,000"
2025,MONTHLY,JAN,MICHIGAN,MI,26,"CATTLE, COWS, MILK - INVENTORY, AVG, MEASURED IN HEAD",HEAD,"445,000"
2025,MONTHLY,JAN THRU MAR,MICHIGAN,MI,26,"CATTLE, COWS, MILK - INVENTORY, AVG, MEASURED IN HEAD",HEAD,"445,000"
2025,MONTHLY,JUL,MICHIGAN,MI,26,"CATTLE, COWS, MILK - INVENTORY, AVG, MEASURED IN HEAD",HEAD,"453,000"
2025,MONTHLY,JUL THRU SEP,MICHIGAN,MI,26,"CATTLE, COWS, MILK - INVENTORY, AVG, MEASURED IN HEAD",HEAD,"456,000"
2025,MONTHLY,JUN,MICHIGAN,MI,26,"CATTLE, COWS, MILK - INVENTORY, AVG, MEASURED IN HEAD",HEAD,"452,000"
2025,MONTHLY,MAR,MICHIGAN,MI,26,"CATTLE, COWS, MILK - INVENTORY, AVG, MEASURED IN HEAD",HEAD,"446,000"
2025,MONTHLY,MAY,MICHIGAN,MI,26,"CATTLE, COWS, MILK - INVENTORY, AVG, MEASURED IN HEAD",HEAD,"453,000"
2025,MONTHLY,NOV,MICHIGAN,MI,26,"CATTLE, COWS, MILK - INVENTORY, AVG, MEASURED IN HEAD",HEAD,"459,000"
2025,MONTHLY,OCT,MICHIGAN,MI,26,"CATTLE, COWS, MILK - INVENTORY, AVG, MEASURED IN HEAD",HEAD,"459,000"
2025,MONTHLY,OCT THRU DEC,MICHIGAN,MI,26,"CATTLE, COWS, MILK - INVENTORY, AVG, MEASURED IN HEAD",HEAD,"459,000"
2025,MONTHLY,SEP,MICHIGAN,MI,26,"CATTLE, COWS, MILK - INVENTORY, AVG, MEASURED IN HEAD",HEAD,"460,000"
2025,MONTHLY,APR,MINNESOTA,MN,27,"CATTLE, COWS, MILK - INVENTORY, AVG, MEASURED IN HEAD",HEAD,"442,000"
2025,MONTHLY,APR THRU JUN,MINNESOTA,MN,27,"CATTLE, COWS, MILK - INVENTORY, AVG, MEASURED IN HEAD",HEAD,"443,000"
2025,MONTHLY,AUG,MINNESOTA,MN,27,"CATTLE, COWS, MILK - INVENTORY, AVG, MEASURED IN HEAD",HEAD,"450,000"
2025,MONTHLY,DEC,MINNESOTA,MN,27,"CATTLE, COWS, MILK - INVENTORY, AVG, MEASURED IN HEAD",HEAD,"455,000"
2025,MONTHLY,FEB,MINNESOTA,MN,27,"CATTLE, COWS, MILK - INVENTORY, AVG, MEASURED IN HEAD",HEAD,"440,000"
2025,MONTHLY,JAN,MINNESOTA,MN,27,"CATTLE, COWS, MILK - INVENTORY, AVG, MEASURED IN HEAD",HEAD,"440,000"
2025,MONTHLY,JAN THRU MAR,MINNESOTA,MN,27,"CATTLE, COWS, MILK - INVENTORY, AVG, MEASURED IN HEAD",HEAD,"441,000"
2025,MONTHLY,JUL,MINNESOTA,MN,27,"CATTLE, COWS, MILK - INVENTORY, AVG, MEASURED IN HEAD",HEAD,"445,000"
2025,MONTHLY,JUL THRU SEP,MINNESOTA,MN,27,"CATTLE, COWS, MILK - INVENTORY, AVG, MEASURED IN HEAD",HEAD,"449,000"
2025,MONTHLY,JUN,MINNESOTA,MN,27,"CATTLE, COWS, MILK - INVENTORY, AVG, MEASURED IN HEAD",HEAD,"444,000"
2025,MONTHLY,MAR,MINNESOTA,MN,27,"CATTLE, COWS, MILK - INVENTORY, AVG, MEASURED IN HEAD",HEAD,"442,000"
2025,MONTHLY,MAY,MINNESOTA,MN,27,"CATTLE, COWS, MILK - INVENTORY, AVG, MEASURED IN HEAD",HEAD,"444,000"
2025,MONTHLY,NOV,MINNESOTA,MN,27,"CATTLE, COWS, MILK - INVENTORY, AVG, MEASURED IN HEAD",HEAD,"455,000"
2025,MONTHLY,OCT,MINNESOTA,MN,27,"CATTLE, COWS, MILK - INVENTORY, AVG, MEASURED IN HEAD",HEAD,"455,000"
2025,MONTHLY,OCT THRU DEC,MINNESOTA,MN,27,"CATTLE, COWS, MILK - INVENTORY, AVG, MEASURED IN HEAD",HEAD,"455,000"
2025,MONTHLY,SEP,MINNESOTA,MN,27,"CATTLE, COWS, MILK - INVENTORY, AVG, MEASURED IN HEAD",HEAD,"452,000"
2025,MONTHLY,APR THRU JUN,MISSOURI,MO,29,"CATTLE, COWS, MILK - INVENTORY, AVG, MEASURED IN HEAD",HEAD,"54,000"
2025,MONTHLY,JAN THRU MAR,MISSOURI,MO,29,"CATTLE, COWS, MILK - INVENTORY, AVG, MEASURED IN HEAD",HEAD,"55,000"
2025,MONTHLY,JUL THRU SEP,MISSOURI,MO,29,"CATTLE, COWS, MILK - INVENTORY, AVG, MEASURED IN HEAD",HEAD,"53,000"
2025,MONTHLY,OCT THRU DEC,MISSOURI,MO,29,"CATTLE, COWS, MILK - INVENTORY, AVG, MEASURED IN HEAD",HEAD,"54,000"
2025,MONTHLY,APR THRU JUN,NORTH CAROLINA,NC,37,"CATTLE, COWS, MILK - INVENTORY, AVG, MEASURED IN HEAD",HEAD,"35,000"
2025,MONTHLY,JAN THRU MAR,NORTH CAROLINA,NC,37,"CATTLE, COWS, MILK - INVENTORY, AVG, MEASURED IN HEAD",HEAD,"35,000"
2025,MONTHLY,JUL THRU SEP,NORTH CAROLINA,NC,37,"CATTLE, COWS, MILK - INVENTORY, AVG, MEASURED IN HEAD",HEAD,"35,000"
2025,MONTHLY,OCT THRU DEC,NORTH CAROLINA,NC,37,"CATTLE, COWS, MILK - INVENTORY, AVG, MEASURED IN HEAD",HEAD,"36,000"
2025,MONTHLY,APR THRU JUN,NEBRASKA,NE,31,"CATTLE, COWS, MILK - INVENTORY, AVG, MEASURED IN HEAD",HEAD,"50,000"
2025,MONTHLY,JAN THRU MAR,NEBRASKA,NE,31,"CATTLE, COWS, MILK - INVENTORY, AVG, MEASURED IN HEAD",HEAD,"49,000"
2025,MONTHLY,JUL THRU SEP,NEBRASKA,NE,31,"CATTLE, COWS, MILK - INVENTORY, AVG, MEASURED IN HEAD",HEAD,"50,000"
2025,MONTHLY,OCT THRU DEC,NEBRASKA,NE,31,"CATTLE, COWS, MILK - INVENTORY, AVG, MEASURED IN HEAD",HEAD,"50,000"
2025,MONTHLY,APR,NEW MEXICO,NM,35,"CATTLE, COWS, MILK - INVENTORY, AVG, MEASURED IN HEAD",HEAD,"239,000"
2025,MONTHLY,APR THRU JUN,NEW MEXICO,NM,35,"CATTLE, COWS, MILK - INVENTORY, AVG, MEASURED IN HEAD",HEAD,"239,000"
2025,MONTHLY,AUG,NEW MEXICO,NM,35,"CATTLE, COWS, MILK - INVENTORY, AVG, MEASURED IN HEAD",HEAD,"236,000"
2025,MONTHLY,DEC,NEW MEXICO,NM,35,"CATTLE, COWS, MILK - INVENTORY, AVG, MEASURED IN HEAD",HEAD,"230,000"
2025,MONTHLY,FEB,NEW MEXICO,NM,35,"CATTLE, COWS, MILK - INVENTORY, AVG, MEASURED IN HEAD",HEAD,"240,000"
2025,MONTHLY,JAN,NEW MEXICO,NM,35,"CATTLE, COWS, MILK - INVENTORY, AVG, MEASURED IN HEAD",HEAD,"238,000"
2025,MONTHLY,JAN THRU MAR,NEW MEXICO,NM,35,"CATTLE, COWS, MILK - INVENTORY, AVG, MEASURED IN HEAD",HEAD,"240,000"
2025,MONTHLY,JUL,NEW MEXICO,NM,35,"CATTLE, COWS, MILK - INVENTORY, AVG, MEASURED IN HEAD",HEAD,"236,000"
2025,MONTHLY,JUL THRU SEP,NEW MEXICO,NM,35,"CATTLE, COWS, MILK - INVENTORY, AVG, MEASURED IN HEAD",HEAD,"236,000"
2025,MONTHLY,JUN,NEW MEXICO,NM,35,"CATTLE, COWS, MILK - INVENTORY, AVG, MEASURED IN HEAD",HEAD,"238,000"
2025,MONTHLY,MAR,NEW MEXICO,NM,35,"CATTLE, COWS, MILK - INVENTORY, AVG, MEASURED IN HEAD",HEAD,"243,000"
2025,MONTHLY,MAY,NEW MEXICO,NM,35,"CATTLE, COWS, MILK - INVENTORY, AVG, MEASURED IN HEAD",HEAD,"239,000"
2025,MONTHLY,NOV,NEW MEXICO,NM,35,"CATTLE, COWS, MILK - INVENTORY, AVG, MEASURED IN HEAD",HEAD,"233,000"
2025,MONTHLY,OCT,NEW MEXICO,NM,35,"CATTLE, COWS, MILK - INVENTORY, AVG, MEASURED IN HEAD",HEAD,"235,000"
2025,MONTHLY,OCT THRU DEC,NEW MEXICO,NM,35,"CATTLE, COWS, MILK - INVENTORY, AVG, MEASURED IN HEAD",HEAD,"233,000"
2025,MONTHLY,SEP,NEW MEXICO,NM,35,"CATTLE, COWS, MILK - INVENTORY, AVG, MEASURED IN HEAD",HEAD,"236,000"
2025,MONTHLY,APR THRU JUN,NEVADA,NV,32,"CATTLE, COWS, MILK - INVENTORY, AVG, MEASURED IN HEAD",HEAD,"34,000"
2025,MONTHLY,JAN THRU MAR,NEVADA,NV,32,"CATTLE, COWS, MILK - INVENTORY, AVG, MEASURED IN HEAD",HEAD,"32,000"
2025,MONTHLY,JUL THRU SEP,NEVADA,NV,32,"CATTLE, COWS, MILK - INVENTORY, AVG, MEASURED IN HEAD",HEAD,"34,000"
2025,MONTHLY,OCT THRU DEC,NEVADA,NV,32,"CATTLE, COWS, MILK - INVENTORY, AVG, MEASURED IN HEAD",HEAD,"33,000"
2025,MONTHLY,APR,NEW YORK,NY,36,"CATTLE, COWS, MILK - INVENTORY, AVG, MEASURED IN HEAD",HEAD,"638,000"
2025,MONTHLY,APR THRU JUN,NEW YORK,NY,36,"CATTLE, COWS, MILK - INVENTORY, AVG, MEASURED IN HEAD",HEAD,"639,000"
2025,MONTHLY,AUG,NEW YORK,NY,36,"CATTLE, COWS, MILK - INVENTORY, AVG, MEASURED IN HEAD",HEAD,"649,000"
2025,MONTHLY,DEC,NEW YORK,NY,36,"CATTLE, COWS, MILK - INVENTORY, AVG, MEASURED IN HEAD",HEAD,"650,000"
2025,MONTHLY,FEB,NEW YORK,NY,36,"CATTLE, COWS, MILK - INVENTORY, AVG, MEASURED IN HEAD",HEAD,"632,000"
2025,MONTHLY,JAN,NEW YORK,NY,36,"CATTLE, COWS, MILK - INVENTORY, AVG, MEASURED IN HEAD",HEAD,"630,000"
2025,MONTHLY,JAN THRU MAR,NEW YORK,NY,36,"CATTLE, COWS, MILK - INVENTORY, AVG, MEASURED IN HEAD",HEAD,"632,000"
2025,MONTHLY,JUL,NEW YORK,NY,36,"CATTLE, COWS, MILK - INVENTORY, AVG, MEASURED IN HEAD",HEAD,"644,000"
2025,MONTHLY,JUL THRU SEP,NEW YORK,NY,36,"CATTLE, COWS, MILK - INVENTORY, AVG, MEASURED IN HEAD",HEAD,"647,000"
2025,MONTHLY,JUN,NEW YORK,NY,36,"CATTLE, COWS, MILK - INVENTORY, AVG, MEASURED IN HEAD",HEAD,"641,000"
2025,MONTHLY,MAR,NEW YORK,NY,36,"CATTLE, COWS, MILK - INVENTORY, AVG, MEASURED IN HEAD",HEAD,"635,000"
2025,MONTHLY,MAY,NEW YORK,NY,36,"CATTLE, COWS, MILK - INVENTORY, AVG, MEASURED IN HEAD",HEAD,"638,000"
2025,MONTHLY,NOV,NEW YORK,NY,36,"CATTLE, COWS, MILK - INVENTORY, AVG, MEASURED IN HEAD",HEAD,"650,000"
2025,MONTHLY,OCT,NEW YORK,NY,36,"CATTLE, COWS, MILK - INVENTORY, AVG, MEASURED IN HEAD",HEAD,"649,000"
2025,MONTHLY,OCT THRU DEC,NEW YORK,NY,36,"CATTLE, COWS, MILK - INVENTORY, AVG, MEASURED IN HEAD",HEAD,"650,000"
2025,MONTHLY,SEP,NEW YORK,NY,36,"CATTLE, COWS, MILK - INVENTORY, AVG, MEASURED IN HEAD",HEAD,"649,000"
2025,MONTHLY,APR,OHIO,OH,39,"CATTLE, COWS, MILK - INVENTORY, AVG, MEASURED IN HEAD",HEAD,"254,000"
2025,MONTHLY,APR THRU JUN,OHIO,OH,39,"CATTLE, COWS, MILK - INVENTORY, AVG, MEASURED IN HEAD",HEAD,"255,000"
2025,MONTHLY,AUG,OHIO,OH,39,"CATTLE, COWS, MILK - INVENTORY, AVG, MEASURED IN HEAD",HEAD,"251,000"
2025,MONTHLY,DEC,OHIO,OH,39,"CATTLE, COWS, MILK - INVENTORY, AVG, MEASURED IN HEAD",HEAD,"255,000"
2025,MONTHLY,FEB,OHIO,OH,39,"CATTLE, COWS, MILK - INVENTORY, AVG, MEASURED IN HEAD",HEAD,"252,000"
2025,MONTHLY,JAN,OHIO,OH,39,"CATTLE, COWS, MILK - INVENTORY, AVG, MEASURED IN HEAD",HEAD,"251,000"
2025,MONTHLY,JAN THRU MAR,OHIO,OH,39,"CATTLE, COWS, MILK - INVENTORY, AVG, MEASURED IN HEAD",HEAD,"252,000"
2025,MONTHLY,JUL,OHIO,OH,39,"CATTLE, COWS, MILK - INVENTORY, AVG, MEASURED IN HEAD",HEAD,"252,000"
2025,MONTHLY,JUL THRU SEP,OHIO,OH,39,"CATTLE, COWS, MILK - INVENTORY, AVG, MEASURED IN HEAD",HEAD,"252,000"
2025,MONTHLY,JUN,OHIO,OH,39,"CATTLE, COWS, MILK - INVENTORY, AVG, MEASURED IN HEAD",HEAD,"254,000"
2025,MONTHLY,MAR,OHIO,OH,39,"CATTLE, COWS, MILK - INVENTORY, AVG, MEASURED IN HEAD",HEAD,"254,000"
2025,MONTHLY,MAY,OHIO,OH,39,"CATTLE, COWS, MILK - INVENTORY, AVG, MEASURED IN HEAD",HEAD,"258,000"
2025,MONTHLY,NOV,OHIO,OH,39,"CATTLE, COWS, MILK - INVENTORY, AVG, MEASURED IN HEAD",HEAD,"254,000"
2025,MONTHLY,OCT,OHIO,OH,39,"CATTLE, COWS, MILK - INVENTORY, AVG, MEASURED IN HEAD",HEAD,"254,000"
2025,MONTHLY,OCT THRU DEC,OHIO,OH,39,"CATTLE, COWS, MILK - INVENTORY, AVG, MEASURED IN HEAD",HEAD,"254,000"
2025,MONTHLY,SEP,OHIO,OH,39,"CATTLE, COWS, MILK - INVENTORY, AVG, MEASURED IN HEAD",HEAD,"252,000"
2025,MONTHLY,APR THRU JUN,OKLAHOMA,OK,40,"CATTLE, COWS, MILK - INVENTORY, AVG, MEASURED IN HEAD",HEAD,"43,000"
2025,MONTHLY,JAN THRU MAR,OKLAHOMA,OK,40,"CATTLE, COWS, MILK - INVENTORY, AVG, MEASURED IN HEAD",HEAD,"43,000"
2025,MONTHLY,JUL THRU SEP,OKLAHOMA,OK,40,"CATTLE, COWS, MILK - INVENTORY, AVG, MEASURED IN HEAD",HEAD,"43,000"
2025,MONTHLY,OCT THRU DEC,OKLAHOMA,OK,40,"CATTLE, COWS, MILK - INVENTORY, AVG, MEASURED IN HEAD",HEAD,"44,000"
2025,MONTHLY,APR,OREGON,OR,41,"CATTLE, COWS, MILK - INVENTORY, AVG, MEASURED IN HEAD",HEAD,"116,000"
2025,MONTHLY,APR THRU JUN,OREGON,OR,41,"CATTLE, COWS, MILK - INVENTORY, AVG, MEASURED IN HEAD",HEAD,"117,000"
2025,MONTHLY,AUG,OREGON,OR,41,"CATTLE, COWS, MILK - INVENTORY, AVG, MEASURED IN HEAD",HEAD,"123,000"
2025,MONTHLY,DEC,OREGON,OR,41,"CATTLE, COWS, MILK - INVENTORY, AVG, MEASURED IN HEAD",HEAD,"120,000"
2025,MONTHLY,FEB,OREGON,OR,41,"CATTLE, COWS, MILK - INVENTORY, AVG, MEASURED IN HEAD",HEAD,"116,000"
2025,MONTHLY,JAN,OREGON,OR,41,"CATTLE, COWS, MILK - INVENTORY, AVG, MEASURED IN HEAD",HEAD,"117,000"
2025,MONTHLY,JAN THRU MAR,OREGON,OR,41,"CATTLE, COWS, MILK - INVENTORY, AVG, MEASURED IN HEAD",HEAD,"116,000"
2025,MONTHLY,JUL,OREGON,OR,41,"CATTLE, COWS, MILK - INVENTORY, AVG, MEASURED IN HEAD",HEAD,"120,000"
2025,MONTHLY,JUL THRU SEP,OREGON,OR,41,"CATTLE, COWS, MILK - INVENTORY, AVG, MEASURED IN HEAD",HEAD,"122,000"
2025,MONTHLY,JUN,OREGON,OR,41,"CATTLE, COWS, MILK - INVENTORY, AVG, MEASURED IN HEAD",HEAD,"118,000"
2025,MONTHLY,MAR,OREGON,OR,41,"CATTLE, COWS, MILK - INVENTORY, AVG, MEASURED IN HEAD",HEAD,"116,000"
2025,MONTHLY,MAY,OREGON,OR,41,"CATTLE, COWS, MILK - INVENTORY, AVG, MEASURED IN HEAD",HEAD,"116,000"
2025,MONTHLY,NOV,OREGON,OR,41,"CATTLE, COWS, MILK - INVENTORY, AVG, MEASURED IN HEAD",HEAD,"120,000"
2025,MONTHLY,OCT,OREGON,OR,41,"CATTLE, COWS, MILK - INVENTORY, AVG, MEASURED IN HEAD",HEAD,"121,000"
2025,MONTHLY,OCT THRU DEC,OREGON,OR,41,"CATTLE, COWS, MILK - INVENTORY, AVG, MEASURED IN HEAD",HEAD,"120,000"
2025,MONTHLY,SEP,OREGON,OR,41,"CATTLE, COWS, MILK - INVENTORY, AVG, MEASURED IN HEAD",HEAD,"123,000"
2025,MONTHLY,APR THRU JUN,OTHER STATES,OT,98,"CATTLE, COWS, MILK - INVENTORY, AVG, MEASURED IN HEAD",HEAD,"98,600"
2025,MONTHLY,JAN THRU MAR,OTHER STATES,OT,98,"CATTLE, COWS, MILK - INVENTORY, AVG, MEASURED IN HEAD",HEAD,"99,800"
2025,MONTHLY,JUL THRU SEP,OTHER STATES,OT,98,"CATTLE, COWS, MILK - INVENTORY, AVG, MEASURED IN HEAD",HEAD,"96,200"
2025,MONTHLY,OCT THRU DEC,OTHER STATES,OT,98,"CATTLE, COWS, MILK - INVENTORY, AVG, MEASURED IN HEAD",HEAD,"95,300"
2025,MONTHLY,APR,PENNSYLVANIA,PA,42,"CATTLE, COWS, MILK - INVENTORY, AVG, MEASURED IN HEAD",HEAD,"464,000"
2025,MONTHLY,APR THRU JUN,PENNSYLVANIA,PA,42,"CATTLE, COWS, MILK - INVENTORY, AVG, MEASURED IN HEAD",HEAD,"462,000"
2025,MONTHLY,AUG,PENNSYLVANIA,PA,42,"CATTLE, COWS, MILK - INVENTORY, AVG, MEASURED IN HEAD",HEAD,"460,000"
2025,MONTHLY,DEC,PENNSYLVANIA,PA,42,"CATTLE, COWS, MILK - INVENTORY, AVG, MEASURED IN HEAD",HEAD,"455,000"
2025,MONTHLY,FEB,PENNSYLVANIA,PA,42,"CATTLE, COWS, MILK - INVENTORY, AVG, MEASURED IN HEAD",HEAD,"464,000"
2025,MONTHLY,JAN,PENNSYLVANIA,PA,42,"CATTLE, COWS, MILK - INVENTORY, AVG, MEASURED IN HEAD",HEAD,"465,000"
2025,MONTHLY,JAN THRU MAR,PENNSYLVANIA,PA,42,"CATTLE, COWS, MILK - INVENTORY, AVG, MEASURED IN HEAD",HEAD,"464,000"
2025,MONTHLY,JUL,PENNSYLVANIA,PA,42,"CATTLE, COWS, MILK - INVENTORY, AVG, MEASURED IN HEAD",HEAD,"460,000"
2025,MONTHLY,JUL THRU SEP,PENNSYLVANIA,PA,42,"CATTLE, COWS, MILK - INVENTORY, AVG, MEASURED IN HEAD",HEAD,"460,000"
2025,MONTHLY,JUN,PENNSYLVANIA,PA,42,"CATTLE, COWS, MILK - INVENTORY, AVG, MEASURED IN HEAD",HEAD,"460,000"
2025,MONTHLY,MAR,PENNSYLVANIA,PA,42,"CATTLE, COWS, MILK - INVENTORY, AVG, MEASURED IN HEAD",HEAD,"464,000"
2025,MONTHLY,MAY,PENNSYLVANIA,PA,42,"CATTLE, COWS, MILK - INVENTORY, AVG, MEASURED IN HEAD",HEAD,"462,000"
2025,MONTHLY,NOV,PENNSYLVANIA,PA,42,"CATTLE, COWS, MILK - INVENTORY, AVG, MEASURED IN HEAD",HEAD,"455,000"
2025,MONTHLY,OCT,PENNSYLVANIA,PA,42,"CATTLE, COWS, MILK - INVENTORY, AVG, MEASURED IN HEAD",HEAD,"460,000"
2025,MONTHLY,OCT THRU DEC,PENNSYLVANIA,PA,42,"CATTLE, COWS, MILK - INVENTORY, AVG, MEASURED IN HEAD",HEAD,"457,000"
2025,MONTHLY,SEP,PENNSYLVANIA,PA,42,"CATTLE, COWS, MILK - INVENTORY, AVG, MEASURED IN HEAD",HEAD,"460,000"
2025,MONTHLY,APR,SOUTH DAKOTA,SD,46,"CATTLE, COWS, MILK - INVENTORY, AVG, MEASURED IN HEAD",HEAD,"230,000"
2025,MONTHLY,APR THRU JUN,SOUTH DAKOTA,SD,46,"CATTLE, COWS, MILK - INVENTORY, AVG, MEASURED IN HEAD",HEAD,"232,000"
2025,MONTHLY,AUG,SOUTH DAKOTA,SD,46,"CATTLE, COWS, MILK - INVENTORY, AVG, MEASURED IN HEAD",HEAD,"234,000"
2025,MONTHLY,DEC,SOUTH DAKOTA,SD,46,"CATTLE, COWS, MILK - INVENTORY, AVG, MEASURED IN HEAD",HEAD,"240,000"
2025,MONTHLY,FEB,SOUTH DAKOTA,SD,46,"CATTLE, COWS, MILK - INVENTORY, AVG, MEASURED IN HEAD",HEAD,"221,000"
2025,MONTHLY,JAN,SOUTH DAKOTA,SD,46,"CATTLE, COWS, MILK - INVENTORY, AVG, MEASURED IN HEAD",HEAD,"218,000"
2025,MONTHLY,JAN THRU MAR,SOUTH DAKOTA,SD,46,"CATTLE, COWS, MILK - INVENTORY, AVG, MEASURED IN HEAD",HEAD,"222,000"
2025,MONTHLY,JUL,SOUTH DAKOTA,SD,46,"CATTLE, COWS, MILK - INVENTORY, AVG, MEASURED IN HEAD",HEAD,"234,000"
2025,MONTHLY,JUL THRU SEP,SOUTH DAKOTA,SD,46,"CATTLE, COWS, MILK - INVENTORY, AVG, MEASURED IN HEAD",HEAD,"234,000"
2025,MONTHLY,JUN,SOUTH DAKOTA,SD,46,"CATTLE, COWS, MILK - INVENTORY, AVG, MEASURED IN HEAD",HEAD,"233,000"
2025,MONTHLY,MAR,SOUTH DAKOTA,SD,46,"CATTLE, COWS, MILK - INVENTORY, AVG, MEASURED IN HEAD",HEAD,"226,000"
2025,MONTHLY,MAY,SOUTH DAKOTA,SD,46,"CATTLE, COWS, MILK - INVENTORY, AVG, MEASURED IN HEAD",HEAD,"233,000"
2025,MONTHLY,NOV,SOUTH DAKOTA,SD,46,"CATTLE, COWS, MILK - INVENTORY, AVG, MEASURED IN HEAD",HEAD,"239,000"
2025,MONTHLY,OCT,SOUTH DAKOTA,SD,46,"CATTLE, COWS, MILK - INVENTORY, AVG, MEASURED IN HEAD",HEAD,"235,000"
2025,MONTHLY,OCT THRU DEC,SOUTH DAKOTA,SD,46,"CATTLE, COWS, MILK - INVENTORY, AVG, MEASURED IN HEAD",HEAD,"238,000"
2025,MONTHLY,SEP,SOUTH DAKOTA,SD,46,"CATTLE, COWS, MILK - INVENTORY, AVG, MEASURED IN HEAD",HEAD,"235,000"
2025,MONTHLY,APR THRU JUN,TENNESSEE,TN,47,"CATTLE, COWS, MILK - INVENTORY, AVG, MEASURED IN HEAD",HEAD,"22,000"
2025,MONTHLY,JAN THRU MAR,TENNESSEE,TN,47,"CATTLE, COWS, MILK - INVENTORY, AVG, MEASURED IN HEAD",HEAD,"22,000"
2025,MONTHLY,JUL THRU SEP,TENNESSEE,TN,47,"CATTLE, COWS, MILK - INVENTORY, AVG, MEASURED IN HEAD",HEAD,"22,000"
2025,MONTHLY,OCT THRU DEC,TENNESSEE,TN,47,"CATTLE, COWS, MILK - INVENTORY, AVG, MEASURED IN HEAD",HEAD,"22,000"
2025,MONTHLY,APR,TEXAS,TX,48,"CATTLE, COWS, MILK - INVENTORY, AVG, MEASURED IN HEAD",HEAD,"690,000"
2025,MONTHLY,APR THRU JUN,TEXAS,TX,48,"CATTLE, COWS, MILK - INVENTORY, AVG, MEASURED IN HEAD",HEAD,"693,000"
2025,MONTHLY,AUG,TEXAS,TX,48,"CATTLE, COWS, MILK - INVENTORY, AVG, MEASURED IN HEAD",HEAD,"700,000"
2025,MONTHLY,DEC,TEXAS,TX,48,"CATTLE, COWS, MILK - INVENTORY, AVG, MEASURED IN HEAD",HEAD,"705,000"
2025,MONTHLY,FEB,TEXAS,TX,48,"CATTLE, COWS, MILK - INVENTORY, AVG, MEASURED IN HEAD",HEAD,"684,000"
2025,MONTHLY,JAN,TEXAS,TX,48,"CATTLE, COWS, MILK - INVENTORY, AVG, MEASURED IN HEAD",HEAD,"678,000"
2025,MONTHLY,JAN THRU MAR,TEXAS,TX,48,"CATTLE, COWS, MILK - INVENTORY, AVG, MEASURED IN HEAD",HEAD,"683,000"
2025,MONTHLY,JUL,TEXAS,TX,48,"CATTLE, COWS, MILK - INVENTORY, AVG, MEASURED IN HEAD",HEAD,"700,000"
2025,MONTHLY,JUL THRU SEP,TEXAS,TX,48,"CATTLE, COWS, MILK - INVENTORY, AVG, MEASURED IN HEAD",HEAD,"702,000"
2025,MONTHLY,JUN,TEXAS,TX,48,"CATTLE, COWS, MILK - INVENTORY, AVG, MEASURED IN HEAD",HEAD,"696,000"
2025,MONTHLY,MAR,TEXAS,TX,48,"CATTLE, COWS, MILK - INVENTORY, AVG, MEASURED IN HEAD",HEAD,"688,000"
2025,MONTHLY,MAY,TEXAS,TX,48,"CATTLE, COWS, MILK - INVENTORY, AVG, MEASURED IN HEAD",HEAD,"694,000"
2025,MONTHLY,NOV,TEXAS,TX,48,"CATTLE, COWS, MILK - INVENTORY, AVG, MEASURED IN HEAD",HEAD,"704,000"
2025,MONTHLY,OCT,TEXAS,TX,48,"CATTLE, COWS, MILK - INVENTORY, AVG, MEASURED IN HEAD",HEAD,"702,000"
2025,MONTHLY,OCT THRU DEC,TEXAS,TX,48,"CATTLE, COWS, MILK - INVENTORY, AVG, MEASURED IN HEAD",HEAD,"704,000"
2025,MONTHLY,SEP,TEXAS,TX,48,"CATTLE, COWS, MILK - INVENTORY, AVG, MEASURED IN HEAD",HEAD,"706,000"
2025,MONTHLY,APR,US TOTAL,US,99,"CATTLE, COWS, MILK - INVENTORY, AVG, MEASURED IN HEAD",HEAD,"9,455,000"
2025,MONTHLY,APR THRU JUN,US TOTAL,US,99,"CATTLE, COWS, MILK - INVENTORY, AVG, MEASURED IN HEAD",HEAD,"9,474,000"
2025,MONTHLY,AUG,US TOTAL,US,99,"CATTLE, COWS, MILK - INVENTORY, AVG, MEASURED IN HEAD",HEAD,"9,543,000"
2025,MONTHLY,DEC,US TOTAL,US,99,"CATTLE, COWS, MILK - INVENTORY, AVG, MEASURED IN HEAD",HEAD,"9,566,000"
2025,MONTHLY,FEB,US TOTAL,US,99,"CATTLE, COWS, MILK - INVENTORY, AVG, MEASURED IN HEAD",HEAD,"9,404,000"
2025,MONTHLY,JAN,US TOTAL,US,99,"CATTLE, COWS, MILK - INVENTORY, AVG, MEASURED IN HEAD",HEAD,"9,391,000"
2025,MONTHLY,JAN THRU MAR,US TOTAL,US,99,"CATTLE, COWS, MILK - INVENTORY, AVG, MEASURED IN HEAD",HEAD,"9,410,000"
2025,MONTHLY,JUL,US TOTAL,US,99,"CATTLE, COWS, MILK - INVENTORY, AVG, MEASURED IN HEAD",HEAD,"9,511,000"
2025,MONTHLY,JUL THRU SEP,US TOTAL,US,99,"CATTLE, COWS, MILK - INVENTORY, AVG, MEASURED IN HEAD",HEAD,"9,543,000"
2025,MONTHLY,JUN,US TOTAL,US,99,"CATTLE, COWS, MILK - INVENTORY, AVG, MEASURED IN HEAD",HEAD,"9,485,000"
2025,MONTHLY,MAR,US TOTAL,US,99,"CATTLE, COWS, MILK - INVENTORY, AVG, MEASURED IN HEAD",HEAD,"9,434,000"
2025,MONTHLY,MAY,US TOTAL,US,99,"CATTLE, COWS, MILK - INVENTORY, AVG, MEASURED IN HEAD",HEAD,"9,481,000"
2025,MONTHLY,NOV,US TOTAL,US,99,"CATTLE, COWS, MILK - INVENTORY, AVG, MEASURED IN HEAD",HEAD,"9,559,000"
2025,MONTHLY,OCT,US TOTAL,US,99,"CATTLE, COWS, MILK - INVENTORY, AVG, MEASURED IN HEAD",HEAD,"9,566,000"
2025,MONTHLY,OCT THRU DEC,US TOTAL,US,99,"CATTLE, COWS, MILK - INVENTORY, AVG, MEASURED IN HEAD",HEAD,"9,564,000"
2025,MONTHLY,SEP,US TOTAL,US,99,"CATTLE, COWS, MILK - INVENTORY, AVG, MEASURED IN HEAD",HEAD,"9,574,000"
2025,MONTHLY,APR,UTAH,UT,49,"CATTLE, COWS, MILK - INVENTORY, AVG, MEASURED IN HEAD",HEAD,"97,000"
2025,MONTHLY,APR THRU JUN,UTAH,UT,49,"CATTLE, COWS, MILK - INVENTORY, AVG, MEASURED IN HEAD",HEAD,"97,000"
2025,MONTHLY,AUG,UTAH,UT,49,"CATTLE, COWS, MILK - INVENTORY, AVG, MEASURED IN HEAD",HEAD,"98,000"
2025,MONTHLY,DEC,UTAH,UT,49,"CATTLE, COWS, MILK - INVENTORY, AVG, MEASURED IN HEAD",HEAD,"97,000"
2025,MONTHLY,FEB,UTAH,UT,49,"CATTLE, COWS, MILK - INVENTORY, AVG, MEASURED IN HEAD",HEAD,"94,000"
2025,MONTHLY,JAN,UTAH,UT,49,"CATTLE, COWS, MILK - INVENTORY, AVG, MEASURED IN HEAD",HEAD,"93,000"
2025,MONTHLY,JAN THRU MAR,UTAH,UT,49,"CATTLE, COWS, MILK - INVENTORY, AVG, MEASURED IN HEAD",HEAD,"94,000"
2025,MONTHLY,JUL,UTAH,UT,49,"CATTLE, COWS, MILK - INVENTORY, AVG, MEASURED IN HEAD",HEAD,"98,000"
2025,MONTHLY,JUL THRU SEP,UTAH,UT,49,"CATTLE, COWS, MILK - INVENTORY, AVG, MEASURED IN HEAD",HEAD,"98,000"
2025,MONTHLY,JUN,UTAH,UT,49,"CATTLE, COWS, MILK - INVENTORY, AVG, MEASURED IN HEAD",HEAD,"96,000"
2025,MONTHLY,MAR,UTAH,UT,49,"CATTLE, COWS, MILK - INVENTORY, AVG, MEASURED IN HEAD",HEAD,"95,000"
2025,MONTHLY,MAY,UTAH,UT,49,"CATTLE, COWS, MILK - INVENTORY, AVG, MEASURED IN HEAD",HEAD,"97,000"
2025,MONTHLY,NOV,UTAH,UT,49,"CATTLE, COWS, MILK - INVENTORY, AVG, MEASURED IN HEAD",HEAD,"97,000"
2025,MONTHLY,OCT,UTAH,UT,49,"CATTLE, COWS, MILK - INVENTORY, AVG, MEASURED IN HEAD",HEAD,"98,000"
2025,MONTHLY,OCT THRU DEC,UTAH,UT,49,"CATTLE, COWS, MILK - INVENTORY, AVG, MEASURED IN HEAD",HEAD,"97,000"
2025,MONTHLY,SEP,UTAH,UT,49,"CATTLE, COWS, MILK - INVENTORY, AVG, MEASURED IN HEAD",HEAD,"98,000"
2025,MONTHLY,APR,VIRGINIA,VA,51,"CATTLE, COWS, MILK - INVENTORY, AVG, MEASURED IN HEAD",HEAD,"67,000"
2025,MONTHLY,APR THRU JUN,VIRGINIA,VA,51,"CATTLE, COWS, MILK - INVENTORY, AVG, MEASURED IN HEAD",HEAD,"67,000"
2025,MONTHLY,AUG,VIRGINIA,VA,51,"CATTLE, COWS, MILK - INVENTORY, AVG, MEASURED IN HEAD",HEAD,"66,000"
2025,MONTHLY,DEC,VIRGINIA,VA,51,"CATTLE, COWS, MILK - INVENTORY, AVG, MEASURED IN HEAD",HEAD,"66,000"
2025,MONTHLY,FEB,VIRGINIA,VA,51,"CATTLE, COWS, MILK - INVENTORY, AVG, MEASURED IN HEAD",HEAD,"66,000"
2025,MONTHLY,JAN,VIRGINIA,VA,51,"CATTLE, COWS, MILK - INVENTORY, AVG, MEASURED IN HEAD",HEAD,"66,000"
2025,MONTHLY,JAN THRU MAR,VIRGINIA,VA,51,"CATTLE, COWS, MILK - INVENTORY, AVG, MEASURED IN HEAD",HEAD,"66,000"
2025,MONTHLY,JUL,VIRGINIA,VA,51,"CATTLE, COWS, MILK - INVENTORY, AVG, MEASURED IN HEAD",HEAD,"66,000"
2025,MONTHLY,JUL THRU SEP,VIRGINIA,VA,51,"CATTLE, COWS, MILK - INVENTORY, AVG, MEASURED IN HEAD",HEAD,"66,000"
2025,MONTHLY,JUN,VIRGINIA,VA,51,"CATTLE, COWS, MILK - INVENTORY, AVG, MEASURED IN HEAD",HEAD,"67,000"
2025,MONTHLY,MAR,VIRGINIA,VA,51,"CATTLE, COWS, MILK - INVENTORY, AVG, MEASURED IN HEAD",HEAD,"66,000"
2025,MONTHLY,MAY,VIRGINIA,VA,51,"CATTLE, COWS, MILK - INVENTORY, AVG, MEASURED IN HEAD",HEAD,"67,000"
2025,MONTHLY,NOV,VIRGINIA,VA,51,"CATTLE, COWS, MILK - INVENTORY, AVG, MEASURED IN HEAD",HEAD,"66,000"
2025,MONTHLY,OCT,VIRGINIA,VA,51,"CATTLE, COWS, MILK - INVENTORY, AVG, MEASURED IN HEAD",HEAD,"67,000"
2025,MONTHLY,OCT THRU DEC,VIRGINIA,VA,51,"CATTLE, COWS, MILK - INVENTORY, AVG, MEASURED IN HEAD",HEAD,"66,000"
2025,MONTHLY,SEP,VIRGINIA,VA,51,"CATTLE, COWS, MILK - INVENTORY, AVG, MEASURED IN HEAD",HEAD,"67,000"
2025,MONTHLY,APR,VERMONT,VT,50,"CATTLE, COWS, MILK - INVENTORY, AVG, MEASURED IN HEAD",HEAD,"113,000"
2025,MONTHLY,APR THRU JUN,VERMONT,VT,50,"CATTLE, COWS, MILK - INVENTORY, AVG, MEASURED IN HEAD",HEAD,"113,000"
2025,MONTHLY,AUG,VERMONT,VT,50,"CATTLE, COWS, MILK - INVENTORY, AVG, MEASURED IN HEAD",HEAD,"115,000"
2025,MONTHLY,DEC,VERMONT,VT,50,"CATTLE, COWS, MILK - INVENTORY, AVG, MEASURED IN HEAD",HEAD,"115,000"
2025,MONTHLY,FEB,VERMONT,VT,50,"CATTLE, COWS, MILK - INVENTORY, AVG, MEASURED IN HEAD",HEAD,"113,000"
2025,MONTHLY,JAN,VERMONT,VT,50,"CATTLE, COWS, MILK - INVENTORY, AVG, MEASURED IN HEAD",HEAD,"113,000"
2025,MONTHLY,JAN THRU MAR,VERMONT,VT,50,"CATTLE, COWS, MILK - INVENTORY, AVG, MEASURED IN HEAD",HEAD,"113,000"
2025,MONTHLY,JUL,VERMONT,VT,50,"CATTLE, COWS, MILK - INVENTORY, AVG, MEASURED IN HEAD",HEAD,"114,000"
2025,MONTHLY,JUL THRU SEP,VERMONT,VT,50,"CATTLE, COWS, MILK - INVENTORY, AVG, MEASURED IN HEAD",HEAD,"115,000"
2025,MONTHLY,JUN,VERMONT,VT,50,"CATTLE, COWS, MILK - INVENTORY, AVG, MEASURED IN HEAD",HEAD,"113,000"
2025,MONTHLY,MAR,VERMONT,VT,50,"CATTLE, COWS, MILK - INVENTORY, AVG, MEASURED IN HEAD",HEAD,"113,000"
2025,MONTHLY,MAY,VERMONT,VT,50,"CATTLE, COWS, MILK - INVENTORY, AVG, MEASURED IN HEAD",HEAD,"113,000"
2025,MONTHLY,NOV,VERMONT,VT,50,"CATTLE, COWS, MILK - INVENTORY, AVG, MEASURED IN HEAD",HEAD,"115,000"
2025,MONTHLY,OCT,VERMONT,VT,50,"CATTLE, COWS, MILK - INVENTORY, AVG, MEASURED IN HEAD",HEAD,"116,000"
2025,MONTHLY,OCT THRU DEC,VERMONT,VT,50,"CATTLE, COWS, MILK - INVENTORY, AVG, MEASURED IN HEAD",HEAD,"115,000"
2025,MONTHLY,SEP,VERMONT,VT,50,"CATTLE, COWS, MILK - INVENTORY, AVG, MEASURED IN HEAD",HEAD,"116,000"
2025,MONTHLY,APR,WASHINGTON,WA,53,"CATTLE, COWS, MILK - INVENTORY, AVG, MEASURED IN HEAD",HEAD,"251,000"
2025,MONTHLY,APR THRU JUN,WASHINGTON,WA,53,"CATTLE, COWS, MILK - INVENTORY, AVG, MEASURED IN HEAD",HEAD,"243,000"
2025,MONTHLY,AUG,WASHINGTON,WA,53,"CATTLE, COWS, MILK - INVENTORY, AVG, MEASURED IN HEAD",HEAD,"237,000"
2025,MONTHLY,DEC,WASHINGTON,WA,53,"CATTLE, COWS, MILK - INVENTORY, AVG, MEASURED IN HEAD",HEAD,"235,000"
2025,MONTHLY,FEB,WASHINGTON,WA,53,"CATTLE, COWS, MILK - INVENTORY, AVG, MEASURED IN HEAD",HEAD,"251,000"
2025,MONTHLY,JAN,WASHINGTON,WA,53,"CATTLE, COWS, MILK - INVENTORY, AVG, MEASURED IN HEAD",HEAD,"253,000"
2025,MONTHLY,JAN THRU MAR,WASHINGTON,WA,53,"CATTLE, COWS, MILK - INVENTORY, AVG, MEASURED IN HEAD",HEAD,"252,000"
2025,MONTHLY,JUL,WASHINGTON,WA,53,"CATTLE, COWS, MILK - INVENTORY, AVG, MEASURED IN HEAD",HEAD,"239,000"
2025,MONTHLY,JUL THRU SEP,WASHINGTON,WA,53,"CATTLE, COWS, MILK - INVENTORY, AVG, MEASURED IN HEAD",HEAD,"237,000"
2025,MONTHLY,JUN,WASHINGTON,WA,53,"CATTLE, COWS, MILK - INVENTORY, AVG, MEASURED IN HEAD",HEAD,"239,000"
2025,MONTHLY,MAR,WASHINGTON,WA,53,"CATTLE, COWS, MILK - INVENTORY, AVG, MEASURED IN HEAD",HEAD,"251,000"
2025,MONTHLY,MAY,WASHINGTON,WA,53,"CATTLE, COWS, MILK - INVENTORY, AVG, MEASURED IN HEAD",HEAD,"240,000"
2025,MONTHLY,NOV,WASHINGTON,WA,53,"CATTLE, COWS, MILK - INVENTORY, AVG, MEASURED IN HEAD",HEAD,"236,000"
2025,MONTHLY,OCT,WASHINGTON,WA,53,"CATTLE, COWS, MILK - INVENTORY, AVG, MEASURED IN HEAD",HEAD,"237,000"
2025,MONTHLY,OCT THRU DEC,WASHINGTON,WA,53,"CATTLE, COWS, MILK - INVENTORY, AVG, MEASURED IN HEAD",HEAD,"236,000"
2025,MONTHLY,SEP,WASHINGTON,WA,53,"CATTLE, COWS, MILK - INVENTORY, AVG, MEASURED IN HEAD",HEAD,"234,000"
2025,MONTHLY,APR,WISCONSIN,WI,55,"CATTLE, COWS, MILK - INVENTORY, AVG, MEASURED IN HEAD",HEAD,"1,267,000"
2025,MONTHLY,APR THRU JUN,WISCONSIN,WI,55,"CATTLE, COWS, MILK - INVENTORY, AVG, MEASURED IN HEAD",HEAD,"1,268,000"
2025,MONTHLY,AUG,WISCONSIN,WI,55,"CATTLE, COWS, MILK - INVENTORY, AVG, MEASURED IN HEAD",HEAD,"1,276,000"
2025,MONTHLY,DEC,WISCONSIN,WI,55,"CATTLE, COWS, MILK - INVENTORY, AVG, MEASURED IN HEAD",HEAD,"1,285,000"
2025,MONTHLY,FEB,WISCONSIN,WI,55,"CATTLE, COWS, MILK - INVENTORY, AVG, MEASURED IN HEAD",HEAD,"1,265,000"
2025,MONTHLY,JAN,WISCONSIN,WI,55,"CATTLE, COWS, MILK - INVENTORY, AVG, MEASURED IN HEAD",HEAD,"1,265,000"
2025,MONTHLY,JAN THRU MAR,WISCONSIN,WI,55,"CATTLE, COWS, MILK - INVENTORY, AVG, MEASURED IN HEAD",HEAD,"1,265,000"
2025,MONTHLY,JUL,WISCONSIN,WI,55,"CATTLE, COWS, MILK - INVENTORY, AVG, MEASURED IN HEAD",HEAD,"1,272,000"
2025,MONTHLY,JUL THRU SEP,WISCONSIN,WI,55,"CATTLE, COWS, MILK - INVENTORY, AVG, MEASURED IN HEAD",HEAD,"1,276,000"
2025,MONTHLY,JUN,WISCONSIN,WI,55,"CATTLE, COWS, MILK - INVENTORY, AVG, MEASURED IN HEAD",HEAD,"1,270,000"
2025,MONTHLY,MAR,WISCONSIN,WI,55,"CATTLE, COWS, MILK - INVENTORY, AVG, MEASURED IN HEAD",HEAD,"1,266,000"
2025,MONTHLY,MAY,WISCONSIN,WI,55,"CATTLE, COWS, MILK - INVENTORY, AVG, MEASURED IN HEAD",HEAD,"1,268,000"
2025,MONTHLY,NOV,WISCONSIN,WI,55,"CATTLE, COWS, MILK - INVENTORY, AVG, MEASURED IN HEAD",HEAD,"1,283,000"
2025,MONTHLY,OCT,WISCONSIN,WI,55,"CATTLE, COWS, MILK - INVENTORY, AVG, MEASURED IN HEAD",HEAD,"1,282,000"
2025,MONTHLY,OCT THRU DEC,WISCONSIN,WI,55,"CATTLE, COWS, MILK - INVENTORY, AVG, MEASURED IN HEAD",HEAD,"1,283,000"
2025,MONTHLY,SEP,WISCONSIN,WI,55,"CATTLE, COWS, MILK - INVENTORY, AVG, MEASURED IN HEAD",HEAD,"1,280,000"
2026,MONTHLY,APR,ARIZONA,AZ,04,"CATTLE, COWS, MILK - INVENTORY, AVG, MEASURED IN HEAD",HEAD,"196,000"
2026,MONTHLY,FEB,ARIZONA,AZ,04,"CATTLE, COWS, MILK - INVENTORY, AVG, MEASURED IN HEAD",HEAD,"194,000"
2026,MONTHLY,JAN,ARIZONA,AZ,04,"CATTLE, COWS, MILK - INVENTORY, AVG, MEASURED IN HEAD",HEAD,"195,000"
2026,MONTHLY,JAN THRU MAR,ARIZONA,AZ,04,"CATTLE, COWS, MILK - INVENTORY, AVG, MEASURED IN HEAD",HEAD,"194,000"
2026,MONTHLY,MAR,ARIZONA,AZ,04,"CATTLE, COWS, MILK - INVENTORY, AVG, MEASURED IN HEAD",HEAD,"194,000"
2026,MONTHLY,MAY,ARIZONA,AZ,04,"CATTLE, COWS, MILK - INVENTORY, AVG, MEASURED IN HEAD",HEAD,"196,000"
2026,MONTHLY,APR,CALIFORNIA,CA,06,"CATTLE, COWS, MILK - INVENTORY, AVG, MEASURED IN HEAD",HEAD,"1,713,000"
2026,MONTHLY,FEB,CALIFORNIA,CA,06,"CATTLE, COWS, MILK - INVENTORY, AVG, MEASURED IN HEAD",HEAD,"1,710,000"
2026,MONTHLY,JAN,CALIFORNIA,CA,06,"CATTLE, COWS, MILK - INVENTORY, AVG, MEASURED IN HEAD",HEAD,"1,712,000"
2026,MONTHLY,JAN THRU MAR,CALIFORNIA,CA,06,"CATTLE, COWS, MILK - INVENTORY, AVG, MEASURED IN HEAD",HEAD,"1,710,000"
2026,MONTHLY,MAR,CALIFORNIA,CA,06,"CATTLE, COWS, MILK - INVENTORY, AVG, MEASURED IN HEAD",HEAD,"1,712,000"
2026,MONTHLY,MAY,CALIFORNIA,CA,06,"CATTLE, COWS, MILK - INVENTORY, AVG, MEASURED IN HEAD",HEAD,"1,714,000"
2026,MONTHLY,APR,COLORADO,CO,08,"CATTLE, COWS, MILK - INVENTORY, AVG, MEASURED IN HEAD",HEAD,"219,000"
2026,MONTHLY,FEB,COLORADO,CO,08,"CATTLE, COWS, MILK - INVENTORY, AVG, MEASURED IN HEAD",HEAD,"215,000"
2026,MONTHLY,JAN,COLORADO,CO,08,"CATTLE, COWS, MILK - INVENTORY, AVG, MEASURED IN HEAD",HEAD,"213,000"
2026,MONTHLY,JAN THRU MAR,COLORADO,CO,08,"CATTLE, COWS, MILK - INVENTORY, AVG, MEASURED IN HEAD",HEAD,"215,000"
2026,MONTHLY,MAR,COLORADO,CO,08,"CATTLE, COWS, MILK - INVENTORY, AVG, MEASURED IN HEAD",HEAD,"217,000"
2026,MONTHLY,MAY,COLORADO,CO,08,"CATTLE, COWS, MILK - INVENTORY, AVG, MEASURED IN HEAD",HEAD,"219,000"
2026,MONTHLY,APR,FLORIDA,FL,12,"CATTLE, COWS, MILK - INVENTORY, AVG, MEASURED IN HEAD",HEAD,"102,000"
2026,MONTHLY,FEB,FLORIDA,FL,12,"CATTLE, COWS, MILK - INVENTORY, AVG, MEASURED IN HEAD",HEAD,"97,000"
2026,MONTHLY,JAN,FLORIDA,FL,12,"CATTLE, COWS, MILK - INVENTORY, AVG, MEASURED IN HEAD",HEAD,"97,000"
2026,MONTHLY,JAN THRU MAR,FLORIDA,FL,12,"CATTLE, COWS, MILK - INVENTORY, AVG, MEASURED IN HEAD",HEAD,"97,000"
2026,MONTHLY,MAR,FLORIDA,FL,12,"CATTLE, COWS, MILK - INVENTORY, AVG, MEASURED IN HEAD",HEAD,"97,000"
2026,MONTHLY,MAY,FLORIDA,FL,12,"CATTLE, COWS, MILK - INVENTORY, AVG, MEASURED IN HEAD",HEAD,"102,000"
2026,MONTHLY,APR,GEORGIA,GA,13,"CATTLE, COWS, MILK - INVENTORY, AVG, MEASURED IN HEAD",HEAD,"88,000"
2026,MONTHLY,FEB,GEORGIA,GA,13,"CATTLE, COWS, MILK - INVENTORY, AVG, MEASURED IN HEAD",HEAD,"88,000"
2026,MONTHLY,JAN,GEORGIA,GA,13,"CATTLE, COWS, MILK - INVENTORY, AVG, MEASURED IN HEAD",HEAD,"89,000"
2026,MONTHLY,JAN THRU MAR,GEORGIA,GA,13,"CATTLE, COWS, MILK - INVENTORY, AVG, MEASURED IN HEAD",HEAD,"88,000"
2026,MONTHLY,MAR,GEORGIA,GA,13,"CATTLE, COWS, MILK - INVENTORY, AVG, MEASURED IN HEAD",HEAD,"88,000"
2026,MONTHLY,MAY,GEORGIA,GA,13,"CATTLE, COWS, MILK - INVENTORY, AVG, MEASURED IN HEAD",HEAD,"88,000"
2026,MONTHLY,APR,IOWA,IA,19,"CATTLE, COWS, MILK - INVENTORY, AVG, MEASURED IN HEAD",HEAD,"246,000"
2026,MONTHLY,FEB,IOWA,IA,19,"CATTLE, COWS, MILK - INVENTORY, AVG, MEASURED IN HEAD",HEAD,"245,000"
2026,MONTHLY,JAN,IOWA,IA,19,"CATTLE, COWS, MILK - INVENTORY, AVG, MEASURED IN HEAD",HEAD,"245,000"
2026,MONTHLY,JAN THRU MAR,IOWA,IA,19,"CATTLE, COWS, MILK - INVENTORY, AVG, MEASURED IN HEAD",HEAD,"245,000"
2026,MONTHLY,MAR,IOWA,IA,19,"CATTLE, COWS, MILK - INVENTORY, AVG, MEASURED IN HEAD",HEAD,"246,000"
2026,MONTHLY,MAY,IOWA,IA,19,"CATTLE, COWS, MILK - INVENTORY, AVG, MEASURED IN HEAD",HEAD,"246,000"
2026,MONTHLY,APR,IDAHO,ID,16,"CATTLE, COWS, MILK - INVENTORY, AVG, MEASURED IN HEAD",HEAD,"727,000"
2026,MONTHLY,FEB,IDAHO,ID,16,"CATTLE, COWS, MILK - INVENTORY, AVG, MEASURED IN HEAD",HEAD,"724,000"
2026,MONTHLY,JAN,IDAHO,ID,16,"CATTLE, COWS, MILK - INVENTORY, AVG, MEASURED IN HEAD",HEAD,"724,000"
2026,MONTHLY,JAN THRU MAR,IDAHO,ID,16,"CATTLE, COWS, MILK - INVENTORY, AVG, MEASURED IN HEAD",HEAD,"724,000"
2026,MONTHLY,MAR,IDAHO,ID,16,"CATTLE, COWS, MILK - INVENTORY, AVG, MEASURED IN HEAD",HEAD,"727,000"
2026,MONTHLY,MAY,IDAHO,ID,16,"CATTLE, COWS, MILK - INVENTORY, AVG, MEASURED IN HEAD",HEAD,"727,000"
2026,MONTHLY,APR,ILLINOIS,IL,17,"CATTLE, COWS, MILK - INVENTORY, AVG, MEASURED IN HEAD",HEAD,"77,000"
2026,MONTHLY,FEB,ILLINOIS,IL,17,"CATTLE, COWS, MILK - INVENTORY, AVG, MEASURED IN HEAD",HEAD,"76,000"
2026,MONTHLY,JAN,ILLINOIS,IL,17,"CATTLE, COWS, MILK - INVENTORY, AVG, MEASURED IN HEAD",HEAD,"76,000"
2026,MONTHLY,JAN THRU MAR,ILLINOIS,IL,17,"CATTLE, COWS, MILK - INVENTORY, AVG, MEASURED IN HEAD",HEAD,"76,000"
2026,MONTHLY,MAR,ILLINOIS,IL,17,"CATTLE, COWS, MILK - INVENTORY, AVG, MEASURED IN HEAD",HEAD,"77,000"
2026,MONTHLY,MAY,ILLINOIS,IL,17,"CATTLE, COWS, MILK - INVENTORY, AVG, MEASURED IN HEAD",HEAD,"77,000"
2026,MONTHLY,APR,INDIANA,IN,18,"CATTLE, COWS, MILK - INVENTORY, AVG, MEASURED IN HEAD",HEAD,"199,000"
2026,MONTHLY,FEB,INDIANA,IN,18,"CATTLE, COWS, MILK - INVENTORY, AVG, MEASURED IN HEAD",HEAD,"200,000"
2026,MONTHLY,JAN,INDIANA,IN,18,"CATTLE, COWS, MILK - INVENTORY, AVG, MEASURED IN HEAD",HEAD,"197,000"
2026,MONTHLY,JAN THRU MAR,INDIANA,IN,18,"CATTLE, COWS, MILK - INVENTORY, AVG, MEASURED IN HEAD",HEAD,"199,000"
2026,MONTHLY,MAR,INDIANA,IN,18,"CATTLE, COWS, MILK - INVENTORY, AVG, MEASURED IN HEAD",HEAD,"199,000"
2026,MONTHLY,MAY,INDIANA,IN,18,"CATTLE, COWS, MILK - INVENTORY, AVG, MEASURED IN HEAD",HEAD,"198,000"
2026,MONTHLY,APR,KANSAS,KS,20,"CATTLE, COWS, MILK - INVENTORY, AVG, MEASURED IN HEAD",HEAD,"240,000"
2026,MONTHLY,FEB,KANSAS,KS,20,"CATTLE, COWS, MILK - INVENTORY, AVG, MEASURED IN HEAD",HEAD,"232,000"
2026,MONTHLY,JAN,KANSAS,KS,20,"CATTLE, COWS, MILK - INVENTORY, AVG, MEASURED IN HEAD",HEAD,"230,000"
2026,MONTHLY,JAN THRU MAR,KANSAS,KS,20,"CATTLE, COWS, MILK - INVENTORY, AVG, MEASURED IN HEAD",HEAD,"232,000"
2026,MONTHLY,MAR,KANSAS,KS,20,"CATTLE, COWS, MILK - INVENTORY, AVG, MEASURED IN HEAD",HEAD,"235,000"
2026,MONTHLY,MAY,KANSAS,KS,20,"CATTLE, COWS, MILK - INVENTORY, AVG, MEASURED IN HEAD",HEAD,"243,000"
2026,MONTHLY,JAN THRU MAR,KENTUCKY,KY,21,"CATTLE, COWS, MILK - INVENTORY, AVG, MEASURED IN HEAD",HEAD,"37,000"
2026,MONTHLY,JAN THRU MAR,MARYLAND,MD,24,"CATTLE, COWS, MILK - INVENTORY, AVG, MEASURED IN HEAD",HEAD,"37,000"
2026,MONTHLY,JAN THRU MAR,MAINE,ME,23,"CATTLE, COWS, MILK - INVENTORY, AVG, MEASURED IN HEAD",HEAD,"23,000"
2026,MONTHLY,APR,MICHIGAN,MI,26,"CATTLE, COWS, MILK - INVENTORY, AVG, MEASURED IN HEAD",HEAD,"466,000"
2026,MONTHLY,FEB,MICHIGAN,MI,26,"CATTLE, COWS, MILK - INVENTORY, AVG, MEASURED IN HEAD",HEAD,"462,000"
2026,MONTHLY,JAN,MICHIGAN,MI,26,"CATTLE, COWS, MILK - INVENTORY, AVG, MEASURED IN HEAD",HEAD,"462,000"
2026,MONTHLY,JAN THRU MAR,MICHIGAN,MI,26,"CATTLE, COWS, MILK - INVENTORY, AVG, MEASURED IN HEAD",HEAD,"462,000"
2026,MONTHLY,MAR,MICHIGAN,MI,26,"CATTLE, COWS, MILK - INVENTORY, AVG, MEASURED IN HEAD",HEAD,"467,000"
2026,MONTHLY,MAY,MICHIGAN,MI,26,"CATTLE, COWS, MILK - INVENTORY, AVG, MEASURED IN HEAD",HEAD,"465,000"
2026,MONTHLY,APR,MINNESOTA,MN,27,"CATTLE, COWS, MILK - INVENTORY, AVG, MEASURED IN HEAD",HEAD,"451,000"
2026,MONTHLY,FEB,MINNESOTA,MN,27,"CATTLE, COWS, MILK - INVENTORY, AVG, MEASURED IN HEAD",HEAD,"453,000"
2026,MONTHLY,JAN,MINNESOTA,MN,27,"CATTLE, COWS, MILK - INVENTORY, AVG, MEASURED IN HEAD",HEAD,"453,000"
2026,MONTHLY,JAN THRU MAR,MINNESOTA,MN,27,"CATTLE, COWS, MILK - INVENTORY, AVG, MEASURED IN HEAD",HEAD,"453,000"
2026,MONTHLY,MAR,MINNESOTA,MN,27,"CATTLE, COWS, MILK - INVENTORY, AVG, MEASURED IN HEAD",HEAD,"452,000"
2026,MONTHLY,MAY,MINNESOTA,MN,27,"CATTLE, COWS, MILK - INVENTORY, AVG, MEASURED IN HEAD",HEAD,"451,000"
2026,MONTHLY,JAN THRU MAR,MISSOURI,MO,29,"CATTLE, COWS, MILK - INVENTORY, AVG, MEASURED IN HEAD",HEAD,"54,000"
2026,MONTHLY,JAN THRU MAR,NORTH CAROLINA,NC,37,"CATTLE, COWS, MILK - INVENTORY, AVG, MEASURED IN HEAD",HEAD,"36,000"
2026,MONTHLY,JAN THRU MAR,NEBRASKA,NE,31,"CATTLE, COWS, MILK - INVENTORY, AVG, MEASURED IN HEAD",HEAD,"51,000"
2026,MONTHLY,APR,NEW MEXICO,NM,35,"CATTLE, COWS, MILK - INVENTORY, AVG, MEASURED IN HEAD",HEAD,"237,000"
2026,MONTHLY,FEB,NEW MEXICO,NM,35,"CATTLE, COWS, MILK - INVENTORY, AVG, MEASURED IN HEAD",HEAD,"229,000"
2026,MONTHLY,JAN,NEW MEXICO,NM,35,"CATTLE, COWS, MILK - INVENTORY, AVG, MEASURED IN HEAD",HEAD,"230,000"
2026,MONTHLY,JAN THRU MAR,NEW MEXICO,NM,35,"CATTLE, COWS, MILK - INVENTORY, AVG, MEASURED IN HEAD",HEAD,"231,000"
2026,MONTHLY,MAR,NEW MEXICO,NM,35,"CATTLE, COWS, MILK - INVENTORY, AVG, MEASURED IN HEAD",HEAD,"234,000"
2026,MONTHLY,MAY,NEW MEXICO,NM,35,"CATTLE, COWS, MILK - INVENTORY, AVG, MEASURED IN HEAD",HEAD,"237,000"
2026,MONTHLY,JAN THRU MAR,NEVADA,NV,32,"CATTLE, COWS, MILK - INVENTORY, AVG, MEASURED IN HEAD",HEAD,"35,000"
2026,MONTHLY,APR,NEW YORK,NY,36,"CATTLE, COWS, MILK - INVENTORY, AVG, MEASURED IN HEAD",HEAD,"651,000"
2026,MONTHLY,FEB,NEW YORK,NY,36,"CATTLE, COWS, MILK - INVENTORY, AVG, MEASURED IN HEAD",HEAD,"653,000"
2026,MONTHLY,JAN,NEW YORK,NY,36,"CATTLE, COWS, MILK - INVENTORY, AVG, MEASURED IN HEAD",HEAD,"653,000"
2026,MONTHLY,JAN THRU MAR,NEW YORK,NY,36,"CATTLE, COWS, MILK - INVENTORY, AVG, MEASURED IN HEAD",HEAD,"653,000"
2026,MONTHLY,MAR,NEW YORK,NY,36,"CATTLE, COWS, MILK - INVENTORY, AVG, MEASURED IN HEAD",HEAD,"647,000"
2026,MONTHLY,MAY,NEW YORK,NY,36,"CATTLE, COWS, MILK - INVENTORY, AVG, MEASURED IN HEAD",HEAD,"651,000"
2026,MONTHLY,APR,OHIO,OH,39,"CATTLE, COWS, MILK - INVENTORY, AVG, MEASURED IN HEAD",HEAD,"256,000"
2026,MONTHLY,FEB,OHIO,OH,39,"CATTLE, COWS, MILK - INVENTORY, AVG, MEASURED IN HEAD",HEAD,"256,000"
2026,MONTHLY,JAN,OHIO,OH,39,"CATTLE, COWS, MILK - INVENTORY, AVG, MEASURED IN HEAD",HEAD,"256,000"
2026,MONTHLY,JAN THRU MAR,OHIO,OH,39,"CATTLE, COWS, MILK - INVENTORY, AVG, MEASURED IN HEAD",HEAD,"256,000"
2026,MONTHLY,MAR,OHIO,OH,39,"CATTLE, COWS, MILK - INVENTORY, AVG, MEASURED IN HEAD",HEAD,"256,000"
2026,MONTHLY,MAY,OHIO,OH,39,"CATTLE, COWS, MILK - INVENTORY, AVG, MEASURED IN HEAD",HEAD,"258,000"
2026,MONTHLY,JAN THRU MAR,OKLAHOMA,OK,40,"CATTLE, COWS, MILK - INVENTORY, AVG, MEASURED IN HEAD",HEAD,"46,000"
2026,MONTHLY,APR,OREGON,OR,41,"CATTLE, COWS, MILK - INVENTORY, AVG, MEASURED IN HEAD",HEAD,"124,000"
2026,MONTHLY,FEB,OREGON,OR,41,"CATTLE, COWS, MILK - INVENTORY, AVG, MEASURED IN HEAD",HEAD,"123,000"
2026,MONTHLY,JAN,OREGON,OR,41,"CATTLE, COWS, MILK - INVENTORY, AVG, MEASURED IN HEAD",HEAD,"122,000"
2026,MONTHLY,JAN THRU MAR,OREGON,OR,41,"CATTLE, COWS, MILK - INVENTORY, AVG, MEASURED IN HEAD",HEAD,"123,000"
2026,MONTHLY,MAR,OREGON,OR,41,"CATTLE, COWS, MILK - INVENTORY, AVG, MEASURED IN HEAD",HEAD,"124,000"
2026,MONTHLY,MAY,OREGON,OR,41,"CATTLE, COWS, MILK - INVENTORY, AVG, MEASURED IN HEAD",HEAD,"124,000"
2026,MONTHLY,JAN THRU MAR,OTHER STATES,OT,98,"CATTLE, COWS, MILK - INVENTORY, AVG, MEASURED IN HEAD",HEAD,"96,800"
2026,MONTHLY,APR,PENNSYLVANIA,PA,42,"CATTLE, COWS, MILK - INVENTORY, AVG, MEASURED IN HEAD",HEAD,"452,000"
2026,MONTHLY,FEB,PENNSYLVANIA,PA,42,"CATTLE, COWS, MILK - INVENTORY, AVG, MEASURED IN HEAD",HEAD,"452,000"
2026,MONTHLY,JAN,PENNSYLVANIA,PA,42,"CATTLE, COWS, MILK - INVENTORY, AVG, MEASURED IN HEAD",HEAD,"454,000"
2026,MONTHLY,JAN THRU MAR,PENNSYLVANIA,PA,42,"CATTLE, COWS, MILK - INVENTORY, AVG, MEASURED IN HEAD",HEAD,"453,000"
2026,MONTHLY,MAR,PENNSYLVANIA,PA,42,"CATTLE, COWS, MILK - INVENTORY, AVG, MEASURED IN HEAD",HEAD,"452,000"
2026,MONTHLY,MAY,PENNSYLVANIA,PA,42,"CATTLE, COWS, MILK - INVENTORY, AVG, MEASURED IN HEAD",HEAD,"452,000"
2026,MONTHLY,APR,SOUTH DAKOTA,SD,46,"CATTLE, COWS, MILK - INVENTORY, AVG, MEASURED IN HEAD",HEAD,"242,000"
2026,MONTHLY,FEB,SOUTH DAKOTA,SD,46,"CATTLE, COWS, MILK - INVENTORY, AVG, MEASURED IN HEAD",HEAD,"241,000"
2026,MONTHLY,JAN,SOUTH DAKOTA,SD,46,"CATTLE, COWS, MILK - INVENTORY, AVG, MEASURED IN HEAD",HEAD,"243,000"
2026,MONTHLY,JAN THRU MAR,SOUTH DAKOTA,SD,46,"CATTLE, COWS, MILK - INVENTORY, AVG, MEASURED IN HEAD",HEAD,"242,000"
2026,MONTHLY,MAR,SOUTH DAKOTA,SD,46,"CATTLE, COWS, MILK - INVENTORY, AVG, MEASURED IN HEAD",HEAD,"241,000"
2026,MONTHLY,MAY,SOUTH DAKOTA,SD,46,"CATTLE, COWS, MILK - INVENTORY, AVG, MEASURED IN HEAD",HEAD,"244,000"
2026,MONTHLY,JAN THRU MAR,TENNESSEE,TN,47,"CATTLE, COWS, MILK - INVENTORY, AVG, MEASURED IN HEAD",HEAD,"22,000"
2026,MONTHLY,APR,TEXAS,TX,48,"CATTLE, COWS, MILK - INVENTORY, AVG, MEASURED IN HEAD",HEAD,"722,000"
2026,MONTHLY,FEB,TEXAS,TX,48,"CATTLE, COWS, MILK - INVENTORY, AVG, MEASURED IN HEAD",HEAD,"718,000"
2026,MONTHLY,JAN,TEXAS,TX,48,"CATTLE, COWS, MILK - INVENTORY, AVG, MEASURED IN HEAD",HEAD,"715,000"
2026,MONTHLY,JAN THRU MAR,TEXAS,TX,48,"CATTLE, COWS, MILK - INVENTORY, AVG, MEASURED IN HEAD",HEAD,"717,000"
2026,MONTHLY,MAR,TEXAS,TX,48,"CATTLE, COWS, MILK - INVENTORY, AVG, MEASURED IN HEAD",HEAD,"719,000"
2026,MONTHLY,MAY,TEXAS,TX,48,"CATTLE, COWS, MILK - INVENTORY, AVG, MEASURED IN HEAD",HEAD,"722,000"
2026,MONTHLY,APR,US TOTAL,US,99,"CATTLE, COWS, MILK - INVENTORY, AVG, MEASURED IN HEAD",HEAD,"9,655,000"
2026,MONTHLY,FEB,US TOTAL,US,99,"CATTLE, COWS, MILK - INVENTORY, AVG, MEASURED IN HEAD",HEAD,"9,613,000"
2026,MONTHLY,JAN,US TOTAL,US,99,"CATTLE, COWS, MILK - INVENTORY, AVG, MEASURED IN HEAD",HEAD,"9,607,000"
2026,MONTHLY,JAN THRU MAR,US TOTAL,US,99,"CATTLE, COWS, MILK - INVENTORY, AVG, MEASURED IN HEAD",HEAD,"9,618,000"
2026,MONTHLY,MAR,US TOTAL,US,99,"CATTLE, COWS, MILK - INVENTORY, AVG, MEASURED IN HEAD",HEAD,"9,635,000"
2026,MONTHLY,MAY,US TOTAL,US,99,"CATTLE, COWS, MILK - INVENTORY, AVG, MEASURED IN HEAD",HEAD,"9,665,000"
2026,MONTHLY,APR,UTAH,UT,49,"CATTLE, COWS, MILK - INVENTORY, AVG, MEASURED IN HEAD",HEAD,"101,000"
2026,MONTHLY,FEB,UTAH,UT,49,"CATTLE, COWS, MILK - INVENTORY, AVG, MEASURED IN HEAD",HEAD,"99,000"
2026,MONTHLY,JAN,UTAH,UT,49,"CATTLE, COWS, MILK - INVENTORY, AVG, MEASURED IN HEAD",HEAD,"98,000"
2026,MONTHLY,JAN THRU MAR,UTAH,UT,49,"CATTLE, COWS, MILK - INVENTORY, AVG, MEASURED IN HEAD",HEAD,"99,000"
2026,MONTHLY,MAR,UTAH,UT,49,"CATTLE, COWS, MILK - INVENTORY, AVG, MEASURED IN HEAD",HEAD,"100,000"
2026,MONTHLY,MAY,UTAH,UT,49,"CATTLE, COWS, MILK - INVENTORY, AVG, MEASURED IN HEAD",HEAD,"101,000"
2026,MONTHLY,APR,VIRGINIA,VA,51,"CATTLE, COWS, MILK - INVENTORY, AVG, MEASURED IN HEAD",HEAD,"66,000"
2026,MONTHLY,FEB,VIRGINIA,VA,51,"CATTLE, COWS, MILK - INVENTORY, AVG, MEASURED IN HEAD",HEAD,"66,000"
2026,MONTHLY,JAN,VIRGINIA,VA,51,"CATTLE, COWS, MILK - INVENTORY, AVG, MEASURED IN HEAD",HEAD,"66,000"
2026,MONTHLY,JAN THRU MAR,VIRGINIA,VA,51,"CATTLE, COWS, MILK - INVENTORY, AVG, MEASURED IN HEAD",HEAD,"66,000"
2026,MONTHLY,MAR,VIRGINIA,VA,51,"CATTLE, COWS, MILK - INVENTORY, AVG, MEASURED IN HEAD",HEAD,"67,000"
2026,MONTHLY,MAY,VIRGINIA,VA,51,"CATTLE, COWS, MILK - INVENTORY, AVG, MEASURED IN HEAD",HEAD,"66,000"
2026,MONTHLY,APR,VERMONT,VT,50,"CATTLE, COWS, MILK - INVENTORY, AVG, MEASURED IN HEAD",HEAD,"112,000"
2026,MONTHLY,FEB,VERMONT,VT,50,"CATTLE, COWS, MILK - INVENTORY, AVG, MEASURED IN HEAD",HEAD,"113,000"
2026,MONTHLY,JAN,VERMONT,VT,50,"CATTLE, COWS, MILK - INVENTORY, AVG, MEASURED IN HEAD",HEAD,"114,000"
2026,MONTHLY,JAN THRU MAR,VERMONT,VT,50,"CATTLE, COWS, MILK - INVENTORY, AVG, MEASURED IN HEAD",HEAD,"113,000"
2026,MONTHLY,MAR,VERMONT,VT,50,"CATTLE, COWS, MILK - INVENTORY, AVG, MEASURED IN HEAD",HEAD,"113,000"
2026,MONTHLY,MAY,VERMONT,VT,50,"CATTLE, COWS, MILK - INVENTORY, AVG, MEASURED IN HEAD",HEAD,"112,000"
2026,MONTHLY,APR,WASHINGTON,WA,53,"CATTLE, COWS, MILK - INVENTORY, AVG, MEASURED IN HEAD",HEAD,"234,000"
2026,MONTHLY,FEB,WASHINGTON,WA,53,"CATTLE, COWS, MILK - INVENTORY, AVG, MEASURED IN HEAD",HEAD,"236,000"
2026,MONTHLY,JAN,WASHINGTON,WA,53,"CATTLE, COWS, MILK - INVENTORY, AVG, MEASURED IN HEAD",HEAD,"236,000"
2026,MONTHLY,JAN THRU MAR,WASHINGTON,WA,53,"CATTLE, COWS, MILK - INVENTORY, AVG, MEASURED IN HEAD",HEAD,"236,000"
2026,MONTHLY,MAR,WASHINGTON,WA,53,"CATTLE, COWS, MILK - INVENTORY, AVG, MEASURED IN HEAD",HEAD,"236,000"
2026,MONTHLY,MAY,WASHINGTON,WA,53,"CATTLE, COWS, MILK - INVENTORY, AVG, MEASURED IN HEAD",HEAD,"235,000"
2026,MONTHLY,APR,WISCONSIN,WI,55,"CATTLE, COWS, MILK - INVENTORY, AVG, MEASURED IN HEAD",HEAD,"1,297,000"
2026,MONTHLY,FEB,WISCONSIN,WI,55,"CATTLE, COWS, MILK - INVENTORY, AVG, MEASURED IN HEAD",HEAD,"1,293,000"
2026,MONTHLY,JAN,WISCONSIN,WI,55,"CATTLE, COWS, MILK - INVENTORY, AVG, MEASURED IN HEAD",HEAD,"1,290,000"
2026,MONTHLY,JAN THRU MAR,WISCONSIN,WI,55,"CATTLE, COWS, MILK - INVENTORY, AVG, MEASURED IN HEAD",HEAD,"1,292,000"
2026,MONTHLY,MAR,WISCONSIN,WI,55,"CATTLE, COWS, MILK - INVENTORY, AVG, MEASURED IN HEAD",HEAD,"1,298,000"
2026,MONTHLY,MAY,WISCONSIN,WI,55,"CATTLE, COWS, MILK - INVENTORY, AVG, MEASURED IN HEAD",HEAD,"1,297,000"
