year,freq_desc,reference_period_desc,state_name,state_alpha,state_fips,short_desc,unit_desc,value
2015,MONTHLY,APR,ARIZONA,AZ,04,"MILK - PRODUCTION, MEASURED IN LB / HEAD",LB / HEAD,"2,155"
2015,MONTHLY,AUG,ARIZONA,AZ,04,"MILK - PRODUCTION, MEASURED IN LB / HEAD",LB / HEAD,"1,830"
2015,MONTHLY,DEC,ARIZONA,AZ,04,"MILK - PRODUCTION, MEASURED IN LB / HEAD",LB / HEAD,"2,010"
2015,MONTHLY,FEB,ARIZONA,AZ,04,"MILK - PRODUCTION, MEASURED IN LB / HEAD",LB / HEAD,"1,940"
2015,MONTHLY,JAN,ARIZONA,AZ,04,"MILK - PRODUCTION, MEASURED IN LB / HEAD",LB / HEAD,"2,080"
2015,MONTHLY,JUL,ARIZONA,AZ,04,"MILK - PRODUCTION, MEASURED IN LB / HEAD",LB / HEAD,"1,955"
2015,MONTHLY,JUN,ARIZONA,AZ,04,"MILK - PRODUCTION, MEASURED IN LB / HEAD",LB / HEAD,"2,015"
2015,MONTHLY,MAR,ARIZONA,AZ,04,"MILK - PRODUCTION, MEASURED IN LB / HEAD",LB / HEAD,"2,210"
2015,MONTHLY,MAY,ARIZONA,AZ,04,"MILK - PRODUCTION, MEASURED IN LB / HEAD",LB / HEAD,"2,165"
2015,MONTHLY,NOV,ARIZONA,AZ,04,"MILK - PRODUCTION, MEASURED IN LB / HEAD",LB / HEAD,"1,880"
2015,MONTHLY,OCT,ARIZONA,AZ,04,"MILK - PRODUCTION, MEASURED IN LB / HEAD",LB / HEAD,"1,870"
2015,MONTHLY,SEP,ARIZONA,AZ,04,"MILK - PRODUCTION, MEASURED IN LB / HEAD",LB / HEAD,"1,735"
2015,MONTHLY,APR,CALIFORNIA,CA,06,"MILK - PRODUCTION, MEASURED IN LB / HEAD",LB / HEAD,"2,030"
2015,MONTHLY,AUG,CALIFORNIA,CA,06,"MILK - PRODUCTION, MEASURED IN LB / HEAD",LB / HEAD,"1,880"
2015,MONTHLY,DEC,CALIFORNIA,CA,06,"MILK - PRODUCTION, MEASURED IN LB / HEAD",LB / HEAD,"1,900"
2015,MONTHLY,FEB,CALIFORNIA,CA,06,"MILK - PRODUCTION, MEASURED IN LB / HEAD",LB / HEAD,"1,845"
2015,MONTHLY,JAN,CALIFORNIA,CA,06,"MILK - PRODUCTION, MEASURED IN LB / HEAD",LB / HEAD,"1,985"
2015,MONTHLY,JUL,CALIFORNIA,CA,06,"MILK - PRODUCTION, MEASURED IN LB / HEAD",LB / HEAD,"1,915"
2015,MONTHLY,JUN,CALIFORNIA,CA,06,"MILK - PRODUCTION, MEASURED IN LB / HEAD",LB / HEAD,"1,910"
2015,MONTHLY,MAR,CALIFORNIA,CA,06,"MILK - PRODUCTION, MEASURED IN LB / HEAD",LB / HEAD,"2,080"
2015,MONTHLY,MAY,CALIFORNIA,CA,06,"MILK - PRODUCTION, MEASURED IN LB / HEAD",LB / HEAD,"2,055"
2015,MONTHLY,NOV,CALIFORNIA,CA,06,"MILK - PRODUCTION, MEASURED IN LB / HEAD",LB / HEAD,"1,810"
2015,MONTHLY,OCT,CALIFORNIA,CA,06,"MILK - PRODUCTION, MEASURED IN LB / HEAD",LB / HEAD,"1,830"
2015,MONTHLY,SEP,CALIFORNIA,CA,06,"MILK - PRODUCTION, MEASURED IN LB / HEAD",LB / HEAD,"1,790"
2015,MONTHLY,APR,COLORADO,CO,08,"MILK - PRODUCTION, MEASURED IN LB / HEAD",LB / HEAD,"2,130"
2015,MONTHLY,AUG,COLORADO,CO,08,"MILK - PRODUCTION, MEASURED IN LB / HEAD",LB / HEAD,"2,165"
2015,MONTHLY,DEC,COLORADO,CO,08,"MILK - PRODUCTION, MEASURED IN LB / HEAD",LB / HEAD,"2,125"
2015,MONTHLY,FEB,COLORADO,CO,08,"MILK - PRODUCTION, MEASURED IN LB / HEAD",LB / HEAD,"1,945"
2015,MONTHLY,JAN,COLORADO,CO,08,"MILK - PRODUCTION, MEASURED IN LB / HEAD",LB / HEAD,"2,120"
2015,MONTHLY,JUL,COLORADO,CO,08,"MILK - PRODUCTION, MEASURED IN LB / HEAD",LB / HEAD,"2,175"
2015,MONTHLY,JUN,COLORADO,CO,08,"MILK - PRODUCTION, MEASURED IN LB / HEAD",LB / HEAD,"2,095"
2015,MONTHLY,MAR,COLORADO,CO,08,"MILK - PRODUCTION, MEASURED IN LB / HEAD",LB / HEAD,"2,165"
2015,MONTHLY,MAY,COLORADO,CO,08,"MILK - PRODUCTION, MEASURED IN LB / HEAD",LB / HEAD,"2,165"
2015,MONTHLY,NOV,COLORADO,CO,08,"MILK - PRODUCTION, MEASURED IN LB / HEAD",LB / HEAD,"2,060"
2015,MONTHLY,OCT,COLORADO,CO,08,"MILK - PRODUCTION, MEASURED IN LB / HEAD",LB / HEAD,"2,150"
2015,MONTHLY,SEP,COLORADO,CO,08,"MILK - PRODUCTION, MEASURED IN LB / HEAD",LB / HEAD,"2,095"
2015,MONTHLY,APR,FLORIDA,FL,12,"MILK - PRODUCTION, MEASURED IN LB / HEAD",LB / HEAD,"1,895"
2015,MONTHLY,AUG,FLORIDA,FL,12,"MILK - PRODUCTION, MEASURED IN LB / HEAD",LB / HEAD,"1,555"
2015,MONTHLY,DEC,FLORIDA,FL,12,"MILK - PRODUCTION, MEASURED IN LB / HEAD",LB / HEAD,"1,745"
2015,MONTHLY,FEB,FLORIDA,FL,12,"MILK - PRODUCTION, MEASURED IN LB / HEAD",LB / HEAD,"1,780"
2015,MONTHLY,JAN,FLORIDA,FL,12,"MILK - PRODUCTION, MEASURED IN LB / HEAD",LB / HEAD,"1,875"
2015,MONTHLY,JUL,FLORIDA,FL,12,"MILK - PRODUCTION, MEASURED IN LB / HEAD",LB / HEAD,"1,715"
2015,MONTHLY,JUN,FLORIDA,FL,12,"MILK - PRODUCTION, MEASURED IN LB / HEAD",LB / HEAD,"1,790"
2015,MONTHLY,MAR,FLORIDA,FL,12,"MILK - PRODUCTION, MEASURED IN LB / HEAD",LB / HEAD,"1,960"
2015,MONTHLY,MAY,FLORIDA,FL,12,"MILK - PRODUCTION, MEASURED IN LB / HEAD",LB / HEAD,"1,920"
2015,MONTHLY,NOV,FLORIDA,FL,12,"MILK - PRODUCTION, MEASURED IN LB / HEAD",LB / HEAD,"1,530"
2015,MONTHLY,OCT,FLORIDA,FL,12,"MILK - PRODUCTION, MEASURED IN LB / HEAD",LB / HEAD,"1,480"
2015,MONTHLY,SEP,FLORIDA,FL,12,"MILK - PRODUCTION, MEASURED IN LB / HEAD",LB / HEAD,"1,450"
2015,MONTHLY,APR,IOWA,IA,19,"MILK - PRODUCTION, MEASURED IN LB / HEAD",LB / HEAD,"1,940"
2015,MONTHLY,AUG,IOWA,IA,19,"MILK - PRODUCTION, MEASURED IN LB / HEAD",LB / HEAD,"1,915"
2015,MONTHLY,DEC,IOWA,IA,19,"MILK - PRODUCTION, MEASURED IN LB / HEAD",LB / HEAD,"1,945"
2015,MONTHLY,FEB,IOWA,IA,19,"MILK - PRODUCTION, MEASURED IN LB / HEAD",LB / HEAD,"1,775"
2015,MONTHLY,JAN,IOWA,IA,19,"MILK - PRODUCTION, MEASURED IN LB / HEAD",LB / HEAD,"1,995"
2015,MONTHLY,JUL,IOWA,IA,19,"MILK - PRODUCTION, MEASURED IN LB / HEAD",LB / HEAD,"1,915"
2015,MONTHLY,JUN,IOWA,IA,19,"MILK - PRODUCTION, MEASURED IN LB / HEAD",LB / HEAD,"1,910"
2015,MONTHLY,MAR,IOWA,IA,19,"MILK - PRODUCTION, MEASURED IN LB / HEAD",LB / HEAD,"1,965"
2015,MONTHLY,MAY,IOWA,IA,19,"MILK - PRODUCTION, MEASURED IN LB / HEAD",LB / HEAD,"2,015"
2015,MONTHLY,NOV,IOWA,IA,19,"MILK - PRODUCTION, MEASURED IN LB / HEAD",LB / HEAD,"1,850"
2015,MONTHLY,OCT,IOWA,IA,19,"MILK - PRODUCTION, MEASURED IN LB / HEAD",LB / HEAD,"1,900"
2015,MONTHLY,SEP,IOWA,IA,19,"MILK - PRODUCTION, MEASURED IN LB / HEAD",LB / HEAD,"1,810"
2015,MONTHLY,APR,IDAHO,ID,16,"MILK - PRODUCTION, MEASURED IN LB / HEAD",LB / HEAD,"2,005"
2015,MONTHLY,AUG,IDAHO,ID,16,"MILK - PRODUCTION, MEASURED IN LB / HEAD",LB / HEAD,"2,090"
2015,MONTHLY,DEC,IDAHO,ID,16,"MILK - PRODUCTION, MEASURED IN LB / HEAD",LB / HEAD,"1,985"
2015,MONTHLY,FEB,IDAHO,ID,16,"MILK - PRODUCTION, MEASURED IN LB / HEAD",LB / HEAD,"1,810"
2015,MONTHLY,JAN,IDAHO,ID,16,"MILK - PRODUCTION, MEASURED IN LB / HEAD",LB / HEAD,"1,990"
2015,MONTHLY,JUL,IDAHO,ID,16,"MILK - PRODUCTION, MEASURED IN LB / HEAD",LB / HEAD,"2,095"
2015,MONTHLY,JUN,IDAHO,ID,16,"MILK - PRODUCTION, MEASURED IN LB / HEAD",LB / HEAD,"2,040"
2015,MONTHLY,MAR,IDAHO,ID,16,"MILK - PRODUCTION, MEASURED IN LB / HEAD",LB / HEAD,"2,035"
2015,MONTHLY,MAY,IDAHO,ID,16,"MILK - PRODUCTION, MEASURED IN LB / HEAD",LB / HEAD,"2,105"
2015,MONTHLY,NOV,IDAHO,ID,16,"MILK - PRODUCTION, MEASURED IN LB / HEAD",LB / HEAD,"1,935"
2015,MONTHLY,OCT,IDAHO,ID,16,"MILK - PRODUCTION, MEASURED IN LB / HEAD",LB / HEAD,"2,035"
2015,MONTHLY,SEP,IDAHO,ID,16,"MILK - PRODUCTION, MEASURED IN LB / HEAD",LB / HEAD,"1,995"
2015,MONTHLY,APR,ILLINOIS,IL,17,"MILK - PRODUCTION, MEASURED IN LB / HEAD",LB / HEAD,"1,760"
2015,MONTHLY,AUG,ILLINOIS,IL,17,"MILK - PRODUCTION, MEASURED IN LB / HEAD",LB / HEAD,"1,600"
2015,MONTHLY,DEC,ILLINOIS,IL,17,"MILK - PRODUCTION, MEASURED IN LB / HEAD",LB / HEAD,"1,740"
2015,MONTHLY,FEB,ILLINOIS,IL,17,"MILK - PRODUCTION, MEASURED IN LB / HEAD",LB / HEAD,"1,590"
2015,MONTHLY,JAN,ILLINOIS,IL,17,"MILK - PRODUCTION, MEASURED IN LB / HEAD",LB / HEAD,"1,725"
2015,MONTHLY,JUL,ILLINOIS,IL,17,"MILK - PRODUCTION, MEASURED IN LB / HEAD",LB / HEAD,"1,650"
2015,MONTHLY,JUN,ILLINOIS,IL,17,"MILK - PRODUCTION, MEASURED IN LB / HEAD",LB / HEAD,"1,690"
2015,MONTHLY,MAR,ILLINOIS,IL,17,"MILK - PRODUCTION, MEASURED IN LB / HEAD",LB / HEAD,"1,770"
2015,MONTHLY,MAY,ILLINOIS,IL,17,"MILK - PRODUCTION, MEASURED IN LB / HEAD",LB / HEAD,"1,810"
2015,MONTHLY,NOV,ILLINOIS,IL,17,"MILK - PRODUCTION, MEASURED IN LB / HEAD",LB / HEAD,"1,600"
2015,MONTHLY,OCT,ILLINOIS,IL,17,"MILK - PRODUCTION, MEASURED IN LB / HEAD",LB / HEAD,"1,610"
2015,MONTHLY,SEP,ILLINOIS,IL,17,"MILK - PRODUCTION, MEASURED IN LB / HEAD",LB / HEAD,"1,520"
2015,MONTHLY,APR,INDIANA,IN,18,"MILK - PRODUCTION, MEASURED IN LB / HEAD",LB / HEAD,"1,845"
2015,MONTHLY,AUG,INDIANA,IN,18,"MILK - PRODUCTION, MEASURED IN LB / HEAD",LB / HEAD,"1,825"
2015,MONTHLY,DEC,INDIANA,IN,18,"MILK - PRODUCTION, MEASURED IN LB / HEAD",LB / HEAD,"1,835"
2015,MONTHLY,FEB,INDIANA,IN,18,"MILK - PRODUCTION, MEASURED IN LB / HEAD",LB / HEAD,"1,680"
2015,MONTHLY,JAN,INDIANA,IN,18,"MILK - PRODUCTION, MEASURED IN LB / HEAD",LB / HEAD,"1,855"
2015,MONTHLY,JUL,INDIANA,IN,18,"MILK - PRODUCTION, MEASURED IN LB / HEAD",LB / HEAD,"1,830"
2015,MONTHLY,JUN,INDIANA,IN,18,"MILK - PRODUCTION, MEASURED IN LB / HEAD",LB / HEAD,"1,805"
2015,MONTHLY,MAR,INDIANA,IN,18,"MILK - PRODUCTION, MEASURED IN LB / HEAD",LB / HEAD,"1,865"
2015,MONTHLY,MAY,INDIANA,IN,18,"MILK - PRODUCTION, MEASURED IN LB / HEAD",LB / HEAD,"1,930"
2015,MONTHLY,NOV,INDIANA,IN,18,"MILK - PRODUCTION, MEASURED IN LB / HEAD",LB / HEAD,"1,770"
2015,MONTHLY,OCT,INDIANA,IN,18,"MILK - PRODUCTION, MEASURED IN LB / HEAD",LB / HEAD,"1,800"
2015,MONTHLY,SEP,INDIANA,IN,18,"MILK - PRODUCTION, MEASURED IN LB / HEAD",LB / HEAD,"1,745"
2015,MONTHLY,APR,KANSAS,KS,20,"MILK - PRODUCTION, MEASURED IN LB / HEAD",LB / HEAD,"1,945"
2015,MONTHLY,AUG,KANSAS,KS,20,"MILK - PRODUCTION, MEASURED IN LB / HEAD",LB / HEAD,"1,840"
2015,MONTHLY,DEC,KANSAS,KS,20,"MILK - PRODUCTION, MEASURED IN LB / HEAD",LB / HEAD,"1,830"
2015,MONTHLY,FEB,KANSAS,KS,20,"MILK - PRODUCTION, MEASURED IN LB / HEAD",LB / HEAD,"1,740"
2015,MONTHLY,JAN,KANSAS,KS,20,"MILK - PRODUCTION, MEASURED IN LB / HEAD",LB / HEAD,"1,890"
2015,MONTHLY,JUL,KANSAS,KS,20,"MILK - PRODUCTION, MEASURED IN LB / HEAD",LB / HEAD,"1,845"
2015,MONTHLY,JUN,KANSAS,KS,20,"MILK - PRODUCTION, MEASURED IN LB / HEAD",LB / HEAD,"1,810"
2015,MONTHLY,MAR,KANSAS,KS,20,"MILK - PRODUCTION, MEASURED IN LB / HEAD",LB / HEAD,"1,970"
2015,MONTHLY,MAY,KANSAS,KS,20,"MILK - PRODUCTION, MEASURED IN LB / HEAD",LB / HEAD,"1,965"
2015,MONTHLY,NOV,KANSAS,KS,20,"MILK - PRODUCTION, MEASURED IN LB / HEAD",LB / HEAD,"1,770"
2015,MONTHLY,OCT,KANSAS,KS,20,"MILK - PRODUCTION, MEASURED IN LB / HEAD",LB / HEAD,"1,840"
2015,MONTHLY,SEP,KANSAS,KS,20,"MILK - PRODUCTION, MEASURED IN LB / HEAD",LB / HEAD,"1,760"
2015,MONTHLY,APR,MICHIGAN,MI,26,"MILK - PRODUCTION, MEASURED IN LB / HEAD",LB / HEAD,"2,100"
2015,MONTHLY,AUG,MICHIGAN,MI,26,"MILK - PRODUCTION, MEASURED IN LB / HEAD",LB / HEAD,"2,140"
2015,MONTHLY,DEC,MICHIGAN,MI,26,"MILK - PRODUCTION, MEASURED IN LB / HEAD",LB / HEAD,"2,145"
2015,MONTHLY,FEB,MICHIGAN,MI,26,"MILK - PRODUCTION, MEASURED IN LB / HEAD",LB / HEAD,"1,900"
2015,MONTHLY,JAN,MICHIGAN,MI,26,"MILK - PRODUCTION, MEASURED IN LB / HEAD",LB / HEAD,"2,100"
2015,MONTHLY,JUL,MICHIGAN,MI,26,"MILK - PRODUCTION, MEASURED IN LB / HEAD",LB / HEAD,"2,170"
2015,MONTHLY,JUN,MICHIGAN,MI,26,"MILK - PRODUCTION, MEASURED IN LB / HEAD",LB / HEAD,"2,135"
2015,MONTHLY,MAR,MICHIGAN,MI,26,"MILK - PRODUCTION, MEASURED IN LB / HEAD",LB / HEAD,"2,130"
2015,MONTHLY,MAY,MICHIGAN,MI,26,"MILK - PRODUCTION, MEASURED IN LB / HEAD",LB / HEAD,"2,195"
2015,MONTHLY,NOV,MICHIGAN,MI,26,"MILK - PRODUCTION, MEASURED IN LB / HEAD",LB / HEAD,"2,050"
2015,MONTHLY,OCT,MICHIGAN,MI,26,"MILK - PRODUCTION, MEASURED IN LB / HEAD",LB / HEAD,"2,100"
2015,MONTHLY,SEP,MICHIGAN,MI,26,"MILK - PRODUCTION, MEASURED IN LB / HEAD",LB / HEAD,"2,015"
2015,MONTHLY,APR,MINNESOTA,MN,27,"MILK - PRODUCTION, MEASURED IN LB / HEAD",LB / HEAD,"1,720"
2015,MONTHLY,AUG,MINNESOTA,MN,27,"MILK - PRODUCTION, MEASURED IN LB / HEAD",LB / HEAD,"1,730"
2015,MONTHLY,DEC,MINNESOTA,MN,27,"MILK - PRODUCTION, MEASURED IN LB / HEAD",LB / HEAD,"1,745"
2015,MONTHLY,FEB,MINNESOTA,MN,27,"MILK - PRODUCTION, MEASURED IN LB / HEAD",LB / HEAD,"1,590"
2015,MONTHLY,JAN,MINNESOTA,MN,27,"MILK - PRODUCTION, MEASURED IN LB / HEAD",LB / HEAD,"1,745"
2015,MONTHLY,JUL,MINNESOTA,MN,27,"MILK - PRODUCTION, MEASURED IN LB / HEAD",LB / HEAD,"1,760"
2015,MONTHLY,JUN,MINNESOTA,MN,27,"MILK - PRODUCTION, MEASURED IN LB / HEAD",LB / HEAD,"1,730"
2015,MONTHLY,MAR,MINNESOTA,MN,27,"MILK - PRODUCTION, MEASURED IN LB / HEAD",LB / HEAD,"1,760"
2015,MONTHLY,MAY,MINNESOTA,MN,27,"MILK - PRODUCTION, MEASURED IN LB / HEAD",LB / HEAD,"1,795"
2015,MONTHLY,NOV,MINNESOTA,MN,27,"MILK - PRODUCTION, MEASURED IN LB / HEAD",LB / HEAD,"1,660"
2015,MONTHLY,OCT,MINNESOTA,MN,27,"MILK - PRODUCTION, MEASURED IN LB / HEAD",LB / HEAD,"1,695"
2015,MONTHLY,SEP,MINNESOTA,MN,27,"MILK - PRODUCTION, MEASURED IN LB / HEAD",LB / HEAD,"1,635"
2015,MONTHLY,APR,NEW MEXICO,NM,35,"MILK - PRODUCTION, MEASURED IN LB / HEAD",LB / HEAD,"2,105"
2015,MONTHLY,AUG,NEW MEXICO,NM,35,"MILK - PRODUCTION, MEASURED IN LB / HEAD",LB / HEAD,"2,010"
2015,MONTHLY,DEC,NEW MEXICO,NM,35,"MILK - PRODUCTION, MEASURED IN LB / HEAD",LB / HEAD,"1,955"
2015,MONTHLY,FEB,NEW MEXICO,NM,35,"MILK - PRODUCTION, MEASURED IN LB / HEAD",LB / HEAD,"1,880"
2015,MONTHLY,JAN,NEW MEXICO,NM,35,"MILK - PRODUCTION, MEASURED IN LB / HEAD",LB / HEAD,"2,070"
2015,MONTHLY,JUL,NEW MEXICO,NM,35,"MILK - PRODUCTION, MEASURED IN LB / HEAD",LB / HEAD,"2,040"
2015,MONTHLY,JUN,NEW MEXICO,NM,35,"MILK - PRODUCTION, MEASURED IN LB / HEAD",LB / HEAD,"2,035"
2015,MONTHLY,MAR,NEW MEXICO,NM,35,"MILK - PRODUCTION, MEASURED IN LB / HEAD",LB / HEAD,"2,125"
2015,MONTHLY,MAY,NEW MEXICO,NM,35,"MILK - PRODUCTION, MEASURED IN LB / HEAD",LB / HEAD,"2,190"
2015,MONTHLY,NOV,NEW MEXICO,NM,35,"MILK - PRODUCTION, MEASURED IN LB / HEAD",LB / HEAD,"1,915"
2015,MONTHLY,OCT,NEW MEXICO,NM,35,"MILK - PRODUCTION, MEASURED IN LB / HEAD",LB / HEAD,"1,990"
2015,MONTHLY,SEP,NEW MEXICO,NM,35,"MILK - PRODUCTION, MEASURED IN LB / HEAD",LB / HEAD,"1,960"
2015,MONTHLY,APR,NEW YORK,NY,36,"MILK - PRODUCTION, MEASURED IN LB / HEAD",LB / HEAD,"1,875"
2015,MONTHLY,AUG,NEW YORK,NY,36,"MILK - PRODUCTION, MEASURED IN LB / HEAD",LB / HEAD,"1,950"
2015,MONTHLY,DEC,NEW YORK,NY,36,"MILK - PRODUCTION, MEASURED IN LB / HEAD",LB / HEAD,"1,930"
2015,MONTHLY,FEB,NEW YORK,NY,36,"MILK - PRODUCTION, MEASURED IN LB / HEAD",LB / HEAD,"1,720"
2015,MONTHLY,JAN,NEW YORK,NY,36,"MILK - PRODUCTION, MEASURED IN LB / HEAD",LB / HEAD,"1,905"
2015,MONTHLY,JUL,NEW YORK,NY,36,"MILK - PRODUCTION, MEASURED IN LB / HEAD",LB / HEAD,"1,975"
2015,MONTHLY,JUN,NEW YORK,NY,36,"MILK - PRODUCTION, MEASURED IN LB / HEAD",LB / HEAD,"1,940"
2015,MONTHLY,MAR,NEW YORK,NY,36,"MILK - PRODUCTION, MEASURED IN LB / HEAD",LB / HEAD,"1,905"
2015,MONTHLY,MAY,NEW YORK,NY,36,"MILK - PRODUCTION, MEASURED IN LB / HEAD",LB / HEAD,"1,990"
2015,MONTHLY,NOV,NEW YORK,NY,36,"MILK - PRODUCTION, MEASURED IN LB / HEAD",LB / HEAD,"1,840"
2015,MONTHLY,OCT,NEW YORK,NY,36,"MILK - PRODUCTION, MEASURED IN LB / HEAD",LB / HEAD,"1,900"
2015,MONTHLY,SEP,NEW YORK,NY,36,"MILK - PRODUCTION, MEASURED IN LB / HEAD",LB / HEAD,"1,850"
2015,MONTHLY,APR,OHIO,OH,39,"MILK - PRODUCTION, MEASURED IN LB / HEAD",LB / HEAD,"1,730"
2015,MONTHLY,AUG,OHIO,OH,39,"MILK - PRODUCTION, MEASURED IN LB / HEAD",LB / HEAD,"1,750"
2015,MONTHLY,DEC,OHIO,OH,39,"MILK - PRODUCTION, MEASURED IN LB / HEAD",LB / HEAD,"1,730"
2015,MONTHLY,FEB,OHIO,OH,39,"MILK - PRODUCTION, MEASURED IN LB / HEAD",LB / HEAD,"1,570"
2015,MONTHLY,JAN,OHIO,OH,39,"MILK - PRODUCTION, MEASURED IN LB / HEAD",LB / HEAD,"1,750"
2015,MONTHLY,JUL,OHIO,OH,39,"MILK - PRODUCTION, MEASURED IN LB / HEAD",LB / HEAD,"1,765"
2015,MONTHLY,JUN,OHIO,OH,39,"MILK - PRODUCTION, MEASURED IN LB / HEAD",LB / HEAD,"1,745"
2015,MONTHLY,MAR,OHIO,OH,39,"MILK - PRODUCTION, MEASURED IN LB / HEAD",LB / HEAD,"1,745"
2015,MONTHLY,MAY,OHIO,OH,39,"MILK - PRODUCTION, MEASURED IN LB / HEAD",LB / HEAD,"1,825"
2015,MONTHLY,NOV,OHIO,OH,39,"MILK - PRODUCTION, MEASURED IN LB / HEAD",LB / HEAD,"1,655"
2015,MONTHLY,OCT,OHIO,OH,39,"MILK - PRODUCTION, MEASURED IN LB / HEAD",LB / HEAD,"1,705"
2015,MONTHLY,SEP,OHIO,OH,39,"MILK - PRODUCTION, MEASURED IN LB / HEAD",LB / HEAD,"1,660"
2015,MONTHLY,APR,OREGON,OR,41,"MILK - PRODUCTION, MEASURED IN LB / HEAD",LB / HEAD,"1,735"
2015,MONTHLY,AUG,OREGON,OR,41,"MILK - PRODUCTION, MEASURED IN LB / HEAD",LB / HEAD,"1,740"
2015,MONTHLY,DEC,OREGON,OR,41,"MILK - PRODUCTION, MEASURED IN LB / HEAD",LB / HEAD,"1,690"
2015,MONTHLY,FEB,OREGON,OR,41,"MILK - PRODUCTION, MEASURED IN LB / HEAD",LB / HEAD,"1,570"
2015,MONTHLY,JAN,OREGON,OR,41,"MILK - PRODUCTION, MEASURED IN LB / HEAD",LB / HEAD,"1,680"
2015,MONTHLY,JUL,OREGON,OR,41,"MILK - PRODUCTION, MEASURED IN LB / HEAD",LB / HEAD,"1,745"
2015,MONTHLY,JUN,OREGON,OR,41,"MILK - PRODUCTION, MEASURED IN LB / HEAD",LB / HEAD,"1,735"
2015,MONTHLY,MAR,OREGON,OR,41,"MILK - PRODUCTION, MEASURED IN LB / HEAD",LB / HEAD,"1,785"
2015,MONTHLY,MAY,OREGON,OR,41,"MILK - PRODUCTION, MEASURED IN LB / HEAD",LB / HEAD,"1,800"
2015,MONTHLY,NOV,OREGON,OR,41,"MILK - PRODUCTION, MEASURED IN LB / HEAD",LB / HEAD,"1,620"
2015,MONTHLY,OCT,OREGON,OR,41,"MILK - PRODUCTION, MEASURED IN LB / HEAD",LB / HEAD,"1,685"
2015,MONTHLY,SEP,OREGON,OR,41,"MILK - PRODUCTION, MEASURED IN LB / HEAD",LB / HEAD,"1,685"
2015,MONTHLY,APR,PENNSYLVANIA,PA,42,"MILK - PRODUCTION, MEASURED IN LB / HEAD",LB / HEAD,"1,745"
2015,MONTHLY,AUG,PENNSYLVANIA,PA,42,"MILK - PRODUCTION, MEASURED IN LB / HEAD",LB / HEAD,"1,705"
2015,MONTHLY,DEC,PENNSYLVANIA,PA,42,"MILK - PRODUCTION, MEASURED IN LB / HEAD",LB / HEAD,"1,685"
2015,MONTHLY,FEB,PENNSYLVANIA,PA,42,"MILK - PRODUCTION, MEASURED IN LB / HEAD",LB / HEAD,"1,585"
2015,MONTHLY,JAN,PENNSYLVANIA,PA,42,"MILK - PRODUCTION, MEASURED IN LB / HEAD",LB / HEAD,"1,730"
2015,MONTHLY,JUL,PENNSYLVANIA,PA,42,"MILK - PRODUCTION, MEASURED IN LB / HEAD",LB / HEAD,"1,735"
2015,MONTHLY,JUN,PENNSYLVANIA,PA,42,"MILK - PRODUCTION, MEASURED IN LB / HEAD",LB / HEAD,"1,715"
2015,MONTHLY,MAR,PENNSYLVANIA,PA,42,"MILK - PRODUCTION, MEASURED IN LB / HEAD",LB / HEAD,"1,770"
2015,MONTHLY,MAY,PENNSYLVANIA,PA,42,"MILK - PRODUCTION, MEASURED IN LB / HEAD",LB / HEAD,"1,815"
2015,MONTHLY,NOV,PENNSYLVANIA,PA,42,"MILK - PRODUCTION, MEASURED IN LB / HEAD",LB / HEAD,"1,615"
2015,MONTHLY,OCT,PENNSYLVANIA,PA,42,"MILK - PRODUCTION, MEASURED IN LB / HEAD",LB / HEAD,"1,660"
2015,MONTHLY,SEP,PENNSYLVANIA,PA,42,"MILK - PRODUCTION, MEASURED IN LB / HEAD",LB / HEAD,"1,615"
2015,MONTHLY,APR,SOUTH DAKOTA,SD,46,"MILK - PRODUCTION, MEASURED IN LB / HEAD",LB / HEAD,"1,840"
2015,MONTHLY,AUG,SOUTH DAKOTA,SD,46,"MILK - PRODUCTION, MEASURED IN LB / HEAD",LB / HEAD,"1,915"
2015,MONTHLY,DEC,SOUTH DAKOTA,SD,46,"MILK - PRODUCTION, MEASURED IN LB / HEAD",LB / HEAD,"1,900"
2015,MONTHLY,FEB,SOUTH DAKOTA,SD,46,"MILK - PRODUCTION, MEASURED IN LB / HEAD",LB / HEAD,"1,700"
2015,MONTHLY,JAN,SOUTH DAKOTA,SD,46,"MILK - PRODUCTION, MEASURED IN LB / HEAD",LB / HEAD,"1,880"
2015,MONTHLY,JUL,SOUTH DAKOTA,SD,46,"MILK - PRODUCTION, MEASURED IN LB / HEAD",LB / HEAD,"1,895"
2015,MONTHLY,JUN,SOUTH DAKOTA,SD,46,"MILK - PRODUCTION, MEASURED IN LB / HEAD",LB / HEAD,"1,860"
2015,MONTHLY,MAR,SOUTH DAKOTA,SD,46,"MILK - PRODUCTION, MEASURED IN LB / HEAD",LB / HEAD,"1,890"
2015,MONTHLY,MAY,SOUTH DAKOTA,SD,46,"MILK - PRODUCTION, MEASURED IN LB / HEAD",LB / HEAD,"1,910"
2015,MONTHLY,NOV,SOUTH DAKOTA,SD,46,"MILK - PRODUCTION, MEASURED IN LB / HEAD",LB / HEAD,"1,810"
2015,MONTHLY,OCT,SOUTH DAKOTA,SD,46,"MILK - PRODUCTION, MEASURED IN LB / HEAD",LB / HEAD,"1,890"
2015,MONTHLY,SEP,SOUTH DAKOTA,SD,46,"MILK - PRODUCTION, MEASURED IN LB / HEAD",LB / HEAD,"1,825"
2015,MONTHLY,APR,TEXAS,TX,48,"MILK - PRODUCTION, MEASURED IN LB / HEAD",LB / HEAD,"1,940"
2015,MONTHLY,AUG,TEXAS,TX,48,"MILK - PRODUCTION, MEASURED IN LB / HEAD",LB / HEAD,"1,790"
2015,MONTHLY,DEC,TEXAS,TX,48,"MILK - PRODUCTION, MEASURED IN LB / HEAD",LB / HEAD,"1,850"
2015,MONTHLY,FEB,TEXAS,TX,48,"MILK - PRODUCTION, MEASURED IN LB / HEAD",LB / HEAD,"1,745"
2015,MONTHLY,JAN,TEXAS,TX,48,"MILK - PRODUCTION, MEASURED IN LB / HEAD",LB / HEAD,"1,910"
2015,MONTHLY,JUL,TEXAS,TX,48,"MILK - PRODUCTION, MEASURED IN LB / HEAD",LB / HEAD,"1,850"
2015,MONTHLY,JUN,TEXAS,TX,48,"MILK - PRODUCTION, MEASURED IN LB / HEAD",LB / HEAD,"1,835"
2015,MONTHLY,MAR,TEXAS,TX,48,"MILK - PRODUCTION, MEASURED IN LB / HEAD",LB / HEAD,"1,925"
2015,MONTHLY,MAY,TEXAS,TX,48,"MILK - PRODUCTION, MEASURED IN LB / HEAD",LB / HEAD,"1,975"
2015,MONTHLY,NOV,TEXAS,TX,48,"MILK - PRODUCTION, MEASURED IN LB / HEAD",LB / HEAD,"1,785"
2015,MONTHLY,OCT,TEXAS,TX,48,"MILK - PRODUCTION, MEASURED IN LB / HEAD",LB / HEAD,"1,845"
2015,MONTHLY,SEP,TEXAS,TX,48,"MILK - PRODUCTION, MEASURED IN LB / HEAD",LB / HEAD,"1,785"
2015,MONTHLY,APR,US TOTAL,US,99,"MILK - PRODUCTION, MEASURED IN LB / HEAD",LB / HEAD,"1,908"
2015,MONTHLY,APR THRU JUN,US TOTAL,US,99,"MILK - PRODUCTION, MEASURED IN LB / HEAD",LB / HEAD,"5,760"
2015,MONTHLY,AUG,US TOTAL,US,99,"MILK - PRODUCTION, MEASURED IN LB / HEAD",LB / HEAD,"1,866"
2015,MONTHLY,DEC,US TOTAL,US,99,"MILK - PRODUCTION, MEASURED IN LB / HEAD",LB / HEAD,"1,870"
2015,MONTHLY,FEB,US TOTAL,US,99,"MILK - PRODUCTION, MEASURED IN LB / HEAD",LB / HEAD,"1,736"
2015,MONTHLY,JAN,US TOTAL,US,99,"MILK - PRODUCTION, MEASURED IN LB / HEAD",LB / HEAD,"1,898"
2015,MONTHLY,JAN THRU MAR,US TOTAL,US,99,"MILK - PRODUCTION, MEASURED IN LB / HEAD",LB / HEAD,"5,574"
2015,MONTHLY,JUL,US TOTAL,US,99,"MILK - PRODUCTION, MEASURED IN LB / HEAD",LB / HEAD,"1,895"
2015,MONTHLY,JUL THRU SEP,US TOTAL,US,99,"MILK - PRODUCTION, MEASURED IN LB / HEAD",LB / HEAD,"5,542"
2015,MONTHLY,JUN,US TOTAL,US,99,"MILK - PRODUCTION, MEASURED IN LB / HEAD",LB / HEAD,"1,877"
2015,MONTHLY,MAR,US TOTAL,US,99,"MILK - PRODUCTION, MEASURED IN LB / HEAD",LB / HEAD,"1,940"
2015,MONTHLY,MAY,US TOTAL,US,99,"MILK - PRODUCTION, MEASURED IN LB / HEAD",LB / HEAD,"1,975"
2015,MONTHLY,NOV,US TOTAL,US,99,"MILK - PRODUCTION, MEASURED IN LB / HEAD",LB / HEAD,"1,789"
2015,MONTHLY,OCT,US TOTAL,US,99,"MILK - PRODUCTION, MEASURED IN LB / HEAD",LB / HEAD,"1,836"
2015,MONTHLY,OCT THRU DEC,US TOTAL,US,99,"MILK - PRODUCTION, MEASURED IN LB / HEAD",LB / HEAD,"5,495"
2015,MONTHLY,SEP,US TOTAL,US,99,"MILK - PRODUCTION, MEASURED IN LB / HEAD",LB / HEAD,"1,781"
2015,MONTHLY,APR,UTAH,UT,49,"MILK - PRODUCTION, MEASURED IN LB / HEAD",LB / HEAD,"1,930"
2015,MONTHLY,AUG,UTAH,UT,49,"MILK - PRODUCTION, MEASURED IN LB / HEAD",LB / HEAD,"1,990"
2015,MONTHLY,DEC,UTAH,UT,49,"MILK - PRODUCTION, MEASURED IN LB / HEAD",LB / HEAD,"1,940"
2015,MONTHLY,FEB,UTAH,UT,49,"MILK - PRODUCTION, MEASURED IN LB / HEAD",LB / HEAD,"1,755"
2015,MONTHLY,JAN,UTAH,UT,49,"MILK - PRODUCTION, MEASURED IN LB / HEAD",LB / HEAD,"1,950"
2015,MONTHLY,JUL,UTAH,UT,49,"MILK - PRODUCTION, MEASURED IN LB / HEAD",LB / HEAD,"2,010"
2015,MONTHLY,JUN,UTAH,UT,49,"MILK - PRODUCTION, MEASURED IN LB / HEAD",LB / HEAD,"1,970"
2015,MONTHLY,MAR,UTAH,UT,49,"MILK - PRODUCTION, MEASURED IN LB / HEAD",LB / HEAD,"1,970"
2015,MONTHLY,MAY,UTAH,UT,49,"MILK - PRODUCTION, MEASURED IN LB / HEAD",LB / HEAD,"2,010"
2015,MONTHLY,NOV,UTAH,UT,49,"MILK - PRODUCTION, MEASURED IN LB / HEAD",LB / HEAD,"1,855"
2015,MONTHLY,OCT,UTAH,UT,49,"MILK - PRODUCTION, MEASURED IN LB / HEAD",LB / HEAD,"1,935"
2015,MONTHLY,SEP,UTAH,UT,49,"MILK - PRODUCTION, MEASURED IN LB / HEAD",LB / HEAD,"1,890"
2015,MONTHLY,APR,VIRGINIA,VA,51,"MILK - PRODUCTION, MEASURED IN LB / HEAD",LB / HEAD,"1,695"
2015,MONTHLY,AUG,VIRGINIA,VA,51,"MILK - PRODUCTION, MEASURED IN LB / HEAD",LB / HEAD,"1,595"
2015,MONTHLY,DEC,VIRGINIA,VA,51,"MILK - PRODUCTION, MEASURED IN LB / HEAD",LB / HEAD,"1,620"
2015,MONTHLY,FEB,VIRGINIA,VA,51,"MILK - PRODUCTION, MEASURED IN LB / HEAD",LB / HEAD,"1,500"
2015,MONTHLY,JAN,VIRGINIA,VA,51,"MILK - PRODUCTION, MEASURED IN LB / HEAD",LB / HEAD,"1,650"
2015,MONTHLY,JUL,VIRGINIA,VA,51,"MILK - PRODUCTION, MEASURED IN LB / HEAD",LB / HEAD,"1,630"
2015,MONTHLY,JUN,VIRGINIA,VA,51,"MILK - PRODUCTION, MEASURED IN LB / HEAD",LB / HEAD,"1,620"
2015,MONTHLY,MAR,VIRGINIA,VA,51,"MILK - PRODUCTION, MEASURED IN LB / HEAD",LB / HEAD,"1,685"
2015,MONTHLY,MAY,VIRGINIA,VA,51,"MILK - PRODUCTION, MEASURED IN LB / HEAD",LB / HEAD,"1,730"
2015,MONTHLY,NOV,VIRGINIA,VA,51,"MILK - PRODUCTION, MEASURED IN LB / HEAD",LB / HEAD,"1,545"
2015,MONTHLY,OCT,VIRGINIA,VA,51,"MILK - PRODUCTION, MEASURED IN LB / HEAD",LB / HEAD,"1,595"
2015,MONTHLY,SEP,VIRGINIA,VA,51,"MILK - PRODUCTION, MEASURED IN LB / HEAD",LB / HEAD,"1,545"
2015,MONTHLY,APR,VERMONT,VT,50,"MILK - PRODUCTION, MEASURED IN LB / HEAD",LB / HEAD,"1,695"
2015,MONTHLY,AUG,VERMONT,VT,50,"MILK - PRODUCTION, MEASURED IN LB / HEAD",LB / HEAD,"1,700"
2015,MONTHLY,DEC,VERMONT,VT,50,"MILK - PRODUCTION, MEASURED IN LB / HEAD",LB / HEAD,"1,725"
2015,MONTHLY,FEB,VERMONT,VT,50,"MILK - PRODUCTION, MEASURED IN LB / HEAD",LB / HEAD,"1,545"
2015,MONTHLY,JAN,VERMONT,VT,50,"MILK - PRODUCTION, MEASURED IN LB / HEAD",LB / HEAD,"1,710"
2015,MONTHLY,JUL,VERMONT,VT,50,"MILK - PRODUCTION, MEASURED IN LB / HEAD",LB / HEAD,"1,740"
2015,MONTHLY,JUN,VERMONT,VT,50,"MILK - PRODUCTION, MEASURED IN LB / HEAD",LB / HEAD,"1,710"
2015,MONTHLY,MAR,VERMONT,VT,50,"MILK - PRODUCTION, MEASURED IN LB / HEAD",LB / HEAD,"1,720"
2015,MONTHLY,MAY,VERMONT,VT,50,"MILK - PRODUCTION, MEASURED IN LB / HEAD",LB / HEAD,"1,775"
2015,MONTHLY,NOV,VERMONT,VT,50,"MILK - PRODUCTION, MEASURED IN LB / HEAD",LB / HEAD,"1,640"
2015,MONTHLY,OCT,VERMONT,VT,50,"MILK - PRODUCTION, MEASURED IN LB / HEAD",LB / HEAD,"1,670"
2015,MONTHLY,SEP,VERMONT,VT,50,"MILK - PRODUCTION, MEASURED IN LB / HEAD",LB / HEAD,"1,625"
2015,MONTHLY,APR,WASHINGTON,WA,53,"MILK - PRODUCTION, MEASURED IN LB / HEAD",LB / HEAD,"2,020"
2015,MONTHLY,AUG,WASHINGTON,WA,53,"MILK - PRODUCTION, MEASURED IN LB / HEAD",LB / HEAD,"2,050"
2015,MONTHLY,DEC,WASHINGTON,WA,53,"MILK - PRODUCTION, MEASURED IN LB / HEAD",LB / HEAD,"1,980"
2015,MONTHLY,FEB,WASHINGTON,WA,53,"MILK - PRODUCTION, MEASURED IN LB / HEAD",LB / HEAD,"1,830"
2015,MONTHLY,JAN,WASHINGTON,WA,53,"MILK - PRODUCTION, MEASURED IN LB / HEAD",LB / HEAD,"2,005"
2015,MONTHLY,JUL,WASHINGTON,WA,53,"MILK - PRODUCTION, MEASURED IN LB / HEAD",LB / HEAD,"2,035"
2015,MONTHLY,JUN,WASHINGTON,WA,53,"MILK - PRODUCTION, MEASURED IN LB / HEAD",LB / HEAD,"2,010"
2015,MONTHLY,MAR,WASHINGTON,WA,53,"MILK - PRODUCTION, MEASURED IN LB / HEAD",LB / HEAD,"2,055"
2015,MONTHLY,MAY,WASHINGTON,WA,53,"MILK - PRODUCTION, MEASURED IN LB / HEAD",LB / HEAD,"2,090"
2015,MONTHLY,NOV,WASHINGTON,WA,53,"MILK - PRODUCTION, MEASURED IN LB / HEAD",LB / HEAD,"1,905"
2015,MONTHLY,OCT,WASHINGTON,WA,53,"MILK - PRODUCTION, MEASURED IN LB / HEAD",LB / HEAD,"1,975"
2015,MONTHLY,SEP,WASHINGTON,WA,53,"MILK - PRODUCTION, MEASURED IN LB / HEAD",LB / HEAD,"1,935"
2015,MONTHLY,APR,WISCONSIN,WI,55,"MILK - PRODUCTION, MEASURED IN LB / HEAD",LB / HEAD,"1,875"
2015,MONTHLY,AUG,WISCONSIN,WI,55,"MILK - PRODUCTION, MEASURED IN LB / HEAD",LB / HEAD,"1,940"
2015,MONTHLY,DEC,WISCONSIN,WI,55,"MILK - PRODUCTION, MEASURED IN LB / HEAD",LB / HEAD,"1,935"
2015,MONTHLY,FEB,WISCONSIN,WI,55,"MILK - PRODUCTION, MEASURED IN LB / HEAD",LB / HEAD,"1,715"
2015,MONTHLY,JAN,WISCONSIN,WI,55,"MILK - PRODUCTION, MEASURED IN LB / HEAD",LB / HEAD,"1,890"
2015,MONTHLY,JUL,WISCONSIN,WI,55,"MILK - PRODUCTION, MEASURED IN LB / HEAD",LB / HEAD,"1,960"
2015,MONTHLY,JUN,WISCONSIN,WI,55,"MILK - PRODUCTION, MEASURED IN LB / HEAD",LB / HEAD,"1,915"
2015,MONTHLY,MAR,WISCONSIN,WI,55,"MILK - PRODUCTION, MEASURED IN LB / HEAD",LB / HEAD,"1,905"
2015,MONTHLY,MAY,WISCONSIN,WI,55,"MILK - PRODUCTION, MEASURED IN LB / HEAD",LB / HEAD,"1,975"
2015,MONTHLY,NOV,WISCONSIN,WI,55,"MILK - PRODUCTION, MEASURED IN LB / HEAD",LB / HEAD,"1,845"
2015,MONTHLY,OCT,WISCONSIN,WI,55,"MILK - PRODUCTION, MEASURED IN LB / HEAD",LB / HEAD,"1,905"
2015,MONTHLY,SEP,WISCONSIN,WI,55,"MILK - PRODUCTION, MEASURED IN LB / HEAD",LB / HEAD,"1,845"
2016,MONTHLY,APR,ARIZONA,AZ,04,"MILK - PRODUCTION, MEASURED IN LB / HEAD",LB / HEAD,"2,120"
2016,MONTHLY,AUG,ARIZONA,AZ,04,"MILK - PRODUCTION, MEASURED IN LB / HEAD",LB / HEAD,"1,840"
2016,MONTHLY,DEC,ARIZONA,AZ,04,"MILK - PRODUCTION, MEASURED IN LB / HEAD",LB / HEAD,"2,085"
2016,MONTHLY,FEB,ARIZONA,AZ,04,"MILK - PRODUCTION, MEASURED IN LB / HEAD",LB / HEAD,"2,055"
2016,MONTHLY,JAN,ARIZONA,AZ,04,"MILK - PRODUCTION, MEASURED IN LB / HEAD",LB / HEAD,"2,055"
2016,MONTHLY,JUL,ARIZONA,AZ,04,"MILK - PRODUCTION, MEASURED IN LB / HEAD",LB / HEAD,"1,910"
2016,MONTHLY,JUN,ARIZONA,AZ,04,"MILK - PRODUCTION, MEASURED IN LB / HEAD",LB / HEAD,"2,000"
2016,MONTHLY,MAR,ARIZONA,AZ,04,"MILK - PRODUCTION, MEASURED IN LB / HEAD",LB / HEAD,"2,215"
2016,MONTHLY,MAY,ARIZONA,AZ,04,"MILK - PRODUCTION, MEASURED IN LB / HEAD",LB / HEAD,"2,165"
2016,MONTHLY,NOV,ARIZONA,AZ,04,"MILK - PRODUCTION, MEASURED IN LB / HEAD",LB / HEAD,"1,930"
2016,MONTHLY,OCT,ARIZONA,AZ,04,"MILK - PRODUCTION, MEASURED IN LB / HEAD",LB / HEAD,"1,870"
2016,MONTHLY,SEP,ARIZONA,AZ,04,"MILK - PRODUCTION, MEASURED IN LB / HEAD",LB / HEAD,"1,770"
2016,MONTHLY,APR,CALIFORNIA,CA,06,"MILK - PRODUCTION, MEASURED IN LB / HEAD",LB / HEAD,"1,970"
2016,MONTHLY,AUG,CALIFORNIA,CA,06,"MILK - PRODUCTION, MEASURED IN LB / HEAD",LB / HEAD,"1,870"
2016,MONTHLY,DEC,CALIFORNIA,CA,06,"MILK - PRODUCTION, MEASURED IN LB / HEAD",LB / HEAD,"1,925"
2016,MONTHLY,FEB,CALIFORNIA,CA,06,"MILK - PRODUCTION, MEASURED IN LB / HEAD",LB / HEAD,"1,865"
2016,MONTHLY,JAN,CALIFORNIA,CA,06,"MILK - PRODUCTION, MEASURED IN LB / HEAD",LB / HEAD,"1,940"
2016,MONTHLY,JUL,CALIFORNIA,CA,06,"MILK - PRODUCTION, MEASURED IN LB / HEAD",LB / HEAD,"1,920"
2016,MONTHLY,JUN,CALIFORNIA,CA,06,"MILK - PRODUCTION, MEASURED IN LB / HEAD",LB / HEAD,"1,905"
2016,MONTHLY,MAR,CALIFORNIA,CA,06,"MILK - PRODUCTION, MEASURED IN LB / HEAD",LB / HEAD,"2,040"
2016,MONTHLY,MAY,CALIFORNIA,CA,06,"MILK - PRODUCTION, MEASURED IN LB / HEAD",LB / HEAD,"2,015"
2016,MONTHLY,NOV,CALIFORNIA,CA,06,"MILK - PRODUCTION, MEASURED IN LB / HEAD",LB / HEAD,"1,830"
2016,MONTHLY,OCT,CALIFORNIA,CA,06,"MILK - PRODUCTION, MEASURED IN LB / HEAD",LB / HEAD,"1,880"
2016,MONTHLY,SEP,CALIFORNIA,CA,06,"MILK - PRODUCTION, MEASURED IN LB / HEAD",LB / HEAD,"1,805"
2016,MONTHLY,APR,COLORADO,CO,08,"MILK - PRODUCTION, MEASURED IN LB / HEAD",LB / HEAD,"2,140"
2016,MONTHLY,AUG,COLORADO,CO,08,"MILK - PRODUCTION, MEASURED IN LB / HEAD",LB / HEAD,"2,210"
2016,MONTHLY,DEC,COLORADO,CO,08,"MILK - PRODUCTION, MEASURED IN LB / HEAD",LB / HEAD,"2,165"
2016,MONTHLY,FEB,COLORADO,CO,08,"MILK - PRODUCTION, MEASURED IN LB / HEAD",LB / HEAD,"2,020"
2016,MONTHLY,JAN,COLORADO,CO,08,"MILK - PRODUCTION, MEASURED IN LB / HEAD",LB / HEAD,"2,135"
2016,MONTHLY,JUL,COLORADO,CO,08,"MILK - PRODUCTION, MEASURED IN LB / HEAD",LB / HEAD,"2,215"
2016,MONTHLY,JUN,COLORADO,CO,08,"MILK - PRODUCTION, MEASURED IN LB / HEAD",LB / HEAD,"2,110"
2016,MONTHLY,MAR,COLORADO,CO,08,"MILK - PRODUCTION, MEASURED IN LB / HEAD",LB / HEAD,"2,200"
2016,MONTHLY,MAY,COLORADO,CO,08,"MILK - PRODUCTION, MEASURED IN LB / HEAD",LB / HEAD,"2,185"
2016,MONTHLY,NOV,COLORADO,CO,08,"MILK - PRODUCTION, MEASURED IN LB / HEAD",LB / HEAD,"2,105"
2016,MONTHLY,OCT,COLORADO,CO,08,"MILK - PRODUCTION, MEASURED IN LB / HEAD",LB / HEAD,"2,135"
2016,MONTHLY,SEP,COLORADO,CO,08,"MILK - PRODUCTION, MEASURED IN LB / HEAD",LB / HEAD,"2,090"
2016,MONTHLY,APR,FLORIDA,FL,12,"MILK - PRODUCTION, MEASURED IN LB / HEAD",LB / HEAD,"1,855"
2016,MONTHLY,AUG,FLORIDA,FL,12,"MILK - PRODUCTION, MEASURED IN LB / HEAD",LB / HEAD,"1,585"
2016,MONTHLY,DEC,FLORIDA,FL,12,"MILK - PRODUCTION, MEASURED IN LB / HEAD",LB / HEAD,"1,720"
2016,MONTHLY,FEB,FLORIDA,FL,12,"MILK - PRODUCTION, MEASURED IN LB / HEAD",LB / HEAD,"1,715"
2016,MONTHLY,JAN,FLORIDA,FL,12,"MILK - PRODUCTION, MEASURED IN LB / HEAD",LB / HEAD,"1,810"
2016,MONTHLY,JUL,FLORIDA,FL,12,"MILK - PRODUCTION, MEASURED IN LB / HEAD",LB / HEAD,"1,645"
2016,MONTHLY,JUN,FLORIDA,FL,12,"MILK - PRODUCTION, MEASURED IN LB / HEAD",LB / HEAD,"1,735"
2016,MONTHLY,MAR,FLORIDA,FL,12,"MILK - PRODUCTION, MEASURED IN LB / HEAD",LB / HEAD,"1,895"
2016,MONTHLY,MAY,FLORIDA,FL,12,"MILK - PRODUCTION, MEASURED IN LB / HEAD",LB / HEAD,"1,870"
2016,MONTHLY,NOV,FLORIDA,FL,12,"MILK - PRODUCTION, MEASURED IN LB / HEAD",LB / HEAD,"1,595"
2016,MONTHLY,OCT,FLORIDA,FL,12,"MILK - PRODUCTION, MEASURED IN LB / HEAD",LB / HEAD,"1,475"
2016,MONTHLY,SEP,FLORIDA,FL,12,"MILK - PRODUCTION, MEASURED IN LB / HEAD",LB / HEAD,"1,450"
2016,MONTHLY,APR,IOWA,IA,19,"MILK - PRODUCTION, MEASURED IN LB / HEAD",LB / HEAD,"1,990"
2016,MONTHLY,AUG,IOWA,IA,19,"MILK - PRODUCTION, MEASURED IN LB / HEAD",LB / HEAD,"1,970"
2016,MONTHLY,DEC,IOWA,IA,19,"MILK - PRODUCTION, MEASURED IN LB / HEAD",LB / HEAD,"1,980"
2016,MONTHLY,FEB,IOWA,IA,19,"MILK - PRODUCTION, MEASURED IN LB / HEAD",LB / HEAD,"1,870"
2016,MONTHLY,JAN,IOWA,IA,19,"MILK - PRODUCTION, MEASURED IN LB / HEAD",LB / HEAD,"1,985"
2016,MONTHLY,JUL,IOWA,IA,19,"MILK - PRODUCTION, MEASURED IN LB / HEAD",LB / HEAD,"1,985"
2016,MONTHLY,JUN,IOWA,IA,19,"MILK - PRODUCTION, MEASURED IN LB / HEAD",LB / HEAD,"1,965"
2016,MONTHLY,MAR,IOWA,IA,19,"MILK - PRODUCTION, MEASURED IN LB / HEAD",LB / HEAD,"2,045"
2016,MONTHLY,MAY,IOWA,IA,19,"MILK - PRODUCTION, MEASURED IN LB / HEAD",LB / HEAD,"2,075"
2016,MONTHLY,NOV,IOWA,IA,19,"MILK - PRODUCTION, MEASURED IN LB / HEAD",LB / HEAD,"1,905"
2016,MONTHLY,OCT,IOWA,IA,19,"MILK - PRODUCTION, MEASURED IN LB / HEAD",LB / HEAD,"1,955"
2016,MONTHLY,SEP,IOWA,IA,19,"MILK - PRODUCTION, MEASURED IN LB / HEAD",LB / HEAD,"1,880"
2016,MONTHLY,APR,IDAHO,ID,16,"MILK - PRODUCTION, MEASURED IN LB / HEAD",LB / HEAD,"2,025"
2016,MONTHLY,AUG,IDAHO,ID,16,"MILK - PRODUCTION, MEASURED IN LB / HEAD",LB / HEAD,"2,155"
2016,MONTHLY,DEC,IDAHO,ID,16,"MILK - PRODUCTION, MEASURED IN LB / HEAD",LB / HEAD,"2,015"
2016,MONTHLY,FEB,IDAHO,ID,16,"MILK - PRODUCTION, MEASURED IN LB / HEAD",LB / HEAD,"1,910"
2016,MONTHLY,JAN,IDAHO,ID,16,"MILK - PRODUCTION, MEASURED IN LB / HEAD",LB / HEAD,"2,005"
2016,MONTHLY,JUL,IDAHO,ID,16,"MILK - PRODUCTION, MEASURED IN LB / HEAD",LB / HEAD,"2,165"
2016,MONTHLY,JUN,IDAHO,ID,16,"MILK - PRODUCTION, MEASURED IN LB / HEAD",LB / HEAD,"2,090"
2016,MONTHLY,MAR,IDAHO,ID,16,"MILK - PRODUCTION, MEASURED IN LB / HEAD",LB / HEAD,"2,075"
2016,MONTHLY,MAY,IDAHO,ID,16,"MILK - PRODUCTION, MEASURED IN LB / HEAD",LB / HEAD,"2,125"
2016,MONTHLY,NOV,IDAHO,ID,16,"MILK - PRODUCTION, MEASURED IN LB / HEAD",LB / HEAD,"1,970"
2016,MONTHLY,OCT,IDAHO,ID,16,"MILK - PRODUCTION, MEASURED IN LB / HEAD",LB / HEAD,"2,065"
2016,MONTHLY,SEP,IDAHO,ID,16,"MILK - PRODUCTION, MEASURED IN LB / HEAD",LB / HEAD,"2,045"
2016,MONTHLY,APR,ILLINOIS,IL,17,"MILK - PRODUCTION, MEASURED IN LB / HEAD",LB / HEAD,"1,780"
2016,MONTHLY,AUG,ILLINOIS,IL,17,"MILK - PRODUCTION, MEASURED IN LB / HEAD",LB / HEAD,"1,615"
2016,MONTHLY,DEC,ILLINOIS,IL,17,"MILK - PRODUCTION, MEASURED IN LB / HEAD",LB / HEAD,"1,730"
2016,MONTHLY,FEB,ILLINOIS,IL,17,"MILK - PRODUCTION, MEASURED IN LB / HEAD",LB / HEAD,"1,660"
2016,MONTHLY,JAN,ILLINOIS,IL,17,"MILK - PRODUCTION, MEASURED IN LB / HEAD",LB / HEAD,"1,745"
2016,MONTHLY,JUL,ILLINOIS,IL,17,"MILK - PRODUCTION, MEASURED IN LB / HEAD",LB / HEAD,"1,660"
2016,MONTHLY,JUN,ILLINOIS,IL,17,"MILK - PRODUCTION, MEASURED IN LB / HEAD",LB / HEAD,"1,700"
2016,MONTHLY,MAR,ILLINOIS,IL,17,"MILK - PRODUCTION, MEASURED IN LB / HEAD",LB / HEAD,"1,830"
2016,MONTHLY,MAY,ILLINOIS,IL,17,"MILK - PRODUCTION, MEASURED IN LB / HEAD",LB / HEAD,"1,820"
2016,MONTHLY,NOV,ILLINOIS,IL,17,"MILK - PRODUCTION, MEASURED IN LB / HEAD",LB / HEAD,"1,630"
2016,MONTHLY,OCT,ILLINOIS,IL,17,"MILK - PRODUCTION, MEASURED IN LB / HEAD",LB / HEAD,"1,635"
2016,MONTHLY,SEP,ILLINOIS,IL,17,"MILK - PRODUCTION, MEASURED IN LB / HEAD",LB / HEAD,"1,585"
2016,MONTHLY,APR,INDIANA,IN,18,"MILK - PRODUCTION, MEASURED IN LB / HEAD",LB / HEAD,"1,920"
2016,MONTHLY,AUG,INDIANA,IN,18,"MILK - PRODUCTION, MEASURED IN LB / HEAD",LB / HEAD,"1,870"
2016,MONTHLY,DEC,INDIANA,IN,18,"MILK - PRODUCTION, MEASURED IN LB / HEAD",LB / HEAD,"1,915"
2016,MONTHLY,FEB,INDIANA,IN,18,"MILK - PRODUCTION, MEASURED IN LB / HEAD",LB / HEAD,"1,790"
2016,MONTHLY,JAN,INDIANA,IN,18,"MILK - PRODUCTION, MEASURED IN LB / HEAD",LB / HEAD,"1,875"
2016,MONTHLY,JUL,INDIANA,IN,18,"MILK - PRODUCTION, MEASURED IN LB / HEAD",LB / HEAD,"1,870"
2016,MONTHLY,JUN,INDIANA,IN,18,"MILK - PRODUCTION, MEASURED IN LB / HEAD",LB / HEAD,"1,830"
2016,MONTHLY,MAR,INDIANA,IN,18,"MILK - PRODUCTION, MEASURED IN LB / HEAD",LB / HEAD,"1,960"
2016,MONTHLY,MAY,INDIANA,IN,18,"MILK - PRODUCTION, MEASURED IN LB / HEAD",LB / HEAD,"1,945"
2016,MONTHLY,NOV,INDIANA,IN,18,"MILK - PRODUCTION, MEASURED IN LB / HEAD",LB / HEAD,"1,850"
2016,MONTHLY,OCT,INDIANA,IN,18,"MILK - PRODUCTION, MEASURED IN LB / HEAD",LB / HEAD,"1,880"
2016,MONTHLY,SEP,INDIANA,IN,18,"MILK - PRODUCTION, MEASURED IN LB / HEAD",LB / HEAD,"1,805"
2016,MONTHLY,APR,KANSAS,KS,20,"MILK - PRODUCTION, MEASURED IN LB / HEAD",LB / HEAD,"1,940"
2016,MONTHLY,AUG,KANSAS,KS,20,"MILK - PRODUCTION, MEASURED IN LB / HEAD",LB / HEAD,"1,905"
2016,MONTHLY,DEC,KANSAS,KS,20,"MILK - PRODUCTION, MEASURED IN LB / HEAD",LB / HEAD,"1,925"
2016,MONTHLY,FEB,KANSAS,KS,20,"MILK - PRODUCTION, MEASURED IN LB / HEAD",LB / HEAD,"1,830"
2016,MONTHLY,JAN,KANSAS,KS,20,"MILK - PRODUCTION, MEASURED IN LB / HEAD",LB / HEAD,"1,905"
2016,MONTHLY,JUL,KANSAS,KS,20,"MILK - PRODUCTION, MEASURED IN LB / HEAD",LB / HEAD,"1,880"
2016,MONTHLY,JUN,KANSAS,KS,20,"MILK - PRODUCTION, MEASURED IN LB / HEAD",LB / HEAD,"1,855"
2016,MONTHLY,MAR,KANSAS,KS,20,"MILK - PRODUCTION, MEASURED IN LB / HEAD",LB / HEAD,"1,990"
2016,MONTHLY,MAY,KANSAS,KS,20,"MILK - PRODUCTION, MEASURED IN LB / HEAD",LB / HEAD,"1,970"
2016,MONTHLY,NOV,KANSAS,KS,20,"MILK - PRODUCTION, MEASURED IN LB / HEAD",LB / HEAD,"1,890"
2016,MONTHLY,OCT,KANSAS,KS,20,"MILK - PRODUCTION, MEASURED IN LB / HEAD",LB / HEAD,"1,925"
2016,MONTHLY,SEP,KANSAS,KS,20,"MILK - PRODUCTION, MEASURED IN LB / HEAD",LB / HEAD,"1,835"
2016,MONTHLY,APR,MICHIGAN,MI,26,"MILK - PRODUCTION, MEASURED IN LB / HEAD",LB / HEAD,"2,165"
2016,MONTHLY,AUG,MICHIGAN,MI,26,"MILK - PRODUCTION, MEASURED IN LB / HEAD",LB / HEAD,"2,180"
2016,MONTHLY,DEC,MICHIGAN,MI,26,"MILK - PRODUCTION, MEASURED IN LB / HEAD",LB / HEAD,"2,140"
2016,MONTHLY,FEB,MICHIGAN,MI,26,"MILK - PRODUCTION, MEASURED IN LB / HEAD",LB / HEAD,"2,050"
2016,MONTHLY,JAN,MICHIGAN,MI,26,"MILK - PRODUCTION, MEASURED IN LB / HEAD",LB / HEAD,"2,170"
2016,MONTHLY,JUL,MICHIGAN,MI,26,"MILK - PRODUCTION, MEASURED IN LB / HEAD",LB / HEAD,"2,220"
2016,MONTHLY,JUN,MICHIGAN,MI,26,"MILK - PRODUCTION, MEASURED IN LB / HEAD",LB / HEAD,"2,200"
2016,MONTHLY,MAR,MICHIGAN,MI,26,"MILK - PRODUCTION, MEASURED IN LB / HEAD",LB / HEAD,"2,220"
2016,MONTHLY,MAY,MICHIGAN,MI,26,"MILK - PRODUCTION, MEASURED IN LB / HEAD",LB / HEAD,"2,285"
2016,MONTHLY,NOV,MICHIGAN,MI,26,"MILK - PRODUCTION, MEASURED IN LB / HEAD",LB / HEAD,"2,085"
2016,MONTHLY,OCT,MICHIGAN,MI,26,"MILK - PRODUCTION, MEASURED IN LB / HEAD",LB / HEAD,"2,140"
2016,MONTHLY,SEP,MICHIGAN,MI,26,"MILK - PRODUCTION, MEASURED IN LB / HEAD",LB / HEAD,"2,085"
2016,MONTHLY,APR,MINNESOTA,MN,27,"MILK - PRODUCTION, MEASURED IN LB / HEAD",LB / HEAD,"1,760"
2016,MONTHLY,AUG,MINNESOTA,MN,27,"MILK - PRODUCTION, MEASURED IN LB / HEAD",LB / HEAD,"1,745"
2016,MONTHLY,DEC,MINNESOTA,MN,27,"MILK - PRODUCTION, MEASURED IN LB / HEAD",LB / HEAD,"1,770"
2016,MONTHLY,FEB,MINNESOTA,MN,27,"MILK - PRODUCTION, MEASURED IN LB / HEAD",LB / HEAD,"1,680"
2016,MONTHLY,JAN,MINNESOTA,MN,27,"MILK - PRODUCTION, MEASURED IN LB / HEAD",LB / HEAD,"1,770"
2016,MONTHLY,JUL,MINNESOTA,MN,27,"MILK - PRODUCTION, MEASURED IN LB / HEAD",LB / HEAD,"1,765"
2016,MONTHLY,JUN,MINNESOTA,MN,27,"MILK - PRODUCTION, MEASURED IN LB / HEAD",LB / HEAD,"1,755"
2016,MONTHLY,MAR,MINNESOTA,MN,27,"MILK - PRODUCTION, MEASURED IN LB / HEAD",LB / HEAD,"1,810"
2016,MONTHLY,MAY,MINNESOTA,MN,27,"MILK - PRODUCTION, MEASURED IN LB / HEAD",LB / HEAD,"1,835"
2016,MONTHLY,NOV,MINNESOTA,MN,27,"MILK - PRODUCTION, MEASURED IN LB / HEAD",LB / HEAD,"1,690"
2016,MONTHLY,OCT,MINNESOTA,MN,27,"MILK - PRODUCTION, MEASURED IN LB / HEAD",LB / HEAD,"1,720"
2016,MONTHLY,SEP,MINNESOTA,MN,27,"MILK - PRODUCTION, MEASURED IN LB / HEAD",LB / HEAD,"1,670"
2016,MONTHLY,APR,NEW MEXICO,NM,35,"MILK - PRODUCTION, MEASURED IN LB / HEAD",LB / HEAD,"2,110"
2016,MONTHLY,AUG,NEW MEXICO,NM,35,"MILK - PRODUCTION, MEASURED IN LB / HEAD",LB / HEAD,"2,085"
2016,MONTHLY,DEC,NEW MEXICO,NM,35,"MILK - PRODUCTION, MEASURED IN LB / HEAD",LB / HEAD,"2,055"
2016,MONTHLY,FEB,NEW MEXICO,NM,35,"MILK - PRODUCTION, MEASURED IN LB / HEAD",LB / HEAD,"1,900"
2016,MONTHLY,JAN,NEW MEXICO,NM,35,"MILK - PRODUCTION, MEASURED IN LB / HEAD",LB / HEAD,"1,900"
2016,MONTHLY,JUL,NEW MEXICO,NM,35,"MILK - PRODUCTION, MEASURED IN LB / HEAD",LB / HEAD,"2,080"
2016,MONTHLY,JUN,NEW MEXICO,NM,35,"MILK - PRODUCTION, MEASURED IN LB / HEAD",LB / HEAD,"2,045"
2016,MONTHLY,MAR,NEW MEXICO,NM,35,"MILK - PRODUCTION, MEASURED IN LB / HEAD",LB / HEAD,"2,140"
2016,MONTHLY,MAY,NEW MEXICO,NM,35,"MILK - PRODUCTION, MEASURED IN LB / HEAD",LB / HEAD,"2,195"
2016,MONTHLY,NOV,NEW MEXICO,NM,35,"MILK - PRODUCTION, MEASURED IN LB / HEAD",LB / HEAD,"1,980"
2016,MONTHLY,OCT,NEW MEXICO,NM,35,"MILK - PRODUCTION, MEASURED IN LB / HEAD",LB / HEAD,"2,025"
2016,MONTHLY,SEP,NEW MEXICO,NM,35,"MILK - PRODUCTION, MEASURED IN LB / HEAD",LB / HEAD,"1,965"
2016,MONTHLY,APR,NEW YORK,NY,36,"MILK - PRODUCTION, MEASURED IN LB / HEAD",LB / HEAD,"1,970"
2016,MONTHLY,AUG,NEW YORK,NY,36,"MILK - PRODUCTION, MEASURED IN LB / HEAD",LB / HEAD,"2,015"
2016,MONTHLY,DEC,NEW YORK,NY,36,"MILK - PRODUCTION, MEASURED IN LB / HEAD",LB / HEAD,"2,010"
2016,MONTHLY,FEB,NEW YORK,NY,36,"MILK - PRODUCTION, MEASURED IN LB / HEAD",LB / HEAD,"1,850"
2016,MONTHLY,JAN,NEW YORK,NY,36,"MILK - PRODUCTION, MEASURED IN LB / HEAD",LB / HEAD,"1,960"
2016,MONTHLY,JUL,NEW YORK,NY,36,"MILK - PRODUCTION, MEASURED IN LB / HEAD",LB / HEAD,"2,050"
2016,MONTHLY,JUN,NEW YORK,NY,36,"MILK - PRODUCTION, MEASURED IN LB / HEAD",LB / HEAD,"2,020"
2016,MONTHLY,MAR,NEW YORK,NY,36,"MILK - PRODUCTION, MEASURED IN LB / HEAD",LB / HEAD,"2,000"
2016,MONTHLY,MAY,NEW YORK,NY,36,"MILK - PRODUCTION, MEASURED IN LB / HEAD",LB / HEAD,"2,085"
2016,MONTHLY,NOV,NEW YORK,NY,36,"MILK - PRODUCTION, MEASURED IN LB / HEAD",LB / HEAD,"1,925"
2016,MONTHLY,OCT,NEW YORK,NY,36,"MILK - PRODUCTION, MEASURED IN LB / HEAD",LB / HEAD,"2,000"
2016,MONTHLY,SEP,NEW YORK,NY,36,"MILK - PRODUCTION, MEASURED IN LB / HEAD",LB / HEAD,"1,950"
2016,MONTHLY,APR,OHIO,OH,39,"MILK - PRODUCTION, MEASURED IN LB / HEAD",LB / HEAD,"1,780"
2016,MONTHLY,AUG,OHIO,OH,39,"MILK - PRODUCTION, MEASURED IN LB / HEAD",LB / HEAD,"1,760"
2016,MONTHLY,DEC,OHIO,OH,39,"MILK - PRODUCTION, MEASURED IN LB / HEAD",LB / HEAD,"1,795"
2016,MONTHLY,FEB,OHIO,OH,39,"MILK - PRODUCTION, MEASURED IN LB / HEAD",LB / HEAD,"1,665"
2016,MONTHLY,JAN,OHIO,OH,39,"MILK - PRODUCTION, MEASURED IN LB / HEAD",LB / HEAD,"1,765"
2016,MONTHLY,JUL,OHIO,OH,39,"MILK - PRODUCTION, MEASURED IN LB / HEAD",LB / HEAD,"1,770"
2016,MONTHLY,JUN,OHIO,OH,39,"MILK - PRODUCTION, MEASURED IN LB / HEAD",LB / HEAD,"1,755"
2016,MONTHLY,MAR,OHIO,OH,39,"MILK - PRODUCTION, MEASURED IN LB / HEAD",LB / HEAD,"1,805"
2016,MONTHLY,MAY,OHIO,OH,39,"MILK - PRODUCTION, MEASURED IN LB / HEAD",LB / HEAD,"1,845"
2016,MONTHLY,NOV,OHIO,OH,39,"MILK - PRODUCTION, MEASURED IN LB / HEAD",LB / HEAD,"1,745"
2016,MONTHLY,OCT,OHIO,OH,39,"MILK - PRODUCTION, MEASURED IN LB / HEAD",LB / HEAD,"1,770"
2016,MONTHLY,SEP,OHIO,OH,39,"MILK - PRODUCTION, MEASURED IN LB / HEAD",LB / HEAD,"1,705"
2016,MONTHLY,APR,OREGON,OR,41,"MILK - PRODUCTION, MEASURED IN LB / HEAD",LB / HEAD,"1,760"
2016,MONTHLY,AUG,OREGON,OR,41,"MILK - PRODUCTION, MEASURED IN LB / HEAD",LB / HEAD,"1,745"
2016,MONTHLY,DEC,OREGON,OR,41,"MILK - PRODUCTION, MEASURED IN LB / HEAD",LB / HEAD,"1,670"
2016,MONTHLY,FEB,OREGON,OR,41,"MILK - PRODUCTION, MEASURED IN LB / HEAD",LB / HEAD,"1,650"
2016,MONTHLY,JAN,OREGON,OR,41,"MILK - PRODUCTION, MEASURED IN LB / HEAD",LB / HEAD,"1,720"
2016,MONTHLY,JUL,OREGON,OR,41,"MILK - PRODUCTION, MEASURED IN LB / HEAD",LB / HEAD,"1,785"
2016,MONTHLY,JUN,OREGON,OR,41,"MILK - PRODUCTION, MEASURED IN LB / HEAD",LB / HEAD,"1,760"
2016,MONTHLY,MAR,OREGON,OR,41,"MILK - PRODUCTION, MEASURED IN LB / HEAD",LB / HEAD,"1,800"
2016,MONTHLY,MAY,OREGON,OR,41,"MILK - PRODUCTION, MEASURED IN LB / HEAD",LB / HEAD,"1,825"
2016,MONTHLY,NOV,OREGON,OR,41,"MILK - PRODUCTION, MEASURED IN LB / HEAD",LB / HEAD,"1,615"
2016,MONTHLY,OCT,OREGON,OR,41,"MILK - PRODUCTION, MEASURED IN LB / HEAD",LB / HEAD,"1,695"
2016,MONTHLY,SEP,OREGON,OR,41,"MILK - PRODUCTION, MEASURED IN LB / HEAD",LB / HEAD,"1,690"
2016,MONTHLY,APR,PENNSYLVANIA,PA,42,"MILK - PRODUCTION, MEASURED IN LB / HEAD",LB / HEAD,"1,745"
2016,MONTHLY,AUG,PENNSYLVANIA,PA,42,"MILK - PRODUCTION, MEASURED IN LB / HEAD",LB / HEAD,"1,675"
2016,MONTHLY,DEC,PENNSYLVANIA,PA,42,"MILK - PRODUCTION, MEASURED IN LB / HEAD",LB / HEAD,"1,720"
2016,MONTHLY,FEB,PENNSYLVANIA,PA,42,"MILK - PRODUCTION, MEASURED IN LB / HEAD",LB / HEAD,"1,630"
2016,MONTHLY,JAN,PENNSYLVANIA,PA,42,"MILK - PRODUCTION, MEASURED IN LB / HEAD",LB / HEAD,"1,715"
2016,MONTHLY,JUL,PENNSYLVANIA,PA,42,"MILK - PRODUCTION, MEASURED IN LB / HEAD",LB / HEAD,"1,720"
2016,MONTHLY,JUN,PENNSYLVANIA,PA,42,"MILK - PRODUCTION, MEASURED IN LB / HEAD",LB / HEAD,"1,710"
2016,MONTHLY,MAR,PENNSYLVANIA,PA,42,"MILK - PRODUCTION, MEASURED IN LB / HEAD",LB / HEAD,"1,770"
2016,MONTHLY,MAY,PENNSYLVANIA,PA,42,"MILK - PRODUCTION, MEASURED IN LB / HEAD",LB / HEAD,"1,805"
2016,MONTHLY,NOV,PENNSYLVANIA,PA,42,"MILK - PRODUCTION, MEASURED IN LB / HEAD",LB / HEAD,"1,640"
2016,MONTHLY,OCT,PENNSYLVANIA,PA,42,"MILK - PRODUCTION, MEASURED IN LB / HEAD",LB / HEAD,"1,695"
2016,MONTHLY,SEP,PENNSYLVANIA,PA,42,"MILK - PRODUCTION, MEASURED IN LB / HEAD",LB / HEAD,"1,630"
2016,MONTHLY,APR,SOUTH DAKOTA,SD,46,"MILK - PRODUCTION, MEASURED IN LB / HEAD",LB / HEAD,"1,840"
2016,MONTHLY,AUG,SOUTH DAKOTA,SD,46,"MILK - PRODUCTION, MEASURED IN LB / HEAD",LB / HEAD,"1,880"
2016,MONTHLY,DEC,SOUTH DAKOTA,SD,46,"MILK - PRODUCTION, MEASURED IN LB / HEAD",LB / HEAD,"1,875"
2016,MONTHLY,FEB,SOUTH DAKOTA,SD,46,"MILK - PRODUCTION, MEASURED IN LB / HEAD",LB / HEAD,"1,770"
2016,MONTHLY,JAN,SOUTH DAKOTA,SD,46,"MILK - PRODUCTION, MEASURED IN LB / HEAD",LB / HEAD,"1,890"
2016,MONTHLY,JUL,SOUTH DAKOTA,SD,46,"MILK - PRODUCTION, MEASURED IN LB / HEAD",LB / HEAD,"1,870"
2016,MONTHLY,JUN,SOUTH DAKOTA,SD,46,"MILK - PRODUCTION, MEASURED IN LB / HEAD",LB / HEAD,"1,820"
2016,MONTHLY,MAR,SOUTH DAKOTA,SD,46,"MILK - PRODUCTION, MEASURED IN LB / HEAD",LB / HEAD,"1,890"
2016,MONTHLY,MAY,SOUTH DAKOTA,SD,46,"MILK - PRODUCTION, MEASURED IN LB / HEAD",LB / HEAD,"1,915"
2016,MONTHLY,NOV,SOUTH DAKOTA,SD,46,"MILK - PRODUCTION, MEASURED IN LB / HEAD",LB / HEAD,"1,820"
2016,MONTHLY,OCT,SOUTH DAKOTA,SD,46,"MILK - PRODUCTION, MEASURED IN LB / HEAD",LB / HEAD,"1,870"
2016,MONTHLY,SEP,SOUTH DAKOTA,SD,46,"MILK - PRODUCTION, MEASURED IN LB / HEAD",LB / HEAD,"1,800"
2016,MONTHLY,APR,TEXAS,TX,48,"MILK - PRODUCTION, MEASURED IN LB / HEAD",LB / HEAD,"1,955"
2016,MONTHLY,AUG,TEXAS,TX,48,"MILK - PRODUCTION, MEASURED IN LB / HEAD",LB / HEAD,"1,895"
2016,MONTHLY,DEC,TEXAS,TX,48,"MILK - PRODUCTION, MEASURED IN LB / HEAD",LB / HEAD,"1,910"
2016,MONTHLY,FEB,TEXAS,TX,48,"MILK - PRODUCTION, MEASURED IN LB / HEAD",LB / HEAD,"1,815"
2016,MONTHLY,JAN,TEXAS,TX,48,"MILK - PRODUCTION, MEASURED IN LB / HEAD",LB / HEAD,"1,835"
2016,MONTHLY,JUL,TEXAS,TX,48,"MILK - PRODUCTION, MEASURED IN LB / HEAD",LB / HEAD,"1,860"
2016,MONTHLY,JUN,TEXAS,TX,48,"MILK - PRODUCTION, MEASURED IN LB / HEAD",LB / HEAD,"1,860"
2016,MONTHLY,MAR,TEXAS,TX,48,"MILK - PRODUCTION, MEASURED IN LB / HEAD",LB / HEAD,"1,990"
2016,MONTHLY,MAY,TEXAS,TX,48,"MILK - PRODUCTION, MEASURED IN LB / HEAD",LB / HEAD,"1,975"
2016,MONTHLY,NOV,TEXAS,TX,48,"MILK - PRODUCTION, MEASURED IN LB / HEAD",LB / HEAD,"1,845"
2016,MONTHLY,OCT,TEXAS,TX,48,"MILK - PRODUCTION, MEASURED IN LB / HEAD",LB / HEAD,"1,860"
2016,MONTHLY,SEP,TEXAS,TX,48,"MILK - PRODUCTION, MEASURED IN LB / HEAD",LB / HEAD,"1,775"
2016,MONTHLY,APR,US TOTAL,US,99,"MILK - PRODUCTION, MEASURED IN LB / HEAD",LB / HEAD,"1,926"
2016,MONTHLY,APR THRU JUN,US TOTAL,US,99,"MILK - PRODUCTION, MEASURED IN LB / HEAD",LB / HEAD,"5,827"
2016,MONTHLY,AUG,US TOTAL,US,99,"MILK - PRODUCTION, MEASURED IN LB / HEAD",LB / HEAD,"1,895"
2016,MONTHLY,DEC,US TOTAL,US,99,"MILK - PRODUCTION, MEASURED IN LB / HEAD",LB / HEAD,"1,906"
2016,MONTHLY,FEB,US TOTAL,US,99,"MILK - PRODUCTION, MEASURED IN LB / HEAD",LB / HEAD,"1,815"
2016,MONTHLY,JAN,US TOTAL,US,99,"MILK - PRODUCTION, MEASURED IN LB / HEAD",LB / HEAD,"1,899"
2016,MONTHLY,JAN THRU MAR,US TOTAL,US,99,"MILK - PRODUCTION, MEASURED IN LB / HEAD",LB / HEAD,"5,688"
2016,MONTHLY,JUL,US TOTAL,US,99,"MILK - PRODUCTION, MEASURED IN LB / HEAD",LB / HEAD,"1,919"
2016,MONTHLY,JUL THRU SEP,US TOTAL,US,99,"MILK - PRODUCTION, MEASURED IN LB / HEAD",LB / HEAD,"5,632"
2016,MONTHLY,JUN,US TOTAL,US,99,"MILK - PRODUCTION, MEASURED IN LB / HEAD",LB / HEAD,"1,905"
2016,MONTHLY,MAR,US TOTAL,US,99,"MILK - PRODUCTION, MEASURED IN LB / HEAD",LB / HEAD,"1,974"
2016,MONTHLY,MAY,US TOTAL,US,99,"MILK - PRODUCTION, MEASURED IN LB / HEAD",LB / HEAD,"1,996"
2016,MONTHLY,NOV,US TOTAL,US,99,"MILK - PRODUCTION, MEASURED IN LB / HEAD",LB / HEAD,"1,831"
2016,MONTHLY,OCT,US TOTAL,US,99,"MILK - PRODUCTION, MEASURED IN LB / HEAD",LB / HEAD,"1,877"
2016,MONTHLY,OCT THRU DEC,US TOTAL,US,99,"MILK - PRODUCTION, MEASURED IN LB / HEAD",LB / HEAD,"5,614"
2016,MONTHLY,SEP,US TOTAL,US,99,"MILK - PRODUCTION, MEASURED IN LB / HEAD",LB / HEAD,"1,818"
2016,MONTHLY,APR,UTAH,UT,49,"MILK - PRODUCTION, MEASURED IN LB / HEAD",LB / HEAD,"1,925"
2016,MONTHLY,AUG,UTAH,UT,49,"MILK - PRODUCTION, MEASURED IN LB / HEAD",LB / HEAD,"1,960"
2016,MONTHLY,DEC,UTAH,UT,49,"MILK - PRODUCTION, MEASURED IN LB / HEAD",LB / HEAD,"1,920"
2016,MONTHLY,FEB,UTAH,UT,49,"MILK - PRODUCTION, MEASURED IN LB / HEAD",LB / HEAD,"1,765"
2016,MONTHLY,JAN,UTAH,UT,49,"MILK - PRODUCTION, MEASURED IN LB / HEAD",LB / HEAD,"1,910"
2016,MONTHLY,JUL,UTAH,UT,49,"MILK - PRODUCTION, MEASURED IN LB / HEAD",LB / HEAD,"1,970"
2016,MONTHLY,JUN,UTAH,UT,49,"MILK - PRODUCTION, MEASURED IN LB / HEAD",LB / HEAD,"1,960"
2016,MONTHLY,MAR,UTAH,UT,49,"MILK - PRODUCTION, MEASURED IN LB / HEAD",LB / HEAD,"1,945"
2016,MONTHLY,MAY,UTAH,UT,49,"MILK - PRODUCTION, MEASURED IN LB / HEAD",LB / HEAD,"1,990"
2016,MONTHLY,NOV,UTAH,UT,49,"MILK - PRODUCTION, MEASURED IN LB / HEAD",LB / HEAD,"1,880"
2016,MONTHLY,OCT,UTAH,UT,49,"MILK - PRODUCTION, MEASURED IN LB / HEAD",LB / HEAD,"1,955"
2016,MONTHLY,SEP,UTAH,UT,49,"MILK - PRODUCTION, MEASURED IN LB / HEAD",LB / HEAD,"1,900"
2016,MONTHLY,APR,VIRGINIA,VA,51,"MILK - PRODUCTION, MEASURED IN LB / HEAD",LB / HEAD,"1,665"
2016,MONTHLY,AUG,VIRGINIA,VA,51,"MILK - PRODUCTION, MEASURED IN LB / HEAD",LB / HEAD,"1,540"
2016,MONTHLY,DEC,VIRGINIA,VA,51,"MILK - PRODUCTION, MEASURED IN LB / HEAD",LB / HEAD,"1,640"
2016,MONTHLY,FEB,VIRGINIA,VA,51,"MILK - PRODUCTION, MEASURED IN LB / HEAD",LB / HEAD,"1,565"
2016,MONTHLY,JAN,VIRGINIA,VA,51,"MILK - PRODUCTION, MEASURED IN LB / HEAD",LB / HEAD,"1,645"
2016,MONTHLY,JUL,VIRGINIA,VA,51,"MILK - PRODUCTION, MEASURED IN LB / HEAD",LB / HEAD,"1,585"
2016,MONTHLY,JUN,VIRGINIA,VA,51,"MILK - PRODUCTION, MEASURED IN LB / HEAD",LB / HEAD,"1,590"
2016,MONTHLY,MAR,VIRGINIA,VA,51,"MILK - PRODUCTION, MEASURED IN LB / HEAD",LB / HEAD,"1,695"
2016,MONTHLY,MAY,VIRGINIA,VA,51,"MILK - PRODUCTION, MEASURED IN LB / HEAD",LB / HEAD,"1,705"
2016,MONTHLY,NOV,VIRGINIA,VA,51,"MILK - PRODUCTION, MEASURED IN LB / HEAD",LB / HEAD,"1,535"
2016,MONTHLY,OCT,VIRGINIA,VA,51,"MILK - PRODUCTION, MEASURED IN LB / HEAD",LB / HEAD,"1,585"
2016,MONTHLY,SEP,VIRGINIA,VA,51,"MILK - PRODUCTION, MEASURED IN LB / HEAD",LB / HEAD,"1,520"
2016,MONTHLY,APR,VERMONT,VT,50,"MILK - PRODUCTION, MEASURED IN LB / HEAD",LB / HEAD,"1,740"
2016,MONTHLY,AUG,VERMONT,VT,50,"MILK - PRODUCTION, MEASURED IN LB / HEAD",LB / HEAD,"1,745"
2016,MONTHLY,DEC,VERMONT,VT,50,"MILK - PRODUCTION, MEASURED IN LB / HEAD",LB / HEAD,"1,785"
2016,MONTHLY,FEB,VERMONT,VT,50,"MILK - PRODUCTION, MEASURED IN LB / HEAD",LB / HEAD,"1,655"
2016,MONTHLY,JAN,VERMONT,VT,50,"MILK - PRODUCTION, MEASURED IN LB / HEAD",LB / HEAD,"1,755"
2016,MONTHLY,JUL,VERMONT,VT,50,"MILK - PRODUCTION, MEASURED IN LB / HEAD",LB / HEAD,"1,770"
2016,MONTHLY,JUN,VERMONT,VT,50,"MILK - PRODUCTION, MEASURED IN LB / HEAD",LB / HEAD,"1,750"
2016,MONTHLY,MAR,VERMONT,VT,50,"MILK - PRODUCTION, MEASURED IN LB / HEAD",LB / HEAD,"1,785"
2016,MONTHLY,MAY,VERMONT,VT,50,"MILK - PRODUCTION, MEASURED IN LB / HEAD",LB / HEAD,"1,810"
2016,MONTHLY,NOV,VERMONT,VT,50,"MILK - PRODUCTION, MEASURED IN LB / HEAD",LB / HEAD,"1,700"
2016,MONTHLY,OCT,VERMONT,VT,50,"MILK - PRODUCTION, MEASURED IN LB / HEAD",LB / HEAD,"1,750"
2016,MONTHLY,SEP,VERMONT,VT,50,"MILK - PRODUCTION, MEASURED IN LB / HEAD",LB / HEAD,"1,690"
2016,MONTHLY,APR,WASHINGTON,WA,53,"MILK - PRODUCTION, MEASURED IN LB / HEAD",LB / HEAD,"2,010"
2016,MONTHLY,AUG,WASHINGTON,WA,53,"MILK - PRODUCTION, MEASURED IN LB / HEAD",LB / HEAD,"2,065"
2016,MONTHLY,DEC,WASHINGTON,WA,53,"MILK - PRODUCTION, MEASURED IN LB / HEAD",LB / HEAD,"1,990"
2016,MONTHLY,FEB,WASHINGTON,WA,53,"MILK - PRODUCTION, MEASURED IN LB / HEAD",LB / HEAD,"1,920"
2016,MONTHLY,JAN,WASHINGTON,WA,53,"MILK - PRODUCTION, MEASURED IN LB / HEAD",LB / HEAD,"2,005"
2016,MONTHLY,JUL,WASHINGTON,WA,53,"MILK - PRODUCTION, MEASURED IN LB / HEAD",LB / HEAD,"2,080"
2016,MONTHLY,JUN,WASHINGTON,WA,53,"MILK - PRODUCTION, MEASURED IN LB / HEAD",LB / HEAD,"2,010"
2016,MONTHLY,MAR,WASHINGTON,WA,53,"MILK - PRODUCTION, MEASURED IN LB / HEAD",LB / HEAD,"2,065"
2016,MONTHLY,MAY,WASHINGTON,WA,53,"MILK - PRODUCTION, MEASURED IN LB / HEAD",LB / HEAD,"2,080"
2016,MONTHLY,NOV,WASHINGTON,WA,53,"MILK - PRODUCTION, MEASURED IN LB / HEAD",LB / HEAD,"1,915"
2016,MONTHLY,OCT,WASHINGTON,WA,53,"MILK - PRODUCTION, MEASURED IN LB / HEAD",LB / HEAD,"2,005"
2016,MONTHLY,SEP,WASHINGTON,WA,53,"MILK - PRODUCTION, MEASURED IN LB / HEAD",LB / HEAD,"1,985"
2016,MONTHLY,APR,WISCONSIN,WI,55,"MILK - PRODUCTION, MEASURED IN LB / HEAD",LB / HEAD,"1,965"
2016,MONTHLY,AUG,WISCONSIN,WI,55,"MILK - PRODUCTION, MEASURED IN LB / HEAD",LB / HEAD,"1,990"
2016,MONTHLY,DEC,WISCONSIN,WI,55,"MILK - PRODUCTION, MEASURED IN LB / HEAD",LB / HEAD,"1,960"
2016,MONTHLY,FEB,WISCONSIN,WI,55,"MILK - PRODUCTION, MEASURED IN LB / HEAD",LB / HEAD,"1,855"
2016,MONTHLY,JAN,WISCONSIN,WI,55,"MILK - PRODUCTION, MEASURED IN LB / HEAD",LB / HEAD,"1,965"
2016,MONTHLY,JUL,WISCONSIN,WI,55,"MILK - PRODUCTION, MEASURED IN LB / HEAD",LB / HEAD,"2,010"
2016,MONTHLY,JUN,WISCONSIN,WI,55,"MILK - PRODUCTION, MEASURED IN LB / HEAD",LB / HEAD,"1,985"
2016,MONTHLY,MAR,WISCONSIN,WI,55,"MILK - PRODUCTION, MEASURED IN LB / HEAD",LB / HEAD,"2,000"
2016,MONTHLY,MAY,WISCONSIN,WI,55,"MILK - PRODUCTION, MEASURED IN LB / HEAD",LB / HEAD,"2,065"
2016,MONTHLY,NOV,WISCONSIN,WI,55,"MILK - PRODUCTION, MEASURED IN LB / HEAD",LB / HEAD,"1,895"
2016,MONTHLY,OCT,WISCONSIN,WI,55,"MILK - PRODUCTION, MEASURED IN LB / HEAD",LB / HEAD,"1,950"
2016,MONTHLY,SEP,WISCONSIN,WI,55,"MILK - PRODUCTION, MEASURED IN LB / HEAD",LB / HEAD,"1,910"
2017,MONTHLY,APR,ARIZONA,AZ,04,"MILK - PRODUCTION, MEASURED IN LB / HEAD",LB / HEAD,"2,175"
2017,MONTHLY,AUG,ARIZONA,AZ,04,"MILK - PRODUCTION, MEASURED IN LB / HEAD",LB / HEAD,"1,845"
2017,MONTHLY,DEC,ARIZONA,AZ,04,"MILK - PRODUCTION, MEASURED IN LB / HEAD",LB / HEAD,"2,040"
2017,MONTHLY,FEB,ARIZONA,AZ,04,"MILK - PRODUCTION, MEASURED IN LB / HEAD",LB / HEAD,"2,000"
2017,MONTHLY,JAN,ARIZONA,AZ,04,"MILK - PRODUCTION, MEASURED IN LB / HEAD",LB / HEAD,"2,075"
2017,MONTHLY,JUL,ARIZONA,AZ,04,"MILK - PRODUCTION, MEASURED IN LB / HEAD",LB / HEAD,"1,930"
2017,MONTHLY,JUN,ARIZONA,AZ,04,"MILK - PRODUCTION, MEASURED IN LB / HEAD",LB / HEAD,"2,030"
2017,MONTHLY,MAR,ARIZONA,AZ,04,"MILK - PRODUCTION, MEASURED IN LB / HEAD",LB / HEAD,"2,245"
2017,MONTHLY,MAY,ARIZONA,AZ,04,"MILK - PRODUCTION, MEASURED IN LB / HEAD",LB / HEAD,"2,185"
2017,MONTHLY,NOV,ARIZONA,AZ,04,"MILK - PRODUCTION, MEASURED IN LB / HEAD",LB / HEAD,"1,935"
2017,MONTHLY,OCT,ARIZONA,AZ,04,"MILK - PRODUCTION, MEASURED IN LB / HEAD",LB / HEAD,"1,940"
2017,MONTHLY,SEP,ARIZONA,AZ,04,"MILK - PRODUCTION, MEASURED IN LB / HEAD",LB / HEAD,"1,785"
2017,MONTHLY,APR,CALIFORNIA,CA,06,"MILK - PRODUCTION, MEASURED IN LB / HEAD",LB / HEAD,"1,960"
2017,MONTHLY,AUG,CALIFORNIA,CA,06,"MILK - PRODUCTION, MEASURED IN LB / HEAD",LB / HEAD,"1,870"
2017,MONTHLY,DEC,CALIFORNIA,CA,06,"MILK - PRODUCTION, MEASURED IN LB / HEAD",LB / HEAD,"1,935"
2017,MONTHLY,FEB,CALIFORNIA,CA,06,"MILK - PRODUCTION, MEASURED IN LB / HEAD",LB / HEAD,"1,780"
2017,MONTHLY,JAN,CALIFORNIA,CA,06,"MILK - PRODUCTION, MEASURED IN LB / HEAD",LB / HEAD,"1,945"
2017,MONTHLY,JUL,CALIFORNIA,CA,06,"MILK - PRODUCTION, MEASURED IN LB / HEAD",LB / HEAD,"1,930"
2017,MONTHLY,JUN,CALIFORNIA,CA,06,"MILK - PRODUCTION, MEASURED IN LB / HEAD",LB / HEAD,"1,880"
2017,MONTHLY,MAR,CALIFORNIA,CA,06,"MILK - PRODUCTION, MEASURED IN LB / HEAD",LB / HEAD,"1,995"
2017,MONTHLY,MAY,CALIFORNIA,CA,06,"MILK - PRODUCTION, MEASURED IN LB / HEAD",LB / HEAD,"2,005"
2017,MONTHLY,NOV,CALIFORNIA,CA,06,"MILK - PRODUCTION, MEASURED IN LB / HEAD",LB / HEAD,"1,825"
2017,MONTHLY,OCT,CALIFORNIA,CA,06,"MILK - PRODUCTION, MEASURED IN LB / HEAD",LB / HEAD,"1,870"
2017,MONTHLY,SEP,CALIFORNIA,CA,06,"MILK - PRODUCTION, MEASURED IN LB / HEAD",LB / HEAD,"1,760"
2017,MONTHLY,APR,COLORADO,CO,08,"MILK - PRODUCTION, MEASURED IN LB / HEAD",LB / HEAD,"2,150"
2017,MONTHLY,AUG,COLORADO,CO,08,"MILK - PRODUCTION, MEASURED IN LB / HEAD",LB / HEAD,"2,210"
2017,MONTHLY,DEC,COLORADO,CO,08,"MILK - PRODUCTION, MEASURED IN LB / HEAD",LB / HEAD,"2,210"
2017,MONTHLY,FEB,COLORADO,CO,08,"MILK - PRODUCTION, MEASURED IN LB / HEAD",LB / HEAD,"1,980"
2017,MONTHLY,JAN,COLORADO,CO,08,"MILK - PRODUCTION, MEASURED IN LB / HEAD",LB / HEAD,"2,145"
2017,MONTHLY,JUL,COLORADO,CO,08,"MILK - PRODUCTION, MEASURED IN LB / HEAD",LB / HEAD,"2,215"
2017,MONTHLY,JUN,COLORADO,CO,08,"MILK - PRODUCTION, MEASURED IN LB / HEAD",LB / HEAD,"2,145"
2017,MONTHLY,MAR,COLORADO,CO,08,"MILK - PRODUCTION, MEASURED IN LB / HEAD",LB / HEAD,"2,220"
2017,MONTHLY,MAY,COLORADO,CO,08,"MILK - PRODUCTION, MEASURED IN LB / HEAD",LB / HEAD,"2,185"
2017,MONTHLY,NOV,COLORADO,CO,08,"MILK - PRODUCTION, MEASURED IN LB / HEAD",LB / HEAD,"2,110"
2017,MONTHLY,OCT,COLORADO,CO,08,"MILK - PRODUCTION, MEASURED IN LB / HEAD",LB / HEAD,"2,140"
2017,MONTHLY,SEP,COLORADO,CO,08,"MILK - PRODUCTION, MEASURED IN LB / HEAD",LB / HEAD,"2,095"
2017,MONTHLY,APR,FLORIDA,FL,12,"MILK - PRODUCTION, MEASURED IN LB / HEAD",LB / HEAD,"1,830"
2017,MONTHLY,AUG,FLORIDA,FL,12,"MILK - PRODUCTION, MEASURED IN LB / HEAD",LB / HEAD,"1,555"
2017,MONTHLY,DEC,FLORIDA,FL,12,"MILK - PRODUCTION, MEASURED IN LB / HEAD",LB / HEAD,"1,675"
2017,MONTHLY,FEB,FLORIDA,FL,12,"MILK - PRODUCTION, MEASURED IN LB / HEAD",LB / HEAD,"1,730"
2017,MONTHLY,JAN,FLORIDA,FL,12,"MILK - PRODUCTION, MEASURED IN LB / HEAD",LB / HEAD,"1,850"
2017,MONTHLY,JUL,FLORIDA,FL,12,"MILK - PRODUCTION, MEASURED IN LB / HEAD",LB / HEAD,"1,645"
2017,MONTHLY,JUN,FLORIDA,FL,12,"MILK - PRODUCTION, MEASURED IN LB / HEAD",LB / HEAD,"1,725"
2017,MONTHLY,MAR,FLORIDA,FL,12,"MILK - PRODUCTION, MEASURED IN LB / HEAD",LB / HEAD,"1,925"
2017,MONTHLY,MAY,FLORIDA,FL,12,"MILK - PRODUCTION, MEASURED IN LB / HEAD",LB / HEAD,"1,865"
2017,MONTHLY,NOV,FLORIDA,FL,12,"MILK - PRODUCTION, MEASURED IN LB / HEAD",LB / HEAD,"1,515"
2017,MONTHLY,OCT,FLORIDA,FL,12,"MILK - PRODUCTION, MEASURED IN LB / HEAD",LB / HEAD,"1,460"
2017,MONTHLY,SEP,FLORIDA,FL,12,"MILK - PRODUCTION, MEASURED IN LB / HEAD",LB / HEAD,"1,400"
2017,MONTHLY,APR,IOWA,IA,19,"MILK - PRODUCTION, MEASURED IN LB / HEAD",LB / HEAD,"1,995"
2017,MONTHLY,AUG,IOWA,IA,19,"MILK - PRODUCTION, MEASURED IN LB / HEAD",LB / HEAD,"2,010"
2017,MONTHLY,DEC,IOWA,IA,19,"MILK - PRODUCTION, MEASURED IN LB / HEAD",LB / HEAD,"2,020"
2017,MONTHLY,FEB,IOWA,IA,19,"MILK - PRODUCTION, MEASURED IN LB / HEAD",LB / HEAD,"1,830"
2017,MONTHLY,JAN,IOWA,IA,19,"MILK - PRODUCTION, MEASURED IN LB / HEAD",LB / HEAD,"2,010"
2017,MONTHLY,JUL,IOWA,IA,19,"MILK - PRODUCTION, MEASURED IN LB / HEAD",LB / HEAD,"2,005"
2017,MONTHLY,JUN,IOWA,IA,19,"MILK - PRODUCTION, MEASURED IN LB / HEAD",LB / HEAD,"1,975"
2017,MONTHLY,MAR,IOWA,IA,19,"MILK - PRODUCTION, MEASURED IN LB / HEAD",LB / HEAD,"2,045"
2017,MONTHLY,MAY,IOWA,IA,19,"MILK - PRODUCTION, MEASURED IN LB / HEAD",LB / HEAD,"2,055"
2017,MONTHLY,NOV,IOWA,IA,19,"MILK - PRODUCTION, MEASURED IN LB / HEAD",LB / HEAD,"1,950"
2017,MONTHLY,OCT,IOWA,IA,19,"MILK - PRODUCTION, MEASURED IN LB / HEAD",LB / HEAD,"1,995"
2017,MONTHLY,SEP,IOWA,IA,19,"MILK - PRODUCTION, MEASURED IN LB / HEAD",LB / HEAD,"1,915"
2017,MONTHLY,APR,IDAHO,ID,16,"MILK - PRODUCTION, MEASURED IN LB / HEAD",LB / HEAD,"2,000"
2017,MONTHLY,AUG,IDAHO,ID,16,"MILK - PRODUCTION, MEASURED IN LB / HEAD",LB / HEAD,"2,155"
2017,MONTHLY,DEC,IDAHO,ID,16,"MILK - PRODUCTION, MEASURED IN LB / HEAD",LB / HEAD,"2,020"
2017,MONTHLY,FEB,IDAHO,ID,16,"MILK - PRODUCTION, MEASURED IN LB / HEAD",LB / HEAD,"1,800"
2017,MONTHLY,JAN,IDAHO,ID,16,"MILK - PRODUCTION, MEASURED IN LB / HEAD",LB / HEAD,"1,995"
2017,MONTHLY,JUL,IDAHO,ID,16,"MILK - PRODUCTION, MEASURED IN LB / HEAD",LB / HEAD,"2,160"
2017,MONTHLY,JUN,IDAHO,ID,16,"MILK - PRODUCTION, MEASURED IN LB / HEAD",LB / HEAD,"2,090"
2017,MONTHLY,MAR,IDAHO,ID,16,"MILK - PRODUCTION, MEASURED IN LB / HEAD",LB / HEAD,"2,025"
2017,MONTHLY,MAY,IDAHO,ID,16,"MILK - PRODUCTION, MEASURED IN LB / HEAD",LB / HEAD,"2,130"
2017,MONTHLY,NOV,IDAHO,ID,16,"MILK - PRODUCTION, MEASURED IN LB / HEAD",LB / HEAD,"1,955"
2017,MONTHLY,OCT,IDAHO,ID,16,"MILK - PRODUCTION, MEASURED IN LB / HEAD",LB / HEAD,"2,045"
2017,MONTHLY,SEP,IDAHO,ID,16,"MILK - PRODUCTION, MEASURED IN LB / HEAD",LB / HEAD,"2,025"
2017,MONTHLY,APR,ILLINOIS,IL,17,"MILK - PRODUCTION, MEASURED IN LB / HEAD",LB / HEAD,"1,810"
2017,MONTHLY,AUG,ILLINOIS,IL,17,"MILK - PRODUCTION, MEASURED IN LB / HEAD",LB / HEAD,"1,675"
2017,MONTHLY,DEC,ILLINOIS,IL,17,"MILK - PRODUCTION, MEASURED IN LB / HEAD",LB / HEAD,"1,770"
2017,MONTHLY,FEB,ILLINOIS,IL,17,"MILK - PRODUCTION, MEASURED IN LB / HEAD",LB / HEAD,"1,640"
2017,MONTHLY,JAN,ILLINOIS,IL,17,"MILK - PRODUCTION, MEASURED IN LB / HEAD",LB / HEAD,"1,765"
2017,MONTHLY,JUL,ILLINOIS,IL,17,"MILK - PRODUCTION, MEASURED IN LB / HEAD",LB / HEAD,"1,690"
2017,MONTHLY,JUN,ILLINOIS,IL,17,"MILK - PRODUCTION, MEASURED IN LB / HEAD",LB / HEAD,"1,720"
2017,MONTHLY,MAR,ILLINOIS,IL,17,"MILK - PRODUCTION, MEASURED IN LB / HEAD",LB / HEAD,"1,860"
2017,MONTHLY,MAY,ILLINOIS,IL,17,"MILK - PRODUCTION, MEASURED IN LB / HEAD",LB / HEAD,"1,860"
2017,MONTHLY,NOV,ILLINOIS,IL,17,"MILK - PRODUCTION, MEASURED IN LB / HEAD",LB / HEAD,"1,670"
2017,MONTHLY,OCT,ILLINOIS,IL,17,"MILK - PRODUCTION, MEASURED IN LB / HEAD",LB / HEAD,"1,680"
2017,MONTHLY,SEP,ILLINOIS,IL,17,"MILK - PRODUCTION, MEASURED IN LB / HEAD",LB / HEAD,"1,600"
2017,MONTHLY,APR,INDIANA,IN,18,"MILK - PRODUCTION, MEASURED IN LB / HEAD",LB / HEAD,"1,955"
2017,MONTHLY,AUG,INDIANA,IN,18,"MILK - PRODUCTION, MEASURED IN LB / HEAD",LB / HEAD,"1,860"
2017,MONTHLY,DEC,INDIANA,IN,18,"MILK - PRODUCTION, MEASURED IN LB / HEAD",LB / HEAD,"1,900"
2017,MONTHLY,FEB,INDIANA,IN,18,"MILK - PRODUCTION, MEASURED IN LB / HEAD",LB / HEAD,"1,765"
2017,MONTHLY,JAN,INDIANA,IN,18,"MILK - PRODUCTION, MEASURED IN LB / HEAD",LB / HEAD,"1,930"
2017,MONTHLY,JUL,INDIANA,IN,18,"MILK - PRODUCTION, MEASURED IN LB / HEAD",LB / HEAD,"1,860"
2017,MONTHLY,JUN,INDIANA,IN,18,"MILK - PRODUCTION, MEASURED IN LB / HEAD",LB / HEAD,"1,915"
2017,MONTHLY,MAR,INDIANA,IN,18,"MILK - PRODUCTION, MEASURED IN LB / HEAD",LB / HEAD,"2,005"
2017,MONTHLY,MAY,INDIANA,IN,18,"MILK - PRODUCTION, MEASURED IN LB / HEAD",LB / HEAD,"2,055"
2017,MONTHLY,NOV,INDIANA,IN,18,"MILK - PRODUCTION, MEASURED IN LB / HEAD",LB / HEAD,"1,830"
2017,MONTHLY,OCT,INDIANA,IN,18,"MILK - PRODUCTION, MEASURED IN LB / HEAD",LB / HEAD,"1,885"
2017,MONTHLY,SEP,INDIANA,IN,18,"MILK - PRODUCTION, MEASURED IN LB / HEAD",LB / HEAD,"1,810"
2017,MONTHLY,APR,KANSAS,KS,20,"MILK - PRODUCTION, MEASURED IN LB / HEAD",LB / HEAD,"1,955"
2017,MONTHLY,AUG,KANSAS,KS,20,"MILK - PRODUCTION, MEASURED IN LB / HEAD",LB / HEAD,"1,920"
2017,MONTHLY,DEC,KANSAS,KS,20,"MILK - PRODUCTION, MEASURED IN LB / HEAD",LB / HEAD,"1,960"
2017,MONTHLY,FEB,KANSAS,KS,20,"MILK - PRODUCTION, MEASURED IN LB / HEAD",LB / HEAD,"1,805"
2017,MONTHLY,JAN,KANSAS,KS,20,"MILK - PRODUCTION, MEASURED IN LB / HEAD",LB / HEAD,"1,935"
2017,MONTHLY,JUL,KANSAS,KS,20,"MILK - PRODUCTION, MEASURED IN LB / HEAD",LB / HEAD,"1,920"
2017,MONTHLY,JUN,KANSAS,KS,20,"MILK - PRODUCTION, MEASURED IN LB / HEAD",LB / HEAD,"1,865"
2017,MONTHLY,MAR,KANSAS,KS,20,"MILK - PRODUCTION, MEASURED IN LB / HEAD",LB / HEAD,"2,030"
2017,MONTHLY,MAY,KANSAS,KS,20,"MILK - PRODUCTION, MEASURED IN LB / HEAD",LB / HEAD,"1,930"
2017,MONTHLY,NOV,KANSAS,KS,20,"MILK - PRODUCTION, MEASURED IN LB / HEAD",LB / HEAD,"1,880"
2017,MONTHLY,OCT,KANSAS,KS,20,"MILK - PRODUCTION, MEASURED IN LB / HEAD",LB / HEAD,"1,935"
2017,MONTHLY,SEP,KANSAS,KS,20,"MILK - PRODUCTION, MEASURED IN LB / HEAD",LB / HEAD,"1,880"
2017,MONTHLY,APR,MICHIGAN,MI,26,"MILK - PRODUCTION, MEASURED IN LB / HEAD",LB / HEAD,"2,225"
2017,MONTHLY,AUG,MICHIGAN,MI,26,"MILK - PRODUCTION, MEASURED IN LB / HEAD",LB / HEAD,"2,230"
2017,MONTHLY,DEC,MICHIGAN,MI,26,"MILK - PRODUCTION, MEASURED IN LB / HEAD",LB / HEAD,"2,180"
2017,MONTHLY,FEB,MICHIGAN,MI,26,"MILK - PRODUCTION, MEASURED IN LB / HEAD",LB / HEAD,"2,030"
2017,MONTHLY,JAN,MICHIGAN,MI,26,"MILK - PRODUCTION, MEASURED IN LB / HEAD",LB / HEAD,"2,190"
2017,MONTHLY,JUL,MICHIGAN,MI,26,"MILK - PRODUCTION, MEASURED IN LB / HEAD",LB / HEAD,"2,255"
2017,MONTHLY,JUN,MICHIGAN,MI,26,"MILK - PRODUCTION, MEASURED IN LB / HEAD",LB / HEAD,"2,220"
2017,MONTHLY,MAR,MICHIGAN,MI,26,"MILK - PRODUCTION, MEASURED IN LB / HEAD",LB / HEAD,"2,265"
2017,MONTHLY,MAY,MICHIGAN,MI,26,"MILK - PRODUCTION, MEASURED IN LB / HEAD",LB / HEAD,"2,315"
2017,MONTHLY,NOV,MICHIGAN,MI,26,"MILK - PRODUCTION, MEASURED IN LB / HEAD",LB / HEAD,"2,115"
2017,MONTHLY,OCT,MICHIGAN,MI,26,"MILK - PRODUCTION, MEASURED IN LB / HEAD",LB / HEAD,"2,185"
2017,MONTHLY,SEP,MICHIGAN,MI,26,"MILK - PRODUCTION, MEASURED IN LB / HEAD",LB / HEAD,"2,100"
2017,MONTHLY,APR,MINNESOTA,MN,27,"MILK - PRODUCTION, MEASURED IN LB / HEAD",LB / HEAD,"1,810"
2017,MONTHLY,AUG,MINNESOTA,MN,27,"MILK - PRODUCTION, MEASURED IN LB / HEAD",LB / HEAD,"1,830"
2017,MONTHLY,DEC,MINNESOTA,MN,27,"MILK - PRODUCTION, MEASURED IN LB / HEAD",LB / HEAD,"1,815"
2017,MONTHLY,FEB,MINNESOTA,MN,27,"MILK - PRODUCTION, MEASURED IN LB / HEAD",LB / HEAD,"1,660"
2017,MONTHLY,JAN,MINNESOTA,MN,27,"MILK - PRODUCTION, MEASURED IN LB / HEAD",LB / HEAD,"1,805"
2017,MONTHLY,JUL,MINNESOTA,MN,27,"MILK - PRODUCTION, MEASURED IN LB / HEAD",LB / HEAD,"1,835"
2017,MONTHLY,JUN,MINNESOTA,MN,27,"MILK - PRODUCTION, MEASURED IN LB / HEAD",LB / HEAD,"1,805"
2017,MONTHLY,MAR,MINNESOTA,MN,27,"MILK - PRODUCTION, MEASURED IN LB / HEAD",LB / HEAD,"1,855"
2017,MONTHLY,MAY,MINNESOTA,MN,27,"MILK - PRODUCTION, MEASURED IN LB / HEAD",LB / HEAD,"1,870"
2017,MONTHLY,NOV,MINNESOTA,MN,27,"MILK - PRODUCTION, MEASURED IN LB / HEAD",LB / HEAD,"1,725"
2017,MONTHLY,OCT,MINNESOTA,MN,27,"MILK - PRODUCTION, MEASURED IN LB / HEAD",LB / HEAD,"1,790"
2017,MONTHLY,SEP,MINNESOTA,MN,27,"MILK - PRODUCTION, MEASURED IN LB / HEAD",LB / HEAD,"1,740"
2017,MONTHLY,APR,NEW MEXICO,NM,35,"MILK - PRODUCTION, MEASURED IN LB / HEAD",LB / HEAD,"2,150"
2017,MONTHLY,AUG,NEW MEXICO,NM,35,"MILK - PRODUCTION, MEASURED IN LB / HEAD",LB / HEAD,"2,065"
2017,MONTHLY,DEC,NEW MEXICO,NM,35,"MILK - PRODUCTION, MEASURED IN LB / HEAD",LB / HEAD,"2,075"
2017,MONTHLY,FEB,NEW MEXICO,NM,35,"MILK - PRODUCTION, MEASURED IN LB / HEAD",LB / HEAD,"1,960"
2017,MONTHLY,JAN,NEW MEXICO,NM,35,"MILK - PRODUCTION, MEASURED IN LB / HEAD",LB / HEAD,"2,090"
2017,MONTHLY,JUL,NEW MEXICO,NM,35,"MILK - PRODUCTION, MEASURED IN LB / HEAD",LB / HEAD,"2,125"
2017,MONTHLY,JUN,NEW MEXICO,NM,35,"MILK - PRODUCTION, MEASURED IN LB / HEAD",LB / HEAD,"2,095"
2017,MONTHLY,MAR,NEW MEXICO,NM,35,"MILK - PRODUCTION, MEASURED IN LB / HEAD",LB / HEAD,"2,220"
2017,MONTHLY,MAY,NEW MEXICO,NM,35,"MILK - PRODUCTION, MEASURED IN LB / HEAD",LB / HEAD,"2,210"
2017,MONTHLY,NOV,NEW MEXICO,NM,35,"MILK - PRODUCTION, MEASURED IN LB / HEAD",LB / HEAD,"1,985"
2017,MONTHLY,OCT,NEW MEXICO,NM,35,"MILK - PRODUCTION, MEASURED IN LB / HEAD",LB / HEAD,"2,000"
2017,MONTHLY,SEP,NEW MEXICO,NM,35,"MILK - PRODUCTION, MEASURED IN LB / HEAD",LB / HEAD,"1,965"
2017,MONTHLY,APR,NEW YORK,NY,36,"MILK - PRODUCTION, MEASURED IN LB / HEAD",LB / HEAD,"2,050"
2017,MONTHLY,AUG,NEW YORK,NY,36,"MILK - PRODUCTION, MEASURED IN LB / HEAD",LB / HEAD,"2,015"
2017,MONTHLY,DEC,NEW YORK,NY,36,"MILK - PRODUCTION, MEASURED IN LB / HEAD",LB / HEAD,"1,955"
2017,MONTHLY,FEB,NEW YORK,NY,36,"MILK - PRODUCTION, MEASURED IN LB / HEAD",LB / HEAD,"1,855"
2017,MONTHLY,JAN,NEW YORK,NY,36,"MILK - PRODUCTION, MEASURED IN LB / HEAD",LB / HEAD,"2,030"
2017,MONTHLY,JUL,NEW YORK,NY,36,"MILK - PRODUCTION, MEASURED IN LB / HEAD",LB / HEAD,"2,045"
2017,MONTHLY,JUN,NEW YORK,NY,36,"MILK - PRODUCTION, MEASURED IN LB / HEAD",LB / HEAD,"2,015"
2017,MONTHLY,MAR,NEW YORK,NY,36,"MILK - PRODUCTION, MEASURED IN LB / HEAD",LB / HEAD,"2,060"
2017,MONTHLY,MAY,NEW YORK,NY,36,"MILK - PRODUCTION, MEASURED IN LB / HEAD",LB / HEAD,"2,120"
2017,MONTHLY,NOV,NEW YORK,NY,36,"MILK - PRODUCTION, MEASURED IN LB / HEAD",LB / HEAD,"1,895"
2017,MONTHLY,OCT,NEW YORK,NY,36,"MILK - PRODUCTION, MEASURED IN LB / HEAD",LB / HEAD,"1,975"
2017,MONTHLY,SEP,NEW YORK,NY,36,"MILK - PRODUCTION, MEASURED IN LB / HEAD",LB / HEAD,"1,925"
2017,MONTHLY,APR,OHIO,OH,39,"MILK - PRODUCTION, MEASURED IN LB / HEAD",LB / HEAD,"1,850"
2017,MONTHLY,AUG,OHIO,OH,39,"MILK - PRODUCTION, MEASURED IN LB / HEAD",LB / HEAD,"1,760"
2017,MONTHLY,DEC,OHIO,OH,39,"MILK - PRODUCTION, MEASURED IN LB / HEAD",LB / HEAD,"1,755"
2017,MONTHLY,FEB,OHIO,OH,39,"MILK - PRODUCTION, MEASURED IN LB / HEAD",LB / HEAD,"1,660"
2017,MONTHLY,JAN,OHIO,OH,39,"MILK - PRODUCTION, MEASURED IN LB / HEAD",LB / HEAD,"1,815"
2017,MONTHLY,JUL,OHIO,OH,39,"MILK - PRODUCTION, MEASURED IN LB / HEAD",LB / HEAD,"1,770"
2017,MONTHLY,JUN,OHIO,OH,39,"MILK - PRODUCTION, MEASURED IN LB / HEAD",LB / HEAD,"1,790"
2017,MONTHLY,MAR,OHIO,OH,39,"MILK - PRODUCTION, MEASURED IN LB / HEAD",LB / HEAD,"1,870"
2017,MONTHLY,MAY,OHIO,OH,39,"MILK - PRODUCTION, MEASURED IN LB / HEAD",LB / HEAD,"1,915"
2017,MONTHLY,NOV,OHIO,OH,39,"MILK - PRODUCTION, MEASURED IN LB / HEAD",LB / HEAD,"1,695"
2017,MONTHLY,OCT,OHIO,OH,39,"MILK - PRODUCTION, MEASURED IN LB / HEAD",LB / HEAD,"1,730"
2017,MONTHLY,SEP,OHIO,OH,39,"MILK - PRODUCTION, MEASURED IN LB / HEAD",LB / HEAD,"1,680"
2017,MONTHLY,APR,OREGON,OR,41,"MILK - PRODUCTION, MEASURED IN LB / HEAD",LB / HEAD,"1,725"
2017,MONTHLY,AUG,OREGON,OR,41,"MILK - PRODUCTION, MEASURED IN LB / HEAD",LB / HEAD,"1,735"
2017,MONTHLY,DEC,OREGON,OR,41,"MILK - PRODUCTION, MEASURED IN LB / HEAD",LB / HEAD,"1,675"
2017,MONTHLY,FEB,OREGON,OR,41,"MILK - PRODUCTION, MEASURED IN LB / HEAD",LB / HEAD,"1,555"
2017,MONTHLY,JAN,OREGON,OR,41,"MILK - PRODUCTION, MEASURED IN LB / HEAD",LB / HEAD,"1,685"
2017,MONTHLY,JUL,OREGON,OR,41,"MILK - PRODUCTION, MEASURED IN LB / HEAD",LB / HEAD,"1,755"
2017,MONTHLY,JUN,OREGON,OR,41,"MILK - PRODUCTION, MEASURED IN LB / HEAD",LB / HEAD,"1,740"
2017,MONTHLY,MAR,OREGON,OR,41,"MILK - PRODUCTION, MEASURED IN LB / HEAD",LB / HEAD,"1,775"
2017,MONTHLY,MAY,OREGON,OR,41,"MILK - PRODUCTION, MEASURED IN LB / HEAD",LB / HEAD,"1,790"
2017,MONTHLY,NOV,OREGON,OR,41,"MILK - PRODUCTION, MEASURED IN LB / HEAD",LB / HEAD,"1,620"
2017,MONTHLY,OCT,OREGON,OR,41,"MILK - PRODUCTION, MEASURED IN LB / HEAD",LB / HEAD,"1,700"
2017,MONTHLY,SEP,OREGON,OR,41,"MILK - PRODUCTION, MEASURED IN LB / HEAD",LB / HEAD,"1,675"
2017,MONTHLY,APR,PENNSYLVANIA,PA,42,"MILK - PRODUCTION, MEASURED IN LB / HEAD",LB / HEAD,"1,805"
2017,MONTHLY,AUG,PENNSYLVANIA,PA,42,"MILK - PRODUCTION, MEASURED IN LB / HEAD",LB / HEAD,"1,710"
2017,MONTHLY,DEC,PENNSYLVANIA,PA,42,"MILK - PRODUCTION, MEASURED IN LB / HEAD",LB / HEAD,"1,725"
2017,MONTHLY,FEB,PENNSYLVANIA,PA,42,"MILK - PRODUCTION, MEASURED IN LB / HEAD",LB / HEAD,"1,635"
2017,MONTHLY,JAN,PENNSYLVANIA,PA,42,"MILK - PRODUCTION, MEASURED IN LB / HEAD",LB / HEAD,"1,765"
2017,MONTHLY,JUL,PENNSYLVANIA,PA,42,"MILK - PRODUCTION, MEASURED IN LB / HEAD",LB / HEAD,"1,730"
2017,MONTHLY,JUN,PENNSYLVANIA,PA,42,"MILK - PRODUCTION, MEASURED IN LB / HEAD",LB / HEAD,"1,725"
2017,MONTHLY,MAR,PENNSYLVANIA,PA,42,"MILK - PRODUCTION, MEASURED IN LB / HEAD",LB / HEAD,"1,840"
2017,MONTHLY,MAY,PENNSYLVANIA,PA,42,"MILK - PRODUCTION, MEASURED IN LB / HEAD",LB / HEAD,"1,840"
2017,MONTHLY,NOV,PENNSYLVANIA,PA,42,"MILK - PRODUCTION, MEASURED IN LB / HEAD",LB / HEAD,"1,645"
2017,MONTHLY,OCT,PENNSYLVANIA,PA,42,"MILK - PRODUCTION, MEASURED IN LB / HEAD",LB / HEAD,"1,685"
2017,MONTHLY,SEP,PENNSYLVANIA,PA,42,"MILK - PRODUCTION, MEASURED IN LB / HEAD",LB / HEAD,"1,640"
2017,MONTHLY,APR,SOUTH DAKOTA,SD,46,"MILK - PRODUCTION, MEASURED IN LB / HEAD",LB / HEAD,"1,855"
2017,MONTHLY,AUG,SOUTH DAKOTA,SD,46,"MILK - PRODUCTION, MEASURED IN LB / HEAD",LB / HEAD,"1,915"
2017,MONTHLY,DEC,SOUTH DAKOTA,SD,46,"MILK - PRODUCTION, MEASURED IN LB / HEAD",LB / HEAD,"1,865"
2017,MONTHLY,FEB,SOUTH DAKOTA,SD,46,"MILK - PRODUCTION, MEASURED IN LB / HEAD",LB / HEAD,"1,715"
2017,MONTHLY,JAN,SOUTH DAKOTA,SD,46,"MILK - PRODUCTION, MEASURED IN LB / HEAD",LB / HEAD,"1,880"
2017,MONTHLY,JUL,SOUTH DAKOTA,SD,46,"MILK - PRODUCTION, MEASURED IN LB / HEAD",LB / HEAD,"1,905"
2017,MONTHLY,JUN,SOUTH DAKOTA,SD,46,"MILK - PRODUCTION, MEASURED IN LB / HEAD",LB / HEAD,"1,840"
2017,MONTHLY,MAR,SOUTH DAKOTA,SD,46,"MILK - PRODUCTION, MEASURED IN LB / HEAD",LB / HEAD,"1,915"
2017,MONTHLY,MAY,SOUTH DAKOTA,SD,46,"MILK - PRODUCTION, MEASURED IN LB / HEAD",LB / HEAD,"1,915"
2017,MONTHLY,NOV,SOUTH DAKOTA,SD,46,"MILK - PRODUCTION, MEASURED IN LB / HEAD",LB / HEAD,"1,795"
2017,MONTHLY,OCT,SOUTH DAKOTA,SD,46,"MILK - PRODUCTION, MEASURED IN LB / HEAD",LB / HEAD,"1,870"
2017,MONTHLY,SEP,SOUTH DAKOTA,SD,46,"MILK - PRODUCTION, MEASURED IN LB / HEAD",LB / HEAD,"1,820"
2017,MONTHLY,APR,TEXAS,TX,48,"MILK - PRODUCTION, MEASURED IN LB / HEAD",LB / HEAD,"2,010"
2017,MONTHLY,AUG,TEXAS,TX,48,"MILK - PRODUCTION, MEASURED IN LB / HEAD",LB / HEAD,"1,935"
2017,MONTHLY,DEC,TEXAS,TX,48,"MILK - PRODUCTION, MEASURED IN LB / HEAD",LB / HEAD,"1,955"
2017,MONTHLY,FEB,TEXAS,TX,48,"MILK - PRODUCTION, MEASURED IN LB / HEAD",LB / HEAD,"1,845"
2017,MONTHLY,JAN,TEXAS,TX,48,"MILK - PRODUCTION, MEASURED IN LB / HEAD",LB / HEAD,"1,990"
2017,MONTHLY,JUL,TEXAS,TX,48,"MILK - PRODUCTION, MEASURED IN LB / HEAD",LB / HEAD,"1,990"
2017,MONTHLY,JUN,TEXAS,TX,48,"MILK - PRODUCTION, MEASURED IN LB / HEAD",LB / HEAD,"1,975"
2017,MONTHLY,MAR,TEXAS,TX,48,"MILK - PRODUCTION, MEASURED IN LB / HEAD",LB / HEAD,"2,100"
2017,MONTHLY,MAY,TEXAS,TX,48,"MILK - PRODUCTION, MEASURED IN LB / HEAD",LB / HEAD,"2,075"
2017,MONTHLY,NOV,TEXAS,TX,48,"MILK - PRODUCTION, MEASURED IN LB / HEAD",LB / HEAD,"1,850"
2017,MONTHLY,OCT,TEXAS,TX,48,"MILK - PRODUCTION, MEASURED IN LB / HEAD",LB / HEAD,"1,860"
2017,MONTHLY,SEP,TEXAS,TX,48,"MILK - PRODUCTION, MEASURED IN LB / HEAD",LB / HEAD,"1,830"
2017,MONTHLY,APR,US TOTAL,US,99,"MILK - PRODUCTION, MEASURED IN LB / HEAD",LB / HEAD,"1,953"
2017,MONTHLY,APR THRU JUN,US TOTAL,US,99,"MILK - PRODUCTION, MEASURED IN LB / HEAD",LB / HEAD,"5,887"
2017,MONTHLY,AUG,US TOTAL,US,99,"MILK - PRODUCTION, MEASURED IN LB / HEAD",LB / HEAD,"1,915"
2017,MONTHLY,DEC,US TOTAL,US,99,"MILK - PRODUCTION, MEASURED IN LB / HEAD",LB / HEAD,"1,918"
2017,MONTHLY,FEB,US TOTAL,US,99,"MILK - PRODUCTION, MEASURED IN LB / HEAD",LB / HEAD,"1,781"
2017,MONTHLY,JAN,US TOTAL,US,99,"MILK - PRODUCTION, MEASURED IN LB / HEAD",LB / HEAD,"1,935"
2017,MONTHLY,JAN THRU MAR,US TOTAL,US,99,"MILK - PRODUCTION, MEASURED IN LB / HEAD",LB / HEAD,"5,713"
2017,MONTHLY,JUL,US TOTAL,US,99,"MILK - PRODUCTION, MEASURED IN LB / HEAD",LB / HEAD,"1,941"
2017,MONTHLY,JUL THRU SEP,US TOTAL,US,99,"MILK - PRODUCTION, MEASURED IN LB / HEAD",LB / HEAD,"5,675"
2017,MONTHLY,JUN,US TOTAL,US,99,"MILK - PRODUCTION, MEASURED IN LB / HEAD",LB / HEAD,"1,920"
2017,MONTHLY,MAR,US TOTAL,US,99,"MILK - PRODUCTION, MEASURED IN LB / HEAD",LB / HEAD,"1,997"
2017,MONTHLY,MAY,US TOTAL,US,99,"MILK - PRODUCTION, MEASURED IN LB / HEAD",LB / HEAD,"2,014"
2017,MONTHLY,NOV,US TOTAL,US,99,"MILK - PRODUCTION, MEASURED IN LB / HEAD",LB / HEAD,"1,833"
2017,MONTHLY,OCT,US TOTAL,US,99,"MILK - PRODUCTION, MEASURED IN LB / HEAD",LB / HEAD,"1,887"
2017,MONTHLY,OCT THRU DEC,US TOTAL,US,99,"MILK - PRODUCTION, MEASURED IN LB / HEAD",LB / HEAD,"5,638"
2017,MONTHLY,SEP,US TOTAL,US,99,"MILK - PRODUCTION, MEASURED IN LB / HEAD",LB / HEAD,"1,819"
2017,MONTHLY,APR,UTAH,UT,49,"MILK - PRODUCTION, MEASURED IN LB / HEAD",LB / HEAD,"1,940"
2017,MONTHLY,AUG,UTAH,UT,49,"MILK - PRODUCTION, MEASURED IN LB / HEAD",LB / HEAD,"2,010"
2017,MONTHLY,DEC,UTAH,UT,49,"MILK - PRODUCTION, MEASURED IN LB / HEAD",LB / HEAD,"1,935"
2017,MONTHLY,FEB,UTAH,UT,49,"MILK - PRODUCTION, MEASURED IN LB / HEAD",LB / HEAD,"1,730"
2017,MONTHLY,JAN,UTAH,UT,49,"MILK - PRODUCTION, MEASURED IN LB / HEAD",LB / HEAD,"1,905"
2017,MONTHLY,JUL,UTAH,UT,49,"MILK - PRODUCTION, MEASURED IN LB / HEAD",LB / HEAD,"2,015"
2017,MONTHLY,JUN,UTAH,UT,49,"MILK - PRODUCTION, MEASURED IN LB / HEAD",LB / HEAD,"1,980"
2017,MONTHLY,MAR,UTAH,UT,49,"MILK - PRODUCTION, MEASURED IN LB / HEAD",LB / HEAD,"1,950"
2017,MONTHLY,MAY,UTAH,UT,49,"MILK - PRODUCTION, MEASURED IN LB / HEAD",LB / HEAD,"2,020"
2017,MONTHLY,NOV,UTAH,UT,49,"MILK - PRODUCTION, MEASURED IN LB / HEAD",LB / HEAD,"1,880"
2017,MONTHLY,OCT,UTAH,UT,49,"MILK - PRODUCTION, MEASURED IN LB / HEAD",LB / HEAD,"1,930"
2017,MONTHLY,SEP,UTAH,UT,49,"MILK - PRODUCTION, MEASURED IN LB / HEAD",LB / HEAD,"1,910"
2017,MONTHLY,APR,VIRGINIA,VA,51,"MILK - PRODUCTION, MEASURED IN LB / HEAD",LB / HEAD,"1,765"
2017,MONTHLY,AUG,VIRGINIA,VA,51,"MILK - PRODUCTION, MEASURED IN LB / HEAD",LB / HEAD,"1,610"
2017,MONTHLY,DEC,VIRGINIA,VA,51,"MILK - PRODUCTION, MEASURED IN LB / HEAD",LB / HEAD,"1,680"
2017,MONTHLY,FEB,VIRGINIA,VA,51,"MILK - PRODUCTION, MEASURED IN LB / HEAD",LB / HEAD,"1,585"
2017,MONTHLY,JAN,VIRGINIA,VA,51,"MILK - PRODUCTION, MEASURED IN LB / HEAD",LB / HEAD,"1,700"
2017,MONTHLY,JUL,VIRGINIA,VA,51,"MILK - PRODUCTION, MEASURED IN LB / HEAD",LB / HEAD,"1,605"
2017,MONTHLY,JUN,VIRGINIA,VA,51,"MILK - PRODUCTION, MEASURED IN LB / HEAD",LB / HEAD,"1,625"
2017,MONTHLY,MAR,VIRGINIA,VA,51,"MILK - PRODUCTION, MEASURED IN LB / HEAD",LB / HEAD,"1,795"
2017,MONTHLY,MAY,VIRGINIA,VA,51,"MILK - PRODUCTION, MEASURED IN LB / HEAD",LB / HEAD,"1,775"
2017,MONTHLY,NOV,VIRGINIA,VA,51,"MILK - PRODUCTION, MEASURED IN LB / HEAD",LB / HEAD,"1,610"
2017,MONTHLY,OCT,VIRGINIA,VA,51,"MILK - PRODUCTION, MEASURED IN LB / HEAD",LB / HEAD,"1,630"
2017,MONTHLY,SEP,VIRGINIA,VA,51,"MILK - PRODUCTION, MEASURED IN LB / HEAD",LB / HEAD,"1,580"
2017,MONTHLY,APR,VERMONT,VT,50,"MILK - PRODUCTION, MEASURED IN LB / HEAD",LB / HEAD,"1,785"
2017,MONTHLY,AUG,VERMONT,VT,50,"MILK - PRODUCTION, MEASURED IN LB / HEAD",LB / HEAD,"1,775"
2017,MONTHLY,DEC,VERMONT,VT,50,"MILK - PRODUCTION, MEASURED IN LB / HEAD",LB / HEAD,"1,775"
2017,MONTHLY,FEB,VERMONT,VT,50,"MILK - PRODUCTION, MEASURED IN LB / HEAD",LB / HEAD,"1,645"
2017,MONTHLY,JAN,VERMONT,VT,50,"MILK - PRODUCTION, MEASURED IN LB / HEAD",LB / HEAD,"1,805"
2017,MONTHLY,JUL,VERMONT,VT,50,"MILK - PRODUCTION, MEASURED IN LB / HEAD",LB / HEAD,"1,800"
2017,MONTHLY,JUN,VERMONT,VT,50,"MILK - PRODUCTION, MEASURED IN LB / HEAD",LB / HEAD,"1,775"
2017,MONTHLY,MAR,VERMONT,VT,50,"MILK - PRODUCTION, MEASURED IN LB / HEAD",LB / HEAD,"1,820"
2017,MONTHLY,MAY,VERMONT,VT,50,"MILK - PRODUCTION, MEASURED IN LB / HEAD",LB / HEAD,"1,855"
2017,MONTHLY,NOV,VERMONT,VT,50,"MILK - PRODUCTION, MEASURED IN LB / HEAD",LB / HEAD,"1,705"
2017,MONTHLY,OCT,VERMONT,VT,50,"MILK - PRODUCTION, MEASURED IN LB / HEAD",LB / HEAD,"1,765"
2017,MONTHLY,SEP,VERMONT,VT,50,"MILK - PRODUCTION, MEASURED IN LB / HEAD",LB / HEAD,"1,710"
2017,MONTHLY,APR,WASHINGTON,WA,53,"MILK - PRODUCTION, MEASURED IN LB / HEAD",LB / HEAD,"1,990"
2017,MONTHLY,AUG,WASHINGTON,WA,53,"MILK - PRODUCTION, MEASURED IN LB / HEAD",LB / HEAD,"2,050"
2017,MONTHLY,DEC,WASHINGTON,WA,53,"MILK - PRODUCTION, MEASURED IN LB / HEAD",LB / HEAD,"1,985"
2017,MONTHLY,FEB,WASHINGTON,WA,53,"MILK - PRODUCTION, MEASURED IN LB / HEAD",LB / HEAD,"1,795"
2017,MONTHLY,JAN,WASHINGTON,WA,53,"MILK - PRODUCTION, MEASURED IN LB / HEAD",LB / HEAD,"1,960"
2017,MONTHLY,JUL,WASHINGTON,WA,53,"MILK - PRODUCTION, MEASURED IN LB / HEAD",LB / HEAD,"2,070"
2017,MONTHLY,JUN,WASHINGTON,WA,53,"MILK - PRODUCTION, MEASURED IN LB / HEAD",LB / HEAD,"2,025"
2017,MONTHLY,MAR,WASHINGTON,WA,53,"MILK - PRODUCTION, MEASURED IN LB / HEAD",LB / HEAD,"2,020"
2017,MONTHLY,MAY,WASHINGTON,WA,53,"MILK - PRODUCTION, MEASURED IN LB / HEAD",LB / HEAD,"2,080"
2017,MONTHLY,NOV,WASHINGTON,WA,53,"MILK - PRODUCTION, MEASURED IN LB / HEAD",LB / HEAD,"1,900"
2017,MONTHLY,OCT,WASHINGTON,WA,53,"MILK - PRODUCTION, MEASURED IN LB / HEAD",LB / HEAD,"1,995"
2017,MONTHLY,SEP,WASHINGTON,WA,53,"MILK - PRODUCTION, MEASURED IN LB / HEAD",LB / HEAD,"1,965"
2017,MONTHLY,APR,WISCONSIN,WI,55,"MILK - PRODUCTION, MEASURED IN LB / HEAD",LB / HEAD,"1,985"
2017,MONTHLY,AUG,WISCONSIN,WI,55,"MILK - PRODUCTION, MEASURED IN LB / HEAD",LB / HEAD,"2,025"
2017,MONTHLY,DEC,WISCONSIN,WI,55,"MILK - PRODUCTION, MEASURED IN LB / HEAD",LB / HEAD,"1,990"
2017,MONTHLY,FEB,WISCONSIN,WI,55,"MILK - PRODUCTION, MEASURED IN LB / HEAD",LB / HEAD,"1,820"
2017,MONTHLY,JAN,WISCONSIN,WI,55,"MILK - PRODUCTION, MEASURED IN LB / HEAD",LB / HEAD,"1,980"
2017,MONTHLY,JUL,WISCONSIN,WI,55,"MILK - PRODUCTION, MEASURED IN LB / HEAD",LB / HEAD,"2,025"
2017,MONTHLY,JUN,WISCONSIN,WI,55,"MILK - PRODUCTION, MEASURED IN LB / HEAD",LB / HEAD,"1,980"
2017,MONTHLY,MAR,WISCONSIN,WI,55,"MILK - PRODUCTION, MEASURED IN LB / HEAD",LB / HEAD,"2,035"
2017,MONTHLY,MAY,WISCONSIN,WI,55,"MILK - PRODUCTION, MEASURED IN LB / HEAD",LB / HEAD,"2,055"
2017,MONTHLY,NOV,WISCONSIN,WI,55,"MILK - PRODUCTION, MEASURED IN LB / HEAD",LB / HEAD,"1,910"
2017,MONTHLY,OCT,WISCONSIN,WI,55,"MILK - PRODUCTION, MEASURED IN LB / HEAD",LB / HEAD,"1,995"
2017,MONTHLY,SEP,WISCONSIN,WI,55,"MILK - PRODUCTION, MEASURED IN LB / HEAD",LB / HEAD,"1,930"
2018,MONTHLY,APR,ARIZONA,AZ,04,"MILK - PRODUCTION, MEASURED IN LB / HEAD",LB / HEAD,"2,135"
2018,MONTHLY,AUG,ARIZONA,AZ,04,"MILK - PRODUCTION, MEASURED IN LB / HEAD",LB / HEAD,"1,835"
2018,MONTHLY,DEC,ARIZONA,AZ,04,"MILK - PRODUCTION, MEASURED IN LB / HEAD",LB / HEAD,"2,065"
2018,MONTHLY,FEB,ARIZONA,AZ,04,"MILK - PRODUCTION, MEASURED IN LB / HEAD",LB / HEAD,"1,960"
2018,MONTHLY,JAN,ARIZONA,AZ,04,"MILK - PRODUCTION, MEASURED IN LB / HEAD",LB / HEAD,"2,095"
2018,MONTHLY,JUL,ARIZONA,AZ,04,"MILK - PRODUCTION, MEASURED IN LB / HEAD",LB / HEAD,"1,895"
2018,MONTHLY,JUN,ARIZONA,AZ,04,"MILK - PRODUCTION, MEASURED IN LB / HEAD",LB / HEAD,"2,005"
2018,MONTHLY,MAR,ARIZONA,AZ,04,"MILK - PRODUCTION, MEASURED IN LB / HEAD",LB / HEAD,"2,205"
2018,MONTHLY,MAY,ARIZONA,AZ,04,"MILK - PRODUCTION, MEASURED IN LB / HEAD",LB / HEAD,"2,145"
2018,MONTHLY,NOV,ARIZONA,AZ,04,"MILK - PRODUCTION, MEASURED IN LB / HEAD",LB / HEAD,"1,895"
2018,MONTHLY,OCT,ARIZONA,AZ,04,"MILK - PRODUCTION, MEASURED IN LB / HEAD",LB / HEAD,"1,910"
2018,MONTHLY,SEP,ARIZONA,AZ,04,"MILK - PRODUCTION, MEASURED IN LB / HEAD",LB / HEAD,"1,795"
2018,MONTHLY,APR,CALIFORNIA,CA,06,"MILK - PRODUCTION, MEASURED IN LB / HEAD",LB / HEAD,"1,990"
2018,MONTHLY,AUG,CALIFORNIA,CA,06,"MILK - PRODUCTION, MEASURED IN LB / HEAD",LB / HEAD,"1,905"
2018,MONTHLY,DEC,CALIFORNIA,CA,06,"MILK - PRODUCTION, MEASURED IN LB / HEAD",LB / HEAD,"1,970"
2018,MONTHLY,FEB,CALIFORNIA,CA,06,"MILK - PRODUCTION, MEASURED IN LB / HEAD",LB / HEAD,"1,860"
2018,MONTHLY,JAN,CALIFORNIA,CA,06,"MILK - PRODUCTION, MEASURED IN LB / HEAD",LB / HEAD,"2,005"
2018,MONTHLY,JUL,CALIFORNIA,CA,06,"MILK - PRODUCTION, MEASURED IN LB / HEAD",LB / HEAD,"1,900"
2018,MONTHLY,JUN,CALIFORNIA,CA,06,"MILK - PRODUCTION, MEASURED IN LB / HEAD",LB / HEAD,"1,905"
2018,MONTHLY,MAR,CALIFORNIA,CA,06,"MILK - PRODUCTION, MEASURED IN LB / HEAD",LB / HEAD,"2,070"
2018,MONTHLY,MAY,CALIFORNIA,CA,06,"MILK - PRODUCTION, MEASURED IN LB / HEAD",LB / HEAD,"2,035"
2018,MONTHLY,NOV,CALIFORNIA,CA,06,"MILK - PRODUCTION, MEASURED IN LB / HEAD",LB / HEAD,"1,890"
2018,MONTHLY,OCT,CALIFORNIA,CA,06,"MILK - PRODUCTION, MEASURED IN LB / HEAD",LB / HEAD,"1,915"
2018,MONTHLY,SEP,CALIFORNIA,CA,06,"MILK - PRODUCTION, MEASURED IN LB / HEAD",LB / HEAD,"1,860"
2018,MONTHLY,APR,COLORADO,CO,08,"MILK - PRODUCTION, MEASURED IN LB / HEAD",LB / HEAD,"2,160"
2018,MONTHLY,AUG,COLORADO,CO,08,"MILK - PRODUCTION, MEASURED IN LB / HEAD",LB / HEAD,"2,210"
2018,MONTHLY,DEC,COLORADO,CO,08,"MILK - PRODUCTION, MEASURED IN LB / HEAD",LB / HEAD,"2,195"
2018,MONTHLY,FEB,COLORADO,CO,08,"MILK - PRODUCTION, MEASURED IN LB / HEAD",LB / HEAD,"1,985"
2018,MONTHLY,JAN,COLORADO,CO,08,"MILK - PRODUCTION, MEASURED IN LB / HEAD",LB / HEAD,"2,195"
2018,MONTHLY,JUL,COLORADO,CO,08,"MILK - PRODUCTION, MEASURED IN LB / HEAD",LB / HEAD,"2,215"
2018,MONTHLY,JUN,COLORADO,CO,08,"MILK - PRODUCTION, MEASURED IN LB / HEAD",LB / HEAD,"2,160"
2018,MONTHLY,MAR,COLORADO,CO,08,"MILK - PRODUCTION, MEASURED IN LB / HEAD",LB / HEAD,"2,230"
2018,MONTHLY,MAY,COLORADO,CO,08,"MILK - PRODUCTION, MEASURED IN LB / HEAD",LB / HEAD,"2,215"
2018,MONTHLY,NOV,COLORADO,CO,08,"MILK - PRODUCTION, MEASURED IN LB / HEAD",LB / HEAD,"2,090"
2018,MONTHLY,OCT,COLORADO,CO,08,"MILK - PRODUCTION, MEASURED IN LB / HEAD",LB / HEAD,"2,165"
2018,MONTHLY,SEP,COLORADO,CO,08,"MILK - PRODUCTION, MEASURED IN LB / HEAD",LB / HEAD,"2,115"
2018,MONTHLY,APR,FLORIDA,FL,12,"MILK - PRODUCTION, MEASURED IN LB / HEAD",LB / HEAD,"1,780"
2018,MONTHLY,AUG,FLORIDA,FL,12,"MILK - PRODUCTION, MEASURED IN LB / HEAD",LB / HEAD,"1,515"
2018,MONTHLY,DEC,FLORIDA,FL,12,"MILK - PRODUCTION, MEASURED IN LB / HEAD",LB / HEAD,"1,655"
2018,MONTHLY,FEB,FLORIDA,FL,12,"MILK - PRODUCTION, MEASURED IN LB / HEAD",LB / HEAD,"1,700"
2018,MONTHLY,JAN,FLORIDA,FL,12,"MILK - PRODUCTION, MEASURED IN LB / HEAD",LB / HEAD,"1,775"
2018,MONTHLY,JUL,FLORIDA,FL,12,"MILK - PRODUCTION, MEASURED IN LB / HEAD",LB / HEAD,"1,580"
2018,MONTHLY,JUN,FLORIDA,FL,12,"MILK - PRODUCTION, MEASURED IN LB / HEAD",LB / HEAD,"1,675"
2018,MONTHLY,MAR,FLORIDA,FL,12,"MILK - PRODUCTION, MEASURED IN LB / HEAD",LB / HEAD,"1,895"
2018,MONTHLY,MAY,FLORIDA,FL,12,"MILK - PRODUCTION, MEASURED IN LB / HEAD",LB / HEAD,"1,830"
2018,MONTHLY,NOV,FLORIDA,FL,12,"MILK - PRODUCTION, MEASURED IN LB / HEAD",LB / HEAD,"1,540"
2018,MONTHLY,OCT,FLORIDA,FL,12,"MILK - PRODUCTION, MEASURED IN LB / HEAD",LB / HEAD,"1,440"
2018,MONTHLY,SEP,FLORIDA,FL,12,"MILK - PRODUCTION, MEASURED IN LB / HEAD",LB / HEAD,"1,380"
2018,MONTHLY,APR,GEORGIA,GA,13,"MILK - PRODUCTION, MEASURED IN LB / HEAD",LB / HEAD,"1,870"
2018,MONTHLY,AUG,GEORGIA,GA,13,"MILK - PRODUCTION, MEASURED IN LB / HEAD",LB / HEAD,"1,715"
2018,MONTHLY,DEC,GEORGIA,GA,13,"MILK - PRODUCTION, MEASURED IN LB / HEAD",LB / HEAD,"1,810"
2018,MONTHLY,FEB,GEORGIA,GA,13,"MILK - PRODUCTION, MEASURED IN LB / HEAD",LB / HEAD,"1,760"
2018,MONTHLY,JAN,GEORGIA,GA,13,"MILK - PRODUCTION, MEASURED IN LB / HEAD",LB / HEAD,"1,895"
2018,MONTHLY,JUL,GEORGIA,GA,13,"MILK - PRODUCTION, MEASURED IN LB / HEAD",LB / HEAD,"1,745"
2018,MONTHLY,JUN,GEORGIA,GA,13,"MILK - PRODUCTION, MEASURED IN LB / HEAD",LB / HEAD,"1,715"
2018,MONTHLY,MAR,GEORGIA,GA,13,"MILK - PRODUCTION, MEASURED IN LB / HEAD",LB / HEAD,"1,980"
2018,MONTHLY,MAY,GEORGIA,GA,13,"MILK - PRODUCTION, MEASURED IN LB / HEAD",LB / HEAD,"1,885"
2018,MONTHLY,NOV,GEORGIA,GA,13,"MILK - PRODUCTION, MEASURED IN LB / HEAD",LB / HEAD,"1,730"
2018,MONTHLY,OCT,GEORGIA,GA,13,"MILK - PRODUCTION, MEASURED IN LB / HEAD",LB / HEAD,"1,670"
2018,MONTHLY,SEP,GEORGIA,GA,13,"MILK - PRODUCTION, MEASURED IN LB / HEAD",LB / HEAD,"1,595"
2018,MONTHLY,APR,IOWA,IA,19,"MILK - PRODUCTION, MEASURED IN LB / HEAD",LB / HEAD,"2,010"
2018,MONTHLY,AUG,IOWA,IA,19,"MILK - PRODUCTION, MEASURED IN LB / HEAD",LB / HEAD,"1,995"
2018,MONTHLY,DEC,IOWA,IA,19,"MILK - PRODUCTION, MEASURED IN LB / HEAD",LB / HEAD,"2,045"
2018,MONTHLY,FEB,IOWA,IA,19,"MILK - PRODUCTION, MEASURED IN LB / HEAD",LB / HEAD,"1,860"
2018,MONTHLY,JAN,IOWA,IA,19,"MILK - PRODUCTION, MEASURED IN LB / HEAD",LB / HEAD,"2,035"
2018,MONTHLY,JUL,IOWA,IA,19,"MILK - PRODUCTION, MEASURED IN LB / HEAD",LB / HEAD,"1,995"
2018,MONTHLY,JUN,IOWA,IA,19,"MILK - PRODUCTION, MEASURED IN LB / HEAD",LB / HEAD,"1,975"
2018,MONTHLY,MAR,IOWA,IA,19,"MILK - PRODUCTION, MEASURED IN LB / HEAD",LB / HEAD,"2,070"
2018,MONTHLY,MAY,IOWA,IA,19,"MILK - PRODUCTION, MEASURED IN LB / HEAD",LB / HEAD,"2,060"
2018,MONTHLY,NOV,IOWA,IA,19,"MILK - PRODUCTION, MEASURED IN LB / HEAD",LB / HEAD,"1,965"
2018,MONTHLY,OCT,IOWA,IA,19,"MILK - PRODUCTION, MEASURED IN LB / HEAD",LB / HEAD,"2,025"
2018,MONTHLY,SEP,IOWA,IA,19,"MILK - PRODUCTION, MEASURED IN LB / HEAD",LB / HEAD,"1,920"
2018,MONTHLY,APR,IDAHO,ID,16,"MILK - PRODUCTION, MEASURED IN LB / HEAD",LB / HEAD,"2,055"
2018,MONTHLY,AUG,IDAHO,ID,16,"MILK - PRODUCTION, MEASURED IN LB / HEAD",LB / HEAD,"2,165"
2018,MONTHLY,DEC,IDAHO,ID,16,"MILK - PRODUCTION, MEASURED IN LB / HEAD",LB / HEAD,"2,060"
2018,MONTHLY,FEB,IDAHO,ID,16,"MILK - PRODUCTION, MEASURED IN LB / HEAD",LB / HEAD,"1,875"
2018,MONTHLY,JAN,IDAHO,ID,16,"MILK - PRODUCTION, MEASURED IN LB / HEAD",LB / HEAD,"2,070"
2018,MONTHLY,JUL,IDAHO,ID,16,"MILK - PRODUCTION, MEASURED IN LB / HEAD",LB / HEAD,"2,175"
2018,MONTHLY,JUN,IDAHO,ID,16,"MILK - PRODUCTION, MEASURED IN LB / HEAD",LB / HEAD,"2,090"
2018,MONTHLY,MAR,IDAHO,ID,16,"MILK - PRODUCTION, MEASURED IN LB / HEAD",LB / HEAD,"2,080"
2018,MONTHLY,MAY,IDAHO,ID,16,"MILK - PRODUCTION, MEASURED IN LB / HEAD",LB / HEAD,"2,145"
2018,MONTHLY,NOV,IDAHO,ID,16,"MILK - PRODUCTION, MEASURED IN LB / HEAD",LB / HEAD,"1,995"
2018,MONTHLY,OCT,IDAHO,ID,16,"MILK - PRODUCTION, MEASURED IN LB / HEAD",LB / HEAD,"2,100"
2018,MONTHLY,SEP,IDAHO,ID,16,"MILK - PRODUCTION, MEASURED IN LB / HEAD",LB / HEAD,"2,045"
2018,MONTHLY,APR,ILLINOIS,IL,17,"MILK - PRODUCTION, MEASURED IN LB / HEAD",LB / HEAD,"1,800"
2018,MONTHLY,AUG,ILLINOIS,IL,17,"MILK - PRODUCTION, MEASURED IN LB / HEAD",LB / HEAD,"1,675"
2018,MONTHLY,DEC,ILLINOIS,IL,17,"MILK - PRODUCTION, MEASURED IN LB / HEAD",LB / HEAD,"1,770"
2018,MONTHLY,FEB,ILLINOIS,IL,17,"MILK - PRODUCTION, MEASURED IN LB / HEAD",LB / HEAD,"1,670"
2018,MONTHLY,JAN,ILLINOIS,IL,17,"MILK - PRODUCTION, MEASURED IN LB / HEAD",LB / HEAD,"1,800"
2018,MONTHLY,JUL,ILLINOIS,IL,17,"MILK - PRODUCTION, MEASURED IN LB / HEAD",LB / HEAD,"1,680"
2018,MONTHLY,JUN,ILLINOIS,IL,17,"MILK - PRODUCTION, MEASURED IN LB / HEAD",LB / HEAD,"1,720"
2018,MONTHLY,MAR,ILLINOIS,IL,17,"MILK - PRODUCTION, MEASURED IN LB / HEAD",LB / HEAD,"1,875"
2018,MONTHLY,MAY,ILLINOIS,IL,17,"MILK - PRODUCTION, MEASURED IN LB / HEAD",LB / HEAD,"1,890"
2018,MONTHLY,NOV,ILLINOIS,IL,17,"MILK - PRODUCTION, MEASURED IN LB / HEAD",LB / HEAD,"1,660"
2018,MONTHLY,OCT,ILLINOIS,IL,17,"MILK - PRODUCTION, MEASURED IN LB / HEAD",LB / HEAD,"1,655"
2018,MONTHLY,SEP,ILLINOIS,IL,17,"MILK - PRODUCTION, MEASURED IN LB / HEAD",LB / HEAD,"1,635"
2018,MONTHLY,APR,INDIANA,IN,18,"MILK - PRODUCTION, MEASURED IN LB / HEAD",LB / HEAD,"1,960"
2018,MONTHLY,AUG,INDIANA,IN,18,"MILK - PRODUCTION, MEASURED IN LB / HEAD",LB / HEAD,"1,890"
2018,MONTHLY,DEC,INDIANA,IN,18,"MILK - PRODUCTION, MEASURED IN LB / HEAD",LB / HEAD,"1,910"
2018,MONTHLY,FEB,INDIANA,IN,18,"MILK - PRODUCTION, MEASURED IN LB / HEAD",LB / HEAD,"1,760"
2018,MONTHLY,JAN,INDIANA,IN,18,"MILK - PRODUCTION, MEASURED IN LB / HEAD",LB / HEAD,"1,925"
2018,MONTHLY,JUL,INDIANA,IN,18,"MILK - PRODUCTION, MEASURED IN LB / HEAD",LB / HEAD,"1,890"
2018,MONTHLY,JUN,INDIANA,IN,18,"MILK - PRODUCTION, MEASURED IN LB / HEAD",LB / HEAD,"1,895"
2018,MONTHLY,MAR,INDIANA,IN,18,"MILK - PRODUCTION, MEASURED IN LB / HEAD",LB / HEAD,"1,985"
2018,MONTHLY,MAY,INDIANA,IN,18,"MILK - PRODUCTION, MEASURED IN LB / HEAD",LB / HEAD,"2,010"
2018,MONTHLY,NOV,INDIANA,IN,18,"MILK - PRODUCTION, MEASURED IN LB / HEAD",LB / HEAD,"1,825"
2018,MONTHLY,OCT,INDIANA,IN,18,"MILK - PRODUCTION, MEASURED IN LB / HEAD",LB / HEAD,"1,870"
2018,MONTHLY,SEP,INDIANA,IN,18,"MILK - PRODUCTION, MEASURED IN LB / HEAD",LB / HEAD,"1,780"
2018,MONTHLY,APR,KANSAS,KS,20,"MILK - PRODUCTION, MEASURED IN LB / HEAD",LB / HEAD,"1,990"
2018,MONTHLY,AUG,KANSAS,KS,20,"MILK - PRODUCTION, MEASURED IN LB / HEAD",LB / HEAD,"1,970"
2018,MONTHLY,DEC,KANSAS,KS,20,"MILK - PRODUCTION, MEASURED IN LB / HEAD",LB / HEAD,"1,970"
2018,MONTHLY,FEB,KANSAS,KS,20,"MILK - PRODUCTION, MEASURED IN LB / HEAD",LB / HEAD,"1,820"
2018,MONTHLY,JAN,KANSAS,KS,20,"MILK - PRODUCTION, MEASURED IN LB / HEAD",LB / HEAD,"1,960"
2018,MONTHLY,JUL,KANSAS,KS,20,"MILK - PRODUCTION, MEASURED IN LB / HEAD",LB / HEAD,"1,970"
2018,MONTHLY,JUN,KANSAS,KS,20,"MILK - PRODUCTION, MEASURED IN LB / HEAD",LB / HEAD,"1,935"
2018,MONTHLY,MAR,KANSAS,KS,20,"MILK - PRODUCTION, MEASURED IN LB / HEAD",LB / HEAD,"2,040"
2018,MONTHLY,MAY,KANSAS,KS,20,"MILK - PRODUCTION, MEASURED IN LB / HEAD",LB / HEAD,"2,050"
2018,MONTHLY,NOV,KANSAS,KS,20,"MILK - PRODUCTION, MEASURED IN LB / HEAD",LB / HEAD,"1,890"
2018,MONTHLY,OCT,KANSAS,KS,20,"MILK - PRODUCTION, MEASURED IN LB / HEAD",LB / HEAD,"1,925"
2018,MONTHLY,SEP,KANSAS,KS,20,"MILK - PRODUCTION, MEASURED IN LB / HEAD",LB / HEAD,"1,870"
2018,MONTHLY,APR,MICHIGAN,MI,26,"MILK - PRODUCTION, MEASURED IN LB / HEAD",LB / HEAD,"2,205"
2018,MONTHLY,AUG,MICHIGAN,MI,26,"MILK - PRODUCTION, MEASURED IN LB / HEAD",LB / HEAD,"2,235"
2018,MONTHLY,DEC,MICHIGAN,MI,26,"MILK - PRODUCTION, MEASURED IN LB / HEAD",LB / HEAD,"2,205"
2018,MONTHLY,FEB,MICHIGAN,MI,26,"MILK - PRODUCTION, MEASURED IN LB / HEAD",LB / HEAD,"2,025"
2018,MONTHLY,JAN,MICHIGAN,MI,26,"MILK - PRODUCTION, MEASURED IN LB / HEAD",LB / HEAD,"2,200"
2018,MONTHLY,JUL,MICHIGAN,MI,26,"MILK - PRODUCTION, MEASURED IN LB / HEAD",LB / HEAD,"2,240"
2018,MONTHLY,JUN,MICHIGAN,MI,26,"MILK - PRODUCTION, MEASURED IN LB / HEAD",LB / HEAD,"2,240"
2018,MONTHLY,MAR,MICHIGAN,MI,26,"MILK - PRODUCTION, MEASURED IN LB / HEAD",LB / HEAD,"2,260"
2018,MONTHLY,MAY,MICHIGAN,MI,26,"MILK - PRODUCTION, MEASURED IN LB / HEAD",LB / HEAD,"2,330"
2018,MONTHLY,NOV,MICHIGAN,MI,26,"MILK - PRODUCTION, MEASURED IN LB / HEAD",LB / HEAD,"2,120"
2018,MONTHLY,OCT,MICHIGAN,MI,26,"MILK - PRODUCTION, MEASURED IN LB / HEAD",LB / HEAD,"2,195"
2018,MONTHLY,SEP,MICHIGAN,MI,26,"MILK - PRODUCTION, MEASURED IN LB / HEAD",LB / HEAD,"2,120"
2018,MONTHLY,APR,MINNESOTA,MN,27,"MILK - PRODUCTION, MEASURED IN LB / HEAD",LB / HEAD,"1,805"
2018,MONTHLY,AUG,MINNESOTA,MN,27,"MILK - PRODUCTION, MEASURED IN LB / HEAD",LB / HEAD,"1,860"
2018,MONTHLY,DEC,MINNESOTA,MN,27,"MILK - PRODUCTION, MEASURED IN LB / HEAD",LB / HEAD,"1,850"
2018,MONTHLY,FEB,MINNESOTA,MN,27,"MILK - PRODUCTION, MEASURED IN LB / HEAD",LB / HEAD,"1,670"
2018,MONTHLY,JAN,MINNESOTA,MN,27,"MILK - PRODUCTION, MEASURED IN LB / HEAD",LB / HEAD,"1,835"
2018,MONTHLY,JUL,MINNESOTA,MN,27,"MILK - PRODUCTION, MEASURED IN LB / HEAD",LB / HEAD,"1,860"
2018,MONTHLY,JUN,MINNESOTA,MN,27,"MILK - PRODUCTION, MEASURED IN LB / HEAD",LB / HEAD,"1,835"
2018,MONTHLY,MAR,MINNESOTA,MN,27,"MILK - PRODUCTION, MEASURED IN LB / HEAD",LB / HEAD,"1,865"
2018,MONTHLY,MAY,MINNESOTA,MN,27,"MILK - PRODUCTION, MEASURED IN LB / HEAD",LB / HEAD,"1,895"
2018,MONTHLY,NOV,MINNESOTA,MN,27,"MILK - PRODUCTION, MEASURED IN LB / HEAD",LB / HEAD,"1,750"
2018,MONTHLY,OCT,MINNESOTA,MN,27,"MILK - PRODUCTION, MEASURED IN LB / HEAD",LB / HEAD,"1,810"
2018,MONTHLY,SEP,MINNESOTA,MN,27,"MILK - PRODUCTION, MEASURED IN LB / HEAD",LB / HEAD,"1,770"
2018,MONTHLY,APR,NEW MEXICO,NM,35,"MILK - PRODUCTION, MEASURED IN LB / HEAD",LB / HEAD,"2,165"
2018,MONTHLY,AUG,NEW MEXICO,NM,35,"MILK - PRODUCTION, MEASURED IN LB / HEAD",LB / HEAD,"2,100"
2018,MONTHLY,DEC,NEW MEXICO,NM,35,"MILK - PRODUCTION, MEASURED IN LB / HEAD",LB / HEAD,"2,060"
2018,MONTHLY,FEB,NEW MEXICO,NM,35,"MILK - PRODUCTION, MEASURED IN LB / HEAD",LB / HEAD,"1,975"
2018,MONTHLY,JAN,NEW MEXICO,NM,35,"MILK - PRODUCTION, MEASURED IN LB / HEAD",LB / HEAD,"2,140"
2018,MONTHLY,JUL,NEW MEXICO,NM,35,"MILK - PRODUCTION, MEASURED IN LB / HEAD",LB / HEAD,"2,140"
2018,MONTHLY,JUN,NEW MEXICO,NM,35,"MILK - PRODUCTION, MEASURED IN LB / HEAD",LB / HEAD,"2,130"
2018,MONTHLY,MAR,NEW MEXICO,NM,35,"MILK - PRODUCTION, MEASURED IN LB / HEAD",LB / HEAD,"2,220"
2018,MONTHLY,MAY,NEW MEXICO,NM,35,"MILK - PRODUCTION, MEASURED IN LB / HEAD",LB / HEAD,"2,190"
2018,MONTHLY,NOV,NEW MEXICO,NM,35,"MILK - PRODUCTION, MEASURED IN LB / HEAD",LB / HEAD,"1,950"
2018,MONTHLY,OCT,NEW MEXICO,NM,35,"MILK - PRODUCTION, MEASURED IN LB / HEAD",LB / HEAD,"2,015"
2018,MONTHLY,SEP,NEW MEXICO,NM,35,"MILK - PRODUCTION, MEASURED IN LB / HEAD",LB / HEAD,"2,005"
2018,MONTHLY,APR,NEW YORK,NY,36,"MILK - PRODUCTION, MEASURED IN LB / HEAD",LB / HEAD,"1,980"
2018,MONTHLY,AUG,NEW YORK,NY,36,"MILK - PRODUCTION, MEASURED IN LB / HEAD",LB / HEAD,"2,055"
2018,MONTHLY,DEC,NEW YORK,NY,36,"MILK - PRODUCTION, MEASURED IN LB / HEAD",LB / HEAD,"1,990"
2018,MONTHLY,FEB,NEW YORK,NY,36,"MILK - PRODUCTION, MEASURED IN LB / HEAD",LB / HEAD,"1,805"
2018,MONTHLY,JAN,NEW YORK,NY,36,"MILK - PRODUCTION, MEASURED IN LB / HEAD",LB / HEAD,"1,955"
2018,MONTHLY,JUL,NEW YORK,NY,36,"MILK - PRODUCTION, MEASURED IN LB / HEAD",LB / HEAD,"2,065"
2018,MONTHLY,JUN,NEW YORK,NY,36,"MILK - PRODUCTION, MEASURED IN LB / HEAD",LB / HEAD,"2,050"
2018,MONTHLY,MAR,NEW YORK,NY,36,"MILK - PRODUCTION, MEASURED IN LB / HEAD",LB / HEAD,"2,020"
2018,MONTHLY,MAY,NEW YORK,NY,36,"MILK - PRODUCTION, MEASURED IN LB / HEAD",LB / HEAD,"2,100"
2018,MONTHLY,NOV,NEW YORK,NY,36,"MILK - PRODUCTION, MEASURED IN LB / HEAD",LB / HEAD,"1,910"
2018,MONTHLY,OCT,NEW YORK,NY,36,"MILK - PRODUCTION, MEASURED IN LB / HEAD",LB / HEAD,"1,995"
2018,MONTHLY,SEP,NEW YORK,NY,36,"MILK - PRODUCTION, MEASURED IN LB / HEAD",LB / HEAD,"1,950"
2018,MONTHLY,APR,OHIO,OH,39,"MILK - PRODUCTION, MEASURED IN LB / HEAD",LB / HEAD,"1,830"
2018,MONTHLY,AUG,OHIO,OH,39,"MILK - PRODUCTION, MEASURED IN LB / HEAD",LB / HEAD,"1,790"
2018,MONTHLY,DEC,OHIO,OH,39,"MILK - PRODUCTION, MEASURED IN LB / HEAD",LB / HEAD,"1,780"
2018,MONTHLY,FEB,OHIO,OH,39,"MILK - PRODUCTION, MEASURED IN LB / HEAD",LB / HEAD,"1,665"
2018,MONTHLY,JAN,OHIO,OH,39,"MILK - PRODUCTION, MEASURED IN LB / HEAD",LB / HEAD,"1,800"
2018,MONTHLY,JUL,OHIO,OH,39,"MILK - PRODUCTION, MEASURED IN LB / HEAD",LB / HEAD,"1,795"
2018,MONTHLY,JUN,OHIO,OH,39,"MILK - PRODUCTION, MEASURED IN LB / HEAD",LB / HEAD,"1,800"
2018,MONTHLY,MAR,OHIO,OH,39,"MILK - PRODUCTION, MEASURED IN LB / HEAD",LB / HEAD,"1,875"
2018,MONTHLY,MAY,OHIO,OH,39,"MILK - PRODUCTION, MEASURED IN LB / HEAD",LB / HEAD,"1,900"
2018,MONTHLY,NOV,OHIO,OH,39,"MILK - PRODUCTION, MEASURED IN LB / HEAD",LB / HEAD,"1,710"
2018,MONTHLY,OCT,OHIO,OH,39,"MILK - PRODUCTION, MEASURED IN LB / HEAD",LB / HEAD,"1,750"
2018,MONTHLY,SEP,OHIO,OH,39,"MILK - PRODUCTION, MEASURED IN LB / HEAD",LB / HEAD,"1,680"
2018,MONTHLY,APR,OREGON,OR,41,"MILK - PRODUCTION, MEASURED IN LB / HEAD",LB / HEAD,"1,740"
2018,MONTHLY,AUG,OREGON,OR,41,"MILK - PRODUCTION, MEASURED IN LB / HEAD",LB / HEAD,"1,760"
2018,MONTHLY,DEC,OREGON,OR,41,"MILK - PRODUCTION, MEASURED IN LB / HEAD",LB / HEAD,"1,735"
2018,MONTHLY,FEB,OREGON,OR,41,"MILK - PRODUCTION, MEASURED IN LB / HEAD",LB / HEAD,"1,555"
2018,MONTHLY,JAN,OREGON,OR,41,"MILK - PRODUCTION, MEASURED IN LB / HEAD",LB / HEAD,"1,695"
2018,MONTHLY,JUL,OREGON,OR,41,"MILK - PRODUCTION, MEASURED IN LB / HEAD",LB / HEAD,"1,790"
2018,MONTHLY,JUN,OREGON,OR,41,"MILK - PRODUCTION, MEASURED IN LB / HEAD",LB / HEAD,"1,750"
2018,MONTHLY,MAR,OREGON,OR,41,"MILK - PRODUCTION, MEASURED IN LB / HEAD",LB / HEAD,"1,750"
2018,MONTHLY,MAY,OREGON,OR,41,"MILK - PRODUCTION, MEASURED IN LB / HEAD",LB / HEAD,"1,810"
2018,MONTHLY,NOV,OREGON,OR,41,"MILK - PRODUCTION, MEASURED IN LB / HEAD",LB / HEAD,"1,655"
2018,MONTHLY,OCT,OREGON,OR,41,"MILK - PRODUCTION, MEASURED IN LB / HEAD",LB / HEAD,"1,725"
2018,MONTHLY,SEP,OREGON,OR,41,"MILK - PRODUCTION, MEASURED IN LB / HEAD",LB / HEAD,"1,690"
2018,MONTHLY,APR,PENNSYLVANIA,PA,42,"MILK - PRODUCTION, MEASURED IN LB / HEAD",LB / HEAD,"1,780"
2018,MONTHLY,AUG,PENNSYLVANIA,PA,42,"MILK - PRODUCTION, MEASURED IN LB / HEAD",LB / HEAD,"1,700"
2018,MONTHLY,DEC,PENNSYLVANIA,PA,42,"MILK - PRODUCTION, MEASURED IN LB / HEAD",LB / HEAD,"1,690"
2018,MONTHLY,FEB,PENNSYLVANIA,PA,42,"MILK - PRODUCTION, MEASURED IN LB / HEAD",LB / HEAD,"1,630"
2018,MONTHLY,JAN,PENNSYLVANIA,PA,42,"MILK - PRODUCTION, MEASURED IN LB / HEAD",LB / HEAD,"1,760"
2018,MONTHLY,JUL,PENNSYLVANIA,PA,42,"MILK - PRODUCTION, MEASURED IN LB / HEAD",LB / HEAD,"1,730"
2018,MONTHLY,JUN,PENNSYLVANIA,PA,42,"MILK - PRODUCTION, MEASURED IN LB / HEAD",LB / HEAD,"1,720"
2018,MONTHLY,MAR,PENNSYLVANIA,PA,42,"MILK - PRODUCTION, MEASURED IN LB / HEAD",LB / HEAD,"1,830"
2018,MONTHLY,MAY,PENNSYLVANIA,PA,42,"MILK - PRODUCTION, MEASURED IN LB / HEAD",LB / HEAD,"1,830"
2018,MONTHLY,NOV,PENNSYLVANIA,PA,42,"MILK - PRODUCTION, MEASURED IN LB / HEAD",LB / HEAD,"1,610"
2018,MONTHLY,OCT,PENNSYLVANIA,PA,42,"MILK - PRODUCTION, MEASURED IN LB / HEAD",LB / HEAD,"1,660"
2018,MONTHLY,SEP,PENNSYLVANIA,PA,42,"MILK - PRODUCTION, MEASURED IN LB / HEAD",LB / HEAD,"1,610"
2018,MONTHLY,APR,SOUTH DAKOTA,SD,46,"MILK - PRODUCTION, MEASURED IN LB / HEAD",LB / HEAD,"1,855"
2018,MONTHLY,AUG,SOUTH DAKOTA,SD,46,"MILK - PRODUCTION, MEASURED IN LB / HEAD",LB / HEAD,"1,915"
2018,MONTHLY,DEC,SOUTH DAKOTA,SD,46,"MILK - PRODUCTION, MEASURED IN LB / HEAD",LB / HEAD,"1,910"
2018,MONTHLY,FEB,SOUTH DAKOTA,SD,46,"MILK - PRODUCTION, MEASURED IN LB / HEAD",LB / HEAD,"1,700"
2018,MONTHLY,JAN,SOUTH DAKOTA,SD,46,"MILK - PRODUCTION, MEASURED IN LB / HEAD",LB / HEAD,"1,855"
2018,MONTHLY,JUL,SOUTH DAKOTA,SD,46,"MILK - PRODUCTION, MEASURED IN LB / HEAD",LB / HEAD,"1,900"
2018,MONTHLY,JUN,SOUTH DAKOTA,SD,46,"MILK - PRODUCTION, MEASURED IN LB / HEAD",LB / HEAD,"1,875"
2018,MONTHLY,MAR,SOUTH DAKOTA,SD,46,"MILK - PRODUCTION, MEASURED IN LB / HEAD",LB / HEAD,"1,900"
2018,MONTHLY,MAY,SOUTH DAKOTA,SD,46,"MILK - PRODUCTION, MEASURED IN LB / HEAD",LB / HEAD,"1,940"
2018,MONTHLY,NOV,SOUTH DAKOTA,SD,46,"MILK - PRODUCTION, MEASURED IN LB / HEAD",LB / HEAD,"1,820"
2018,MONTHLY,OCT,SOUTH DAKOTA,SD,46,"MILK - PRODUCTION, MEASURED IN LB / HEAD",LB / HEAD,"1,885"
2018,MONTHLY,SEP,SOUTH DAKOTA,SD,46,"MILK - PRODUCTION, MEASURED IN LB / HEAD",LB / HEAD,"1,840"
2018,MONTHLY,APR,TEXAS,TX,48,"MILK - PRODUCTION, MEASURED IN LB / HEAD",LB / HEAD,"2,060"
2018,MONTHLY,AUG,TEXAS,TX,48,"MILK - PRODUCTION, MEASURED IN LB / HEAD",LB / HEAD,"2,035"
2018,MONTHLY,DEC,TEXAS,TX,48,"MILK - PRODUCTION, MEASURED IN LB / HEAD",LB / HEAD,"1,985"
2018,MONTHLY,FEB,TEXAS,TX,48,"MILK - PRODUCTION, MEASURED IN LB / HEAD",LB / HEAD,"1,845"
2018,MONTHLY,JAN,TEXAS,TX,48,"MILK - PRODUCTION, MEASURED IN LB / HEAD",LB / HEAD,"1,985"
2018,MONTHLY,JUL,TEXAS,TX,48,"MILK - PRODUCTION, MEASURED IN LB / HEAD",LB / HEAD,"2,050"
2018,MONTHLY,JUN,TEXAS,TX,48,"MILK - PRODUCTION, MEASURED IN LB / HEAD",LB / HEAD,"2,020"
2018,MONTHLY,MAR,TEXAS,TX,48,"MILK - PRODUCTION, MEASURED IN LB / HEAD",LB / HEAD,"2,105"
2018,MONTHLY,MAY,TEXAS,TX,48,"MILK - PRODUCTION, MEASURED IN LB / HEAD",LB / HEAD,"2,120"
2018,MONTHLY,NOV,TEXAS,TX,48,"MILK - PRODUCTION, MEASURED IN LB / HEAD",LB / HEAD,"1,890"
2018,MONTHLY,OCT,TEXAS,TX,48,"MILK - PRODUCTION, MEASURED IN LB / HEAD",LB / HEAD,"1,950"
2018,MONTHLY,SEP,TEXAS,TX,48,"MILK - PRODUCTION, MEASURED IN LB / HEAD",LB / HEAD,"1,925"
2018,MONTHLY,APR,US TOTAL,US,99,"MILK - PRODUCTION, MEASURED IN LB / HEAD",LB / HEAD,"1,957"
2018,MONTHLY,APR THRU JUN,US TOTAL,US,99,"MILK - PRODUCTION, MEASURED IN LB / HEAD",LB / HEAD,"5,928"
2018,MONTHLY,AUG,US TOTAL,US,99,"MILK - PRODUCTION, MEASURED IN LB / HEAD",LB / HEAD,"1,943"
2018,MONTHLY,DEC,US TOTAL,US,99,"MILK - PRODUCTION, MEASURED IN LB / HEAD",LB / HEAD,"1,941"
2018,MONTHLY,FEB,US TOTAL,US,99,"MILK - PRODUCTION, MEASURED IN LB / HEAD",LB / HEAD,"1,799"
2018,MONTHLY,JAN,US TOTAL,US,99,"MILK - PRODUCTION, MEASURED IN LB / HEAD",LB / HEAD,"1,954"
2018,MONTHLY,JAN THRU MAR,US TOTAL,US,99,"MILK - PRODUCTION, MEASURED IN LB / HEAD",LB / HEAD,"5,767"
2018,MONTHLY,JUL,US TOTAL,US,99,"MILK - PRODUCTION, MEASURED IN LB / HEAD",LB / HEAD,"1,951"
2018,MONTHLY,JUL THRU SEP,US TOTAL,US,99,"MILK - PRODUCTION, MEASURED IN LB / HEAD",LB / HEAD,"5,752"
2018,MONTHLY,JUN,US TOTAL,US,99,"MILK - PRODUCTION, MEASURED IN LB / HEAD",LB / HEAD,"1,942"
2018,MONTHLY,MAR,US TOTAL,US,99,"MILK - PRODUCTION, MEASURED IN LB / HEAD",LB / HEAD,"2,014"
2018,MONTHLY,MAY,US TOTAL,US,99,"MILK - PRODUCTION, MEASURED IN LB / HEAD",LB / HEAD,"2,029"
2018,MONTHLY,NOV,US TOTAL,US,99,"MILK - PRODUCTION, MEASURED IN LB / HEAD",LB / HEAD,"1,853"
2018,MONTHLY,OCT,US TOTAL,US,99,"MILK - PRODUCTION, MEASURED IN LB / HEAD",LB / HEAD,"1,909"
2018,MONTHLY,OCT THRU DEC,US TOTAL,US,99,"MILK - PRODUCTION, MEASURED IN LB / HEAD",LB / HEAD,"5,703"
2018,MONTHLY,SEP,US TOTAL,US,99,"MILK - PRODUCTION, MEASURED IN LB / HEAD",LB / HEAD,"1,858"
2018,MONTHLY,APR,UTAH,UT,49,"MILK - PRODUCTION, MEASURED IN LB / HEAD",LB / HEAD,"1,945"
2018,MONTHLY,AUG,UTAH,UT,49,"MILK - PRODUCTION, MEASURED IN LB / HEAD",LB / HEAD,"2,000"
2018,MONTHLY,DEC,UTAH,UT,49,"MILK - PRODUCTION, MEASURED IN LB / HEAD",LB / HEAD,"1,920"
2018,MONTHLY,FEB,UTAH,UT,49,"MILK - PRODUCTION, MEASURED IN LB / HEAD",LB / HEAD,"1,755"
2018,MONTHLY,JAN,UTAH,UT,49,"MILK - PRODUCTION, MEASURED IN LB / HEAD",LB / HEAD,"1,930"
2018,MONTHLY,JUL,UTAH,UT,49,"MILK - PRODUCTION, MEASURED IN LB / HEAD",LB / HEAD,"2,000"
2018,MONTHLY,JUN,UTAH,UT,49,"MILK - PRODUCTION, MEASURED IN LB / HEAD",LB / HEAD,"1,975"
2018,MONTHLY,MAR,UTAH,UT,49,"MILK - PRODUCTION, MEASURED IN LB / HEAD",LB / HEAD,"1,955"
2018,MONTHLY,MAY,UTAH,UT,49,"MILK - PRODUCTION, MEASURED IN LB / HEAD",LB / HEAD,"2,015"
2018,MONTHLY,NOV,UTAH,UT,49,"MILK - PRODUCTION, MEASURED IN LB / HEAD",LB / HEAD,"1,870"
2018,MONTHLY,OCT,UTAH,UT,49,"MILK - PRODUCTION, MEASURED IN LB / HEAD",LB / HEAD,"1,935"
2018,MONTHLY,SEP,UTAH,UT,49,"MILK - PRODUCTION, MEASURED IN LB / HEAD",LB / HEAD,"1,920"
2018,MONTHLY,APR,VIRGINIA,VA,51,"MILK - PRODUCTION, MEASURED IN LB / HEAD",LB / HEAD,"1,740"
2018,MONTHLY,AUG,VIRGINIA,VA,51,"MILK - PRODUCTION, MEASURED IN LB / HEAD",LB / HEAD,"1,585"
2018,MONTHLY,DEC,VIRGINIA,VA,51,"MILK - PRODUCTION, MEASURED IN LB / HEAD",LB / HEAD,"1,620"
2018,MONTHLY,FEB,VIRGINIA,VA,51,"MILK - PRODUCTION, MEASURED IN LB / HEAD",LB / HEAD,"1,570"
2018,MONTHLY,JAN,VIRGINIA,VA,51,"MILK - PRODUCTION, MEASURED IN LB / HEAD",LB / HEAD,"1,700"
2018,MONTHLY,JUL,VIRGINIA,VA,51,"MILK - PRODUCTION, MEASURED IN LB / HEAD",LB / HEAD,"1,610"
2018,MONTHLY,JUN,VIRGINIA,VA,51,"MILK - PRODUCTION, MEASURED IN LB / HEAD",LB / HEAD,"1,610"
2018,MONTHLY,MAR,VIRGINIA,VA,51,"MILK - PRODUCTION, MEASURED IN LB / HEAD",LB / HEAD,"1,765"
2018,MONTHLY,MAY,VIRGINIA,VA,51,"MILK - PRODUCTION, MEASURED IN LB / HEAD",LB / HEAD,"1,760"
2018,MONTHLY,NOV,VIRGINIA,VA,51,"MILK - PRODUCTION, MEASURED IN LB / HEAD",LB / HEAD,"1,555"
2018,MONTHLY,OCT,VIRGINIA,VA,51,"MILK - PRODUCTION, MEASURED IN LB / HEAD",LB / HEAD,"1,595"
2018,MONTHLY,SEP,VIRGINIA,VA,51,"MILK - PRODUCTION, MEASURED IN LB / HEAD",LB / HEAD,"1,520"
2018,MONTHLY,APR,VERMONT,VT,50,"MILK - PRODUCTION, MEASURED IN LB / HEAD",LB / HEAD,"1,755"
2018,MONTHLY,AUG,VERMONT,VT,50,"MILK - PRODUCTION, MEASURED IN LB / HEAD",LB / HEAD,"1,785"
2018,MONTHLY,DEC,VERMONT,VT,50,"MILK - PRODUCTION, MEASURED IN LB / HEAD",LB / HEAD,"1,795"
2018,MONTHLY,FEB,VERMONT,VT,50,"MILK - PRODUCTION, MEASURED IN LB / HEAD",LB / HEAD,"1,625"
2018,MONTHLY,JAN,VERMONT,VT,50,"MILK - PRODUCTION, MEASURED IN LB / HEAD",LB / HEAD,"1,780"
2018,MONTHLY,JUL,VERMONT,VT,50,"MILK - PRODUCTION, MEASURED IN LB / HEAD",LB / HEAD,"1,770"
2018,MONTHLY,JUN,VERMONT,VT,50,"MILK - PRODUCTION, MEASURED IN LB / HEAD",LB / HEAD,"1,795"
2018,MONTHLY,MAR,VERMONT,VT,50,"MILK - PRODUCTION, MEASURED IN LB / HEAD",LB / HEAD,"1,805"
2018,MONTHLY,MAY,VERMONT,VT,50,"MILK - PRODUCTION, MEASURED IN LB / HEAD",LB / HEAD,"1,845"
2018,MONTHLY,NOV,VERMONT,VT,50,"MILK - PRODUCTION, MEASURED IN LB / HEAD",LB / HEAD,"1,690"
2018,MONTHLY,OCT,VERMONT,VT,50,"MILK - PRODUCTION, MEASURED IN LB / HEAD",LB / HEAD,"1,770"
2018,MONTHLY,SEP,VERMONT,VT,50,"MILK - PRODUCTION, MEASURED IN LB / HEAD",LB / HEAD,"1,720"
2018,MONTHLY,APR,WASHINGTON,WA,53,"MILK - PRODUCTION, MEASURED IN LB / HEAD",LB / HEAD,"2,030"
2018,MONTHLY,AUG,WASHINGTON,WA,53,"MILK - PRODUCTION, MEASURED IN LB / HEAD",LB / HEAD,"2,075"
2018,MONTHLY,DEC,WASHINGTON,WA,53,"MILK - PRODUCTION, MEASURED IN LB / HEAD",LB / HEAD,"2,025"
2018,MONTHLY,FEB,WASHINGTON,WA,53,"MILK - PRODUCTION, MEASURED IN LB / HEAD",LB / HEAD,"1,850"
2018,MONTHLY,JAN,WASHINGTON,WA,53,"MILK - PRODUCTION, MEASURED IN LB / HEAD",LB / HEAD,"2,020"
2018,MONTHLY,JUL,WASHINGTON,WA,53,"MILK - PRODUCTION, MEASURED IN LB / HEAD",LB / HEAD,"2,095"
2018,MONTHLY,JUN,WASHINGTON,WA,53,"MILK - PRODUCTION, MEASURED IN LB / HEAD",LB / HEAD,"2,050"
2018,MONTHLY,MAR,WASHINGTON,WA,53,"MILK - PRODUCTION, MEASURED IN LB / HEAD",LB / HEAD,"2,070"
2018,MONTHLY,MAY,WASHINGTON,WA,53,"MILK - PRODUCTION, MEASURED IN LB / HEAD",LB / HEAD,"2,110"
2018,MONTHLY,NOV,WASHINGTON,WA,53,"MILK - PRODUCTION, MEASURED IN LB / HEAD",LB / HEAD,"1,935"
2018,MONTHLY,OCT,WASHINGTON,WA,53,"MILK - PRODUCTION, MEASURED IN LB / HEAD",LB / HEAD,"2,045"
2018,MONTHLY,SEP,WASHINGTON,WA,53,"MILK - PRODUCTION, MEASURED IN LB / HEAD",LB / HEAD,"1,995"
2018,MONTHLY,APR,WISCONSIN,WI,55,"MILK - PRODUCTION, MEASURED IN LB / HEAD",LB / HEAD,"1,985"
2018,MONTHLY,AUG,WISCONSIN,WI,55,"MILK - PRODUCTION, MEASURED IN LB / HEAD",LB / HEAD,"2,060"
2018,MONTHLY,DEC,WISCONSIN,WI,55,"MILK - PRODUCTION, MEASURED IN LB / HEAD",LB / HEAD,"2,025"
2018,MONTHLY,FEB,WISCONSIN,WI,55,"MILK - PRODUCTION, MEASURED IN LB / HEAD",LB / HEAD,"1,825"
2018,MONTHLY,JAN,WISCONSIN,WI,55,"MILK - PRODUCTION, MEASURED IN LB / HEAD",LB / HEAD,"2,000"
2018,MONTHLY,JUL,WISCONSIN,WI,55,"MILK - PRODUCTION, MEASURED IN LB / HEAD",LB / HEAD,"2,065"
2018,MONTHLY,JUN,WISCONSIN,WI,55,"MILK - PRODUCTION, MEASURED IN LB / HEAD",LB / HEAD,"2,030"
2018,MONTHLY,MAR,WISCONSIN,WI,55,"MILK - PRODUCTION, MEASURED IN LB / HEAD",LB / HEAD,"2,045"
2018,MONTHLY,MAY,WISCONSIN,WI,55,"MILK - PRODUCTION, MEASURED IN LB / HEAD",LB / HEAD,"2,090"
2018,MONTHLY,NOV,WISCONSIN,WI,55,"MILK - PRODUCTION, MEASURED IN LB / HEAD",LB / HEAD,"1,925"
2018,MONTHLY,OCT,WISCONSIN,WI,55,"MILK - PRODUCTION, MEASURED IN LB / HEAD",LB / HEAD,"1,995"
2018,MONTHLY,SEP,WISCONSIN,WI,55,"MILK - PRODUCTION, MEASURED IN LB / HEAD",LB / HEAD,"1,965"
2019,MONTHLY,APR,ARIZONA,AZ,04,"MILK - PRODUCTION, MEASURED IN LB / HEAD",LB / HEAD,"2,135"
2019,MONTHLY,AUG,ARIZONA,AZ,04,"MILK - PRODUCTION, MEASURED IN LB / HEAD",LB / HEAD,"1,850"
2019,MONTHLY,DEC,ARIZONA,AZ,04,"MILK - PRODUCTION, MEASURED IN LB / HEAD",LB / HEAD,"2,085"
2019,MONTHLY,FEB,ARIZONA,AZ,04,"MILK - PRODUCTION, MEASURED IN LB / HEAD",LB / HEAD,"1,960"
2019,MONTHLY,JAN,ARIZONA,AZ,04,"MILK - PRODUCTION, MEASURED IN LB / HEAD",LB / HEAD,"2,095"
2019,MONTHLY,JUL,ARIZONA,AZ,04,"MILK - PRODUCTION, MEASURED IN LB / HEAD",LB / HEAD,"1,930"
2019,MONTHLY,JUN,ARIZONA,AZ,04,"MILK - PRODUCTION, MEASURED IN LB / HEAD",LB / HEAD,"1,965"
2019,MONTHLY,MAR,ARIZONA,AZ,04,"MILK - PRODUCTION, MEASURED IN LB / HEAD",LB / HEAD,"2,195"
2019,MONTHLY,MAY,ARIZONA,AZ,04,"MILK - PRODUCTION, MEASURED IN LB / HEAD",LB / HEAD,"2,125"
2019,MONTHLY,NOV,ARIZONA,AZ,04,"MILK - PRODUCTION, MEASURED IN LB / HEAD",LB / HEAD,"1,980"
2019,MONTHLY,OCT,ARIZONA,AZ,04,"MILK - PRODUCTION, MEASURED IN LB / HEAD",LB / HEAD,"1,975"
2019,MONTHLY,SEP,ARIZONA,AZ,04,"MILK - PRODUCTION, MEASURED IN LB / HEAD",LB / HEAD,"1,810"
2019,MONTHLY,APR,CALIFORNIA,CA,06,"MILK - PRODUCTION, MEASURED IN LB / HEAD",LB / HEAD,"2,025"
2019,MONTHLY,AUG,CALIFORNIA,CA,06,"MILK - PRODUCTION, MEASURED IN LB / HEAD",LB / HEAD,"1,930"
2019,MONTHLY,DEC,CALIFORNIA,CA,06,"MILK - PRODUCTION, MEASURED IN LB / HEAD",LB / HEAD,"2,005"
2019,MONTHLY,FEB,CALIFORNIA,CA,06,"MILK - PRODUCTION, MEASURED IN LB / HEAD",LB / HEAD,"1,860"
2019,MONTHLY,JAN,CALIFORNIA,CA,06,"MILK - PRODUCTION, MEASURED IN LB / HEAD",LB / HEAD,"2,030"
2019,MONTHLY,JUL,CALIFORNIA,CA,06,"MILK - PRODUCTION, MEASURED IN LB / HEAD",LB / HEAD,"1,965"
2019,MONTHLY,JUN,CALIFORNIA,CA,06,"MILK - PRODUCTION, MEASURED IN LB / HEAD",LB / HEAD,"1,900"
2019,MONTHLY,MAR,CALIFORNIA,CA,06,"MILK - PRODUCTION, MEASURED IN LB / HEAD",LB / HEAD,"2,070"
2019,MONTHLY,MAY,CALIFORNIA,CA,06,"MILK - PRODUCTION, MEASURED IN LB / HEAD",LB / HEAD,"2,060"
2019,MONTHLY,NOV,CALIFORNIA,CA,06,"MILK - PRODUCTION, MEASURED IN LB / HEAD",LB / HEAD,"1,890"
2019,MONTHLY,OCT,CALIFORNIA,CA,06,"MILK - PRODUCTION, MEASURED IN LB / HEAD",LB / HEAD,"1,940"
2019,MONTHLY,SEP,CALIFORNIA,CA,06,"MILK - PRODUCTION, MEASURED IN LB / HEAD",LB / HEAD,"1,860"
2019,MONTHLY,APR,COLORADO,CO,08,"MILK - PRODUCTION, MEASURED IN LB / HEAD",LB / HEAD,"2,155"
2019,MONTHLY,AUG,COLORADO,CO,08,"MILK - PRODUCTION, MEASURED IN LB / HEAD",LB / HEAD,"2,200"
2019,MONTHLY,DEC,COLORADO,CO,08,"MILK - PRODUCTION, MEASURED IN LB / HEAD",LB / HEAD,"2,185"
2019,MONTHLY,FEB,COLORADO,CO,08,"MILK - PRODUCTION, MEASURED IN LB / HEAD",LB / HEAD,"1,990"
2019,MONTHLY,JAN,COLORADO,CO,08,"MILK - PRODUCTION, MEASURED IN LB / HEAD",LB / HEAD,"2,210"
2019,MONTHLY,JUL,COLORADO,CO,08,"MILK - PRODUCTION, MEASURED IN LB / HEAD",LB / HEAD,"2,205"
2019,MONTHLY,JUN,COLORADO,CO,08,"MILK - PRODUCTION, MEASURED IN LB / HEAD",LB / HEAD,"2,165"
2019,MONTHLY,MAR,COLORADO,CO,08,"MILK - PRODUCTION, MEASURED IN LB / HEAD",LB / HEAD,"2,200"
2019,MONTHLY,MAY,COLORADO,CO,08,"MILK - PRODUCTION, MEASURED IN LB / HEAD",LB / HEAD,"2,220"
2019,MONTHLY,NOV,COLORADO,CO,08,"MILK - PRODUCTION, MEASURED IN LB / HEAD",LB / HEAD,"2,085"
2019,MONTHLY,OCT,COLORADO,CO,08,"MILK - PRODUCTION, MEASURED IN LB / HEAD",LB / HEAD,"2,160"
2019,MONTHLY,SEP,COLORADO,CO,08,"MILK - PRODUCTION, MEASURED IN LB / HEAD",LB / HEAD,"2,110"
2019,MONTHLY,APR,FLORIDA,FL,12,"MILK - PRODUCTION, MEASURED IN LB / HEAD",LB / HEAD,"1,785"
2019,MONTHLY,AUG,FLORIDA,FL,12,"MILK - PRODUCTION, MEASURED IN LB / HEAD",LB / HEAD,"1,560"
2019,MONTHLY,DEC,FLORIDA,FL,12,"MILK - PRODUCTION, MEASURED IN LB / HEAD",LB / HEAD,"1,740"
2019,MONTHLY,FEB,FLORIDA,FL,12,"MILK - PRODUCTION, MEASURED IN LB / HEAD",LB / HEAD,"1,700"
2019,MONTHLY,JAN,FLORIDA,FL,12,"MILK - PRODUCTION, MEASURED IN LB / HEAD",LB / HEAD,"1,810"
2019,MONTHLY,JUL,FLORIDA,FL,12,"MILK - PRODUCTION, MEASURED IN LB / HEAD",LB / HEAD,"1,670"
2019,MONTHLY,JUN,FLORIDA,FL,12,"MILK - PRODUCTION, MEASURED IN LB / HEAD",LB / HEAD,"1,730"
2019,MONTHLY,MAR,FLORIDA,FL,12,"MILK - PRODUCTION, MEASURED IN LB / HEAD",LB / HEAD,"1,880"
2019,MONTHLY,MAY,FLORIDA,FL,12,"MILK - PRODUCTION, MEASURED IN LB / HEAD",LB / HEAD,"1,850"
2019,MONTHLY,NOV,FLORIDA,FL,12,"MILK - PRODUCTION, MEASURED IN LB / HEAD",LB / HEAD,"1,570"
2019,MONTHLY,OCT,FLORIDA,FL,12,"MILK - PRODUCTION, MEASURED IN LB / HEAD",LB / HEAD,"1,515"
2019,MONTHLY,SEP,FLORIDA,FL,12,"MILK - PRODUCTION, MEASURED IN LB / HEAD",LB / HEAD,"1,415"
2019,MONTHLY,APR,GEORGIA,GA,13,"MILK - PRODUCTION, MEASURED IN LB / HEAD",LB / HEAD,"1,890"
2019,MONTHLY,AUG,GEORGIA,GA,13,"MILK - PRODUCTION, MEASURED IN LB / HEAD",LB / HEAD,"1,690"
2019,MONTHLY,DEC,GEORGIA,GA,13,"MILK - PRODUCTION, MEASURED IN LB / HEAD",LB / HEAD,"1,875"
2019,MONTHLY,FEB,GEORGIA,GA,13,"MILK - PRODUCTION, MEASURED IN LB / HEAD",LB / HEAD,"1,800"
2019,MONTHLY,JAN,GEORGIA,GA,13,"MILK - PRODUCTION, MEASURED IN LB / HEAD",LB / HEAD,"1,940"
2019,MONTHLY,JUL,GEORGIA,GA,13,"MILK - PRODUCTION, MEASURED IN LB / HEAD",LB / HEAD,"1,765"
2019,MONTHLY,JUN,GEORGIA,GA,13,"MILK - PRODUCTION, MEASURED IN LB / HEAD",LB / HEAD,"1,770"
2019,MONTHLY,MAR,GEORGIA,GA,13,"MILK - PRODUCTION, MEASURED IN LB / HEAD",LB / HEAD,"2,010"
2019,MONTHLY,MAY,GEORGIA,GA,13,"MILK - PRODUCTION, MEASURED IN LB / HEAD",LB / HEAD,"1,870"
2019,MONTHLY,NOV,GEORGIA,GA,13,"MILK - PRODUCTION, MEASURED IN LB / HEAD",LB / HEAD,"1,755"
2019,MONTHLY,OCT,GEORGIA,GA,13,"MILK - PRODUCTION, MEASURED IN LB / HEAD",LB / HEAD,"1,715"
2019,MONTHLY,SEP,GEORGIA,GA,13,"MILK - PRODUCTION, MEASURED IN LB / HEAD",LB / HEAD,"1,640"
2019,MONTHLY,APR,IOWA,IA,19,"MILK - PRODUCTION, MEASURED IN LB / HEAD",LB / HEAD,"2,020"
2019,MONTHLY,AUG,IOWA,IA,19,"MILK - PRODUCTION, MEASURED IN LB / HEAD",LB / HEAD,"2,030"
2019,MONTHLY,DEC,IOWA,IA,19,"MILK - PRODUCTION, MEASURED IN LB / HEAD",LB / HEAD,"2,080"
2019,MONTHLY,FEB,IOWA,IA,19,"MILK - PRODUCTION, MEASURED IN LB / HEAD",LB / HEAD,"1,890"
2019,MONTHLY,JAN,IOWA,IA,19,"MILK - PRODUCTION, MEASURED IN LB / HEAD",LB / HEAD,"2,085"
2019,MONTHLY,JUL,IOWA,IA,19,"MILK - PRODUCTION, MEASURED IN LB / HEAD",LB / HEAD,"1,990"
2019,MONTHLY,JUN,IOWA,IA,19,"MILK - PRODUCTION, MEASURED IN LB / HEAD",LB / HEAD,"2,020"
2019,MONTHLY,MAR,IOWA,IA,19,"MILK - PRODUCTION, MEASURED IN LB / HEAD",LB / HEAD,"2,075"
2019,MONTHLY,MAY,IOWA,IA,19,"MILK - PRODUCTION, MEASURED IN LB / HEAD",LB / HEAD,"2,100"
2019,MONTHLY,NOV,IOWA,IA,19,"MILK - PRODUCTION, MEASURED IN LB / HEAD",LB / HEAD,"1,980"
2019,MONTHLY,OCT,IOWA,IA,19,"MILK - PRODUCTION, MEASURED IN LB / HEAD",LB / HEAD,"2,040"
2019,MONTHLY,SEP,IOWA,IA,19,"MILK - PRODUCTION, MEASURED IN LB / HEAD",LB / HEAD,"1,970"
2019,MONTHLY,APR,IDAHO,ID,16,"MILK - PRODUCTION, MEASURED IN LB / HEAD",LB / HEAD,"2,070"
2019,MONTHLY,AUG,IDAHO,ID,16,"MILK - PRODUCTION, MEASURED IN LB / HEAD",LB / HEAD,"2,185"
2019,MONTHLY,DEC,IDAHO,ID,16,"MILK - PRODUCTION, MEASURED IN LB / HEAD",LB / HEAD,"2,075"
2019,MONTHLY,FEB,IDAHO,ID,16,"MILK - PRODUCTION, MEASURED IN LB / HEAD",LB / HEAD,"1,875"
2019,MONTHLY,JAN,IDAHO,ID,16,"MILK - PRODUCTION, MEASURED IN LB / HEAD",LB / HEAD,"2,080"
2019,MONTHLY,JUL,IDAHO,ID,16,"MILK - PRODUCTION, MEASURED IN LB / HEAD",LB / HEAD,"2,190"
2019,MONTHLY,JUN,IDAHO,ID,16,"MILK - PRODUCTION, MEASURED IN LB / HEAD",LB / HEAD,"2,115"
2019,MONTHLY,MAR,IDAHO,ID,16,"MILK - PRODUCTION, MEASURED IN LB / HEAD",LB / HEAD,"2,095"
2019,MONTHLY,MAY,IDAHO,ID,16,"MILK - PRODUCTION, MEASURED IN LB / HEAD",LB / HEAD,"2,170"
2019,MONTHLY,NOV,IDAHO,ID,16,"MILK - PRODUCTION, MEASURED IN LB / HEAD",LB / HEAD,"2,000"
2019,MONTHLY,OCT,IDAHO,ID,16,"MILK - PRODUCTION, MEASURED IN LB / HEAD",LB / HEAD,"2,095"
2019,MONTHLY,SEP,IDAHO,ID,16,"MILK - PRODUCTION, MEASURED IN LB / HEAD",LB / HEAD,"2,060"
2019,MONTHLY,APR,ILLINOIS,IL,17,"MILK - PRODUCTION, MEASURED IN LB / HEAD",LB / HEAD,"1,810"
2019,MONTHLY,AUG,ILLINOIS,IL,17,"MILK - PRODUCTION, MEASURED IN LB / HEAD",LB / HEAD,"1,670"
2019,MONTHLY,DEC,ILLINOIS,IL,17,"MILK - PRODUCTION, MEASURED IN LB / HEAD",LB / HEAD,"1,810"
2019,MONTHLY,FEB,ILLINOIS,IL,17,"MILK - PRODUCTION, MEASURED IN LB / HEAD",LB / HEAD,"1,690"
2019,MONTHLY,JAN,ILLINOIS,IL,17,"MILK - PRODUCTION, MEASURED IN LB / HEAD",LB / HEAD,"1,825"
2019,MONTHLY,JUL,ILLINOIS,IL,17,"MILK - PRODUCTION, MEASURED IN LB / HEAD",LB / HEAD,"1,685"
2019,MONTHLY,JUN,ILLINOIS,IL,17,"MILK - PRODUCTION, MEASURED IN LB / HEAD",LB / HEAD,"1,750"
2019,MONTHLY,MAR,ILLINOIS,IL,17,"MILK - PRODUCTION, MEASURED IN LB / HEAD",LB / HEAD,"1,880"
2019,MONTHLY,MAY,ILLINOIS,IL,17,"MILK - PRODUCTION, MEASURED IN LB / HEAD",LB / HEAD,"1,860"
2019,MONTHLY,NOV,ILLINOIS,IL,17,"MILK - PRODUCTION, MEASURED IN LB / HEAD",LB / HEAD,"1,700"
2019,MONTHLY,OCT,ILLINOIS,IL,17,"MILK - PRODUCTION, MEASURED IN LB / HEAD",LB / HEAD,"1,690"
2019,MONTHLY,SEP,ILLINOIS,IL,17,"MILK - PRODUCTION, MEASURED IN LB / HEAD",LB / HEAD,"1,600"
2019,MONTHLY,APR,INDIANA,IN,18,"MILK - PRODUCTION, MEASURED IN LB / HEAD",LB / HEAD,"1,960"
2019,MONTHLY,AUG,INDIANA,IN,18,"MILK - PRODUCTION, MEASURED IN LB / HEAD",LB / HEAD,"1,900"
2019,MONTHLY,DEC,INDIANA,IN,18,"MILK - PRODUCTION, MEASURED IN LB / HEAD",LB / HEAD,"1,940"
2019,MONTHLY,FEB,INDIANA,IN,18,"MILK - PRODUCTION, MEASURED IN LB / HEAD",LB / HEAD,"1,770"
2019,MONTHLY,JAN,INDIANA,IN,18,"MILK - PRODUCTION, MEASURED IN LB / HEAD",LB / HEAD,"1,950"
2019,MONTHLY,JUL,INDIANA,IN,18,"MILK - PRODUCTION, MEASURED IN LB / HEAD",LB / HEAD,"1,880"
2019,MONTHLY,JUN,INDIANA,IN,18,"MILK - PRODUCTION, MEASURED IN LB / HEAD",LB / HEAD,"1,940"
2019,MONTHLY,MAR,INDIANA,IN,18,"MILK - PRODUCTION, MEASURED IN LB / HEAD",LB / HEAD,"1,985"
2019,MONTHLY,MAY,INDIANA,IN,18,"MILK - PRODUCTION, MEASURED IN LB / HEAD",LB / HEAD,"2,030"
2019,MONTHLY,NOV,INDIANA,IN,18,"MILK - PRODUCTION, MEASURED IN LB / HEAD",LB / HEAD,"1,825"
2019,MONTHLY,OCT,INDIANA,IN,18,"MILK - PRODUCTION, MEASURED IN LB / HEAD",LB / HEAD,"1,920"
2019,MONTHLY,SEP,INDIANA,IN,18,"MILK - PRODUCTION, MEASURED IN LB / HEAD",LB / HEAD,"1,835"
2019,MONTHLY,APR,KANSAS,KS,20,"MILK - PRODUCTION, MEASURED IN LB / HEAD",LB / HEAD,"1,975"
2019,MONTHLY,AUG,KANSAS,KS,20,"MILK - PRODUCTION, MEASURED IN LB / HEAD",LB / HEAD,"1,955"
2019,MONTHLY,DEC,KANSAS,KS,20,"MILK - PRODUCTION, MEASURED IN LB / HEAD",LB / HEAD,"2,010"
2019,MONTHLY,FEB,KANSAS,KS,20,"MILK - PRODUCTION, MEASURED IN LB / HEAD",LB / HEAD,"1,820"
2019,MONTHLY,JAN,KANSAS,KS,20,"MILK - PRODUCTION, MEASURED IN LB / HEAD",LB / HEAD,"1,990"
2019,MONTHLY,JUL,KANSAS,KS,20,"MILK - PRODUCTION, MEASURED IN LB / HEAD",LB / HEAD,"1,970"
2019,MONTHLY,JUN,KANSAS,KS,20,"MILK - PRODUCTION, MEASURED IN LB / HEAD",LB / HEAD,"1,940"
2019,MONTHLY,MAR,KANSAS,KS,20,"MILK - PRODUCTION, MEASURED IN LB / HEAD",LB / HEAD,"1,990"
2019,MONTHLY,MAY,KANSAS,KS,20,"MILK - PRODUCTION, MEASURED IN LB / HEAD",LB / HEAD,"2,020"
2019,MONTHLY,NOV,KANSAS,KS,20,"MILK - PRODUCTION, MEASURED IN LB / HEAD",LB / HEAD,"1,920"
2019,MONTHLY,OCT,KANSAS,KS,20,"MILK - PRODUCTION, MEASURED IN LB / HEAD",LB / HEAD,"1,975"
2019,MONTHLY,SEP,KANSAS,KS,20,"MILK - PRODUCTION, MEASURED IN LB / HEAD",LB / HEAD,"1,910"
2019,MONTHLY,APR,MICHIGAN,MI,26,"MILK - PRODUCTION, MEASURED IN LB / HEAD",LB / HEAD,"2,230"
2019,MONTHLY,AUG,MICHIGAN,MI,26,"MILK - PRODUCTION, MEASURED IN LB / HEAD",LB / HEAD,"2,265"
2019,MONTHLY,DEC,MICHIGAN,MI,26,"MILK - PRODUCTION, MEASURED IN LB / HEAD",LB / HEAD,"2,225"
2019,MONTHLY,FEB,MICHIGAN,MI,26,"MILK - PRODUCTION, MEASURED IN LB / HEAD",LB / HEAD,"2,055"
2019,MONTHLY,JAN,MICHIGAN,MI,26,"MILK - PRODUCTION, MEASURED IN LB / HEAD",LB / HEAD,"2,260"
2019,MONTHLY,JUL,MICHIGAN,MI,26,"MILK - PRODUCTION, MEASURED IN LB / HEAD",LB / HEAD,"2,255"
2019,MONTHLY,JUN,MICHIGAN,MI,26,"MILK - PRODUCTION, MEASURED IN LB / HEAD",LB / HEAD,"2,285"
2019,MONTHLY,MAR,MICHIGAN,MI,26,"MILK - PRODUCTION, MEASURED IN LB / HEAD",LB / HEAD,"2,285"
2019,MONTHLY,MAY,MICHIGAN,MI,26,"MILK - PRODUCTION, MEASURED IN LB / HEAD",LB / HEAD,"2,350"
2019,MONTHLY,NOV,MICHIGAN,MI,26,"MILK - PRODUCTION, MEASURED IN LB / HEAD",LB / HEAD,"2,125"
2019,MONTHLY,OCT,MICHIGAN,MI,26,"MILK - PRODUCTION, MEASURED IN LB / HEAD",LB / HEAD,"2,230"
2019,MONTHLY,SEP,MICHIGAN,MI,26,"MILK - PRODUCTION, MEASURED IN LB / HEAD",LB / HEAD,"2,170"
2019,MONTHLY,APR,MINNESOTA,MN,27,"MILK - PRODUCTION, MEASURED IN LB / HEAD",LB / HEAD,"1,835"
2019,MONTHLY,AUG,MINNESOTA,MN,27,"MILK - PRODUCTION, MEASURED IN LB / HEAD",LB / HEAD,"1,895"
2019,MONTHLY,DEC,MINNESOTA,MN,27,"MILK - PRODUCTION, MEASURED IN LB / HEAD",LB / HEAD,"1,850"
2019,MONTHLY,FEB,MINNESOTA,MN,27,"MILK - PRODUCTION, MEASURED IN LB / HEAD",LB / HEAD,"1,700"
2019,MONTHLY,JAN,MINNESOTA,MN,27,"MILK - PRODUCTION, MEASURED IN LB / HEAD",LB / HEAD,"1,885"
2019,MONTHLY,JUL,MINNESOTA,MN,27,"MILK - PRODUCTION, MEASURED IN LB / HEAD",LB / HEAD,"1,895"
2019,MONTHLY,JUN,MINNESOTA,MN,27,"MILK - PRODUCTION, MEASURED IN LB / HEAD",LB / HEAD,"1,885"
2019,MONTHLY,MAR,MINNESOTA,MN,27,"MILK - PRODUCTION, MEASURED IN LB / HEAD",LB / HEAD,"1,880"
2019,MONTHLY,MAY,MINNESOTA,MN,27,"MILK - PRODUCTION, MEASURED IN LB / HEAD",LB / HEAD,"1,925"
2019,MONTHLY,NOV,MINNESOTA,MN,27,"MILK - PRODUCTION, MEASURED IN LB / HEAD",LB / HEAD,"1,770"
2019,MONTHLY,OCT,MINNESOTA,MN,27,"MILK - PRODUCTION, MEASURED IN LB / HEAD",LB / HEAD,"1,845"
2019,MONTHLY,SEP,MINNESOTA,MN,27,"MILK - PRODUCTION, MEASURED IN LB / HEAD",LB / HEAD,"1,810"
2019,MONTHLY,APR,NEW MEXICO,NM,35,"MILK - PRODUCTION, MEASURED IN LB / HEAD",LB / HEAD,"2,165"
2019,MONTHLY,AUG,NEW MEXICO,NM,35,"MILK - PRODUCTION, MEASURED IN LB / HEAD",LB / HEAD,"2,085"
2019,MONTHLY,DEC,NEW MEXICO,NM,35,"MILK - PRODUCTION, MEASURED IN LB / HEAD",LB / HEAD,"2,070"
2019,MONTHLY,FEB,NEW MEXICO,NM,35,"MILK - PRODUCTION, MEASURED IN LB / HEAD",LB / HEAD,"1,970"
2019,MONTHLY,JAN,NEW MEXICO,NM,35,"MILK - PRODUCTION, MEASURED IN LB / HEAD",LB / HEAD,"2,130"
2019,MONTHLY,JUL,NEW MEXICO,NM,35,"MILK - PRODUCTION, MEASURED IN LB / HEAD",LB / HEAD,"2,130"
2019,MONTHLY,JUN,NEW MEXICO,NM,35,"MILK - PRODUCTION, MEASURED IN LB / HEAD",LB / HEAD,"2,130"
2019,MONTHLY,MAR,NEW MEXICO,NM,35,"MILK - PRODUCTION, MEASURED IN LB / HEAD",LB / HEAD,"2,210"
2019,MONTHLY,MAY,NEW MEXICO,NM,35,"MILK - PRODUCTION, MEASURED IN LB / HEAD",LB / HEAD,"2,215"
2019,MONTHLY,NOV,NEW MEXICO,NM,35,"MILK - PRODUCTION, MEASURED IN LB / HEAD",LB / HEAD,"1,970"
2019,MONTHLY,OCT,NEW MEXICO,NM,35,"MILK - PRODUCTION, MEASURED IN LB / HEAD",LB / HEAD,"2,040"
2019,MONTHLY,SEP,NEW MEXICO,NM,35,"MILK - PRODUCTION, MEASURED IN LB / HEAD",LB / HEAD,"2,030"
2019,MONTHLY,APR,NEW YORK,NY,36,"MILK - PRODUCTION, MEASURED IN LB / HEAD",LB / HEAD,"2,020"
2019,MONTHLY,AUG,NEW YORK,NY,36,"MILK - PRODUCTION, MEASURED IN LB / HEAD",LB / HEAD,"2,055"
2019,MONTHLY,DEC,NEW YORK,NY,36,"MILK - PRODUCTION, MEASURED IN LB / HEAD",LB / HEAD,"2,020"
2019,MONTHLY,FEB,NEW YORK,NY,36,"MILK - PRODUCTION, MEASURED IN LB / HEAD",LB / HEAD,"1,840"
2019,MONTHLY,JAN,NEW YORK,NY,36,"MILK - PRODUCTION, MEASURED IN LB / HEAD",LB / HEAD,"2,015"
2019,MONTHLY,JUL,NEW YORK,NY,36,"MILK - PRODUCTION, MEASURED IN LB / HEAD",LB / HEAD,"2,050"
2019,MONTHLY,JUN,NEW YORK,NY,36,"MILK - PRODUCTION, MEASURED IN LB / HEAD",LB / HEAD,"2,040"
2019,MONTHLY,MAR,NEW YORK,NY,36,"MILK - PRODUCTION, MEASURED IN LB / HEAD",LB / HEAD,"2,055"
2019,MONTHLY,MAY,NEW YORK,NY,36,"MILK - PRODUCTION, MEASURED IN LB / HEAD",LB / HEAD,"2,115"
2019,MONTHLY,NOV,NEW YORK,NY,36,"MILK - PRODUCTION, MEASURED IN LB / HEAD",LB / HEAD,"1,935"
2019,MONTHLY,OCT,NEW YORK,NY,36,"MILK - PRODUCTION, MEASURED IN LB / HEAD",LB / HEAD,"2,015"
2019,MONTHLY,SEP,NEW YORK,NY,36,"MILK - PRODUCTION, MEASURED IN LB / HEAD",LB / HEAD,"1,970"
2019,MONTHLY,APR,OHIO,OH,39,"MILK - PRODUCTION, MEASURED IN LB / HEAD",LB / HEAD,"1,830"
2019,MONTHLY,AUG,OHIO,OH,39,"MILK - PRODUCTION, MEASURED IN LB / HEAD",LB / HEAD,"1,830"
2019,MONTHLY,DEC,OHIO,OH,39,"MILK - PRODUCTION, MEASURED IN LB / HEAD",LB / HEAD,"1,810"
2019,MONTHLY,FEB,OHIO,OH,39,"MILK - PRODUCTION, MEASURED IN LB / HEAD",LB / HEAD,"1,660"
2019,MONTHLY,JAN,OHIO,OH,39,"MILK - PRODUCTION, MEASURED IN LB / HEAD",LB / HEAD,"1,805"
2019,MONTHLY,JUL,OHIO,OH,39,"MILK - PRODUCTION, MEASURED IN LB / HEAD",LB / HEAD,"1,820"
2019,MONTHLY,JUN,OHIO,OH,39,"MILK - PRODUCTION, MEASURED IN LB / HEAD",LB / HEAD,"1,835"
2019,MONTHLY,MAR,OHIO,OH,39,"MILK - PRODUCTION, MEASURED IN LB / HEAD",LB / HEAD,"1,855"
2019,MONTHLY,MAY,OHIO,OH,39,"MILK - PRODUCTION, MEASURED IN LB / HEAD",LB / HEAD,"1,905"
2019,MONTHLY,NOV,OHIO,OH,39,"MILK - PRODUCTION, MEASURED IN LB / HEAD",LB / HEAD,"1,730"
2019,MONTHLY,OCT,OHIO,OH,39,"MILK - PRODUCTION, MEASURED IN LB / HEAD",LB / HEAD,"1,790"
2019,MONTHLY,SEP,OHIO,OH,39,"MILK - PRODUCTION, MEASURED IN LB / HEAD",LB / HEAD,"1,735"
2019,MONTHLY,APR,OREGON,OR,41,"MILK - PRODUCTION, MEASURED IN LB / HEAD",LB / HEAD,"1,760"
2019,MONTHLY,AUG,OREGON,OR,41,"MILK - PRODUCTION, MEASURED IN LB / HEAD",LB / HEAD,"1,785"
2019,MONTHLY,DEC,OREGON,OR,41,"MILK - PRODUCTION, MEASURED IN LB / HEAD",LB / HEAD,"1,725"
2019,MONTHLY,FEB,OREGON,OR,41,"MILK - PRODUCTION, MEASURED IN LB / HEAD",LB / HEAD,"1,600"
2019,MONTHLY,JAN,OREGON,OR,41,"MILK - PRODUCTION, MEASURED IN LB / HEAD",LB / HEAD,"1,770"
2019,MONTHLY,JUL,OREGON,OR,41,"MILK - PRODUCTION, MEASURED IN LB / HEAD",LB / HEAD,"1,810"
2019,MONTHLY,JUN,OREGON,OR,41,"MILK - PRODUCTION, MEASURED IN LB / HEAD",LB / HEAD,"1,760"
2019,MONTHLY,MAR,OREGON,OR,41,"MILK - PRODUCTION, MEASURED IN LB / HEAD",LB / HEAD,"1,785"
2019,MONTHLY,MAY,OREGON,OR,41,"MILK - PRODUCTION, MEASURED IN LB / HEAD",LB / HEAD,"1,830"
2019,MONTHLY,NOV,OREGON,OR,41,"MILK - PRODUCTION, MEASURED IN LB / HEAD",LB / HEAD,"1,675"
2019,MONTHLY,OCT,OREGON,OR,41,"MILK - PRODUCTION, MEASURED IN LB / HEAD",LB / HEAD,"1,755"
2019,MONTHLY,SEP,OREGON,OR,41,"MILK - PRODUCTION, MEASURED IN LB / HEAD",LB / HEAD,"1,715"
2019,MONTHLY,APR,PENNSYLVANIA,PA,42,"MILK - PRODUCTION, MEASURED IN LB / HEAD",LB / HEAD,"1,765"
2019,MONTHLY,AUG,PENNSYLVANIA,PA,42,"MILK - PRODUCTION, MEASURED IN LB / HEAD",LB / HEAD,"1,710"
2019,MONTHLY,DEC,PENNSYLVANIA,PA,42,"MILK - PRODUCTION, MEASURED IN LB / HEAD",LB / HEAD,"1,745"
2019,MONTHLY,FEB,PENNSYLVANIA,PA,42,"MILK - PRODUCTION, MEASURED IN LB / HEAD",LB / HEAD,"1,615"
2019,MONTHLY,JAN,PENNSYLVANIA,PA,42,"MILK - PRODUCTION, MEASURED IN LB / HEAD",LB / HEAD,"1,745"
2019,MONTHLY,JUL,PENNSYLVANIA,PA,42,"MILK - PRODUCTION, MEASURED IN LB / HEAD",LB / HEAD,"1,715"
2019,MONTHLY,JUN,PENNSYLVANIA,PA,42,"MILK - PRODUCTION, MEASURED IN LB / HEAD",LB / HEAD,"1,720"
2019,MONTHLY,MAR,PENNSYLVANIA,PA,42,"MILK - PRODUCTION, MEASURED IN LB / HEAD",LB / HEAD,"1,805"
2019,MONTHLY,MAY,PENNSYLVANIA,PA,42,"MILK - PRODUCTION, MEASURED IN LB / HEAD",LB / HEAD,"1,820"
2019,MONTHLY,NOV,PENNSYLVANIA,PA,42,"MILK - PRODUCTION, MEASURED IN LB / HEAD",LB / HEAD,"1,665"
2019,MONTHLY,OCT,PENNSYLVANIA,PA,42,"MILK - PRODUCTION, MEASURED IN LB / HEAD",LB / HEAD,"1,705"
2019,MONTHLY,SEP,PENNSYLVANIA,PA,42,"MILK - PRODUCTION, MEASURED IN LB / HEAD",LB / HEAD,"1,650"
2019,MONTHLY,APR,SOUTH DAKOTA,SD,46,"MILK - PRODUCTION, MEASURED IN LB / HEAD",LB / HEAD,"1,835"
2019,MONTHLY,AUG,SOUTH DAKOTA,SD,46,"MILK - PRODUCTION, MEASURED IN LB / HEAD",LB / HEAD,"1,940"
2019,MONTHLY,DEC,SOUTH DAKOTA,SD,46,"MILK - PRODUCTION, MEASURED IN LB / HEAD",LB / HEAD,"1,920"
2019,MONTHLY,FEB,SOUTH DAKOTA,SD,46,"MILK - PRODUCTION, MEASURED IN LB / HEAD",LB / HEAD,"1,725"
2019,MONTHLY,JAN,SOUTH DAKOTA,SD,46,"MILK - PRODUCTION, MEASURED IN LB / HEAD",LB / HEAD,"1,925"
2019,MONTHLY,JUL,SOUTH DAKOTA,SD,46,"MILK - PRODUCTION, MEASURED IN LB / HEAD",LB / HEAD,"1,910"
2019,MONTHLY,JUN,SOUTH DAKOTA,SD,46,"MILK - PRODUCTION, MEASURED IN LB / HEAD",LB / HEAD,"1,885"
2019,MONTHLY,MAR,SOUTH DAKOTA,SD,46,"MILK - PRODUCTION, MEASURED IN LB / HEAD",LB / HEAD,"1,895"
2019,MONTHLY,MAY,SOUTH DAKOTA,SD,46,"MILK - PRODUCTION, MEASURED IN LB / HEAD",LB / HEAD,"1,920"
2019,MONTHLY,NOV,SOUTH DAKOTA,SD,46,"MILK - PRODUCTION, MEASURED IN LB / HEAD",LB / HEAD,"1,825"
2019,MONTHLY,OCT,SOUTH DAKOTA,SD,46,"MILK - PRODUCTION, MEASURED IN LB / HEAD",LB / HEAD,"1,900"
2019,MONTHLY,SEP,SOUTH DAKOTA,SD,46,"MILK - PRODUCTION, MEASURED IN LB / HEAD",LB / HEAD,"1,865"
2019,MONTHLY,APR,TEXAS,TX,48,"MILK - PRODUCTION, MEASURED IN LB / HEAD",LB / HEAD,"2,090"
2019,MONTHLY,AUG,TEXAS,TX,48,"MILK - PRODUCTION, MEASURED IN LB / HEAD",LB / HEAD,"2,030"
2019,MONTHLY,DEC,TEXAS,TX,48,"MILK - PRODUCTION, MEASURED IN LB / HEAD",LB / HEAD,"2,085"
2019,MONTHLY,FEB,TEXAS,TX,48,"MILK - PRODUCTION, MEASURED IN LB / HEAD",LB / HEAD,"1,910"
2019,MONTHLY,JAN,TEXAS,TX,48,"MILK - PRODUCTION, MEASURED IN LB / HEAD",LB / HEAD,"2,065"
2019,MONTHLY,JUL,TEXAS,TX,48,"MILK - PRODUCTION, MEASURED IN LB / HEAD",LB / HEAD,"2,065"
2019,MONTHLY,JUN,TEXAS,TX,48,"MILK - PRODUCTION, MEASURED IN LB / HEAD",LB / HEAD,"2,030"
2019,MONTHLY,MAR,TEXAS,TX,48,"MILK - PRODUCTION, MEASURED IN LB / HEAD",LB / HEAD,"2,125"
2019,MONTHLY,MAY,TEXAS,TX,48,"MILK - PRODUCTION, MEASURED IN LB / HEAD",LB / HEAD,"2,120"
2019,MONTHLY,NOV,TEXAS,TX,48,"MILK - PRODUCTION, MEASURED IN LB / HEAD",LB / HEAD,"1,955"
2019,MONTHLY,OCT,TEXAS,TX,48,"MILK - PRODUCTION, MEASURED IN LB / HEAD",LB / HEAD,"2,035"
2019,MONTHLY,SEP,TEXAS,TX,48,"MILK - PRODUCTION, MEASURED IN LB / HEAD",LB / HEAD,"1,995"
2019,MONTHLY,APR,US TOTAL,US,99,"MILK - PRODUCTION, MEASURED IN LB / HEAD",LB / HEAD,"1,977"
2019,MONTHLY,APR THRU JUN,US TOTAL,US,99,"MILK - PRODUCTION, MEASURED IN LB / HEAD",LB / HEAD,"5,974"
2019,MONTHLY,AUG,US TOTAL,US,99,"MILK - PRODUCTION, MEASURED IN LB / HEAD",LB / HEAD,"1,962"
2019,MONTHLY,DEC,US TOTAL,US,99,"MILK - PRODUCTION, MEASURED IN LB / HEAD",LB / HEAD,"1,968"
2019,MONTHLY,FEB,US TOTAL,US,99,"MILK - PRODUCTION, MEASURED IN LB / HEAD",LB / HEAD,"1,816"
2019,MONTHLY,JAN,US TOTAL,US,99,"MILK - PRODUCTION, MEASURED IN LB / HEAD",LB / HEAD,"1,990"
2019,MONTHLY,JAN THRU MAR,US TOTAL,US,99,"MILK - PRODUCTION, MEASURED IN LB / HEAD",LB / HEAD,"5,826"
2019,MONTHLY,JUL,US TOTAL,US,99,"MILK - PRODUCTION, MEASURED IN LB / HEAD",LB / HEAD,"1,972"
2019,MONTHLY,JUL THRU SEP,US TOTAL,US,99,"MILK - PRODUCTION, MEASURED IN LB / HEAD",LB / HEAD,"5,819"
2019,MONTHLY,JUN,US TOTAL,US,99,"MILK - PRODUCTION, MEASURED IN LB / HEAD",LB / HEAD,"1,954"
2019,MONTHLY,MAR,US TOTAL,US,99,"MILK - PRODUCTION, MEASURED IN LB / HEAD",LB / HEAD,"2,020"
2019,MONTHLY,MAY,US TOTAL,US,99,"MILK - PRODUCTION, MEASURED IN LB / HEAD",LB / HEAD,"2,043"
2019,MONTHLY,NOV,US TOTAL,US,99,"MILK - PRODUCTION, MEASURED IN LB / HEAD",LB / HEAD,"1,873"
2019,MONTHLY,OCT,US TOTAL,US,99,"MILK - PRODUCTION, MEASURED IN LB / HEAD",LB / HEAD,"1,940"
2019,MONTHLY,OCT THRU DEC,US TOTAL,US,99,"MILK - PRODUCTION, MEASURED IN LB / HEAD",LB / HEAD,"5,781"
2019,MONTHLY,SEP,US TOTAL,US,99,"MILK - PRODUCTION, MEASURED IN LB / HEAD",LB / HEAD,"1,885"
2019,MONTHLY,APR,UTAH,UT,49,"MILK - PRODUCTION, MEASURED IN LB / HEAD",LB / HEAD,"1,930"
2019,MONTHLY,AUG,UTAH,UT,49,"MILK - PRODUCTION, MEASURED IN LB / HEAD",LB / HEAD,"1,995"
2019,MONTHLY,DEC,UTAH,UT,49,"MILK - PRODUCTION, MEASURED IN LB / HEAD",LB / HEAD,"1,890"
2019,MONTHLY,FEB,UTAH,UT,49,"MILK - PRODUCTION, MEASURED IN LB / HEAD",LB / HEAD,"1,755"
2019,MONTHLY,JAN,UTAH,UT,49,"MILK - PRODUCTION, MEASURED IN LB / HEAD",LB / HEAD,"1,935"
2019,MONTHLY,JUL,UTAH,UT,49,"MILK - PRODUCTION, MEASURED IN LB / HEAD",LB / HEAD,"2,010"
2019,MONTHLY,JUN,UTAH,UT,49,"MILK - PRODUCTION, MEASURED IN LB / HEAD",LB / HEAD,"1,960"
2019,MONTHLY,MAR,UTAH,UT,49,"MILK - PRODUCTION, MEASURED IN LB / HEAD",LB / HEAD,"1,940"
2019,MONTHLY,MAY,UTAH,UT,49,"MILK - PRODUCTION, MEASURED IN LB / HEAD",LB / HEAD,"2,010"
2019,MONTHLY,NOV,UTAH,UT,49,"MILK - PRODUCTION, MEASURED IN LB / HEAD",LB / HEAD,"1,860"
2019,MONTHLY,OCT,UTAH,UT,49,"MILK - PRODUCTION, MEASURED IN LB / HEAD",LB / HEAD,"1,945"
2019,MONTHLY,SEP,UTAH,UT,49,"MILK - PRODUCTION, MEASURED IN LB / HEAD",LB / HEAD,"1,925"
2019,MONTHLY,APR,VIRGINIA,VA,51,"MILK - PRODUCTION, MEASURED IN LB / HEAD",LB / HEAD,"1,720"
2019,MONTHLY,AUG,VIRGINIA,VA,51,"MILK - PRODUCTION, MEASURED IN LB / HEAD",LB / HEAD,"1,590"
2019,MONTHLY,DEC,VIRGINIA,VA,51,"MILK - PRODUCTION, MEASURED IN LB / HEAD",LB / HEAD,"1,700"
2019,MONTHLY,FEB,VIRGINIA,VA,51,"MILK - PRODUCTION, MEASURED IN LB / HEAD",LB / HEAD,"1,545"
2019,MONTHLY,JAN,VIRGINIA,VA,51,"MILK - PRODUCTION, MEASURED IN LB / HEAD",LB / HEAD,"1,690"
2019,MONTHLY,JUL,VIRGINIA,VA,51,"MILK - PRODUCTION, MEASURED IN LB / HEAD",LB / HEAD,"1,605"
2019,MONTHLY,JUN,VIRGINIA,VA,51,"MILK - PRODUCTION, MEASURED IN LB / HEAD",LB / HEAD,"1,645"
2019,MONTHLY,MAR,VIRGINIA,VA,51,"MILK - PRODUCTION, MEASURED IN LB / HEAD",LB / HEAD,"1,760"
2019,MONTHLY,MAY,VIRGINIA,VA,51,"MILK - PRODUCTION, MEASURED IN LB / HEAD",LB / HEAD,"1,750"
2019,MONTHLY,NOV,VIRGINIA,VA,51,"MILK - PRODUCTION, MEASURED IN LB / HEAD",LB / HEAD,"1,610"
2019,MONTHLY,OCT,VIRGINIA,VA,51,"MILK - PRODUCTION, MEASURED IN LB / HEAD",LB / HEAD,"1,620"
2019,MONTHLY,SEP,VIRGINIA,VA,51,"MILK - PRODUCTION, MEASURED IN LB / HEAD",LB / HEAD,"1,555"
2019,MONTHLY,APR,VERMONT,VT,50,"MILK - PRODUCTION, MEASURED IN LB / HEAD",LB / HEAD,"1,800"
2019,MONTHLY,AUG,VERMONT,VT,50,"MILK - PRODUCTION, MEASURED IN LB / HEAD",LB / HEAD,"1,800"
2019,MONTHLY,DEC,VERMONT,VT,50,"MILK - PRODUCTION, MEASURED IN LB / HEAD",LB / HEAD,"1,805"
2019,MONTHLY,FEB,VERMONT,VT,50,"MILK - PRODUCTION, MEASURED IN LB / HEAD",LB / HEAD,"1,665"
2019,MONTHLY,JAN,VERMONT,VT,50,"MILK - PRODUCTION, MEASURED IN LB / HEAD",LB / HEAD,"1,825"
2019,MONTHLY,JUL,VERMONT,VT,50,"MILK - PRODUCTION, MEASURED IN LB / HEAD",LB / HEAD,"1,810"
2019,MONTHLY,JUN,VERMONT,VT,50,"MILK - PRODUCTION, MEASURED IN LB / HEAD",LB / HEAD,"1,795"
2019,MONTHLY,MAR,VERMONT,VT,50,"MILK - PRODUCTION, MEASURED IN LB / HEAD",LB / HEAD,"1,855"
2019,MONTHLY,MAY,VERMONT,VT,50,"MILK - PRODUCTION, MEASURED IN LB / HEAD",LB / HEAD,"1,855"
2019,MONTHLY,NOV,VERMONT,VT,50,"MILK - PRODUCTION, MEASURED IN LB / HEAD",LB / HEAD,"1,725"
2019,MONTHLY,OCT,VERMONT,VT,50,"MILK - PRODUCTION, MEASURED IN LB / HEAD",LB / HEAD,"1,790"
2019,MONTHLY,SEP,VERMONT,VT,50,"MILK - PRODUCTION, MEASURED IN LB / HEAD",LB / HEAD,"1,750"
2019,MONTHLY,APR,WASHINGTON,WA,53,"MILK - PRODUCTION, MEASURED IN LB / HEAD",LB / HEAD,"2,030"
2019,MONTHLY,AUG,WASHINGTON,WA,53,"MILK - PRODUCTION, MEASURED IN LB / HEAD",LB / HEAD,"2,090"
2019,MONTHLY,DEC,WASHINGTON,WA,53,"MILK - PRODUCTION, MEASURED IN LB / HEAD",LB / HEAD,"2,000"
2019,MONTHLY,FEB,WASHINGTON,WA,53,"MILK - PRODUCTION, MEASURED IN LB / HEAD",LB / HEAD,"1,815"
2019,MONTHLY,JAN,WASHINGTON,WA,53,"MILK - PRODUCTION, MEASURED IN LB / HEAD",LB / HEAD,"2,045"
2019,MONTHLY,JUL,WASHINGTON,WA,53,"MILK - PRODUCTION, MEASURED IN LB / HEAD",LB / HEAD,"2,120"
2019,MONTHLY,JUN,WASHINGTON,WA,53,"MILK - PRODUCTION, MEASURED IN LB / HEAD",LB / HEAD,"2,050"
2019,MONTHLY,MAR,WASHINGTON,WA,53,"MILK - PRODUCTION, MEASURED IN LB / HEAD",LB / HEAD,"2,030"
2019,MONTHLY,MAY,WASHINGTON,WA,53,"MILK - PRODUCTION, MEASURED IN LB / HEAD",LB / HEAD,"2,115"
2019,MONTHLY,NOV,WASHINGTON,WA,53,"MILK - PRODUCTION, MEASURED IN LB / HEAD",LB / HEAD,"1,930"
2019,MONTHLY,OCT,WASHINGTON,WA,53,"MILK - PRODUCTION, MEASURED IN LB / HEAD",LB / HEAD,"2,025"
2019,MONTHLY,SEP,WASHINGTON,WA,53,"MILK - PRODUCTION, MEASURED IN LB / HEAD",LB / HEAD,"2,005"
2019,MONTHLY,APR,WISCONSIN,WI,55,"MILK - PRODUCTION, MEASURED IN LB / HEAD",LB / HEAD,"2,000"
2019,MONTHLY,AUG,WISCONSIN,WI,55,"MILK - PRODUCTION, MEASURED IN LB / HEAD",LB / HEAD,"2,070"
2019,MONTHLY,DEC,WISCONSIN,WI,55,"MILK - PRODUCTION, MEASURED IN LB / HEAD",LB / HEAD,"2,005"
2019,MONTHLY,FEB,WISCONSIN,WI,55,"MILK - PRODUCTION, MEASURED IN LB / HEAD",LB / HEAD,"1,860"
2019,MONTHLY,JAN,WISCONSIN,WI,55,"MILK - PRODUCTION, MEASURED IN LB / HEAD",LB / HEAD,"2,060"
2019,MONTHLY,JUL,WISCONSIN,WI,55,"MILK - PRODUCTION, MEASURED IN LB / HEAD",LB / HEAD,"2,050"
2019,MONTHLY,JUN,WISCONSIN,WI,55,"MILK - PRODUCTION, MEASURED IN LB / HEAD",LB / HEAD,"2,040"
2019,MONTHLY,MAR,WISCONSIN,WI,55,"MILK - PRODUCTION, MEASURED IN LB / HEAD",LB / HEAD,"2,055"
2019,MONTHLY,MAY,WISCONSIN,WI,55,"MILK - PRODUCTION, MEASURED IN LB / HEAD",LB / HEAD,"2,095"
2019,MONTHLY,NOV,WISCONSIN,WI,55,"MILK - PRODUCTION, MEASURED IN LB / HEAD",LB / HEAD,"1,915"
2019,MONTHLY,OCT,WISCONSIN,WI,55,"MILK - PRODUCTION, MEASURED IN LB / HEAD",LB / HEAD,"2,010"
2019,MONTHLY,SEP,WISCONSIN,WI,55,"MILK - PRODUCTION, MEASURED IN LB / HEAD",LB / HEAD,"1,975"
2020,MONTHLY,APR,ARIZONA,AZ,04,"MILK - PRODUCTION, MEASURED IN LB / HEAD",LB / HEAD,"2,155"
2020,MONTHLY,AUG,ARIZONA,AZ,04,"MILK - PRODUCTION, MEASURED IN LB / HEAD",LB / HEAD,"1,840"
2020,MONTHLY,DEC,ARIZONA,AZ,04,"MILK - PRODUCTION, MEASURED IN LB / HEAD",LB / HEAD,"2,105"
2020,MONTHLY,FEB,ARIZONA,AZ,04,"MILK - PRODUCTION, MEASURED IN LB / HEAD",LB / HEAD,"2,100"
2020,MONTHLY,JAN,ARIZONA,AZ,04,"MILK - PRODUCTION, MEASURED IN LB / HEAD",LB / HEAD,"2,140"
2020,MONTHLY,JUL,ARIZONA,AZ,04,"MILK - PRODUCTION, MEASURED IN LB / HEAD",LB / HEAD,"1,925"
2020,MONTHLY,JUN,ARIZONA,AZ,04,"MILK - PRODUCTION, MEASURED IN LB / HEAD",LB / HEAD,"2,015"
2020,MONTHLY,MAR,ARIZONA,AZ,04,"MILK - PRODUCTION, MEASURED IN LB / HEAD",LB / HEAD,"2,285"
2020,MONTHLY,MAY,ARIZONA,AZ,04,"MILK - PRODUCTION, MEASURED IN LB / HEAD",LB / HEAD,"2,145"
2020,MONTHLY,NOV,ARIZONA,AZ,04,"MILK - PRODUCTION, MEASURED IN LB / HEAD",LB / HEAD,"1,965"
2020,MONTHLY,OCT,ARIZONA,AZ,04,"MILK - PRODUCTION, MEASURED IN LB / HEAD",LB / HEAD,"1,990"
2020,MONTHLY,SEP,ARIZONA,AZ,04,"MILK - PRODUCTION, MEASURED IN LB / HEAD",LB / HEAD,"1,835"
2020,MONTHLY,APR,CALIFORNIA,CA,06,"MILK - PRODUCTION, MEASURED IN LB / HEAD",LB / HEAD,"2,030"
2020,MONTHLY,AUG,CALIFORNIA,CA,06,"MILK - PRODUCTION, MEASURED IN LB / HEAD",LB / HEAD,"1,955"
2020,MONTHLY,DEC,CALIFORNIA,CA,06,"MILK - PRODUCTION, MEASURED IN LB / HEAD",LB / HEAD,"2,035"
2020,MONTHLY,FEB,CALIFORNIA,CA,06,"MILK - PRODUCTION, MEASURED IN LB / HEAD",LB / HEAD,"1,960"
2020,MONTHLY,JAN,CALIFORNIA,CA,06,"MILK - PRODUCTION, MEASURED IN LB / HEAD",LB / HEAD,"2,045"
2020,MONTHLY,JUL,CALIFORNIA,CA,06,"MILK - PRODUCTION, MEASURED IN LB / HEAD",LB / HEAD,"2,005"
2020,MONTHLY,JUN,CALIFORNIA,CA,06,"MILK - PRODUCTION, MEASURED IN LB / HEAD",LB / HEAD,"1,945"
2020,MONTHLY,MAR,CALIFORNIA,CA,06,"MILK - PRODUCTION, MEASURED IN LB / HEAD",LB / HEAD,"2,130"
2020,MONTHLY,MAY,CALIFORNIA,CA,06,"MILK - PRODUCTION, MEASURED IN LB / HEAD",LB / HEAD,"2,070"
2020,MONTHLY,NOV,CALIFORNIA,CA,06,"MILK - PRODUCTION, MEASURED IN LB / HEAD",LB / HEAD,"1,945"
2020,MONTHLY,OCT,CALIFORNIA,CA,06,"MILK - PRODUCTION, MEASURED IN LB / HEAD",LB / HEAD,"1,965"
2020,MONTHLY,SEP,CALIFORNIA,CA,06,"MILK - PRODUCTION, MEASURED IN LB / HEAD",LB / HEAD,"1,905"
2020,MONTHLY,APR,COLORADO,CO,08,"MILK - PRODUCTION, MEASURED IN LB / HEAD",LB / HEAD,"2,160"
2020,MONTHLY,AUG,COLORADO,CO,08,"MILK - PRODUCTION, MEASURED IN LB / HEAD",LB / HEAD,"2,225"
2020,MONTHLY,DEC,COLORADO,CO,08,"MILK - PRODUCTION, MEASURED IN LB / HEAD",LB / HEAD,"2,205"
2020,MONTHLY,FEB,COLORADO,CO,08,"MILK - PRODUCTION, MEASURED IN LB / HEAD",LB / HEAD,"2,065"
2020,MONTHLY,JAN,COLORADO,CO,08,"MILK - PRODUCTION, MEASURED IN LB / HEAD",LB / HEAD,"2,210"
2020,MONTHLY,JUL,COLORADO,CO,08,"MILK - PRODUCTION, MEASURED IN LB / HEAD",LB / HEAD,"2,235"
2020,MONTHLY,JUN,COLORADO,CO,08,"MILK - PRODUCTION, MEASURED IN LB / HEAD",LB / HEAD,"2,150"
2020,MONTHLY,MAR,COLORADO,CO,08,"MILK - PRODUCTION, MEASURED IN LB / HEAD",LB / HEAD,"2,225"
2020,MONTHLY,MAY,COLORADO,CO,08,"MILK - PRODUCTION, MEASURED IN LB / HEAD",LB / HEAD,"2,220"
2020,MONTHLY,NOV,COLORADO,CO,08,"MILK - PRODUCTION, MEASURED IN LB / HEAD",LB / HEAD,"2,110"
2020,MONTHLY,OCT,COLORADO,CO,08,"MILK - PRODUCTION, MEASURED IN LB / HEAD",LB / HEAD,"2,185"
2020,MONTHLY,SEP,COLORADO,CO,08,"MILK - PRODUCTION, MEASURED IN LB / HEAD",LB / HEAD,"2,145"
2020,MONTHLY,APR,FLORIDA,FL,12,"MILK - PRODUCTION, MEASURED IN LB / HEAD",LB / HEAD,"1,805"
2020,MONTHLY,AUG,FLORIDA,FL,12,"MILK - PRODUCTION, MEASURED IN LB / HEAD",LB / HEAD,"1,570"
2020,MONTHLY,DEC,FLORIDA,FL,12,"MILK - PRODUCTION, MEASURED IN LB / HEAD",LB / HEAD,"1,715"
2020,MONTHLY,FEB,FLORIDA,FL,12,"MILK - PRODUCTION, MEASURED IN LB / HEAD",LB / HEAD,"1,770"
2020,MONTHLY,JAN,FLORIDA,FL,12,"MILK - PRODUCTION, MEASURED IN LB / HEAD",LB / HEAD,"1,850"
2020,MONTHLY,JUL,FLORIDA,FL,12,"MILK - PRODUCTION, MEASURED IN LB / HEAD",LB / HEAD,"1,650"
2020,MONTHLY,JUN,FLORIDA,FL,12,"MILK - PRODUCTION, MEASURED IN LB / HEAD",LB / HEAD,"1,675"
2020,MONTHLY,MAR,FLORIDA,FL,12,"MILK - PRODUCTION, MEASURED IN LB / HEAD",LB / HEAD,"1,885"
2020,MONTHLY,MAY,FLORIDA,FL,12,"MILK - PRODUCTION, MEASURED IN LB / HEAD",LB / HEAD,"1,765"
2020,MONTHLY,NOV,FLORIDA,FL,12,"MILK - PRODUCTION, MEASURED IN LB / HEAD",LB / HEAD,"1,570"
2020,MONTHLY,OCT,FLORIDA,FL,12,"MILK - PRODUCTION, MEASURED IN LB / HEAD",LB / HEAD,"1,525"
2020,MONTHLY,SEP,FLORIDA,FL,12,"MILK - PRODUCTION, MEASURED IN LB / HEAD",LB / HEAD,"1,445"
2020,MONTHLY,APR,GEORGIA,GA,13,"MILK - PRODUCTION, MEASURED IN LB / HEAD",LB / HEAD,"1,880"
2020,MONTHLY,AUG,GEORGIA,GA,13,"MILK - PRODUCTION, MEASURED IN LB / HEAD",LB / HEAD,"1,700"
2020,MONTHLY,DEC,GEORGIA,GA,13,"MILK - PRODUCTION, MEASURED IN LB / HEAD",LB / HEAD,"1,900"
2020,MONTHLY,FEB,GEORGIA,GA,13,"MILK - PRODUCTION, MEASURED IN LB / HEAD",LB / HEAD,"1,855"
2020,MONTHLY,JAN,GEORGIA,GA,13,"MILK - PRODUCTION, MEASURED IN LB / HEAD",LB / HEAD,"1,960"
2020,MONTHLY,JUL,GEORGIA,GA,13,"MILK - PRODUCTION, MEASURED IN LB / HEAD",LB / HEAD,"1,755"
2020,MONTHLY,JUN,GEORGIA,GA,13,"MILK - PRODUCTION, MEASURED IN LB / HEAD",LB / HEAD,"1,765"
2020,MONTHLY,MAR,GEORGIA,GA,13,"MILK - PRODUCTION, MEASURED IN LB / HEAD",LB / HEAD,"1,990"
2020,MONTHLY,MAY,GEORGIA,GA,13,"MILK - PRODUCTION, MEASURED IN LB / HEAD",LB / HEAD,"1,855"
2020,MONTHLY,NOV,GEORGIA,GA,13,"MILK - PRODUCTION, MEASURED IN LB / HEAD",LB / HEAD,"1,755"
2020,MONTHLY,OCT,GEORGIA,GA,13,"MILK - PRODUCTION, MEASURED IN LB / HEAD",LB / HEAD,"1,740"
2020,MONTHLY,SEP,GEORGIA,GA,13,"MILK - PRODUCTION, MEASURED IN LB / HEAD",LB / HEAD,"1,650"
2020,MONTHLY,APR,IOWA,IA,19,"MILK - PRODUCTION, MEASURED IN LB / HEAD",LB / HEAD,"2,030"
2020,MONTHLY,AUG,IOWA,IA,19,"MILK - PRODUCTION, MEASURED IN LB / HEAD",LB / HEAD,"2,070"
2020,MONTHLY,DEC,IOWA,IA,19,"MILK - PRODUCTION, MEASURED IN LB / HEAD",LB / HEAD,"2,095"
2020,MONTHLY,FEB,IOWA,IA,19,"MILK - PRODUCTION, MEASURED IN LB / HEAD",LB / HEAD,"1,975"
2020,MONTHLY,JAN,IOWA,IA,19,"MILK - PRODUCTION, MEASURED IN LB / HEAD",LB / HEAD,"2,110"
2020,MONTHLY,JUL,IOWA,IA,19,"MILK - PRODUCTION, MEASURED IN LB / HEAD",LB / HEAD,"2,040"
2020,MONTHLY,JUN,IOWA,IA,19,"MILK - PRODUCTION, MEASURED IN LB / HEAD",LB / HEAD,"2,030"
2020,MONTHLY,MAR,IOWA,IA,19,"MILK - PRODUCTION, MEASURED IN LB / HEAD",LB / HEAD,"2,115"
2020,MONTHLY,MAY,IOWA,IA,19,"MILK - PRODUCTION, MEASURED IN LB / HEAD",LB / HEAD,"2,095"
2020,MONTHLY,NOV,IOWA,IA,19,"MILK - PRODUCTION, MEASURED IN LB / HEAD",LB / HEAD,"2,005"
2020,MONTHLY,OCT,IOWA,IA,19,"MILK - PRODUCTION, MEASURED IN LB / HEAD",LB / HEAD,"2,065"
2020,MONTHLY,SEP,IOWA,IA,19,"MILK - PRODUCTION, MEASURED IN LB / HEAD",LB / HEAD,"2,005"
2020,MONTHLY,APR,IDAHO,ID,16,"MILK - PRODUCTION, MEASURED IN LB / HEAD",LB / HEAD,"2,090"
2020,MONTHLY,AUG,IDAHO,ID,16,"MILK - PRODUCTION, MEASURED IN LB / HEAD",LB / HEAD,"2,190"
2020,MONTHLY,DEC,IDAHO,ID,16,"MILK - PRODUCTION, MEASURED IN LB / HEAD",LB / HEAD,"2,055"
2020,MONTHLY,FEB,IDAHO,ID,16,"MILK - PRODUCTION, MEASURED IN LB / HEAD",LB / HEAD,"1,965"
2020,MONTHLY,JAN,IDAHO,ID,16,"MILK - PRODUCTION, MEASURED IN LB / HEAD",LB / HEAD,"2,095"
2020,MONTHLY,JUL,IDAHO,ID,16,"MILK - PRODUCTION, MEASURED IN LB / HEAD",LB / HEAD,"2,210"
2020,MONTHLY,JUN,IDAHO,ID,16,"MILK - PRODUCTION, MEASURED IN LB / HEAD",LB / HEAD,"2,105"
2020,MONTHLY,MAR,IDAHO,ID,16,"MILK - PRODUCTION, MEASURED IN LB / HEAD",LB / HEAD,"2,135"
2020,MONTHLY,MAY,IDAHO,ID,16,"MILK - PRODUCTION, MEASURED IN LB / HEAD",LB / HEAD,"2,165"
2020,MONTHLY,NOV,IDAHO,ID,16,"MILK - PRODUCTION, MEASURED IN LB / HEAD",LB / HEAD,"2,005"
2020,MONTHLY,OCT,IDAHO,ID,16,"MILK - PRODUCTION, MEASURED IN LB / HEAD",LB / HEAD,"2,100"
2020,MONTHLY,SEP,IDAHO,ID,16,"MILK - PRODUCTION, MEASURED IN LB / HEAD",LB / HEAD,"2,075"
2020,MONTHLY,APR,ILLINOIS,IL,17,"MILK - PRODUCTION, MEASURED IN LB / HEAD",LB / HEAD,"1,860"
2020,MONTHLY,AUG,ILLINOIS,IL,17,"MILK - PRODUCTION, MEASURED IN LB / HEAD",LB / HEAD,"1,710"
2020,MONTHLY,DEC,ILLINOIS,IL,17,"MILK - PRODUCTION, MEASURED IN LB / HEAD",LB / HEAD,"1,825"
2020,MONTHLY,FEB,ILLINOIS,IL,17,"MILK - PRODUCTION, MEASURED IN LB / HEAD",LB / HEAD,"1,785"
2020,MONTHLY,JAN,ILLINOIS,IL,17,"MILK - PRODUCTION, MEASURED IN LB / HEAD",LB / HEAD,"1,865"
2020,MONTHLY,JUL,ILLINOIS,IL,17,"MILK - PRODUCTION, MEASURED IN LB / HEAD",LB / HEAD,"1,725"
2020,MONTHLY,JUN,ILLINOIS,IL,17,"MILK - PRODUCTION, MEASURED IN LB / HEAD",LB / HEAD,"1,795"
2020,MONTHLY,MAR,ILLINOIS,IL,17,"MILK - PRODUCTION, MEASURED IN LB / HEAD",LB / HEAD,"1,930"
2020,MONTHLY,MAY,ILLINOIS,IL,17,"MILK - PRODUCTION, MEASURED IN LB / HEAD",LB / HEAD,"1,865"
2020,MONTHLY,NOV,ILLINOIS,IL,17,"MILK - PRODUCTION, MEASURED IN LB / HEAD",LB / HEAD,"1,715"
2020,MONTHLY,OCT,ILLINOIS,IL,17,"MILK - PRODUCTION, MEASURED IN LB / HEAD",LB / HEAD,"1,735"
2020,MONTHLY,SEP,ILLINOIS,IL,17,"MILK - PRODUCTION, MEASURED IN LB / HEAD",LB / HEAD,"1,645"
2020,MONTHLY,APR,INDIANA,IN,18,"MILK - PRODUCTION, MEASURED IN LB / HEAD",LB / HEAD,"1,990"
2020,MONTHLY,AUG,INDIANA,IN,18,"MILK - PRODUCTION, MEASURED IN LB / HEAD",LB / HEAD,"1,960"
2020,MONTHLY,DEC,INDIANA,IN,18,"MILK - PRODUCTION, MEASURED IN LB / HEAD",LB / HEAD,"2,000"
2020,MONTHLY,FEB,INDIANA,IN,18,"MILK - PRODUCTION, MEASURED IN LB / HEAD",LB / HEAD,"1,870"
2020,MONTHLY,JAN,INDIANA,IN,18,"MILK - PRODUCTION, MEASURED IN LB / HEAD",LB / HEAD,"1,970"
2020,MONTHLY,JUL,INDIANA,IN,18,"MILK - PRODUCTION, MEASURED IN LB / HEAD",LB / HEAD,"1,950"
2020,MONTHLY,JUN,INDIANA,IN,18,"MILK - PRODUCTION, MEASURED IN LB / HEAD",LB / HEAD,"1,980"
2020,MONTHLY,MAR,INDIANA,IN,18,"MILK - PRODUCTION, MEASURED IN LB / HEAD",LB / HEAD,"2,045"
2020,MONTHLY,MAY,INDIANA,IN,18,"MILK - PRODUCTION, MEASURED IN LB / HEAD",LB / HEAD,"2,030"
2020,MONTHLY,NOV,INDIANA,IN,18,"MILK - PRODUCTION, MEASURED IN LB / HEAD",LB / HEAD,"1,865"
2020,MONTHLY,OCT,INDIANA,IN,18,"MILK - PRODUCTION, MEASURED IN LB / HEAD",LB / HEAD,"1,980"
2020,MONTHLY,SEP,INDIANA,IN,18,"MILK - PRODUCTION, MEASURED IN LB / HEAD",LB / HEAD,"1,925"
2020,MONTHLY,APR,KANSAS,KS,20,"MILK - PRODUCTION, MEASURED IN LB / HEAD",LB / HEAD,"1,960"
2020,MONTHLY,AUG,KANSAS,KS,20,"MILK - PRODUCTION, MEASURED IN LB / HEAD",LB / HEAD,"1,995"
2020,MONTHLY,DEC,KANSAS,KS,20,"MILK - PRODUCTION, MEASURED IN LB / HEAD",LB / HEAD,"1,995"
2020,MONTHLY,FEB,KANSAS,KS,20,"MILK - PRODUCTION, MEASURED IN LB / HEAD",LB / HEAD,"1,895"
2020,MONTHLY,JAN,KANSAS,KS,20,"MILK - PRODUCTION, MEASURED IN LB / HEAD",LB / HEAD,"2,025"
2020,MONTHLY,JUL,KANSAS,KS,20,"MILK - PRODUCTION, MEASURED IN LB / HEAD",LB / HEAD,"1,980"
2020,MONTHLY,JUN,KANSAS,KS,20,"MILK - PRODUCTION, MEASURED IN LB / HEAD",LB / HEAD,"1,915"
2020,MONTHLY,MAR,KANSAS,KS,20,"MILK - PRODUCTION, MEASURED IN LB / HEAD",LB / HEAD,"2,040"
2020,MONTHLY,MAY,KANSAS,KS,20,"MILK - PRODUCTION, MEASURED IN LB / HEAD",LB / HEAD,"1,970"
2020,MONTHLY,NOV,KANSAS,KS,20,"MILK - PRODUCTION, MEASURED IN LB / HEAD",LB / HEAD,"1,960"
2020,MONTHLY,OCT,KANSAS,KS,20,"MILK - PRODUCTION, MEASURED IN LB / HEAD",LB / HEAD,"1,985"
2020,MONTHLY,SEP,KANSAS,KS,20,"MILK - PRODUCTION, MEASURED IN LB / HEAD",LB / HEAD,"1,920"
2020,MONTHLY,APR,MICHIGAN,MI,26,"MILK - PRODUCTION, MEASURED IN LB / HEAD",LB / HEAD,"2,255"
2020,MONTHLY,AUG,MICHIGAN,MI,26,"MILK - PRODUCTION, MEASURED IN LB / HEAD",LB / HEAD,"2,305"
2020,MONTHLY,DEC,MICHIGAN,MI,26,"MILK - PRODUCTION, MEASURED IN LB / HEAD",LB / HEAD,"2,270"
2020,MONTHLY,FEB,MICHIGAN,MI,26,"MILK - PRODUCTION, MEASURED IN LB / HEAD",LB / HEAD,"2,150"
2020,MONTHLY,JAN,MICHIGAN,MI,26,"MILK - PRODUCTION, MEASURED IN LB / HEAD",LB / HEAD,"2,280"
2020,MONTHLY,JUL,MICHIGAN,MI,26,"MILK - PRODUCTION, MEASURED IN LB / HEAD",LB / HEAD,"2,300"
2020,MONTHLY,JUN,MICHIGAN,MI,26,"MILK - PRODUCTION, MEASURED IN LB / HEAD",LB / HEAD,"2,270"
2020,MONTHLY,MAR,MICHIGAN,MI,26,"MILK - PRODUCTION, MEASURED IN LB / HEAD",LB / HEAD,"2,330"
2020,MONTHLY,MAY,MICHIGAN,MI,26,"MILK - PRODUCTION, MEASURED IN LB / HEAD",LB / HEAD,"2,310"
2020,MONTHLY,NOV,MICHIGAN,MI,26,"MILK - PRODUCTION, MEASURED IN LB / HEAD",LB / HEAD,"2,170"
2020,MONTHLY,OCT,MICHIGAN,MI,26,"MILK - PRODUCTION, MEASURED IN LB / HEAD",LB / HEAD,"2,240"
2020,MONTHLY,SEP,MICHIGAN,MI,26,"MILK - PRODUCTION, MEASURED IN LB / HEAD",LB / HEAD,"2,210"
2020,MONTHLY,APR,MINNESOTA,MN,27,"MILK - PRODUCTION, MEASURED IN LB / HEAD",LB / HEAD,"1,850"
2020,MONTHLY,AUG,MINNESOTA,MN,27,"MILK - PRODUCTION, MEASURED IN LB / HEAD",LB / HEAD,"1,950"
2020,MONTHLY,DEC,MINNESOTA,MN,27,"MILK - PRODUCTION, MEASURED IN LB / HEAD",LB / HEAD,"1,925"
2020,MONTHLY,FEB,MINNESOTA,MN,27,"MILK - PRODUCTION, MEASURED IN LB / HEAD",LB / HEAD,"1,780"
2020,MONTHLY,JAN,MINNESOTA,MN,27,"MILK - PRODUCTION, MEASURED IN LB / HEAD",LB / HEAD,"1,885"
2020,MONTHLY,JUL,MINNESOTA,MN,27,"MILK - PRODUCTION, MEASURED IN LB / HEAD",LB / HEAD,"1,940"
2020,MONTHLY,JUN,MINNESOTA,MN,27,"MILK - PRODUCTION, MEASURED IN LB / HEAD",LB / HEAD,"1,915"
2020,MONTHLY,MAR,MINNESOTA,MN,27,"MILK - PRODUCTION, MEASURED IN LB / HEAD",LB / HEAD,"1,910"
2020,MONTHLY,MAY,MINNESOTA,MN,27,"MILK - PRODUCTION, MEASURED IN LB / HEAD",LB / HEAD,"1,930"
2020,MONTHLY,NOV,MINNESOTA,MN,27,"MILK - PRODUCTION, MEASURED IN LB / HEAD",LB / HEAD,"1,825"
2020,MONTHLY,OCT,MINNESOTA,MN,27,"MILK - PRODUCTION, MEASURED IN LB / HEAD",LB / HEAD,"1,900"
2020,MONTHLY,SEP,MINNESOTA,MN,27,"MILK - PRODUCTION, MEASURED IN LB / HEAD",LB / HEAD,"1,865"
2020,MONTHLY,APR,NEW MEXICO,NM,35,"MILK - PRODUCTION, MEASURED IN LB / HEAD",LB / HEAD,"2,100"
2020,MONTHLY,AUG,NEW MEXICO,NM,35,"MILK - PRODUCTION, MEASURED IN LB / HEAD",LB / HEAD,"2,055"
2020,MONTHLY,DEC,NEW MEXICO,NM,35,"MILK - PRODUCTION, MEASURED IN LB / HEAD",LB / HEAD,"2,100"
2020,MONTHLY,FEB,NEW MEXICO,NM,35,"MILK - PRODUCTION, MEASURED IN LB / HEAD",LB / HEAD,"2,025"
2020,MONTHLY,JAN,NEW MEXICO,NM,35,"MILK - PRODUCTION, MEASURED IN LB / HEAD",LB / HEAD,"2,135"
2020,MONTHLY,JUL,NEW MEXICO,NM,35,"MILK - PRODUCTION, MEASURED IN LB / HEAD",LB / HEAD,"2,015"
2020,MONTHLY,JUN,NEW MEXICO,NM,35,"MILK - PRODUCTION, MEASURED IN LB / HEAD",LB / HEAD,"1,980"
2020,MONTHLY,MAR,NEW MEXICO,NM,35,"MILK - PRODUCTION, MEASURED IN LB / HEAD",LB / HEAD,"2,195"
2020,MONTHLY,MAY,NEW MEXICO,NM,35,"MILK - PRODUCTION, MEASURED IN LB / HEAD",LB / HEAD,"2,030"
2020,MONTHLY,NOV,NEW MEXICO,NM,35,"MILK - PRODUCTION, MEASURED IN LB / HEAD",LB / HEAD,"1,995"
2020,MONTHLY,OCT,NEW MEXICO,NM,35,"MILK - PRODUCTION, MEASURED IN LB / HEAD",LB / HEAD,"2,065"
2020,MONTHLY,SEP,NEW MEXICO,NM,35,"MILK - PRODUCTION, MEASURED IN LB / HEAD",LB / HEAD,"2,025"
2020,MONTHLY,APR,NEW YORK,NY,36,"MILK - PRODUCTION, MEASURED IN LB / HEAD",LB / HEAD,"2,030"
2020,MONTHLY,AUG,NEW YORK,NY,36,"MILK - PRODUCTION, MEASURED IN LB / HEAD",LB / HEAD,"2,065"
2020,MONTHLY,DEC,NEW YORK,NY,36,"MILK - PRODUCTION, MEASURED IN LB / HEAD",LB / HEAD,"2,065"
2020,MONTHLY,FEB,NEW YORK,NY,36,"MILK - PRODUCTION, MEASURED IN LB / HEAD",LB / HEAD,"1,945"
2020,MONTHLY,JAN,NEW YORK,NY,36,"MILK - PRODUCTION, MEASURED IN LB / HEAD",LB / HEAD,"2,060"
2020,MONTHLY,JUL,NEW YORK,NY,36,"MILK - PRODUCTION, MEASURED IN LB / HEAD",LB / HEAD,"2,065"
2020,MONTHLY,JUN,NEW YORK,NY,36,"MILK - PRODUCTION, MEASURED IN LB / HEAD",LB / HEAD,"2,030"
2020,MONTHLY,MAR,NEW YORK,NY,36,"MILK - PRODUCTION, MEASURED IN LB / HEAD",LB / HEAD,"2,110"
2020,MONTHLY,MAY,NEW YORK,NY,36,"MILK - PRODUCTION, MEASURED IN LB / HEAD",LB / HEAD,"2,075"
2020,MONTHLY,NOV,NEW YORK,NY,36,"MILK - PRODUCTION, MEASURED IN LB / HEAD",LB / HEAD,"1,980"
2020,MONTHLY,OCT,NEW YORK,NY,36,"MILK - PRODUCTION, MEASURED IN LB / HEAD",LB / HEAD,"2,030"
2020,MONTHLY,SEP,NEW YORK,NY,36,"MILK - PRODUCTION, MEASURED IN LB / HEAD",LB / HEAD,"1,980"
2020,MONTHLY,APR,OHIO,OH,39,"MILK - PRODUCTION, MEASURED IN LB / HEAD",LB / HEAD,"1,840"
2020,MONTHLY,AUG,OHIO,OH,39,"MILK - PRODUCTION, MEASURED IN LB / HEAD",LB / HEAD,"1,865"
2020,MONTHLY,DEC,OHIO,OH,39,"MILK - PRODUCTION, MEASURED IN LB / HEAD",LB / HEAD,"1,845"
2020,MONTHLY,FEB,OHIO,OH,39,"MILK - PRODUCTION, MEASURED IN LB / HEAD",LB / HEAD,"1,760"
2020,MONTHLY,JAN,OHIO,OH,39,"MILK - PRODUCTION, MEASURED IN LB / HEAD",LB / HEAD,"1,855"
2020,MONTHLY,JUL,OHIO,OH,39,"MILK - PRODUCTION, MEASURED IN LB / HEAD",LB / HEAD,"1,870"
2020,MONTHLY,JUN,OHIO,OH,39,"MILK - PRODUCTION, MEASURED IN LB / HEAD",LB / HEAD,"1,840"
2020,MONTHLY,MAR,OHIO,OH,39,"MILK - PRODUCTION, MEASURED IN LB / HEAD",LB / HEAD,"1,900"
2020,MONTHLY,MAY,OHIO,OH,39,"MILK - PRODUCTION, MEASURED IN LB / HEAD",LB / HEAD,"1,880"
2020,MONTHLY,NOV,OHIO,OH,39,"MILK - PRODUCTION, MEASURED IN LB / HEAD",LB / HEAD,"1,750"
2020,MONTHLY,OCT,OHIO,OH,39,"MILK - PRODUCTION, MEASURED IN LB / HEAD",LB / HEAD,"1,835"
2020,MONTHLY,SEP,OHIO,OH,39,"MILK - PRODUCTION, MEASURED IN LB / HEAD",LB / HEAD,"1,780"
2020,MONTHLY,APR,OREGON,OR,41,"MILK - PRODUCTION, MEASURED IN LB / HEAD",LB / HEAD,"1,755"
2020,MONTHLY,AUG,OREGON,OR,41,"MILK - PRODUCTION, MEASURED IN LB / HEAD",LB / HEAD,"1,775"
2020,MONTHLY,DEC,OREGON,OR,41,"MILK - PRODUCTION, MEASURED IN LB / HEAD",LB / HEAD,"1,735"
2020,MONTHLY,FEB,OREGON,OR,41,"MILK - PRODUCTION, MEASURED IN LB / HEAD",LB / HEAD,"1,660"
2020,MONTHLY,JAN,OREGON,OR,41,"MILK - PRODUCTION, MEASURED IN LB / HEAD",LB / HEAD,"1,755"
2020,MONTHLY,JUL,OREGON,OR,41,"MILK - PRODUCTION, MEASURED IN LB / HEAD",LB / HEAD,"1,810"
2020,MONTHLY,JUN,OREGON,OR,41,"MILK - PRODUCTION, MEASURED IN LB / HEAD",LB / HEAD,"1,760"
2020,MONTHLY,MAR,OREGON,OR,41,"MILK - PRODUCTION, MEASURED IN LB / HEAD",LB / HEAD,"1,785"
2020,MONTHLY,MAY,OREGON,OR,41,"MILK - PRODUCTION, MEASURED IN LB / HEAD",LB / HEAD,"1,825"
2020,MONTHLY,NOV,OREGON,OR,41,"MILK - PRODUCTION, MEASURED IN LB / HEAD",LB / HEAD,"1,670"
2020,MONTHLY,OCT,OREGON,OR,41,"MILK - PRODUCTION, MEASURED IN LB / HEAD",LB / HEAD,"1,750"
2020,MONTHLY,SEP,OREGON,OR,41,"MILK - PRODUCTION, MEASURED IN LB / HEAD",LB / HEAD,"1,710"
2020,MONTHLY,APR,PENNSYLVANIA,PA,42,"MILK - PRODUCTION, MEASURED IN LB / HEAD",LB / HEAD,"1,820"
2020,MONTHLY,AUG,PENNSYLVANIA,PA,42,"MILK - PRODUCTION, MEASURED IN LB / HEAD",LB / HEAD,"1,745"
2020,MONTHLY,DEC,PENNSYLVANIA,PA,42,"MILK - PRODUCTION, MEASURED IN LB / HEAD",LB / HEAD,"1,790"
2020,MONTHLY,FEB,PENNSYLVANIA,PA,42,"MILK - PRODUCTION, MEASURED IN LB / HEAD",LB / HEAD,"1,725"
2020,MONTHLY,JAN,PENNSYLVANIA,PA,42,"MILK - PRODUCTION, MEASURED IN LB / HEAD",LB / HEAD,"1,810"
2020,MONTHLY,JUL,PENNSYLVANIA,PA,42,"MILK - PRODUCTION, MEASURED IN LB / HEAD",LB / HEAD,"1,795"
2020,MONTHLY,JUN,PENNSYLVANIA,PA,42,"MILK - PRODUCTION, MEASURED IN LB / HEAD",LB / HEAD,"1,775"
2020,MONTHLY,MAR,PENNSYLVANIA,PA,42,"MILK - PRODUCTION, MEASURED IN LB / HEAD",LB / HEAD,"1,855"
2020,MONTHLY,MAY,PENNSYLVANIA,PA,42,"MILK - PRODUCTION, MEASURED IN LB / HEAD",LB / HEAD,"1,830"
2020,MONTHLY,NOV,PENNSYLVANIA,PA,42,"MILK - PRODUCTION, MEASURED IN LB / HEAD",LB / HEAD,"1,720"
2020,MONTHLY,OCT,PENNSYLVANIA,PA,42,"MILK - PRODUCTION, MEASURED IN LB / HEAD",LB / HEAD,"1,760"
2020,MONTHLY,SEP,PENNSYLVANIA,PA,42,"MILK - PRODUCTION, MEASURED IN LB / HEAD",LB / HEAD,"1,690"
2020,MONTHLY,APR,SOUTH DAKOTA,SD,46,"MILK - PRODUCTION, MEASURED IN LB / HEAD",LB / HEAD,"1,870"
2020,MONTHLY,AUG,SOUTH DAKOTA,SD,46,"MILK - PRODUCTION, MEASURED IN LB / HEAD",LB / HEAD,"1,970"
2020,MONTHLY,DEC,SOUTH DAKOTA,SD,46,"MILK - PRODUCTION, MEASURED IN LB / HEAD",LB / HEAD,"1,950"
2020,MONTHLY,FEB,SOUTH DAKOTA,SD,46,"MILK - PRODUCTION, MEASURED IN LB / HEAD",LB / HEAD,"1,820"
2020,MONTHLY,JAN,SOUTH DAKOTA,SD,46,"MILK - PRODUCTION, MEASURED IN LB / HEAD",LB / HEAD,"1,950"
2020,MONTHLY,JUL,SOUTH DAKOTA,SD,46,"MILK - PRODUCTION, MEASURED IN LB / HEAD",LB / HEAD,"1,930"
2020,MONTHLY,JUN,SOUTH DAKOTA,SD,46,"MILK - PRODUCTION, MEASURED IN LB / HEAD",LB / HEAD,"1,895"
2020,MONTHLY,MAR,SOUTH DAKOTA,SD,46,"MILK - PRODUCTION, MEASURED IN LB / HEAD",LB / HEAD,"1,945"
2020,MONTHLY,MAY,SOUTH DAKOTA,SD,46,"MILK - PRODUCTION, MEASURED IN LB / HEAD",LB / HEAD,"1,940"
2020,MONTHLY,NOV,SOUTH DAKOTA,SD,46,"MILK - PRODUCTION, MEASURED IN LB / HEAD",LB / HEAD,"1,865"
2020,MONTHLY,OCT,SOUTH DAKOTA,SD,46,"MILK - PRODUCTION, MEASURED IN LB / HEAD",LB / HEAD,"1,945"
2020,MONTHLY,SEP,SOUTH DAKOTA,SD,46,"MILK - PRODUCTION, MEASURED IN LB / HEAD",LB / HEAD,"1,905"
2020,MONTHLY,APR,TEXAS,TX,48,"MILK - PRODUCTION, MEASURED IN LB / HEAD",LB / HEAD,"2,090"
2020,MONTHLY,AUG,TEXAS,TX,48,"MILK - PRODUCTION, MEASURED IN LB / HEAD",LB / HEAD,"2,080"
2020,MONTHLY,DEC,TEXAS,TX,48,"MILK - PRODUCTION, MEASURED IN LB / HEAD",LB / HEAD,"2,125"
2020,MONTHLY,FEB,TEXAS,TX,48,"MILK - PRODUCTION, MEASURED IN LB / HEAD",LB / HEAD,"2,005"
2020,MONTHLY,JAN,TEXAS,TX,48,"MILK - PRODUCTION, MEASURED IN LB / HEAD",LB / HEAD,"2,145"
2020,MONTHLY,JUL,TEXAS,TX,48,"MILK - PRODUCTION, MEASURED IN LB / HEAD",LB / HEAD,"2,065"
2020,MONTHLY,JUN,TEXAS,TX,48,"MILK - PRODUCTION, MEASURED IN LB / HEAD",LB / HEAD,"2,030"
2020,MONTHLY,MAR,TEXAS,TX,48,"MILK - PRODUCTION, MEASURED IN LB / HEAD",LB / HEAD,"2,180"
2020,MONTHLY,MAY,TEXAS,TX,48,"MILK - PRODUCTION, MEASURED IN LB / HEAD",LB / HEAD,"2,075"
2020,MONTHLY,NOV,TEXAS,TX,48,"MILK - PRODUCTION, MEASURED IN LB / HEAD",LB / HEAD,"2,035"
2020,MONTHLY,OCT,TEXAS,TX,48,"MILK - PRODUCTION, MEASURED IN LB / HEAD",LB / HEAD,"2,105"
2020,MONTHLY,SEP,TEXAS,TX,48,"MILK - PRODUCTION, MEASURED IN LB / HEAD",LB / HEAD,"2,025"
2020,MONTHLY,APR,US TOTAL,US,99,"MILK - PRODUCTION, MEASURED IN LB / HEAD",LB / HEAD,"1,989"
2020,MONTHLY,APR THRU JUN,US TOTAL,US,99,"MILK - PRODUCTION, MEASURED IN LB / HEAD",LB / HEAD,"5,982"
2020,MONTHLY,AUG,US TOTAL,US,99,"MILK - PRODUCTION, MEASURED IN LB / HEAD",LB / HEAD,"1,985"
2020,MONTHLY,DEC,US TOTAL,US,99,"MILK - PRODUCTION, MEASURED IN LB / HEAD",LB / HEAD,"2,006"
2020,MONTHLY,FEB,US TOTAL,US,99,"MILK - PRODUCTION, MEASURED IN LB / HEAD",LB / HEAD,"1,908"
2020,MONTHLY,JAN,US TOTAL,US,99,"MILK - PRODUCTION, MEASURED IN LB / HEAD",LB / HEAD,"2,015"
2020,MONTHLY,JAN THRU MAR,US TOTAL,US,99,"MILK - PRODUCTION, MEASURED IN LB / HEAD",LB / HEAD,"5,986"
2020,MONTHLY,JUL,US TOTAL,US,99,"MILK - PRODUCTION, MEASURED IN LB / HEAD",LB / HEAD,"1,998"
2020,MONTHLY,JUL THRU SEP,US TOTAL,US,99,"MILK - PRODUCTION, MEASURED IN LB / HEAD",LB / HEAD,"5,900"
2020,MONTHLY,JUN,US TOTAL,US,99,"MILK - PRODUCTION, MEASURED IN LB / HEAD",LB / HEAD,"1,966"
2020,MONTHLY,MAR,US TOTAL,US,99,"MILK - PRODUCTION, MEASURED IN LB / HEAD",LB / HEAD,"2,063"
2020,MONTHLY,MAY,US TOTAL,US,99,"MILK - PRODUCTION, MEASURED IN LB / HEAD",LB / HEAD,"2,027"
2020,MONTHLY,NOV,US TOTAL,US,99,"MILK - PRODUCTION, MEASURED IN LB / HEAD",LB / HEAD,"1,917"
2020,MONTHLY,OCT,US TOTAL,US,99,"MILK - PRODUCTION, MEASURED IN LB / HEAD",LB / HEAD,"1,973"
2020,MONTHLY,OCT THRU DEC,US TOTAL,US,99,"MILK - PRODUCTION, MEASURED IN LB / HEAD",LB / HEAD,"5,896"
2020,MONTHLY,SEP,US TOTAL,US,99,"MILK - PRODUCTION, MEASURED IN LB / HEAD",LB / HEAD,"1,917"
2020,MONTHLY,APR,UTAH,UT,49,"MILK - PRODUCTION, MEASURED IN LB / HEAD",LB / HEAD,"1,930"
2020,MONTHLY,AUG,UTAH,UT,49,"MILK - PRODUCTION, MEASURED IN LB / HEAD",LB / HEAD,"1,975"
2020,MONTHLY,DEC,UTAH,UT,49,"MILK - PRODUCTION, MEASURED IN LB / HEAD",LB / HEAD,"1,945"
2020,MONTHLY,FEB,UTAH,UT,49,"MILK - PRODUCTION, MEASURED IN LB / HEAD",LB / HEAD,"1,820"
2020,MONTHLY,JAN,UTAH,UT,49,"MILK - PRODUCTION, MEASURED IN LB / HEAD",LB / HEAD,"1,935"
2020,MONTHLY,JUL,UTAH,UT,49,"MILK - PRODUCTION, MEASURED IN LB / HEAD",LB / HEAD,"1,985"
2020,MONTHLY,JUN,UTAH,UT,49,"MILK - PRODUCTION, MEASURED IN LB / HEAD",LB / HEAD,"1,955"
2020,MONTHLY,MAR,UTAH,UT,49,"MILK - PRODUCTION, MEASURED IN LB / HEAD",LB / HEAD,"1,960"
2020,MONTHLY,MAY,UTAH,UT,49,"MILK - PRODUCTION, MEASURED IN LB / HEAD",LB / HEAD,"2,000"
2020,MONTHLY,NOV,UTAH,UT,49,"MILK - PRODUCTION, MEASURED IN LB / HEAD",LB / HEAD,"1,880"
2020,MONTHLY,OCT,UTAH,UT,49,"MILK - PRODUCTION, MEASURED IN LB / HEAD",LB / HEAD,"1,950"
2020,MONTHLY,SEP,UTAH,UT,49,"MILK - PRODUCTION, MEASURED IN LB / HEAD",LB / HEAD,"1,910"
2020,MONTHLY,APR,VIRGINIA,VA,51,"MILK - PRODUCTION, MEASURED IN LB / HEAD",LB / HEAD,"1,765"
2020,MONTHLY,AUG,VIRGINIA,VA,51,"MILK - PRODUCTION, MEASURED IN LB / HEAD",LB / HEAD,"1,640"
2020,MONTHLY,DEC,VIRGINIA,VA,51,"MILK - PRODUCTION, MEASURED IN LB / HEAD",LB / HEAD,"1,725"
2020,MONTHLY,FEB,VIRGINIA,VA,51,"MILK - PRODUCTION, MEASURED IN LB / HEAD",LB / HEAD,"1,670"
2020,MONTHLY,JAN,VIRGINIA,VA,51,"MILK - PRODUCTION, MEASURED IN LB / HEAD",LB / HEAD,"1,765"
2020,MONTHLY,JUL,VIRGINIA,VA,51,"MILK - PRODUCTION, MEASURED IN LB / HEAD",LB / HEAD,"1,660"
2020,MONTHLY,JUN,VIRGINIA,VA,51,"MILK - PRODUCTION, MEASURED IN LB / HEAD",LB / HEAD,"1,700"
2020,MONTHLY,MAR,VIRGINIA,VA,51,"MILK - PRODUCTION, MEASURED IN LB / HEAD",LB / HEAD,"1,830"
2020,MONTHLY,MAY,VIRGINIA,VA,51,"MILK - PRODUCTION, MEASURED IN LB / HEAD",LB / HEAD,"1,770"
2020,MONTHLY,NOV,VIRGINIA,VA,51,"MILK - PRODUCTION, MEASURED IN LB / HEAD",LB / HEAD,"1,630"
2020,MONTHLY,OCT,VIRGINIA,VA,51,"MILK - PRODUCTION, MEASURED IN LB / HEAD",LB / HEAD,"1,660"
2020,MONTHLY,SEP,VIRGINIA,VA,51,"MILK - PRODUCTION, MEASURED IN LB / HEAD",LB / HEAD,"1,575"
2020,MONTHLY,APR,VERMONT,VT,50,"MILK - PRODUCTION, MEASURED IN LB / HEAD",LB / HEAD,"1,800"
2020,MONTHLY,AUG,VERMONT,VT,50,"MILK - PRODUCTION, MEASURED IN LB / HEAD",LB / HEAD,"1,775"
2020,MONTHLY,DEC,VERMONT,VT,50,"MILK - PRODUCTION, MEASURED IN LB / HEAD",LB / HEAD,"1,810"
2020,MONTHLY,FEB,VERMONT,VT,50,"MILK - PRODUCTION, MEASURED IN LB / HEAD",LB / HEAD,"1,725"
2020,MONTHLY,JAN,VERMONT,VT,50,"MILK - PRODUCTION, MEASURED IN LB / HEAD",LB / HEAD,"1,825"
2020,MONTHLY,JUL,VERMONT,VT,50,"MILK - PRODUCTION, MEASURED IN LB / HEAD",LB / HEAD,"1,785"
2020,MONTHLY,JUN,VERMONT,VT,50,"MILK - PRODUCTION, MEASURED IN LB / HEAD",LB / HEAD,"1,760"
2020,MONTHLY,MAR,VERMONT,VT,50,"MILK - PRODUCTION, MEASURED IN LB / HEAD",LB / HEAD,"1,870"
2020,MONTHLY,MAY,VERMONT,VT,50,"MILK - PRODUCTION, MEASURED IN LB / HEAD",LB / HEAD,"1,795"
2020,MONTHLY,NOV,VERMONT,VT,50,"MILK - PRODUCTION, MEASURED IN LB / HEAD",LB / HEAD,"1,725"
2020,MONTHLY,OCT,VERMONT,VT,50,"MILK - PRODUCTION, MEASURED IN LB / HEAD",LB / HEAD,"1,765"
2020,MONTHLY,SEP,VERMONT,VT,50,"MILK - PRODUCTION, MEASURED IN LB / HEAD",LB / HEAD,"1,725"
2020,MONTHLY,APR,WASHINGTON,WA,53,"MILK - PRODUCTION, MEASURED IN LB / HEAD",LB / HEAD,"2,030"
2020,MONTHLY,AUG,WASHINGTON,WA,53,"MILK - PRODUCTION, MEASURED IN LB / HEAD",LB / HEAD,"2,075"
2020,MONTHLY,DEC,WASHINGTON,WA,53,"MILK - PRODUCTION, MEASURED IN LB / HEAD",LB / HEAD,"2,005"
2020,MONTHLY,FEB,WASHINGTON,WA,53,"MILK - PRODUCTION, MEASURED IN LB / HEAD",LB / HEAD,"1,930"
2020,MONTHLY,JAN,WASHINGTON,WA,53,"MILK - PRODUCTION, MEASURED IN LB / HEAD",LB / HEAD,"2,045"
2020,MONTHLY,JUL,WASHINGTON,WA,53,"MILK - PRODUCTION, MEASURED IN LB / HEAD",LB / HEAD,"2,120"
2020,MONTHLY,JUN,WASHINGTON,WA,53,"MILK - PRODUCTION, MEASURED IN LB / HEAD",LB / HEAD,"2,030"
2020,MONTHLY,MAR,WASHINGTON,WA,53,"MILK - PRODUCTION, MEASURED IN LB / HEAD",LB / HEAD,"2,070"
2020,MONTHLY,MAY,WASHINGTON,WA,53,"MILK - PRODUCTION, MEASURED IN LB / HEAD",LB / HEAD,"2,105"
2020,MONTHLY,NOV,WASHINGTON,WA,53,"MILK - PRODUCTION, MEASURED IN LB / HEAD",LB / HEAD,"1,930"
2020,MONTHLY,OCT,WASHINGTON,WA,53,"MILK - PRODUCTION, MEASURED IN LB / HEAD",LB / HEAD,"2,035"
2020,MONTHLY,SEP,WASHINGTON,WA,53,"MILK - PRODUCTION, MEASURED IN LB / HEAD",LB / HEAD,"2,005"
2020,MONTHLY,APR,WISCONSIN,WI,55,"MILK - PRODUCTION, MEASURED IN LB / HEAD",LB / HEAD,"2,000"
2020,MONTHLY,AUG,WISCONSIN,WI,55,"MILK - PRODUCTION, MEASURED IN LB / HEAD",LB / HEAD,"2,080"
2020,MONTHLY,DEC,WISCONSIN,WI,55,"MILK - PRODUCTION, MEASURED IN LB / HEAD",LB / HEAD,"2,080"
2020,MONTHLY,FEB,WISCONSIN,WI,55,"MILK - PRODUCTION, MEASURED IN LB / HEAD",LB / HEAD,"1,930"
2020,MONTHLY,JAN,WISCONSIN,WI,55,"MILK - PRODUCTION, MEASURED IN LB / HEAD",LB / HEAD,"2,045"
2020,MONTHLY,JUL,WISCONSIN,WI,55,"MILK - PRODUCTION, MEASURED IN LB / HEAD",LB / HEAD,"2,070"
2020,MONTHLY,JUN,WISCONSIN,WI,55,"MILK - PRODUCTION, MEASURED IN LB / HEAD",LB / HEAD,"2,040"
2020,MONTHLY,MAR,WISCONSIN,WI,55,"MILK - PRODUCTION, MEASURED IN LB / HEAD",LB / HEAD,"2,080"
2020,MONTHLY,MAY,WISCONSIN,WI,55,"MILK - PRODUCTION, MEASURED IN LB / HEAD",LB / HEAD,"2,060"
2020,MONTHLY,NOV,WISCONSIN,WI,55,"MILK - PRODUCTION, MEASURED IN LB / HEAD",LB / HEAD,"1,990"
2020,MONTHLY,OCT,WISCONSIN,WI,55,"MILK - PRODUCTION, MEASURED IN LB / HEAD",LB / HEAD,"2,055"
2020,MONTHLY,SEP,WISCONSIN,WI,55,"MILK - PRODUCTION, MEASURED IN LB / HEAD",LB / HEAD,"2,005"
2021,MONTHLY,APR,ARIZONA,AZ,04,"MILK - PRODUCTION, MEASURED IN LB / HEAD",LB / HEAD,"2,185"
2021,MONTHLY,AUG,ARIZONA,AZ,04,"MILK - PRODUCTION, MEASURED IN LB / HEAD",LB / HEAD,"1,825"
2021,MONTHLY,DEC,ARIZONA,AZ,04,"MILK - PRODUCTION, MEASURED IN LB / HEAD",LB / HEAD,"2,090"
2021,MONTHLY,FEB,ARIZONA,AZ,04,"MILK - PRODUCTION, MEASURED IN LB / HEAD",LB / HEAD,"2,000"
2021,MONTHLY,JAN,ARIZONA,AZ,04,"MILK - PRODUCTION, MEASURED IN LB / HEAD",LB / HEAD,"2,160"
2021,MONTHLY,JUL,ARIZONA,AZ,04,"MILK - PRODUCTION, MEASURED IN LB / HEAD",LB / HEAD,"1,905"
2021,MONTHLY,JUN,ARIZONA,AZ,04,"MILK - PRODUCTION, MEASURED IN LB / HEAD",LB / HEAD,"2,025"
2021,MONTHLY,MAR,ARIZONA,AZ,04,"MILK - PRODUCTION, MEASURED IN LB / HEAD",LB / HEAD,"2,260"
2021,MONTHLY,MAY,ARIZONA,AZ,04,"MILK - PRODUCTION, MEASURED IN LB / HEAD",LB / HEAD,"2,205"
2021,MONTHLY,NOV,ARIZONA,AZ,04,"MILK - PRODUCTION, MEASURED IN LB / HEAD",LB / HEAD,"1,960"
2021,MONTHLY,OCT,ARIZONA,AZ,04,"MILK - PRODUCTION, MEASURED IN LB / HEAD",LB / HEAD,"1,960"
2021,MONTHLY,SEP,ARIZONA,AZ,04,"MILK - PRODUCTION, MEASURED IN LB / HEAD",LB / HEAD,"1,790"
2021,MONTHLY,APR,CALIFORNIA,CA,06,"MILK - PRODUCTION, MEASURED IN LB / HEAD",LB / HEAD,"2,120"
2021,MONTHLY,AUG,CALIFORNIA,CA,06,"MILK - PRODUCTION, MEASURED IN LB / HEAD",LB / HEAD,"1,970"
2021,MONTHLY,DEC,CALIFORNIA,CA,06,"MILK - PRODUCTION, MEASURED IN LB / HEAD",LB / HEAD,"2,030"
2021,MONTHLY,FEB,CALIFORNIA,CA,06,"MILK - PRODUCTION, MEASURED IN LB / HEAD",LB / HEAD,"1,935"
2021,MONTHLY,JAN,CALIFORNIA,CA,06,"MILK - PRODUCTION, MEASURED IN LB / HEAD",LB / HEAD,"2,095"
2021,MONTHLY,JUL,CALIFORNIA,CA,06,"MILK - PRODUCTION, MEASURED IN LB / HEAD",LB / HEAD,"2,000"
2021,MONTHLY,JUN,CALIFORNIA,CA,06,"MILK - PRODUCTION, MEASURED IN LB / HEAD",LB / HEAD,"2,010"
2021,MONTHLY,MAR,CALIFORNIA,CA,06,"MILK - PRODUCTION, MEASURED IN LB / HEAD",LB / HEAD,"2,165"
2021,MONTHLY,MAY,CALIFORNIA,CA,06,"MILK - PRODUCTION, MEASURED IN LB / HEAD",LB / HEAD,"2,165"
2021,MONTHLY,NOV,CALIFORNIA,CA,06,"MILK - PRODUCTION, MEASURED IN LB / HEAD",LB / HEAD,"1,950"
2021,MONTHLY,OCT,CALIFORNIA,CA,06,"MILK - PRODUCTION, MEASURED IN LB / HEAD",LB / HEAD,"2,000"
2021,MONTHLY,SEP,CALIFORNIA,CA,06,"MILK - PRODUCTION, MEASURED IN LB / HEAD",LB / HEAD,"1,905"
2021,MONTHLY,APR,COLORADO,CO,08,"MILK - PRODUCTION, MEASURED IN LB / HEAD",LB / HEAD,"2,170"
2021,MONTHLY,AUG,COLORADO,CO,08,"MILK - PRODUCTION, MEASURED IN LB / HEAD",LB / HEAD,"2,215"
2021,MONTHLY,DEC,COLORADO,CO,08,"MILK - PRODUCTION, MEASURED IN LB / HEAD",LB / HEAD,"2,195"
2021,MONTHLY,FEB,COLORADO,CO,08,"MILK - PRODUCTION, MEASURED IN LB / HEAD",LB / HEAD,"1,990"
2021,MONTHLY,JAN,COLORADO,CO,08,"MILK - PRODUCTION, MEASURED IN LB / HEAD",LB / HEAD,"2,205"
2021,MONTHLY,JUL,COLORADO,CO,08,"MILK - PRODUCTION, MEASURED IN LB / HEAD",LB / HEAD,"2,225"
2021,MONTHLY,JUN,COLORADO,CO,08,"MILK - PRODUCTION, MEASURED IN LB / HEAD",LB / HEAD,"2,145"
2021,MONTHLY,MAR,COLORADO,CO,08,"MILK - PRODUCTION, MEASURED IN LB / HEAD",LB / HEAD,"2,220"
2021,MONTHLY,MAY,COLORADO,CO,08,"MILK - PRODUCTION, MEASURED IN LB / HEAD",LB / HEAD,"2,225"
2021,MONTHLY,NOV,COLORADO,CO,08,"MILK - PRODUCTION, MEASURED IN LB / HEAD",LB / HEAD,"2,105"
2021,MONTHLY,OCT,COLORADO,CO,08,"MILK - PRODUCTION, MEASURED IN LB / HEAD",LB / HEAD,"2,180"
2021,MONTHLY,SEP,COLORADO,CO,08,"MILK - PRODUCTION, MEASURED IN LB / HEAD",LB / HEAD,"2,125"
2021,MONTHLY,APR,FLORIDA,FL,12,"MILK - PRODUCTION, MEASURED IN LB / HEAD",LB / HEAD,"1,805"
2021,MONTHLY,AUG,FLORIDA,FL,12,"MILK - PRODUCTION, MEASURED IN LB / HEAD",LB / HEAD,"1,540"
2021,MONTHLY,DEC,FLORIDA,FL,12,"MILK - PRODUCTION, MEASURED IN LB / HEAD",LB / HEAD,"1,725"
2021,MONTHLY,FEB,FLORIDA,FL,12,"MILK - PRODUCTION, MEASURED IN LB / HEAD",LB / HEAD,"1,695"
2021,MONTHLY,JAN,FLORIDA,FL,12,"MILK - PRODUCTION, MEASURED IN LB / HEAD",LB / HEAD,"1,825"
2021,MONTHLY,JUL,FLORIDA,FL,12,"MILK - PRODUCTION, MEASURED IN LB / HEAD",LB / HEAD,"1,620"
2021,MONTHLY,JUN,FLORIDA,FL,12,"MILK - PRODUCTION, MEASURED IN LB / HEAD",LB / HEAD,"1,690"
2021,MONTHLY,MAR,FLORIDA,FL,12,"MILK - PRODUCTION, MEASURED IN LB / HEAD",LB / HEAD,"1,880"
2021,MONTHLY,MAY,FLORIDA,FL,12,"MILK - PRODUCTION, MEASURED IN LB / HEAD",LB / HEAD,"1,765"
2021,MONTHLY,NOV,FLORIDA,FL,12,"MILK - PRODUCTION, MEASURED IN LB / HEAD",LB / HEAD,"1,590"
2021,MONTHLY,OCT,FLORIDA,FL,12,"MILK - PRODUCTION, MEASURED IN LB / HEAD",LB / HEAD,"1,550"
2021,MONTHLY,SEP,FLORIDA,FL,12,"MILK - PRODUCTION, MEASURED IN LB / HEAD",LB / HEAD,"1,475"
2021,MONTHLY,APR,GEORGIA,GA,13,"MILK - PRODUCTION, MEASURED IN LB / HEAD",LB / HEAD,"1,915"
2021,MONTHLY,AUG,GEORGIA,GA,13,"MILK - PRODUCTION, MEASURED IN LB / HEAD",LB / HEAD,"1,730"
2021,MONTHLY,DEC,GEORGIA,GA,13,"MILK - PRODUCTION, MEASURED IN LB / HEAD",LB / HEAD,"1,900"
2021,MONTHLY,FEB,GEORGIA,GA,13,"MILK - PRODUCTION, MEASURED IN LB / HEAD",LB / HEAD,"1,790"
2021,MONTHLY,JAN,GEORGIA,GA,13,"MILK - PRODUCTION, MEASURED IN LB / HEAD",LB / HEAD,"1,950"
2021,MONTHLY,JUL,GEORGIA,GA,13,"MILK - PRODUCTION, MEASURED IN LB / HEAD",LB / HEAD,"1,780"
2021,MONTHLY,JUN,GEORGIA,GA,13,"MILK - PRODUCTION, MEASURED IN LB / HEAD",LB / HEAD,"1,830"
2021,MONTHLY,MAR,GEORGIA,GA,13,"MILK - PRODUCTION, MEASURED IN LB / HEAD",LB / HEAD,"2,010"
2021,MONTHLY,MAY,GEORGIA,GA,13,"MILK - PRODUCTION, MEASURED IN LB / HEAD",LB / HEAD,"1,890"
2021,MONTHLY,NOV,GEORGIA,GA,13,"MILK - PRODUCTION, MEASURED IN LB / HEAD",LB / HEAD,"1,770"
2021,MONTHLY,OCT,GEORGIA,GA,13,"MILK - PRODUCTION, MEASURED IN LB / HEAD",LB / HEAD,"1,780"
2021,MONTHLY,SEP,GEORGIA,GA,13,"MILK - PRODUCTION, MEASURED IN LB / HEAD",LB / HEAD,"1,670"
2021,MONTHLY,APR,IOWA,IA,19,"MILK - PRODUCTION, MEASURED IN LB / HEAD",LB / HEAD,"2,040"
2021,MONTHLY,AUG,IOWA,IA,19,"MILK - PRODUCTION, MEASURED IN LB / HEAD",LB / HEAD,"2,055"
2021,MONTHLY,DEC,IOWA,IA,19,"MILK - PRODUCTION, MEASURED IN LB / HEAD",LB / HEAD,"2,080"
2021,MONTHLY,FEB,IOWA,IA,19,"MILK - PRODUCTION, MEASURED IN LB / HEAD",LB / HEAD,"1,905"
2021,MONTHLY,JAN,IOWA,IA,19,"MILK - PRODUCTION, MEASURED IN LB / HEAD",LB / HEAD,"2,105"
2021,MONTHLY,JUL,IOWA,IA,19,"MILK - PRODUCTION, MEASURED IN LB / HEAD",LB / HEAD,"2,065"
2021,MONTHLY,JUN,IOWA,IA,19,"MILK - PRODUCTION, MEASURED IN LB / HEAD",LB / HEAD,"2,025"
2021,MONTHLY,MAR,IOWA,IA,19,"MILK - PRODUCTION, MEASURED IN LB / HEAD",LB / HEAD,"2,115"
2021,MONTHLY,MAY,IOWA,IA,19,"MILK - PRODUCTION, MEASURED IN LB / HEAD",LB / HEAD,"2,095"
2021,MONTHLY,NOV,IOWA,IA,19,"MILK - PRODUCTION, MEASURED IN LB / HEAD",LB / HEAD,"1,990"
2021,MONTHLY,OCT,IOWA,IA,19,"MILK - PRODUCTION, MEASURED IN LB / HEAD",LB / HEAD,"2,050"
2021,MONTHLY,SEP,IOWA,IA,19,"MILK - PRODUCTION, MEASURED IN LB / HEAD",LB / HEAD,"1,995"
2021,MONTHLY,APR,IDAHO,ID,16,"MILK - PRODUCTION, MEASURED IN LB / HEAD",LB / HEAD,"2,105"
2021,MONTHLY,AUG,IDAHO,ID,16,"MILK - PRODUCTION, MEASURED IN LB / HEAD",LB / HEAD,"2,170"
2021,MONTHLY,DEC,IDAHO,ID,16,"MILK - PRODUCTION, MEASURED IN LB / HEAD",LB / HEAD,"2,065"
2021,MONTHLY,FEB,IDAHO,ID,16,"MILK - PRODUCTION, MEASURED IN LB / HEAD",LB / HEAD,"1,910"
2021,MONTHLY,JAN,IDAHO,ID,16,"MILK - PRODUCTION, MEASURED IN LB / HEAD",LB / HEAD,"2,095"
2021,MONTHLY,JUL,IDAHO,ID,16,"MILK - PRODUCTION, MEASURED IN LB / HEAD",LB / HEAD,"2,190"
2021,MONTHLY,JUN,IDAHO,ID,16,"MILK - PRODUCTION, MEASURED IN LB / HEAD",LB / HEAD,"2,130"
2021,MONTHLY,MAR,IDAHO,ID,16,"MILK - PRODUCTION, MEASURED IN LB / HEAD",LB / HEAD,"2,135"
2021,MONTHLY,MAY,IDAHO,ID,16,"MILK - PRODUCTION, MEASURED IN LB / HEAD",LB / HEAD,"2,205"
2021,MONTHLY,NOV,IDAHO,ID,16,"MILK - PRODUCTION, MEASURED IN LB / HEAD",LB / HEAD,"2,010"
2021,MONTHLY,OCT,IDAHO,ID,16,"MILK - PRODUCTION, MEASURED IN LB / HEAD",LB / HEAD,"2,090"
2021,MONTHLY,SEP,IDAHO,ID,16,"MILK - PRODUCTION, MEASURED IN LB / HEAD",LB / HEAD,"2,070"
2021,MONTHLY,APR,ILLINOIS,IL,17,"MILK - PRODUCTION, MEASURED IN LB / HEAD",LB / HEAD,"1,880"
2021,MONTHLY,AUG,ILLINOIS,IL,17,"MILK - PRODUCTION, MEASURED IN LB / HEAD",LB / HEAD,"1,720"
2021,MONTHLY,DEC,ILLINOIS,IL,17,"MILK - PRODUCTION, MEASURED IN LB / HEAD",LB / HEAD,"1,820"
2021,MONTHLY,FEB,ILLINOIS,IL,17,"MILK - PRODUCTION, MEASURED IN LB / HEAD",LB / HEAD,"1,715"
2021,MONTHLY,JAN,ILLINOIS,IL,17,"MILK - PRODUCTION, MEASURED IN LB / HEAD",LB / HEAD,"1,860"
2021,MONTHLY,JUL,ILLINOIS,IL,17,"MILK - PRODUCTION, MEASURED IN LB / HEAD",LB / HEAD,"1,770"
2021,MONTHLY,JUN,ILLINOIS,IL,17,"MILK - PRODUCTION, MEASURED IN LB / HEAD",LB / HEAD,"1,800"
2021,MONTHLY,MAR,ILLINOIS,IL,17,"MILK - PRODUCTION, MEASURED IN LB / HEAD",LB / HEAD,"1,930"
2021,MONTHLY,MAY,ILLINOIS,IL,17,"MILK - PRODUCTION, MEASURED IN LB / HEAD",LB / HEAD,"1,900"
2021,MONTHLY,NOV,ILLINOIS,IL,17,"MILK - PRODUCTION, MEASURED IN LB / HEAD",LB / HEAD,"1,720"
2021,MONTHLY,OCT,ILLINOIS,IL,17,"MILK - PRODUCTION, MEASURED IN LB / HEAD",LB / HEAD,"1,725"
2021,MONTHLY,SEP,ILLINOIS,IL,17,"MILK - PRODUCTION, MEASURED IN LB / HEAD",LB / HEAD,"1,655"
2021,MONTHLY,APR,INDIANA,IN,18,"MILK - PRODUCTION, MEASURED IN LB / HEAD",LB / HEAD,"2,005"
2021,MONTHLY,AUG,INDIANA,IN,18,"MILK - PRODUCTION, MEASURED IN LB / HEAD",LB / HEAD,"1,940"
2021,MONTHLY,DEC,INDIANA,IN,18,"MILK - PRODUCTION, MEASURED IN LB / HEAD",LB / HEAD,"1,980"
2021,MONTHLY,FEB,INDIANA,IN,18,"MILK - PRODUCTION, MEASURED IN LB / HEAD",LB / HEAD,"1,820"
2021,MONTHLY,JAN,INDIANA,IN,18,"MILK - PRODUCTION, MEASURED IN LB / HEAD",LB / HEAD,"2,020"
2021,MONTHLY,JUL,INDIANA,IN,18,"MILK - PRODUCTION, MEASURED IN LB / HEAD",LB / HEAD,"1,970"
2021,MONTHLY,JUN,INDIANA,IN,18,"MILK - PRODUCTION, MEASURED IN LB / HEAD",LB / HEAD,"2,010"
2021,MONTHLY,MAR,INDIANA,IN,18,"MILK - PRODUCTION, MEASURED IN LB / HEAD",LB / HEAD,"2,065"
2021,MONTHLY,MAY,INDIANA,IN,18,"MILK - PRODUCTION, MEASURED IN LB / HEAD",LB / HEAD,"2,050"
2021,MONTHLY,NOV,INDIANA,IN,18,"MILK - PRODUCTION, MEASURED IN LB / HEAD",LB / HEAD,"1,890"
2021,MONTHLY,OCT,INDIANA,IN,18,"MILK - PRODUCTION, MEASURED IN LB / HEAD",LB / HEAD,"1,985"
2021,MONTHLY,SEP,INDIANA,IN,18,"MILK - PRODUCTION, MEASURED IN LB / HEAD",LB / HEAD,"1,900"
2021,MONTHLY,APR,KANSAS,KS,20,"MILK - PRODUCTION, MEASURED IN LB / HEAD",LB / HEAD,"2,005"
2021,MONTHLY,AUG,KANSAS,KS,20,"MILK - PRODUCTION, MEASURED IN LB / HEAD",LB / HEAD,"1,985"
2021,MONTHLY,DEC,KANSAS,KS,20,"MILK - PRODUCTION, MEASURED IN LB / HEAD",LB / HEAD,"2,025"
2021,MONTHLY,FEB,KANSAS,KS,20,"MILK - PRODUCTION, MEASURED IN LB / HEAD",LB / HEAD,"1,860"
2021,MONTHLY,JAN,KANSAS,KS,20,"MILK - PRODUCTION, MEASURED IN LB / HEAD",LB / HEAD,"2,065"
2021,MONTHLY,JUL,KANSAS,KS,20,"MILK - PRODUCTION, MEASURED IN LB / HEAD",LB / HEAD,"2,005"
2021,MONTHLY,JUN,KANSAS,KS,20,"MILK - PRODUCTION, MEASURED IN LB / HEAD",LB / HEAD,"1,920"
2021,MONTHLY,MAR,KANSAS,KS,20,"MILK - PRODUCTION, MEASURED IN LB / HEAD",LB / HEAD,"2,080"
2021,MONTHLY,MAY,KANSAS,KS,20,"MILK - PRODUCTION, MEASURED IN LB / HEAD",LB / HEAD,"2,040"
2021,MONTHLY,NOV,KANSAS,KS,20,"MILK - PRODUCTION, MEASURED IN LB / HEAD",LB / HEAD,"1,940"
2021,MONTHLY,OCT,KANSAS,KS,20,"MILK - PRODUCTION, MEASURED IN LB / HEAD",LB / HEAD,"1,990"
2021,MONTHLY,SEP,KANSAS,KS,20,"MILK - PRODUCTION, MEASURED IN LB / HEAD",LB / HEAD,"1,915"
2021,MONTHLY,APR,MICHIGAN,MI,26,"MILK - PRODUCTION, MEASURED IN LB / HEAD",LB / HEAD,"2,275"
2021,MONTHLY,AUG,MICHIGAN,MI,26,"MILK - PRODUCTION, MEASURED IN LB / HEAD",LB / HEAD,"2,280"
2021,MONTHLY,DEC,MICHIGAN,MI,26,"MILK - PRODUCTION, MEASURED IN LB / HEAD",LB / HEAD,"2,240"
2021,MONTHLY,FEB,MICHIGAN,MI,26,"MILK - PRODUCTION, MEASURED IN LB / HEAD",LB / HEAD,"2,100"
2021,MONTHLY,JAN,MICHIGAN,MI,26,"MILK - PRODUCTION, MEASURED IN LB / HEAD",LB / HEAD,"2,295"
2021,MONTHLY,JUL,MICHIGAN,MI,26,"MILK - PRODUCTION, MEASURED IN LB / HEAD",LB / HEAD,"2,320"
2021,MONTHLY,JUN,MICHIGAN,MI,26,"MILK - PRODUCTION, MEASURED IN LB / HEAD",LB / HEAD,"2,270"
2021,MONTHLY,MAR,MICHIGAN,MI,26,"MILK - PRODUCTION, MEASURED IN LB / HEAD",LB / HEAD,"2,345"
2021,MONTHLY,MAY,MICHIGAN,MI,26,"MILK - PRODUCTION, MEASURED IN LB / HEAD",LB / HEAD,"2,335"
2021,MONTHLY,NOV,MICHIGAN,MI,26,"MILK - PRODUCTION, MEASURED IN LB / HEAD",LB / HEAD,"2,160"
2021,MONTHLY,OCT,MICHIGAN,MI,26,"MILK - PRODUCTION, MEASURED IN LB / HEAD",LB / HEAD,"2,255"
2021,MONTHLY,SEP,MICHIGAN,MI,26,"MILK - PRODUCTION, MEASURED IN LB / HEAD",LB / HEAD,"2,190"
2021,MONTHLY,APR,MINNESOTA,MN,27,"MILK - PRODUCTION, MEASURED IN LB / HEAD",LB / HEAD,"1,895"
2021,MONTHLY,AUG,MINNESOTA,MN,27,"MILK - PRODUCTION, MEASURED IN LB / HEAD",LB / HEAD,"1,940"
2021,MONTHLY,DEC,MINNESOTA,MN,27,"MILK - PRODUCTION, MEASURED IN LB / HEAD",LB / HEAD,"1,905"
2021,MONTHLY,FEB,MINNESOTA,MN,27,"MILK - PRODUCTION, MEASURED IN LB / HEAD",LB / HEAD,"1,780"
2021,MONTHLY,JAN,MINNESOTA,MN,27,"MILK - PRODUCTION, MEASURED IN LB / HEAD",LB / HEAD,"1,940"
2021,MONTHLY,JUL,MINNESOTA,MN,27,"MILK - PRODUCTION, MEASURED IN LB / HEAD",LB / HEAD,"1,945"
2021,MONTHLY,JUN,MINNESOTA,MN,27,"MILK - PRODUCTION, MEASURED IN LB / HEAD",LB / HEAD,"1,895"
2021,MONTHLY,MAR,MINNESOTA,MN,27,"MILK - PRODUCTION, MEASURED IN LB / HEAD",LB / HEAD,"1,970"
2021,MONTHLY,MAY,MINNESOTA,MN,27,"MILK - PRODUCTION, MEASURED IN LB / HEAD",LB / HEAD,"1,960"
2021,MONTHLY,NOV,MINNESOTA,MN,27,"MILK - PRODUCTION, MEASURED IN LB / HEAD",LB / HEAD,"1,835"
2021,MONTHLY,OCT,MINNESOTA,MN,27,"MILK - PRODUCTION, MEASURED IN LB / HEAD",LB / HEAD,"1,910"
2021,MONTHLY,SEP,MINNESOTA,MN,27,"MILK - PRODUCTION, MEASURED IN LB / HEAD",LB / HEAD,"1,870"
2021,MONTHLY,APR,NEW MEXICO,NM,35,"MILK - PRODUCTION, MEASURED IN LB / HEAD",LB / HEAD,"2,140"
2021,MONTHLY,AUG,NEW MEXICO,NM,35,"MILK - PRODUCTION, MEASURED IN LB / HEAD",LB / HEAD,"1,980"
2021,MONTHLY,DEC,NEW MEXICO,NM,35,"MILK - PRODUCTION, MEASURED IN LB / HEAD",LB / HEAD,"2,060"
2021,MONTHLY,FEB,NEW MEXICO,NM,35,"MILK - PRODUCTION, MEASURED IN LB / HEAD",LB / HEAD,"1,955"
2021,MONTHLY,JAN,NEW MEXICO,NM,35,"MILK - PRODUCTION, MEASURED IN LB / HEAD",LB / HEAD,"2,140"
2021,MONTHLY,JUL,NEW MEXICO,NM,35,"MILK - PRODUCTION, MEASURED IN LB / HEAD",LB / HEAD,"2,020"
2021,MONTHLY,JUN,NEW MEXICO,NM,35,"MILK - PRODUCTION, MEASURED IN LB / HEAD",LB / HEAD,"2,040"
2021,MONTHLY,MAR,NEW MEXICO,NM,35,"MILK - PRODUCTION, MEASURED IN LB / HEAD",LB / HEAD,"2,165"
2021,MONTHLY,MAY,NEW MEXICO,NM,35,"MILK - PRODUCTION, MEASURED IN LB / HEAD",LB / HEAD,"2,120"
2021,MONTHLY,NOV,NEW MEXICO,NM,35,"MILK - PRODUCTION, MEASURED IN LB / HEAD",LB / HEAD,"1,960"
2021,MONTHLY,OCT,NEW MEXICO,NM,35,"MILK - PRODUCTION, MEASURED IN LB / HEAD",LB / HEAD,"2,020"
2021,MONTHLY,SEP,NEW MEXICO,NM,35,"MILK - PRODUCTION, MEASURED IN LB / HEAD",LB / HEAD,"1,940"
2021,MONTHLY,APR,NEW YORK,NY,36,"MILK - PRODUCTION, MEASURED IN LB / HEAD",LB / HEAD,"2,100"
2021,MONTHLY,AUG,NEW YORK,NY,36,"MILK - PRODUCTION, MEASURED IN LB / HEAD",LB / HEAD,"2,075"
2021,MONTHLY,DEC,NEW YORK,NY,36,"MILK - PRODUCTION, MEASURED IN LB / HEAD",LB / HEAD,"2,075"
2021,MONTHLY,FEB,NEW YORK,NY,36,"MILK - PRODUCTION, MEASURED IN LB / HEAD",LB / HEAD,"1,905"
2021,MONTHLY,JAN,NEW YORK,NY,36,"MILK - PRODUCTION, MEASURED IN LB / HEAD",LB / HEAD,"2,100"
2021,MONTHLY,JUL,NEW YORK,NY,36,"MILK - PRODUCTION, MEASURED IN LB / HEAD",LB / HEAD,"2,120"
2021,MONTHLY,JUN,NEW YORK,NY,36,"MILK - PRODUCTION, MEASURED IN LB / HEAD",LB / HEAD,"2,085"
2021,MONTHLY,MAR,NEW YORK,NY,36,"MILK - PRODUCTION, MEASURED IN LB / HEAD",LB / HEAD,"2,140"
2021,MONTHLY,MAY,NEW YORK,NY,36,"MILK - PRODUCTION, MEASURED IN LB / HEAD",LB / HEAD,"2,155"
2021,MONTHLY,NOV,NEW YORK,NY,36,"MILK - PRODUCTION, MEASURED IN LB / HEAD",LB / HEAD,"1,980"
2021,MONTHLY,OCT,NEW YORK,NY,36,"MILK - PRODUCTION, MEASURED IN LB / HEAD",LB / HEAD,"2,050"
2021,MONTHLY,SEP,NEW YORK,NY,36,"MILK - PRODUCTION, MEASURED IN LB / HEAD",LB / HEAD,"2,000"
2021,MONTHLY,APR,OHIO,OH,39,"MILK - PRODUCTION, MEASURED IN LB / HEAD",LB / HEAD,"1,840"
2021,MONTHLY,AUG,OHIO,OH,39,"MILK - PRODUCTION, MEASURED IN LB / HEAD",LB / HEAD,"1,850"
2021,MONTHLY,DEC,OHIO,OH,39,"MILK - PRODUCTION, MEASURED IN LB / HEAD",LB / HEAD,"1,860"
2021,MONTHLY,FEB,OHIO,OH,39,"MILK - PRODUCTION, MEASURED IN LB / HEAD",LB / HEAD,"1,700"
2021,MONTHLY,JAN,OHIO,OH,39,"MILK - PRODUCTION, MEASURED IN LB / HEAD",LB / HEAD,"1,860"
2021,MONTHLY,JUL,OHIO,OH,39,"MILK - PRODUCTION, MEASURED IN LB / HEAD",LB / HEAD,"1,870"
2021,MONTHLY,JUN,OHIO,OH,39,"MILK - PRODUCTION, MEASURED IN LB / HEAD",LB / HEAD,"1,840"
2021,MONTHLY,MAR,OHIO,OH,39,"MILK - PRODUCTION, MEASURED IN LB / HEAD",LB / HEAD,"1,910"
2021,MONTHLY,MAY,OHIO,OH,39,"MILK - PRODUCTION, MEASURED IN LB / HEAD",LB / HEAD,"1,890"
2021,MONTHLY,NOV,OHIO,OH,39,"MILK - PRODUCTION, MEASURED IN LB / HEAD",LB / HEAD,"1,770"
2021,MONTHLY,OCT,OHIO,OH,39,"MILK - PRODUCTION, MEASURED IN LB / HEAD",LB / HEAD,"1,835"
2021,MONTHLY,SEP,OHIO,OH,39,"MILK - PRODUCTION, MEASURED IN LB / HEAD",LB / HEAD,"1,760"
2021,MONTHLY,APR,OREGON,OR,41,"MILK - PRODUCTION, MEASURED IN LB / HEAD",LB / HEAD,"1,755"
2021,MONTHLY,AUG,OREGON,OR,41,"MILK - PRODUCTION, MEASURED IN LB / HEAD",LB / HEAD,"1,770"
2021,MONTHLY,DEC,OREGON,OR,41,"MILK - PRODUCTION, MEASURED IN LB / HEAD",LB / HEAD,"1,715"
2021,MONTHLY,FEB,OREGON,OR,41,"MILK - PRODUCTION, MEASURED IN LB / HEAD",LB / HEAD,"1,605"
2021,MONTHLY,JAN,OREGON,OR,41,"MILK - PRODUCTION, MEASURED IN LB / HEAD",LB / HEAD,"1,760"
2021,MONTHLY,JUL,OREGON,OR,41,"MILK - PRODUCTION, MEASURED IN LB / HEAD",LB / HEAD,"1,800"
2021,MONTHLY,JUN,OREGON,OR,41,"MILK - PRODUCTION, MEASURED IN LB / HEAD",LB / HEAD,"1,755"
2021,MONTHLY,MAR,OREGON,OR,41,"MILK - PRODUCTION, MEASURED IN LB / HEAD",LB / HEAD,"1,795"
2021,MONTHLY,MAY,OREGON,OR,41,"MILK - PRODUCTION, MEASURED IN LB / HEAD",LB / HEAD,"1,830"
2021,MONTHLY,NOV,OREGON,OR,41,"MILK - PRODUCTION, MEASURED IN LB / HEAD",LB / HEAD,"1,680"
2021,MONTHLY,OCT,OREGON,OR,41,"MILK - PRODUCTION, MEASURED IN LB / HEAD",LB / HEAD,"1,760"
2021,MONTHLY,SEP,OREGON,OR,41,"MILK - PRODUCTION, MEASURED IN LB / HEAD",LB / HEAD,"1,710"
2021,MONTHLY,APR,PENNSYLVANIA,PA,42,"MILK - PRODUCTION, MEASURED IN LB / HEAD",LB / HEAD,"1,840"
2021,MONTHLY,AUG,PENNSYLVANIA,PA,42,"MILK - PRODUCTION, MEASURED IN LB / HEAD",LB / HEAD,"1,750"
2021,MONTHLY,DEC,PENNSYLVANIA,PA,42,"MILK - PRODUCTION, MEASURED IN LB / HEAD",LB / HEAD,"1,775"
2021,MONTHLY,FEB,PENNSYLVANIA,PA,42,"MILK - PRODUCTION, MEASURED IN LB / HEAD",LB / HEAD,"1,680"
2021,MONTHLY,JAN,PENNSYLVANIA,PA,42,"MILK - PRODUCTION, MEASURED IN LB / HEAD",LB / HEAD,"1,840"
2021,MONTHLY,JUL,PENNSYLVANIA,PA,42,"MILK - PRODUCTION, MEASURED IN LB / HEAD",LB / HEAD,"1,795"
2021,MONTHLY,JUN,PENNSYLVANIA,PA,42,"MILK - PRODUCTION, MEASURED IN LB / HEAD",LB / HEAD,"1,780"
2021,MONTHLY,MAR,PENNSYLVANIA,PA,42,"MILK - PRODUCTION, MEASURED IN LB / HEAD",LB / HEAD,"1,880"
2021,MONTHLY,MAY,PENNSYLVANIA,PA,42,"MILK - PRODUCTION, MEASURED IN LB / HEAD",LB / HEAD,"1,880"
2021,MONTHLY,NOV,PENNSYLVANIA,PA,42,"MILK - PRODUCTION, MEASURED IN LB / HEAD",LB / HEAD,"1,705"
2021,MONTHLY,OCT,PENNSYLVANIA,PA,42,"MILK - PRODUCTION, MEASURED IN LB / HEAD",LB / HEAD,"1,740"
2021,MONTHLY,SEP,PENNSYLVANIA,PA,42,"MILK - PRODUCTION, MEASURED IN LB / HEAD",LB / HEAD,"1,690"
2021,MONTHLY,APR,SOUTH DAKOTA,SD,46,"MILK - PRODUCTION, MEASURED IN LB / HEAD",LB / HEAD,"1,885"
2021,MONTHLY,AUG,SOUTH DAKOTA,SD,46,"MILK - PRODUCTION, MEASURED IN LB / HEAD",LB / HEAD,"1,980"
2021,MONTHLY,DEC,SOUTH DAKOTA,SD,46,"MILK - PRODUCTION, MEASURED IN LB / HEAD",LB / HEAD,"1,920"
2021,MONTHLY,FEB,SOUTH DAKOTA,SD,46,"MILK - PRODUCTION, MEASURED IN LB / HEAD",LB / HEAD,"1,755"
2021,MONTHLY,JAN,SOUTH DAKOTA,SD,46,"MILK - PRODUCTION, MEASURED IN LB / HEAD",LB / HEAD,"1,955"
2021,MONTHLY,JUL,SOUTH DAKOTA,SD,46,"MILK - PRODUCTION, MEASURED IN LB / HEAD",LB / HEAD,"1,970"
2021,MONTHLY,JUN,SOUTH DAKOTA,SD,46,"MILK - PRODUCTION, MEASURED IN LB / HEAD",LB / HEAD,"1,910"
2021,MONTHLY,MAR,SOUTH DAKOTA,SD,46,"MILK - PRODUCTION, MEASURED IN LB / HEAD",LB / HEAD,"1,940"
2021,MONTHLY,MAY,SOUTH DAKOTA,SD,46,"MILK - PRODUCTION, MEASURED IN LB / HEAD",LB / HEAD,"1,960"
2021,MONTHLY,NOV,SOUTH DAKOTA,SD,46,"MILK - PRODUCTION, MEASURED IN LB / HEAD",LB / HEAD,"1,880"
2021,MONTHLY,OCT,SOUTH DAKOTA,SD,46,"MILK - PRODUCTION, MEASURED IN LB / HEAD",LB / HEAD,"1,975"
2021,MONTHLY,SEP,SOUTH DAKOTA,SD,46,"MILK - PRODUCTION, MEASURED IN LB / HEAD",LB / HEAD,"1,920"
2021,MONTHLY,APR,TEXAS,TX,48,"MILK - PRODUCTION, MEASURED IN LB / HEAD",LB / HEAD,"2,155"
2021,MONTHLY,AUG,TEXAS,TX,48,"MILK - PRODUCTION, MEASURED IN LB / HEAD",LB / HEAD,"2,035"
2021,MONTHLY,DEC,TEXAS,TX,48,"MILK - PRODUCTION, MEASURED IN LB / HEAD",LB / HEAD,"2,150"
2021,MONTHLY,FEB,TEXAS,TX,48,"MILK - PRODUCTION, MEASURED IN LB / HEAD",LB / HEAD,"1,955"
2021,MONTHLY,JAN,TEXAS,TX,48,"MILK - PRODUCTION, MEASURED IN LB / HEAD",LB / HEAD,"2,160"
2021,MONTHLY,JUL,TEXAS,TX,48,"MILK - PRODUCTION, MEASURED IN LB / HEAD",LB / HEAD,"2,090"
2021,MONTHLY,JUN,TEXAS,TX,48,"MILK - PRODUCTION, MEASURED IN LB / HEAD",LB / HEAD,"2,055"
2021,MONTHLY,MAR,TEXAS,TX,48,"MILK - PRODUCTION, MEASURED IN LB / HEAD",LB / HEAD,"2,180"
2021,MONTHLY,MAY,TEXAS,TX,48,"MILK - PRODUCTION, MEASURED IN LB / HEAD",LB / HEAD,"2,175"
2021,MONTHLY,NOV,TEXAS,TX,48,"MILK - PRODUCTION, MEASURED IN LB / HEAD",LB / HEAD,"2,030"
2021,MONTHLY,OCT,TEXAS,TX,48,"MILK - PRODUCTION, MEASURED IN LB / HEAD",LB / HEAD,"2,105"
2021,MONTHLY,SEP,TEXAS,TX,48,"MILK - PRODUCTION, MEASURED IN LB / HEAD",LB / HEAD,"1,985"
2021,MONTHLY,APR,US TOTAL,US,99,"MILK - PRODUCTION, MEASURED IN LB / HEAD",LB / HEAD,"2,037"
2021,MONTHLY,APR THRU JUN,US TOTAL,US,99,"MILK - PRODUCTION, MEASURED IN LB / HEAD",LB / HEAD,"6,117"
2021,MONTHLY,AUG,US TOTAL,US,99,"MILK - PRODUCTION, MEASURED IN LB / HEAD",LB / HEAD,"1,984"
2021,MONTHLY,DEC,US TOTAL,US,99,"MILK - PRODUCTION, MEASURED IN LB / HEAD",LB / HEAD,"2,002"
2021,MONTHLY,FEB,US TOTAL,US,99,"MILK - PRODUCTION, MEASURED IN LB / HEAD",LB / HEAD,"1,869"
2021,MONTHLY,JAN,US TOTAL,US,99,"MILK - PRODUCTION, MEASURED IN LB / HEAD",LB / HEAD,"2,048"
2021,MONTHLY,JAN THRU MAR,US TOTAL,US,99,"MILK - PRODUCTION, MEASURED IN LB / HEAD",LB / HEAD,"6,005"
2021,MONTHLY,JUL,US TOTAL,US,99,"MILK - PRODUCTION, MEASURED IN LB / HEAD",LB / HEAD,"2,015"
2021,MONTHLY,JUL THRU SEP,US TOTAL,US,99,"MILK - PRODUCTION, MEASURED IN LB / HEAD",LB / HEAD,"5,915"
2021,MONTHLY,JUN,US TOTAL,US,99,"MILK - PRODUCTION, MEASURED IN LB / HEAD",LB / HEAD,"1,992"
2021,MONTHLY,MAR,US TOTAL,US,99,"MILK - PRODUCTION, MEASURED IN LB / HEAD",LB / HEAD,"2,088"
2021,MONTHLY,MAY,US TOTAL,US,99,"MILK - PRODUCTION, MEASURED IN LB / HEAD",LB / HEAD,"2,088"
2021,MONTHLY,NOV,US TOTAL,US,99,"MILK - PRODUCTION, MEASURED IN LB / HEAD",LB / HEAD,"1,919"
2021,MONTHLY,OCT,US TOTAL,US,99,"MILK - PRODUCTION, MEASURED IN LB / HEAD",LB / HEAD,"1,983"
2021,MONTHLY,OCT THRU DEC,US TOTAL,US,99,"MILK - PRODUCTION, MEASURED IN LB / HEAD",LB / HEAD,"5,904"
2021,MONTHLY,SEP,US TOTAL,US,99,"MILK - PRODUCTION, MEASURED IN LB / HEAD",LB / HEAD,"1,916"
2021,MONTHLY,APR,UTAH,UT,49,"MILK - PRODUCTION, MEASURED IN LB / HEAD",LB / HEAD,"1,945"
2021,MONTHLY,AUG,UTAH,UT,49,"MILK - PRODUCTION, MEASURED IN LB / HEAD",LB / HEAD,"1,990"
2021,MONTHLY,DEC,UTAH,UT,49,"MILK - PRODUCTION, MEASURED IN LB / HEAD",LB / HEAD,"1,935"
2021,MONTHLY,FEB,UTAH,UT,49,"MILK - PRODUCTION, MEASURED IN LB / HEAD",LB / HEAD,"1,770"
2021,MONTHLY,JAN,UTAH,UT,49,"MILK - PRODUCTION, MEASURED IN LB / HEAD",LB / HEAD,"1,955"
2021,MONTHLY,JUL,UTAH,UT,49,"MILK - PRODUCTION, MEASURED IN LB / HEAD",LB / HEAD,"2,000"
2021,MONTHLY,JUN,UTAH,UT,49,"MILK - PRODUCTION, MEASURED IN LB / HEAD",LB / HEAD,"1,975"
2021,MONTHLY,MAR,UTAH,UT,49,"MILK - PRODUCTION, MEASURED IN LB / HEAD",LB / HEAD,"1,970"
2021,MONTHLY,MAY,UTAH,UT,49,"MILK - PRODUCTION, MEASURED IN LB / HEAD",LB / HEAD,"2,030"
2021,MONTHLY,NOV,UTAH,UT,49,"MILK - PRODUCTION, MEASURED IN LB / HEAD",LB / HEAD,"1,875"
2021,MONTHLY,OCT,UTAH,UT,49,"MILK - PRODUCTION, MEASURED IN LB / HEAD",LB / HEAD,"1,930"
2021,MONTHLY,SEP,UTAH,UT,49,"MILK - PRODUCTION, MEASURED IN LB / HEAD",LB / HEAD,"1,905"
2021,MONTHLY,APR,VIRGINIA,VA,51,"MILK - PRODUCTION, MEASURED IN LB / HEAD",LB / HEAD,"1,770"
2021,MONTHLY,AUG,VIRGINIA,VA,51,"MILK - PRODUCTION, MEASURED IN LB / HEAD",LB / HEAD,"1,625"
2021,MONTHLY,DEC,VIRGINIA,VA,51,"MILK - PRODUCTION, MEASURED IN LB / HEAD",LB / HEAD,"1,735"
2021,MONTHLY,FEB,VIRGINIA,VA,51,"MILK - PRODUCTION, MEASURED IN LB / HEAD",LB / HEAD,"1,600"
2021,MONTHLY,JAN,VIRGINIA,VA,51,"MILK - PRODUCTION, MEASURED IN LB / HEAD",LB / HEAD,"1,760"
2021,MONTHLY,JUL,VIRGINIA,VA,51,"MILK - PRODUCTION, MEASURED IN LB / HEAD",LB / HEAD,"1,650"
2021,MONTHLY,JUN,VIRGINIA,VA,51,"MILK - PRODUCTION, MEASURED IN LB / HEAD",LB / HEAD,"1,655"
2021,MONTHLY,MAR,VIRGINIA,VA,51,"MILK - PRODUCTION, MEASURED IN LB / HEAD",LB / HEAD,"1,820"
2021,MONTHLY,MAY,VIRGINIA,VA,51,"MILK - PRODUCTION, MEASURED IN LB / HEAD",LB / HEAD,"1,785"
2021,MONTHLY,NOV,VIRGINIA,VA,51,"MILK - PRODUCTION, MEASURED IN LB / HEAD",LB / HEAD,"1,645"
2021,MONTHLY,OCT,VIRGINIA,VA,51,"MILK - PRODUCTION, MEASURED IN LB / HEAD",LB / HEAD,"1,670"
2021,MONTHLY,SEP,VIRGINIA,VA,51,"MILK - PRODUCTION, MEASURED IN LB / HEAD",LB / HEAD,"1,590"
2021,MONTHLY,APR,VERMONT,VT,50,"MILK - PRODUCTION, MEASURED IN LB / HEAD",LB / HEAD,"1,825"
2021,MONTHLY,AUG,VERMONT,VT,50,"MILK - PRODUCTION, MEASURED IN LB / HEAD",LB / HEAD,"1,780"
2021,MONTHLY,DEC,VERMONT,VT,50,"MILK - PRODUCTION, MEASURED IN LB / HEAD",LB / HEAD,"1,785"
2021,MONTHLY,FEB,VERMONT,VT,50,"MILK - PRODUCTION, MEASURED IN LB / HEAD",LB / HEAD,"1,675"
2021,MONTHLY,JAN,VERMONT,VT,50,"MILK - PRODUCTION, MEASURED IN LB / HEAD",LB / HEAD,"1,835"
2021,MONTHLY,JUL,VERMONT,VT,50,"MILK - PRODUCTION, MEASURED IN LB / HEAD",LB / HEAD,"1,825"
2021,MONTHLY,JUN,VERMONT,VT,50,"MILK - PRODUCTION, MEASURED IN LB / HEAD",LB / HEAD,"1,800"
2021,MONTHLY,MAR,VERMONT,VT,50,"MILK - PRODUCTION, MEASURED IN LB / HEAD",LB / HEAD,"1,870"
2021,MONTHLY,MAY,VERMONT,VT,50,"MILK - PRODUCTION, MEASURED IN LB / HEAD",LB / HEAD,"1,855"
2021,MONTHLY,NOV,VERMONT,VT,50,"MILK - PRODUCTION, MEASURED IN LB / HEAD",LB / HEAD,"1,700"
2021,MONTHLY,OCT,VERMONT,VT,50,"MILK - PRODUCTION, MEASURED IN LB / HEAD",LB / HEAD,"1,760"
2021,MONTHLY,SEP,VERMONT,VT,50,"MILK - PRODUCTION, MEASURED IN LB / HEAD",LB / HEAD,"1,725"
2021,MONTHLY,APR,WASHINGTON,WA,53,"MILK - PRODUCTION, MEASURED IN LB / HEAD",LB / HEAD,"2,025"
2021,MONTHLY,AUG,WASHINGTON,WA,53,"MILK - PRODUCTION, MEASURED IN LB / HEAD",LB / HEAD,"2,030"
2021,MONTHLY,DEC,WASHINGTON,WA,53,"MILK - PRODUCTION, MEASURED IN LB / HEAD",LB / HEAD,"1,990"
2021,MONTHLY,FEB,WASHINGTON,WA,53,"MILK - PRODUCTION, MEASURED IN LB / HEAD",LB / HEAD,"1,850"
2021,MONTHLY,JAN,WASHINGTON,WA,53,"MILK - PRODUCTION, MEASURED IN LB / HEAD",LB / HEAD,"2,035"
2021,MONTHLY,JUL,WASHINGTON,WA,53,"MILK - PRODUCTION, MEASURED IN LB / HEAD",LB / HEAD,"2,045"
2021,MONTHLY,JUN,WASHINGTON,WA,53,"MILK - PRODUCTION, MEASURED IN LB / HEAD",LB / HEAD,"2,010"
2021,MONTHLY,MAR,WASHINGTON,WA,53,"MILK - PRODUCTION, MEASURED IN LB / HEAD",LB / HEAD,"2,060"
2021,MONTHLY,MAY,WASHINGTON,WA,53,"MILK - PRODUCTION, MEASURED IN LB / HEAD",LB / HEAD,"2,105"
2021,MONTHLY,NOV,WASHINGTON,WA,53,"MILK - PRODUCTION, MEASURED IN LB / HEAD",LB / HEAD,"1,920"
2021,MONTHLY,OCT,WASHINGTON,WA,53,"MILK - PRODUCTION, MEASURED IN LB / HEAD",LB / HEAD,"2,010"
2021,MONTHLY,SEP,WASHINGTON,WA,53,"MILK - PRODUCTION, MEASURED IN LB / HEAD",LB / HEAD,"1,975"
2021,MONTHLY,APR,WISCONSIN,WI,55,"MILK - PRODUCTION, MEASURED IN LB / HEAD",LB / HEAD,"2,075"
2021,MONTHLY,AUG,WISCONSIN,WI,55,"MILK - PRODUCTION, MEASURED IN LB / HEAD",LB / HEAD,"2,110"
2021,MONTHLY,DEC,WISCONSIN,WI,55,"MILK - PRODUCTION, MEASURED IN LB / HEAD",LB / HEAD,"2,075"
2021,MONTHLY,FEB,WISCONSIN,WI,55,"MILK - PRODUCTION, MEASURED IN LB / HEAD",LB / HEAD,"1,925"
2021,MONTHLY,JAN,WISCONSIN,WI,55,"MILK - PRODUCTION, MEASURED IN LB / HEAD",LB / HEAD,"2,120"
2021,MONTHLY,JUL,WISCONSIN,WI,55,"MILK - PRODUCTION, MEASURED IN LB / HEAD",LB / HEAD,"2,135"
2021,MONTHLY,JUN,WISCONSIN,WI,55,"MILK - PRODUCTION, MEASURED IN LB / HEAD",LB / HEAD,"2,070"
2021,MONTHLY,MAR,WISCONSIN,WI,55,"MILK - PRODUCTION, MEASURED IN LB / HEAD",LB / HEAD,"2,140"
2021,MONTHLY,MAY,WISCONSIN,WI,55,"MILK - PRODUCTION, MEASURED IN LB / HEAD",LB / HEAD,"2,145"
2021,MONTHLY,NOV,WISCONSIN,WI,55,"MILK - PRODUCTION, MEASURED IN LB / HEAD",LB / HEAD,"1,995"
2021,MONTHLY,OCT,WISCONSIN,WI,55,"MILK - PRODUCTION, MEASURED IN LB / HEAD",LB / HEAD,"2,075"
2021,MONTHLY,SEP,WISCONSIN,WI,55,"MILK - PRODUCTION, MEASURED IN LB / HEAD",LB / HEAD,"2,030"
2022,MONTHLY,APR,ARIZONA,AZ,04,"MILK - PRODUCTION, MEASURED IN LB / HEAD",LB / HEAD,"2,175"
2022,MONTHLY,AUG,ARIZONA,AZ,04,"MILK - PRODUCTION, MEASURED IN LB / HEAD",LB / HEAD,"1,840"
2022,MONTHLY,DEC,ARIZONA,AZ,04,"MILK - PRODUCTION, MEASURED IN LB / HEAD",LB / HEAD,"2,085"
2022,MONTHLY,FEB,ARIZONA,AZ,04,"MILK - PRODUCTION, MEASURED IN LB / HEAD",LB / HEAD,"2,010"
2022,MONTHLY,JAN,ARIZONA,AZ,04,"MILK - PRODUCTION, MEASURED IN LB / HEAD",LB / HEAD,"2,115"
2022,MONTHLY,JUL,ARIZONA,AZ,04,"MILK - PRODUCTION, MEASURED IN LB / HEAD",LB / HEAD,"1,905"
2022,MONTHLY,JUN,ARIZONA,AZ,04,"MILK - PRODUCTION, MEASURED IN LB / HEAD",LB / HEAD,"2,010"
2022,MONTHLY,MAR,ARIZONA,AZ,04,"MILK - PRODUCTION, MEASURED IN LB / HEAD",LB / HEAD,"2,270"
2022,MONTHLY,MAY,ARIZONA,AZ,04,"MILK - PRODUCTION, MEASURED IN LB / HEAD",LB / HEAD,"2,175"
2022,MONTHLY,NOV,ARIZONA,AZ,04,"MILK - PRODUCTION, MEASURED IN LB / HEAD",LB / HEAD,"1,965"
2022,MONTHLY,OCT,ARIZONA,AZ,04,"MILK - PRODUCTION, MEASURED IN LB / HEAD",LB / HEAD,"1,935"
2022,MONTHLY,SEP,ARIZONA,AZ,04,"MILK - PRODUCTION, MEASURED IN LB / HEAD",LB / HEAD,"1,790"
2022,MONTHLY,APR,CALIFORNIA,CA,06,"MILK - PRODUCTION, MEASURED IN LB / HEAD",LB / HEAD,"2,100"
2022,MONTHLY,AUG,CALIFORNIA,CA,06,"MILK - PRODUCTION, MEASURED IN LB / HEAD",LB / HEAD,"2,015"
2022,MONTHLY,DEC,CALIFORNIA,CA,06,"MILK - PRODUCTION, MEASURED IN LB / HEAD",LB / HEAD,"2,025"
2022,MONTHLY,FEB,CALIFORNIA,CA,06,"MILK - PRODUCTION, MEASURED IN LB / HEAD",LB / HEAD,"1,925"
2022,MONTHLY,JAN,CALIFORNIA,CA,06,"MILK - PRODUCTION, MEASURED IN LB / HEAD",LB / HEAD,"2,055"
2022,MONTHLY,JUL,CALIFORNIA,CA,06,"MILK - PRODUCTION, MEASURED IN LB / HEAD",LB / HEAD,"2,050"
2022,MONTHLY,JUN,CALIFORNIA,CA,06,"MILK - PRODUCTION, MEASURED IN LB / HEAD",LB / HEAD,"2,020"
2022,MONTHLY,MAR,CALIFORNIA,CA,06,"MILK - PRODUCTION, MEASURED IN LB / HEAD",LB / HEAD,"2,165"
2022,MONTHLY,MAY,CALIFORNIA,CA,06,"MILK - PRODUCTION, MEASURED IN LB / HEAD",LB / HEAD,"2,135"
2022,MONTHLY,NOV,CALIFORNIA,CA,06,"MILK - PRODUCTION, MEASURED IN LB / HEAD",LB / HEAD,"1,935"
2022,MONTHLY,OCT,CALIFORNIA,CA,06,"MILK - PRODUCTION, MEASURED IN LB / HEAD",LB / HEAD,"1,980"
2022,MONTHLY,SEP,CALIFORNIA,CA,06,"MILK - PRODUCTION, MEASURED IN LB / HEAD",LB / HEAD,"1,905"
2022,MONTHLY,APR,COLORADO,CO,08,"MILK - PRODUCTION, MEASURED IN LB / HEAD",LB / HEAD,"2,160"
2022,MONTHLY,AUG,COLORADO,CO,08,"MILK - PRODUCTION, MEASURED IN LB / HEAD",LB / HEAD,"2,215"
2022,MONTHLY,DEC,COLORADO,CO,08,"MILK - PRODUCTION, MEASURED IN LB / HEAD",LB / HEAD,"2,180"
2022,MONTHLY,FEB,COLORADO,CO,08,"MILK - PRODUCTION, MEASURED IN LB / HEAD",LB / HEAD,"1,990"
2022,MONTHLY,JAN,COLORADO,CO,08,"MILK - PRODUCTION, MEASURED IN LB / HEAD",LB / HEAD,"2,205"
2022,MONTHLY,JUL,COLORADO,CO,08,"MILK - PRODUCTION, MEASURED IN LB / HEAD",LB / HEAD,"2,220"
2022,MONTHLY,JUN,COLORADO,CO,08,"MILK - PRODUCTION, MEASURED IN LB / HEAD",LB / HEAD,"2,155"
2022,MONTHLY,MAR,COLORADO,CO,08,"MILK - PRODUCTION, MEASURED IN LB / HEAD",LB / HEAD,"2,230"
2022,MONTHLY,MAY,COLORADO,CO,08,"MILK - PRODUCTION, MEASURED IN LB / HEAD",LB / HEAD,"2,235"
2022,MONTHLY,NOV,COLORADO,CO,08,"MILK - PRODUCTION, MEASURED IN LB / HEAD",LB / HEAD,"2,105"
2022,MONTHLY,OCT,COLORADO,CO,08,"MILK - PRODUCTION, MEASURED IN LB / HEAD",LB / HEAD,"2,170"
2022,MONTHLY,SEP,COLORADO,CO,08,"MILK - PRODUCTION, MEASURED IN LB / HEAD",LB / HEAD,"2,130"
2022,MONTHLY,APR,FLORIDA,FL,12,"MILK - PRODUCTION, MEASURED IN LB / HEAD",LB / HEAD,"1,780"
2022,MONTHLY,AUG,FLORIDA,FL,12,"MILK - PRODUCTION, MEASURED IN LB / HEAD",LB / HEAD,"1,545"
2022,MONTHLY,DEC,FLORIDA,FL,12,"MILK - PRODUCTION, MEASURED IN LB / HEAD",LB / HEAD,"1,710"
2022,MONTHLY,FEB,FLORIDA,FL,12,"MILK - PRODUCTION, MEASURED IN LB / HEAD",LB / HEAD,"1,660"
2022,MONTHLY,JAN,FLORIDA,FL,12,"MILK - PRODUCTION, MEASURED IN LB / HEAD",LB / HEAD,"1,790"
2022,MONTHLY,JUL,FLORIDA,FL,12,"MILK - PRODUCTION, MEASURED IN LB / HEAD",LB / HEAD,"1,605"
2022,MONTHLY,JUN,FLORIDA,FL,12,"MILK - PRODUCTION, MEASURED IN LB / HEAD",LB / HEAD,"1,690"
2022,MONTHLY,MAR,FLORIDA,FL,12,"MILK - PRODUCTION, MEASURED IN LB / HEAD",LB / HEAD,"1,870"
2022,MONTHLY,MAY,FLORIDA,FL,12,"MILK - PRODUCTION, MEASURED IN LB / HEAD",LB / HEAD,"1,815"
2022,MONTHLY,NOV,FLORIDA,FL,12,"MILK - PRODUCTION, MEASURED IN LB / HEAD",LB / HEAD,"1,575"
2022,MONTHLY,OCT,FLORIDA,FL,12,"MILK - PRODUCTION, MEASURED IN LB / HEAD",LB / HEAD,"1,570"
2022,MONTHLY,SEP,FLORIDA,FL,12,"MILK - PRODUCTION, MEASURED IN LB / HEAD",LB / HEAD,"1,430"
2022,MONTHLY,APR,GEORGIA,GA,13,"MILK - PRODUCTION, MEASURED IN LB / HEAD",LB / HEAD,"1,930"
2022,MONTHLY,AUG,GEORGIA,GA,13,"MILK - PRODUCTION, MEASURED IN LB / HEAD",LB / HEAD,"1,750"
2022,MONTHLY,DEC,GEORGIA,GA,13,"MILK - PRODUCTION, MEASURED IN LB / HEAD",LB / HEAD,"1,900"
2022,MONTHLY,FEB,GEORGIA,GA,13,"MILK - PRODUCTION, MEASURED IN LB / HEAD",LB / HEAD,"1,820"
2022,MONTHLY,JAN,GEORGIA,GA,13,"MILK - PRODUCTION, MEASURED IN LB / HEAD",LB / HEAD,"2,000"
2022,MONTHLY,JUL,GEORGIA,GA,13,"MILK - PRODUCTION, MEASURED IN LB / HEAD",LB / HEAD,"1,800"
2022,MONTHLY,JUN,GEORGIA,GA,13,"MILK - PRODUCTION, MEASURED IN LB / HEAD",LB / HEAD,"1,805"
2022,MONTHLY,MAR,GEORGIA,GA,13,"MILK - PRODUCTION, MEASURED IN LB / HEAD",LB / HEAD,"2,030"
2022,MONTHLY,MAY,GEORGIA,GA,13,"MILK - PRODUCTION, MEASURED IN LB / HEAD",LB / HEAD,"1,920"
2022,MONTHLY,NOV,GEORGIA,GA,13,"MILK - PRODUCTION, MEASURED IN LB / HEAD",LB / HEAD,"1,760"
2022,MONTHLY,OCT,GEORGIA,GA,13,"MILK - PRODUCTION, MEASURED IN LB / HEAD",LB / HEAD,"1,810"
2022,MONTHLY,SEP,GEORGIA,GA,13,"MILK - PRODUCTION, MEASURED IN LB / HEAD",LB / HEAD,"1,695"
2022,MONTHLY,APR,IOWA,IA,19,"MILK - PRODUCTION, MEASURED IN LB / HEAD",LB / HEAD,"2,065"
2022,MONTHLY,AUG,IOWA,IA,19,"MILK - PRODUCTION, MEASURED IN LB / HEAD",LB / HEAD,"2,070"
2022,MONTHLY,DEC,IOWA,IA,19,"MILK - PRODUCTION, MEASURED IN LB / HEAD",LB / HEAD,"2,065"
2022,MONTHLY,FEB,IOWA,IA,19,"MILK - PRODUCTION, MEASURED IN LB / HEAD",LB / HEAD,"1,910"
2022,MONTHLY,JAN,IOWA,IA,19,"MILK - PRODUCTION, MEASURED IN LB / HEAD",LB / HEAD,"2,095"
2022,MONTHLY,JUL,IOWA,IA,19,"MILK - PRODUCTION, MEASURED IN LB / HEAD",LB / HEAD,"2,080"
2022,MONTHLY,JUN,IOWA,IA,19,"MILK - PRODUCTION, MEASURED IN LB / HEAD",LB / HEAD,"2,050"
2022,MONTHLY,MAR,IOWA,IA,19,"MILK - PRODUCTION, MEASURED IN LB / HEAD",LB / HEAD,"2,125"
2022,MONTHLY,MAY,IOWA,IA,19,"MILK - PRODUCTION, MEASURED IN LB / HEAD",LB / HEAD,"2,125"
2022,MONTHLY,NOV,IOWA,IA,19,"MILK - PRODUCTION, MEASURED IN LB / HEAD",LB / HEAD,"2,000"
2022,MONTHLY,OCT,IOWA,IA,19,"MILK - PRODUCTION, MEASURED IN LB / HEAD",LB / HEAD,"2,065"
2022,MONTHLY,SEP,IOWA,IA,19,"MILK - PRODUCTION, MEASURED IN LB / HEAD",LB / HEAD,"2,000"
2022,MONTHLY,APR,IDAHO,ID,16,"MILK - PRODUCTION, MEASURED IN LB / HEAD",LB / HEAD,"2,110"
2022,MONTHLY,AUG,IDAHO,ID,16,"MILK - PRODUCTION, MEASURED IN LB / HEAD",LB / HEAD,"2,205"
2022,MONTHLY,DEC,IDAHO,ID,16,"MILK - PRODUCTION, MEASURED IN LB / HEAD",LB / HEAD,"2,085"
2022,MONTHLY,FEB,IDAHO,ID,16,"MILK - PRODUCTION, MEASURED IN LB / HEAD",LB / HEAD,"1,905"
2022,MONTHLY,JAN,IDAHO,ID,16,"MILK - PRODUCTION, MEASURED IN LB / HEAD",LB / HEAD,"2,095"
2022,MONTHLY,JUL,IDAHO,ID,16,"MILK - PRODUCTION, MEASURED IN LB / HEAD",LB / HEAD,"2,225"
2022,MONTHLY,JUN,IDAHO,ID,16,"MILK - PRODUCTION, MEASURED IN LB / HEAD",LB / HEAD,"2,145"
2022,MONTHLY,MAR,IDAHO,ID,16,"MILK - PRODUCTION, MEASURED IN LB / HEAD",LB / HEAD,"2,140"
2022,MONTHLY,MAY,IDAHO,ID,16,"MILK - PRODUCTION, MEASURED IN LB / HEAD",LB / HEAD,"2,200"
2022,MONTHLY,NOV,IDAHO,ID,16,"MILK - PRODUCTION, MEASURED IN LB / HEAD",LB / HEAD,"2,000"
2022,MONTHLY,OCT,IDAHO,ID,16,"MILK - PRODUCTION, MEASURED IN LB / HEAD",LB / HEAD,"2,120"
2022,MONTHLY,SEP,IDAHO,ID,16,"MILK - PRODUCTION, MEASURED IN LB / HEAD",LB / HEAD,"2,105"
2022,MONTHLY,APR,ILLINOIS,IL,17,"MILK - PRODUCTION, MEASURED IN LB / HEAD",LB / HEAD,"1,880"
2022,MONTHLY,AUG,ILLINOIS,IL,17,"MILK - PRODUCTION, MEASURED IN LB / HEAD",LB / HEAD,"1,730"
2022,MONTHLY,DEC,ILLINOIS,IL,17,"MILK - PRODUCTION, MEASURED IN LB / HEAD",LB / HEAD,"1,800"
2022,MONTHLY,FEB,ILLINOIS,IL,17,"MILK - PRODUCTION, MEASURED IN LB / HEAD",LB / HEAD,"1,720"
2022,MONTHLY,JAN,ILLINOIS,IL,17,"MILK - PRODUCTION, MEASURED IN LB / HEAD",LB / HEAD,"1,865"
2022,MONTHLY,JUL,ILLINOIS,IL,17,"MILK - PRODUCTION, MEASURED IN LB / HEAD",LB / HEAD,"1,780"
2022,MONTHLY,JUN,ILLINOIS,IL,17,"MILK - PRODUCTION, MEASURED IN LB / HEAD",LB / HEAD,"1,790"
2022,MONTHLY,MAR,ILLINOIS,IL,17,"MILK - PRODUCTION, MEASURED IN LB / HEAD",LB / HEAD,"1,940"
2022,MONTHLY,MAY,ILLINOIS,IL,17,"MILK - PRODUCTION, MEASURED IN LB / HEAD",LB / HEAD,"1,915"
2022,MONTHLY,NOV,ILLINOIS,IL,17,"MILK - PRODUCTION, MEASURED IN LB / HEAD",LB / HEAD,"1,710"
2022,MONTHLY,OCT,ILLINOIS,IL,17,"MILK - PRODUCTION, MEASURED IN LB / HEAD",LB / HEAD,"1,735"
2022,MONTHLY,SEP,ILLINOIS,IL,17,"MILK - PRODUCTION, MEASURED IN LB / HEAD",LB / HEAD,"1,650"
2022,MONTHLY,APR,INDIANA,IN,18,"MILK - PRODUCTION, MEASURED IN LB / HEAD",LB / HEAD,"2,010"
2022,MONTHLY,AUG,INDIANA,IN,18,"MILK - PRODUCTION, MEASURED IN LB / HEAD",LB / HEAD,"1,945"
2022,MONTHLY,DEC,INDIANA,IN,18,"MILK - PRODUCTION, MEASURED IN LB / HEAD",LB / HEAD,"2,000"
2022,MONTHLY,FEB,INDIANA,IN,18,"MILK - PRODUCTION, MEASURED IN LB / HEAD",LB / HEAD,"1,825"
2022,MONTHLY,JAN,INDIANA,IN,18,"MILK - PRODUCTION, MEASURED IN LB / HEAD",LB / HEAD,"2,015"
2022,MONTHLY,JUL,INDIANA,IN,18,"MILK - PRODUCTION, MEASURED IN LB / HEAD",LB / HEAD,"1,970"
2022,MONTHLY,JUN,INDIANA,IN,18,"MILK - PRODUCTION, MEASURED IN LB / HEAD",LB / HEAD,"1,975"
2022,MONTHLY,MAR,INDIANA,IN,18,"MILK - PRODUCTION, MEASURED IN LB / HEAD",LB / HEAD,"2,065"
2022,MONTHLY,MAY,INDIANA,IN,18,"MILK - PRODUCTION, MEASURED IN LB / HEAD",LB / HEAD,"2,055"
2022,MONTHLY,NOV,INDIANA,IN,18,"MILK - PRODUCTION, MEASURED IN LB / HEAD",LB / HEAD,"1,920"
2022,MONTHLY,OCT,INDIANA,IN,18,"MILK - PRODUCTION, MEASURED IN LB / HEAD",LB / HEAD,"1,965"
2022,MONTHLY,SEP,INDIANA,IN,18,"MILK - PRODUCTION, MEASURED IN LB / HEAD",LB / HEAD,"1,900"
2022,MONTHLY,APR,KANSAS,KS,20,"MILK - PRODUCTION, MEASURED IN LB / HEAD",LB / HEAD,"2,005"
2022,MONTHLY,AUG,KANSAS,KS,20,"MILK - PRODUCTION, MEASURED IN LB / HEAD",LB / HEAD,"2,000"
2022,MONTHLY,DEC,KANSAS,KS,20,"MILK - PRODUCTION, MEASURED IN LB / HEAD",LB / HEAD,"2,005"
2022,MONTHLY,FEB,KANSAS,KS,20,"MILK - PRODUCTION, MEASURED IN LB / HEAD",LB / HEAD,"1,850"
2022,MONTHLY,JAN,KANSAS,KS,20,"MILK - PRODUCTION, MEASURED IN LB / HEAD",LB / HEAD,"2,050"
2022,MONTHLY,JUL,KANSAS,KS,20,"MILK - PRODUCTION, MEASURED IN LB / HEAD",LB / HEAD,"2,000"
2022,MONTHLY,JUN,KANSAS,KS,20,"MILK - PRODUCTION, MEASURED IN LB / HEAD",LB / HEAD,"1,970"
2022,MONTHLY,MAR,KANSAS,KS,20,"MILK - PRODUCTION, MEASURED IN LB / HEAD",LB / HEAD,"2,060"
2022,MONTHLY,MAY,KANSAS,KS,20,"MILK - PRODUCTION, MEASURED IN LB / HEAD",LB / HEAD,"2,080"
2022,MONTHLY,NOV,KANSAS,KS,20,"MILK - PRODUCTION, MEASURED IN LB / HEAD",LB / HEAD,"1,950"
2022,MONTHLY,OCT,KANSAS,KS,20,"MILK - PRODUCTION, MEASURED IN LB / HEAD",LB / HEAD,"2,015"
2022,MONTHLY,SEP,KANSAS,KS,20,"MILK - PRODUCTION, MEASURED IN LB / HEAD",LB / HEAD,"1,955"
2022,MONTHLY,APR,MICHIGAN,MI,26,"MILK - PRODUCTION, MEASURED IN LB / HEAD",LB / HEAD,"2,290"
2022,MONTHLY,AUG,MICHIGAN,MI,26,"MILK - PRODUCTION, MEASURED IN LB / HEAD",LB / HEAD,"2,315"
2022,MONTHLY,DEC,MICHIGAN,MI,26,"MILK - PRODUCTION, MEASURED IN LB / HEAD",LB / HEAD,"2,295"
2022,MONTHLY,FEB,MICHIGAN,MI,26,"MILK - PRODUCTION, MEASURED IN LB / HEAD",LB / HEAD,"2,100"
2022,MONTHLY,JAN,MICHIGAN,MI,26,"MILK - PRODUCTION, MEASURED IN LB / HEAD",LB / HEAD,"2,285"
2022,MONTHLY,JUL,MICHIGAN,MI,26,"MILK - PRODUCTION, MEASURED IN LB / HEAD",LB / HEAD,"2,335"
2022,MONTHLY,JUN,MICHIGAN,MI,26,"MILK - PRODUCTION, MEASURED IN LB / HEAD",LB / HEAD,"2,280"
2022,MONTHLY,MAR,MICHIGAN,MI,26,"MILK - PRODUCTION, MEASURED IN LB / HEAD",LB / HEAD,"2,355"
2022,MONTHLY,MAY,MICHIGAN,MI,26,"MILK - PRODUCTION, MEASURED IN LB / HEAD",LB / HEAD,"2,380"
2022,MONTHLY,NOV,MICHIGAN,MI,26,"MILK - PRODUCTION, MEASURED IN LB / HEAD",LB / HEAD,"2,215"
2022,MONTHLY,OCT,MICHIGAN,MI,26,"MILK - PRODUCTION, MEASURED IN LB / HEAD",LB / HEAD,"2,285"
2022,MONTHLY,SEP,MICHIGAN,MI,26,"MILK - PRODUCTION, MEASURED IN LB / HEAD",LB / HEAD,"2,230"
2022,MONTHLY,APR,MINNESOTA,MN,27,"MILK - PRODUCTION, MEASURED IN LB / HEAD",LB / HEAD,"1,900"
2022,MONTHLY,AUG,MINNESOTA,MN,27,"MILK - PRODUCTION, MEASURED IN LB / HEAD",LB / HEAD,"1,985"
2022,MONTHLY,DEC,MINNESOTA,MN,27,"MILK - PRODUCTION, MEASURED IN LB / HEAD",LB / HEAD,"1,930"
2022,MONTHLY,FEB,MINNESOTA,MN,27,"MILK - PRODUCTION, MEASURED IN LB / HEAD",LB / HEAD,"1,775"
2022,MONTHLY,JAN,MINNESOTA,MN,27,"MILK - PRODUCTION, MEASURED IN LB / HEAD",LB / HEAD,"1,935"
2022,MONTHLY,JUL,MINNESOTA,MN,27,"MILK - PRODUCTION, MEASURED IN LB / HEAD",LB / HEAD,"1,990"
2022,MONTHLY,JUN,MINNESOTA,MN,27,"MILK - PRODUCTION, MEASURED IN LB / HEAD",LB / HEAD,"1,935"
2022,MONTHLY,MAR,MINNESOTA,MN,27,"MILK - PRODUCTION, MEASURED IN LB / HEAD",LB / HEAD,"1,975"
2022,MONTHLY,MAY,MINNESOTA,MN,27,"MILK - PRODUCTION, MEASURED IN LB / HEAD",LB / HEAD,"1,980"
2022,MONTHLY,NOV,MINNESOTA,MN,27,"MILK - PRODUCTION, MEASURED IN LB / HEAD",LB / HEAD,"1,870"
2022,MONTHLY,OCT,MINNESOTA,MN,27,"MILK - PRODUCTION, MEASURED IN LB / HEAD",LB / HEAD,"1,940"
2022,MONTHLY,SEP,MINNESOTA,MN,27,"MILK - PRODUCTION, MEASURED IN LB / HEAD",LB / HEAD,"1,895"
2022,MONTHLY,APR,NEW MEXICO,NM,35,"MILK - PRODUCTION, MEASURED IN LB / HEAD",LB / HEAD,"2,125"
2022,MONTHLY,AUG,NEW MEXICO,NM,35,"MILK - PRODUCTION, MEASURED IN LB / HEAD",LB / HEAD,"2,040"
2022,MONTHLY,DEC,NEW MEXICO,NM,35,"MILK - PRODUCTION, MEASURED IN LB / HEAD",LB / HEAD,"2,045"
2022,MONTHLY,FEB,NEW MEXICO,NM,35,"MILK - PRODUCTION, MEASURED IN LB / HEAD",LB / HEAD,"1,955"
2022,MONTHLY,JAN,NEW MEXICO,NM,35,"MILK - PRODUCTION, MEASURED IN LB / HEAD",LB / HEAD,"2,150"
2022,MONTHLY,JUL,NEW MEXICO,NM,35,"MILK - PRODUCTION, MEASURED IN LB / HEAD",LB / HEAD,"2,065"
2022,MONTHLY,JUN,NEW MEXICO,NM,35,"MILK - PRODUCTION, MEASURED IN LB / HEAD",LB / HEAD,"2,050"
2022,MONTHLY,MAR,NEW MEXICO,NM,35,"MILK - PRODUCTION, MEASURED IN LB / HEAD",LB / HEAD,"2,215"
2022,MONTHLY,MAY,NEW MEXICO,NM,35,"MILK - PRODUCTION, MEASURED IN LB / HEAD",LB / HEAD,"2,165"
2022,MONTHLY,NOV,NEW MEXICO,NM,35,"MILK - PRODUCTION, MEASURED IN LB / HEAD",LB / HEAD,"1,960"
2022,MONTHLY,OCT,NEW MEXICO,NM,35,"MILK - PRODUCTION, MEASURED IN LB / HEAD",LB / HEAD,"2,030"
2022,MONTHLY,SEP,NEW MEXICO,NM,35,"MILK - PRODUCTION, MEASURED IN LB / HEAD",LB / HEAD,"1,970"
2022,MONTHLY,APR,NEW YORK,NY,36,"MILK - PRODUCTION, MEASURED IN LB / HEAD",LB / HEAD,"2,105"
2022,MONTHLY,AUG,NEW YORK,NY,36,"MILK - PRODUCTION, MEASURED IN LB / HEAD",LB / HEAD,"2,115"
2022,MONTHLY,DEC,NEW YORK,NY,36,"MILK - PRODUCTION, MEASURED IN LB / HEAD",LB / HEAD,"2,090"
2022,MONTHLY,FEB,NEW YORK,NY,36,"MILK - PRODUCTION, MEASURED IN LB / HEAD",LB / HEAD,"1,915"
2022,MONTHLY,JAN,NEW YORK,NY,36,"MILK - PRODUCTION, MEASURED IN LB / HEAD",LB / HEAD,"2,090"
2022,MONTHLY,JUL,NEW YORK,NY,36,"MILK - PRODUCTION, MEASURED IN LB / HEAD",LB / HEAD,"2,145"
2022,MONTHLY,JUN,NEW YORK,NY,36,"MILK - PRODUCTION, MEASURED IN LB / HEAD",LB / HEAD,"2,105"
2022,MONTHLY,MAR,NEW YORK,NY,36,"MILK - PRODUCTION, MEASURED IN LB / HEAD",LB / HEAD,"2,150"
2022,MONTHLY,MAY,NEW YORK,NY,36,"MILK - PRODUCTION, MEASURED IN LB / HEAD",LB / HEAD,"2,190"
2022,MONTHLY,NOV,NEW YORK,NY,36,"MILK - PRODUCTION, MEASURED IN LB / HEAD",LB / HEAD,"2,030"
2022,MONTHLY,OCT,NEW YORK,NY,36,"MILK - PRODUCTION, MEASURED IN LB / HEAD",LB / HEAD,"2,100"
2022,MONTHLY,SEP,NEW YORK,NY,36,"MILK - PRODUCTION, MEASURED IN LB / HEAD",LB / HEAD,"2,040"
2022,MONTHLY,APR,OHIO,OH,39,"MILK - PRODUCTION, MEASURED IN LB / HEAD",LB / HEAD,"1,860"
2022,MONTHLY,AUG,OHIO,OH,39,"MILK - PRODUCTION, MEASURED IN LB / HEAD",LB / HEAD,"1,860"
2022,MONTHLY,DEC,OHIO,OH,39,"MILK - PRODUCTION, MEASURED IN LB / HEAD",LB / HEAD,"1,865"
2022,MONTHLY,FEB,OHIO,OH,39,"MILK - PRODUCTION, MEASURED IN LB / HEAD",LB / HEAD,"1,720"
2022,MONTHLY,JAN,OHIO,OH,39,"MILK - PRODUCTION, MEASURED IN LB / HEAD",LB / HEAD,"1,865"
2022,MONTHLY,JUL,OHIO,OH,39,"MILK - PRODUCTION, MEASURED IN LB / HEAD",LB / HEAD,"1,875"
2022,MONTHLY,JUN,OHIO,OH,39,"MILK - PRODUCTION, MEASURED IN LB / HEAD",LB / HEAD,"1,840"
2022,MONTHLY,MAR,OHIO,OH,39,"MILK - PRODUCTION, MEASURED IN LB / HEAD",LB / HEAD,"1,920"
2022,MONTHLY,MAY,OHIO,OH,39,"MILK - PRODUCTION, MEASURED IN LB / HEAD",LB / HEAD,"1,930"
2022,MONTHLY,NOV,OHIO,OH,39,"MILK - PRODUCTION, MEASURED IN LB / HEAD",LB / HEAD,"1,790"
2022,MONTHLY,OCT,OHIO,OH,39,"MILK - PRODUCTION, MEASURED IN LB / HEAD",LB / HEAD,"1,830"
2022,MONTHLY,SEP,OHIO,OH,39,"MILK - PRODUCTION, MEASURED IN LB / HEAD",LB / HEAD,"1,770"
2022,MONTHLY,APR,OREGON,OR,41,"MILK - PRODUCTION, MEASURED IN LB / HEAD",LB / HEAD,"1,765"
2022,MONTHLY,AUG,OREGON,OR,41,"MILK - PRODUCTION, MEASURED IN LB / HEAD",LB / HEAD,"1,775"
2022,MONTHLY,DEC,OREGON,OR,41,"MILK - PRODUCTION, MEASURED IN LB / HEAD",LB / HEAD,"1,725"
2022,MONTHLY,FEB,OREGON,OR,41,"MILK - PRODUCTION, MEASURED IN LB / HEAD",LB / HEAD,"1,620"
2022,MONTHLY,JAN,OREGON,OR,41,"MILK - PRODUCTION, MEASURED IN LB / HEAD",LB / HEAD,"1,750"
2022,MONTHLY,JUL,OREGON,OR,41,"MILK - PRODUCTION, MEASURED IN LB / HEAD",LB / HEAD,"1,805"
2022,MONTHLY,JUN,OREGON,OR,41,"MILK - PRODUCTION, MEASURED IN LB / HEAD",LB / HEAD,"1,770"
2022,MONTHLY,MAR,OREGON,OR,41,"MILK - PRODUCTION, MEASURED IN LB / HEAD",LB / HEAD,"1,810"
2022,MONTHLY,MAY,OREGON,OR,41,"MILK - PRODUCTION, MEASURED IN LB / HEAD",LB / HEAD,"1,835"
2022,MONTHLY,NOV,OREGON,OR,41,"MILK - PRODUCTION, MEASURED IN LB / HEAD",LB / HEAD,"1,670"
2022,MONTHLY,OCT,OREGON,OR,41,"MILK - PRODUCTION, MEASURED IN LB / HEAD",LB / HEAD,"1,755"
2022,MONTHLY,SEP,OREGON,OR,41,"MILK - PRODUCTION, MEASURED IN LB / HEAD",LB / HEAD,"1,725"
2022,MONTHLY,APR,PENNSYLVANIA,PA,42,"MILK - PRODUCTION, MEASURED IN LB / HEAD",LB / HEAD,"1,830"
2022,MONTHLY,AUG,PENNSYLVANIA,PA,42,"MILK - PRODUCTION, MEASURED IN LB / HEAD",LB / HEAD,"1,755"
2022,MONTHLY,DEC,PENNSYLVANIA,PA,42,"MILK - PRODUCTION, MEASURED IN LB / HEAD",LB / HEAD,"1,780"
2022,MONTHLY,FEB,PENNSYLVANIA,PA,42,"MILK - PRODUCTION, MEASURED IN LB / HEAD",LB / HEAD,"1,670"
2022,MONTHLY,JAN,PENNSYLVANIA,PA,42,"MILK - PRODUCTION, MEASURED IN LB / HEAD",LB / HEAD,"1,810"
2022,MONTHLY,JUL,PENNSYLVANIA,PA,42,"MILK - PRODUCTION, MEASURED IN LB / HEAD",LB / HEAD,"1,790"
2022,MONTHLY,JUN,PENNSYLVANIA,PA,42,"MILK - PRODUCTION, MEASURED IN LB / HEAD",LB / HEAD,"1,785"
2022,MONTHLY,MAR,PENNSYLVANIA,PA,42,"MILK - PRODUCTION, MEASURED IN LB / HEAD",LB / HEAD,"1,870"
2022,MONTHLY,MAY,PENNSYLVANIA,PA,42,"MILK - PRODUCTION, MEASURED IN LB / HEAD",LB / HEAD,"1,890"
2022,MONTHLY,NOV,PENNSYLVANIA,PA,42,"MILK - PRODUCTION, MEASURED IN LB / HEAD",LB / HEAD,"1,700"
2022,MONTHLY,OCT,PENNSYLVANIA,PA,42,"MILK - PRODUCTION, MEASURED IN LB / HEAD",LB / HEAD,"1,730"
2022,MONTHLY,SEP,PENNSYLVANIA,PA,42,"MILK - PRODUCTION, MEASURED IN LB / HEAD",LB / HEAD,"1,680"
2022,MONTHLY,APR,SOUTH DAKOTA,SD,46,"MILK - PRODUCTION, MEASURED IN LB / HEAD",LB / HEAD,"1,900"
2022,MONTHLY,AUG,SOUTH DAKOTA,SD,46,"MILK - PRODUCTION, MEASURED IN LB / HEAD",LB / HEAD,"1,990"
2022,MONTHLY,DEC,SOUTH DAKOTA,SD,46,"MILK - PRODUCTION, MEASURED IN LB / HEAD",LB / HEAD,"1,910"
2022,MONTHLY,FEB,SOUTH DAKOTA,SD,46,"MILK - PRODUCTION, MEASURED IN LB / HEAD",LB / HEAD,"1,750"
2022,MONTHLY,JAN,SOUTH DAKOTA,SD,46,"MILK - PRODUCTION, MEASURED IN LB / HEAD",LB / HEAD,"1,940"
2022,MONTHLY,JUL,SOUTH DAKOTA,SD,46,"MILK - PRODUCTION, MEASURED IN LB / HEAD",LB / HEAD,"1,985"
2022,MONTHLY,JUN,SOUTH DAKOTA,SD,46,"MILK - PRODUCTION, MEASURED IN LB / HEAD",LB / HEAD,"1,930"
2022,MONTHLY,MAR,SOUTH DAKOTA,SD,46,"MILK - PRODUCTION, MEASURED IN LB / HEAD",LB / HEAD,"1,945"
2022,MONTHLY,MAY,SOUTH DAKOTA,SD,46,"MILK - PRODUCTION, MEASURED IN LB / HEAD",LB / HEAD,"1,985"
2022,MONTHLY,NOV,SOUTH DAKOTA,SD,46,"MILK - PRODUCTION, MEASURED IN LB / HEAD",LB / HEAD,"1,860"
2022,MONTHLY,OCT,SOUTH DAKOTA,SD,46,"MILK - PRODUCTION, MEASURED IN LB / HEAD",LB / HEAD,"1,955"
2022,MONTHLY,SEP,SOUTH DAKOTA,SD,46,"MILK - PRODUCTION, MEASURED IN LB / HEAD",LB / HEAD,"1,920"
2022,MONTHLY,APR,TEXAS,TX,48,"MILK - PRODUCTION, MEASURED IN LB / HEAD",LB / HEAD,"2,180"
2022,MONTHLY,AUG,TEXAS,TX,48,"MILK - PRODUCTION, MEASURED IN LB / HEAD",LB / HEAD,"2,115"
2022,MONTHLY,DEC,TEXAS,TX,48,"MILK - PRODUCTION, MEASURED IN LB / HEAD",LB / HEAD,"2,135"
2022,MONTHLY,FEB,TEXAS,TX,48,"MILK - PRODUCTION, MEASURED IN LB / HEAD",LB / HEAD,"1,985"
2022,MONTHLY,JAN,TEXAS,TX,48,"MILK - PRODUCTION, MEASURED IN LB / HEAD",LB / HEAD,"2,195"
2022,MONTHLY,JUL,TEXAS,TX,48,"MILK - PRODUCTION, MEASURED IN LB / HEAD",LB / HEAD,"2,125"
2022,MONTHLY,JUN,TEXAS,TX,48,"MILK - PRODUCTION, MEASURED IN LB / HEAD",LB / HEAD,"2,115"
2022,MONTHLY,MAR,TEXAS,TX,48,"MILK - PRODUCTION, MEASURED IN LB / HEAD",LB / HEAD,"2,245"
2022,MONTHLY,MAY,TEXAS,TX,48,"MILK - PRODUCTION, MEASURED IN LB / HEAD",LB / HEAD,"2,225"
2022,MONTHLY,NOV,TEXAS,TX,48,"MILK - PRODUCTION, MEASURED IN LB / HEAD",LB / HEAD,"2,065"
2022,MONTHLY,OCT,TEXAS,TX,48,"MILK - PRODUCTION, MEASURED IN LB / HEAD",LB / HEAD,"2,160"
2022,MONTHLY,SEP,TEXAS,TX,48,"MILK - PRODUCTION, MEASURED IN LB / HEAD",LB / HEAD,"2,050"
2022,MONTHLY,APR,US TOTAL,US,99,"MILK - PRODUCTION, MEASURED IN LB / HEAD",LB / HEAD,"2,036"
2022,MONTHLY,APR THRU JUN,US TOTAL,US,99,"MILK - PRODUCTION, MEASURED IN LB / HEAD",LB / HEAD,"6,146"
2022,MONTHLY,AUG,US TOTAL,US,99,"MILK - PRODUCTION, MEASURED IN LB / HEAD",LB / HEAD,"2,019"
2022,MONTHLY,DEC,US TOTAL,US,99,"MILK - PRODUCTION, MEASURED IN LB / HEAD",LB / HEAD,"2,010"
2022,MONTHLY,FEB,US TOTAL,US,99,"MILK - PRODUCTION, MEASURED IN LB / HEAD",LB / HEAD,"1,869"
2022,MONTHLY,JAN,US TOTAL,US,99,"MILK - PRODUCTION, MEASURED IN LB / HEAD",LB / HEAD,"2,034"
2022,MONTHLY,JAN THRU MAR,US TOTAL,US,99,"MILK - PRODUCTION, MEASURED IN LB / HEAD",LB / HEAD,"6,001"
2022,MONTHLY,JUL,US TOTAL,US,99,"MILK - PRODUCTION, MEASURED IN LB / HEAD",LB / HEAD,"2,040"
2022,MONTHLY,JUL THRU SEP,US TOTAL,US,99,"MILK - PRODUCTION, MEASURED IN LB / HEAD",LB / HEAD,"5,997"
2022,MONTHLY,JUN,US TOTAL,US,99,"MILK - PRODUCTION, MEASURED IN LB / HEAD",LB / HEAD,"2,011"
2022,MONTHLY,MAR,US TOTAL,US,99,"MILK - PRODUCTION, MEASURED IN LB / HEAD",LB / HEAD,"2,098"
2022,MONTHLY,MAY,US TOTAL,US,99,"MILK - PRODUCTION, MEASURED IN LB / HEAD",LB / HEAD,"2,099"
2022,MONTHLY,NOV,US TOTAL,US,99,"MILK - PRODUCTION, MEASURED IN LB / HEAD",LB / HEAD,"1,934"
2022,MONTHLY,OCT,US TOTAL,US,99,"MILK - PRODUCTION, MEASURED IN LB / HEAD",LB / HEAD,"1,999"
2022,MONTHLY,OCT THRU DEC,US TOTAL,US,99,"MILK - PRODUCTION, MEASURED IN LB / HEAD",LB / HEAD,"5,943"
2022,MONTHLY,SEP,US TOTAL,US,99,"MILK - PRODUCTION, MEASURED IN LB / HEAD",LB / HEAD,"1,938"
2022,MONTHLY,APR,UTAH,UT,49,"MILK - PRODUCTION, MEASURED IN LB / HEAD",LB / HEAD,"1,945"
2022,MONTHLY,AUG,UTAH,UT,49,"MILK - PRODUCTION, MEASURED IN LB / HEAD",LB / HEAD,"1,995"
2022,MONTHLY,DEC,UTAH,UT,49,"MILK - PRODUCTION, MEASURED IN LB / HEAD",LB / HEAD,"1,925"
2022,MONTHLY,FEB,UTAH,UT,49,"MILK - PRODUCTION, MEASURED IN LB / HEAD",LB / HEAD,"1,770"
2022,MONTHLY,JAN,UTAH,UT,49,"MILK - PRODUCTION, MEASURED IN LB / HEAD",LB / HEAD,"1,935"
2022,MONTHLY,JUL,UTAH,UT,49,"MILK - PRODUCTION, MEASURED IN LB / HEAD",LB / HEAD,"2,000"
2022,MONTHLY,JUN,UTAH,UT,49,"MILK - PRODUCTION, MEASURED IN LB / HEAD",LB / HEAD,"1,970"
2022,MONTHLY,MAR,UTAH,UT,49,"MILK - PRODUCTION, MEASURED IN LB / HEAD",LB / HEAD,"1,965"
2022,MONTHLY,MAY,UTAH,UT,49,"MILK - PRODUCTION, MEASURED IN LB / HEAD",LB / HEAD,"2,030"
2022,MONTHLY,NOV,UTAH,UT,49,"MILK - PRODUCTION, MEASURED IN LB / HEAD",LB / HEAD,"1,850"
2022,MONTHLY,OCT,UTAH,UT,49,"MILK - PRODUCTION, MEASURED IN LB / HEAD",LB / HEAD,"1,930"
2022,MONTHLY,SEP,UTAH,UT,49,"MILK - PRODUCTION, MEASURED IN LB / HEAD",LB / HEAD,"1,905"
2022,MONTHLY,APR,VIRGINIA,VA,51,"MILK - PRODUCTION, MEASURED IN LB / HEAD",LB / HEAD,"1,800"
2022,MONTHLY,AUG,VIRGINIA,VA,51,"MILK - PRODUCTION, MEASURED IN LB / HEAD",LB / HEAD,"1,675"
2022,MONTHLY,DEC,VIRGINIA,VA,51,"MILK - PRODUCTION, MEASURED IN LB / HEAD",LB / HEAD,"1,710"
2022,MONTHLY,FEB,VIRGINIA,VA,51,"MILK - PRODUCTION, MEASURED IN LB / HEAD",LB / HEAD,"1,615"
2022,MONTHLY,JAN,VIRGINIA,VA,51,"MILK - PRODUCTION, MEASURED IN LB / HEAD",LB / HEAD,"1,760"
2022,MONTHLY,JUL,VIRGINIA,VA,51,"MILK - PRODUCTION, MEASURED IN LB / HEAD",LB / HEAD,"1,690"
2022,MONTHLY,JUN,VIRGINIA,VA,51,"MILK - PRODUCTION, MEASURED IN LB / HEAD",LB / HEAD,"1,660"
2022,MONTHLY,MAR,VIRGINIA,VA,51,"MILK - PRODUCTION, MEASURED IN LB / HEAD",LB / HEAD,"1,830"
2022,MONTHLY,MAY,VIRGINIA,VA,51,"MILK - PRODUCTION, MEASURED IN LB / HEAD",LB / HEAD,"1,820"
2022,MONTHLY,NOV,VIRGINIA,VA,51,"MILK - PRODUCTION, MEASURED IN LB / HEAD",LB / HEAD,"1,635"
2022,MONTHLY,OCT,VIRGINIA,VA,51,"MILK - PRODUCTION, MEASURED IN LB / HEAD",LB / HEAD,"1,670"
2022,MONTHLY,SEP,VIRGINIA,VA,51,"MILK - PRODUCTION, MEASURED IN LB / HEAD",LB / HEAD,"1,615"
2022,MONTHLY,APR,VERMONT,VT,50,"MILK - PRODUCTION, MEASURED IN LB / HEAD",LB / HEAD,"1,820"
2022,MONTHLY,AUG,VERMONT,VT,50,"MILK - PRODUCTION, MEASURED IN LB / HEAD",LB / HEAD,"1,830"
2022,MONTHLY,DEC,VERMONT,VT,50,"MILK - PRODUCTION, MEASURED IN LB / HEAD",LB / HEAD,"1,815"
2022,MONTHLY,FEB,VERMONT,VT,50,"MILK - PRODUCTION, MEASURED IN LB / HEAD",LB / HEAD,"1,660"
2022,MONTHLY,JAN,VERMONT,VT,50,"MILK - PRODUCTION, MEASURED IN LB / HEAD",LB / HEAD,"1,815"
2022,MONTHLY,JUL,VERMONT,VT,50,"MILK - PRODUCTION, MEASURED IN LB / HEAD",LB / HEAD,"1,845"
2022,MONTHLY,JUN,VERMONT,VT,50,"MILK - PRODUCTION, MEASURED IN LB / HEAD",LB / HEAD,"1,810"
2022,MONTHLY,MAR,VERMONT,VT,50,"MILK - PRODUCTION, MEASURED IN LB / HEAD",LB / HEAD,"1,870"
2022,MONTHLY,MAY,VERMONT,VT,50,"MILK - PRODUCTION, MEASURED IN LB / HEAD",LB / HEAD,"1,880"
2022,MONTHLY,NOV,VERMONT,VT,50,"MILK - PRODUCTION, MEASURED IN LB / HEAD",LB / HEAD,"1,755"
2022,MONTHLY,OCT,VERMONT,VT,50,"MILK - PRODUCTION, MEASURED IN LB / HEAD",LB / HEAD,"1,810"
2022,MONTHLY,SEP,VERMONT,VT,50,"MILK - PRODUCTION, MEASURED IN LB / HEAD",LB / HEAD,"1,770"
2022,MONTHLY,APR,WASHINGTON,WA,53,"MILK - PRODUCTION, MEASURED IN LB / HEAD",LB / HEAD,"2,000"
2022,MONTHLY,AUG,WASHINGTON,WA,53,"MILK - PRODUCTION, MEASURED IN LB / HEAD",LB / HEAD,"2,035"
2022,MONTHLY,DEC,WASHINGTON,WA,53,"MILK - PRODUCTION, MEASURED IN LB / HEAD",LB / HEAD,"1,970"
2022,MONTHLY,FEB,WASHINGTON,WA,53,"MILK - PRODUCTION, MEASURED IN LB / HEAD",LB / HEAD,"1,865"
2022,MONTHLY,JAN,WASHINGTON,WA,53,"MILK - PRODUCTION, MEASURED IN LB / HEAD",LB / HEAD,"2,020"
2022,MONTHLY,JUL,WASHINGTON,WA,53,"MILK - PRODUCTION, MEASURED IN LB / HEAD",LB / HEAD,"2,070"
2022,MONTHLY,JUN,WASHINGTON,WA,53,"MILK - PRODUCTION, MEASURED IN LB / HEAD",LB / HEAD,"2,020"
2022,MONTHLY,MAR,WASHINGTON,WA,53,"MILK - PRODUCTION, MEASURED IN LB / HEAD",LB / HEAD,"2,080"
2022,MONTHLY,MAY,WASHINGTON,WA,53,"MILK - PRODUCTION, MEASURED IN LB / HEAD",LB / HEAD,"2,075"
2022,MONTHLY,NOV,WASHINGTON,WA,53,"MILK - PRODUCTION, MEASURED IN LB / HEAD",LB / HEAD,"1,915"
2022,MONTHLY,OCT,WASHINGTON,WA,53,"MILK - PRODUCTION, MEASURED IN LB / HEAD",LB / HEAD,"2,025"
2022,MONTHLY,SEP,WASHINGTON,WA,53,"MILK - PRODUCTION, MEASURED IN LB / HEAD",LB / HEAD,"2,010"
2022,MONTHLY,APR,WISCONSIN,WI,55,"MILK - PRODUCTION, MEASURED IN LB / HEAD",LB / HEAD,"2,075"
2022,MONTHLY,AUG,WISCONSIN,WI,55,"MILK - PRODUCTION, MEASURED IN LB / HEAD",LB / HEAD,"2,145"
2022,MONTHLY,DEC,WISCONSIN,WI,55,"MILK - PRODUCTION, MEASURED IN LB / HEAD",LB / HEAD,"2,095"
2022,MONTHLY,FEB,WISCONSIN,WI,55,"MILK - PRODUCTION, MEASURED IN LB / HEAD",LB / HEAD,"1,915"
2022,MONTHLY,JAN,WISCONSIN,WI,55,"MILK - PRODUCTION, MEASURED IN LB / HEAD",LB / HEAD,"2,095"
2022,MONTHLY,JUL,WISCONSIN,WI,55,"MILK - PRODUCTION, MEASURED IN LB / HEAD",LB / HEAD,"2,150"
2022,MONTHLY,JUN,WISCONSIN,WI,55,"MILK - PRODUCTION, MEASURED IN LB / HEAD",LB / HEAD,"2,100"
2022,MONTHLY,MAR,WISCONSIN,WI,55,"MILK - PRODUCTION, MEASURED IN LB / HEAD",LB / HEAD,"2,140"
2022,MONTHLY,MAY,WISCONSIN,WI,55,"MILK - PRODUCTION, MEASURED IN LB / HEAD",LB / HEAD,"2,160"
2022,MONTHLY,NOV,WISCONSIN,WI,55,"MILK - PRODUCTION, MEASURED IN LB / HEAD",LB / HEAD,"2,030"
2022,MONTHLY,OCT,WISCONSIN,WI,55,"MILK - PRODUCTION, MEASURED IN LB / HEAD",LB / HEAD,"2,100"
2022,MONTHLY,SEP,WISCONSIN,WI,55,"MILK - PRODUCTION, MEASURED IN LB / HEAD",LB / HEAD,"2,060"
2023,MONTHLY,APR,ARIZONA,AZ,04,"MILK - PRODUCTION, MEASURED IN LB / HEAD",LB / HEAD,"2,185"
2023,MONTHLY,AUG,ARIZONA,AZ,04,"MILK - PRODUCTION, MEASURED IN LB / HEAD",LB / HEAD,"1,850"
2023,MONTHLY,DEC,ARIZONA,AZ,04,"MILK - PRODUCTION, MEASURED IN LB / HEAD",LB / HEAD,"2,090"
2023,MONTHLY,FEB,ARIZONA,AZ,04,"MILK - PRODUCTION, MEASURED IN LB / HEAD",LB / HEAD,"2,000"
2023,MONTHLY,JAN,ARIZONA,AZ,04,"MILK - PRODUCTION, MEASURED IN LB / HEAD",LB / HEAD,"2,115"
2023,MONTHLY,JUL,ARIZONA,AZ,04,"MILK - PRODUCTION, MEASURED IN LB / HEAD",LB / HEAD,"1,910"
2023,MONTHLY,JUN,ARIZONA,AZ,04,"MILK - PRODUCTION, MEASURED IN LB / HEAD",LB / HEAD,"2,030"
2023,MONTHLY,MAR,ARIZONA,AZ,04,"MILK - PRODUCTION, MEASURED IN LB / HEAD",LB / HEAD,"2,270"
2023,MONTHLY,MAY,ARIZONA,AZ,04,"MILK - PRODUCTION, MEASURED IN LB / HEAD",LB / HEAD,"2,190"
2023,MONTHLY,NOV,ARIZONA,AZ,04,"MILK - PRODUCTION, MEASURED IN LB / HEAD",LB / HEAD,"1,960"
2023,MONTHLY,OCT,ARIZONA,AZ,04,"MILK - PRODUCTION, MEASURED IN LB / HEAD",LB / HEAD,"1,960"
2023,MONTHLY,SEP,ARIZONA,AZ,04,"MILK - PRODUCTION, MEASURED IN LB / HEAD",LB / HEAD,"1,835"
2023,MONTHLY,APR,CALIFORNIA,CA,06,"MILK - PRODUCTION, MEASURED IN LB / HEAD",LB / HEAD,"2,060"
2023,MONTHLY,AUG,CALIFORNIA,CA,06,"MILK - PRODUCTION, MEASURED IN LB / HEAD",LB / HEAD,"1,930"
2023,MONTHLY,DEC,CALIFORNIA,CA,06,"MILK - PRODUCTION, MEASURED IN LB / HEAD",LB / HEAD,"2,015"
2023,MONTHLY,FEB,CALIFORNIA,CA,06,"MILK - PRODUCTION, MEASURED IN LB / HEAD",LB / HEAD,"1,905"
2023,MONTHLY,JAN,CALIFORNIA,CA,06,"MILK - PRODUCTION, MEASURED IN LB / HEAD",LB / HEAD,"2,055"
2023,MONTHLY,JUL,CALIFORNIA,CA,06,"MILK - PRODUCTION, MEASURED IN LB / HEAD",LB / HEAD,"1,940"
2023,MONTHLY,JUN,CALIFORNIA,CA,06,"MILK - PRODUCTION, MEASURED IN LB / HEAD",LB / HEAD,"1,995"
2023,MONTHLY,MAR,CALIFORNIA,CA,06,"MILK - PRODUCTION, MEASURED IN LB / HEAD",LB / HEAD,"2,120"
2023,MONTHLY,MAY,CALIFORNIA,CA,06,"MILK - PRODUCTION, MEASURED IN LB / HEAD",LB / HEAD,"2,125"
2023,MONTHLY,NOV,CALIFORNIA,CA,06,"MILK - PRODUCTION, MEASURED IN LB / HEAD",LB / HEAD,"1,905"
2023,MONTHLY,OCT,CALIFORNIA,CA,06,"MILK - PRODUCTION, MEASURED IN LB / HEAD",LB / HEAD,"1,935"
2023,MONTHLY,SEP,CALIFORNIA,CA,06,"MILK - PRODUCTION, MEASURED IN LB / HEAD",LB / HEAD,"1,875"
2023,MONTHLY,APR,COLORADO,CO,08,"MILK - PRODUCTION, MEASURED IN LB / HEAD",LB / HEAD,"2,165"
2023,MONTHLY,AUG,COLORADO,CO,08,"MILK - PRODUCTION, MEASURED IN LB / HEAD",LB / HEAD,"2,200"
2023,MONTHLY,DEC,COLORADO,CO,08,"MILK - PRODUCTION, MEASURED IN LB / HEAD",LB / HEAD,"2,190"
2023,MONTHLY,FEB,COLORADO,CO,08,"MILK - PRODUCTION, MEASURED IN LB / HEAD",LB / HEAD,"1,995"
2023,MONTHLY,JAN,COLORADO,CO,08,"MILK - PRODUCTION, MEASURED IN LB / HEAD",LB / HEAD,"2,205"
2023,MONTHLY,JUL,COLORADO,CO,08,"MILK - PRODUCTION, MEASURED IN LB / HEAD",LB / HEAD,"2,205"
2023,MONTHLY,JUN,COLORADO,CO,08,"MILK - PRODUCTION, MEASURED IN LB / HEAD",LB / HEAD,"2,145"
2023,MONTHLY,MAR,COLORADO,CO,08,"MILK - PRODUCTION, MEASURED IN LB / HEAD",LB / HEAD,"2,230"
2023,MONTHLY,MAY,COLORADO,CO,08,"MILK - PRODUCTION, MEASURED IN LB / HEAD",LB / HEAD,"2,235"
2023,MONTHLY,NOV,COLORADO,CO,08,"MILK - PRODUCTION, MEASURED IN LB / HEAD",LB / HEAD,"2,105"
2023,MONTHLY,OCT,COLORADO,CO,08,"MILK - PRODUCTION, MEASURED IN LB / HEAD",LB / HEAD,"2,175"
2023,MONTHLY,SEP,COLORADO,CO,08,"MILK - PRODUCTION, MEASURED IN LB / HEAD",LB / HEAD,"2,125"
2023,MONTHLY,APR,FLORIDA,FL,12,"MILK - PRODUCTION, MEASURED IN LB / HEAD",LB / HEAD,"1,905"
2023,MONTHLY,AUG,FLORIDA,FL,12,"MILK - PRODUCTION, MEASURED IN LB / HEAD",LB / HEAD,"1,605"
2023,MONTHLY,DEC,FLORIDA,FL,12,"MILK - PRODUCTION, MEASURED IN LB / HEAD",LB / HEAD,"1,705"
2023,MONTHLY,FEB,FLORIDA,FL,12,"MILK - PRODUCTION, MEASURED IN LB / HEAD",LB / HEAD,"1,795"
2023,MONTHLY,JAN,FLORIDA,FL,12,"MILK - PRODUCTION, MEASURED IN LB / HEAD",LB / HEAD,"1,915"
2023,MONTHLY,JUL,FLORIDA,FL,12,"MILK - PRODUCTION, MEASURED IN LB / HEAD",LB / HEAD,"1,680"
2023,MONTHLY,JUN,FLORIDA,FL,12,"MILK - PRODUCTION, MEASURED IN LB / HEAD",LB / HEAD,"1,815"
2023,MONTHLY,MAR,FLORIDA,FL,12,"MILK - PRODUCTION, MEASURED IN LB / HEAD",LB / HEAD,"2,010"
2023,MONTHLY,MAY,FLORIDA,FL,12,"MILK - PRODUCTION, MEASURED IN LB / HEAD",LB / HEAD,"1,940"
2023,MONTHLY,NOV,FLORIDA,FL,12,"MILK - PRODUCTION, MEASURED IN LB / HEAD",LB / HEAD,"1,615"
2023,MONTHLY,OCT,FLORIDA,FL,12,"MILK - PRODUCTION, MEASURED IN LB / HEAD",LB / HEAD,"1,580"
2023,MONTHLY,SEP,FLORIDA,FL,12,"MILK - PRODUCTION, MEASURED IN LB / HEAD",LB / HEAD,"1,510"
2023,MONTHLY,APR,GEORGIA,GA,13,"MILK - PRODUCTION, MEASURED IN LB / HEAD",LB / HEAD,"1,890"
2023,MONTHLY,AUG,GEORGIA,GA,13,"MILK - PRODUCTION, MEASURED IN LB / HEAD",LB / HEAD,"1,740"
2023,MONTHLY,DEC,GEORGIA,GA,13,"MILK - PRODUCTION, MEASURED IN LB / HEAD",LB / HEAD,"1,820"
2023,MONTHLY,FEB,GEORGIA,GA,13,"MILK - PRODUCTION, MEASURED IN LB / HEAD",LB / HEAD,"1,790"
2023,MONTHLY,JAN,GEORGIA,GA,13,"MILK - PRODUCTION, MEASURED IN LB / HEAD",LB / HEAD,"1,900"
2023,MONTHLY,JUL,GEORGIA,GA,13,"MILK - PRODUCTION, MEASURED IN LB / HEAD",LB / HEAD,"1,765"
2023,MONTHLY,JUN,GEORGIA,GA,13,"MILK - PRODUCTION, MEASURED IN LB / HEAD",LB / HEAD,"1,790"
2023,MONTHLY,MAR,GEORGIA,GA,13,"MILK - PRODUCTION, MEASURED IN LB / HEAD",LB / HEAD,"1,980"
2023,MONTHLY,MAY,GEORGIA,GA,13,"MILK - PRODUCTION, MEASURED IN LB / HEAD",LB / HEAD,"1,890"
2023,MONTHLY,NOV,GEORGIA,GA,13,"MILK - PRODUCTION, MEASURED IN LB / HEAD",LB / HEAD,"1,750"
2023,MONTHLY,OCT,GEORGIA,GA,13,"MILK - PRODUCTION, MEASURED IN LB / HEAD",LB / HEAD,"1,765"
2023,MONTHLY,SEP,GEORGIA,GA,13,"MILK - PRODUCTION, MEASURED IN LB / HEAD",LB / HEAD,"1,665"
2023,MONTHLY,APR,IOWA,IA,19,"MILK - PRODUCTION, MEASURED IN LB / HEAD",LB / HEAD,"2,065"
2023,MONTHLY,AUG,IOWA,IA,19,"MILK - PRODUCTION, MEASURED IN LB / HEAD",LB / HEAD,"2,065"
2023,MONTHLY,DEC,IOWA,IA,19,"MILK - PRODUCTION, MEASURED IN LB / HEAD",LB / HEAD,"2,060"
2023,MONTHLY,FEB,IOWA,IA,19,"MILK - PRODUCTION, MEASURED IN LB / HEAD",LB / HEAD,"1,915"
2023,MONTHLY,JAN,IOWA,IA,19,"MILK - PRODUCTION, MEASURED IN LB / HEAD",LB / HEAD,"2,095"
2023,MONTHLY,JUL,IOWA,IA,19,"MILK - PRODUCTION, MEASURED IN LB / HEAD",LB / HEAD,"2,100"
2023,MONTHLY,JUN,IOWA,IA,19,"MILK - PRODUCTION, MEASURED IN LB / HEAD",LB / HEAD,"2,070"
2023,MONTHLY,MAR,IOWA,IA,19,"MILK - PRODUCTION, MEASURED IN LB / HEAD",LB / HEAD,"2,130"
2023,MONTHLY,MAY,IOWA,IA,19,"MILK - PRODUCTION, MEASURED IN LB / HEAD",LB / HEAD,"2,135"
2023,MONTHLY,NOV,IOWA,IA,19,"MILK - PRODUCTION, MEASURED IN LB / HEAD",LB / HEAD,"1,990"
2023,MONTHLY,OCT,IOWA,IA,19,"MILK - PRODUCTION, MEASURED IN LB / HEAD",LB / HEAD,"2,060"
2023,MONTHLY,SEP,IOWA,IA,19,"MILK - PRODUCTION, MEASURED IN LB / HEAD",LB / HEAD,"2,010"
2023,MONTHLY,APR,IDAHO,ID,16,"MILK - PRODUCTION, MEASURED IN LB / HEAD",LB / HEAD,"2,105"
2023,MONTHLY,AUG,IDAHO,ID,16,"MILK - PRODUCTION, MEASURED IN LB / HEAD",LB / HEAD,"2,175"
2023,MONTHLY,DEC,IDAHO,ID,16,"MILK - PRODUCTION, MEASURED IN LB / HEAD",LB / HEAD,"2,060"
2023,MONTHLY,FEB,IDAHO,ID,16,"MILK - PRODUCTION, MEASURED IN LB / HEAD",LB / HEAD,"1,935"
2023,MONTHLY,JAN,IDAHO,ID,16,"MILK - PRODUCTION, MEASURED IN LB / HEAD",LB / HEAD,"2,120"
2023,MONTHLY,JUL,IDAHO,ID,16,"MILK - PRODUCTION, MEASURED IN LB / HEAD",LB / HEAD,"2,195"
2023,MONTHLY,JUN,IDAHO,ID,16,"MILK - PRODUCTION, MEASURED IN LB / HEAD",LB / HEAD,"2,145"
2023,MONTHLY,MAR,IDAHO,ID,16,"MILK - PRODUCTION, MEASURED IN LB / HEAD",LB / HEAD,"2,160"
2023,MONTHLY,MAY,IDAHO,ID,16,"MILK - PRODUCTION, MEASURED IN LB / HEAD",LB / HEAD,"2,215"
2023,MONTHLY,NOV,IDAHO,ID,16,"MILK - PRODUCTION, MEASURED IN LB / HEAD",LB / HEAD,"1,995"
2023,MONTHLY,OCT,IDAHO,ID,16,"MILK - PRODUCTION, MEASURED IN LB / HEAD",LB / HEAD,"2,080"
2023,MONTHLY,SEP,IDAHO,ID,16,"MILK - PRODUCTION, MEASURED IN LB / HEAD",LB / HEAD,"2,065"
2023,MONTHLY,APR,ILLINOIS,IL,17,"MILK - PRODUCTION, MEASURED IN LB / HEAD",LB / HEAD,"1,860"
2023,MONTHLY,AUG,ILLINOIS,IL,17,"MILK - PRODUCTION, MEASURED IN LB / HEAD",LB / HEAD,"1,720"
2023,MONTHLY,DEC,ILLINOIS,IL,17,"MILK - PRODUCTION, MEASURED IN LB / HEAD",LB / HEAD,"1,820"
2023,MONTHLY,FEB,ILLINOIS,IL,17,"MILK - PRODUCTION, MEASURED IN LB / HEAD",LB / HEAD,"1,710"
2023,MONTHLY,JAN,ILLINOIS,IL,17,"MILK - PRODUCTION, MEASURED IN LB / HEAD",LB / HEAD,"1,850"
2023,MONTHLY,JUL,ILLINOIS,IL,17,"MILK - PRODUCTION, MEASURED IN LB / HEAD",LB / HEAD,"1,810"
2023,MONTHLY,JUN,ILLINOIS,IL,17,"MILK - PRODUCTION, MEASURED IN LB / HEAD",LB / HEAD,"1,835"
2023,MONTHLY,MAR,ILLINOIS,IL,17,"MILK - PRODUCTION, MEASURED IN LB / HEAD",LB / HEAD,"1,930"
2023,MONTHLY,MAY,ILLINOIS,IL,17,"MILK - PRODUCTION, MEASURED IN LB / HEAD",LB / HEAD,"1,915"
2023,MONTHLY,NOV,ILLINOIS,IL,17,"MILK - PRODUCTION, MEASURED IN LB / HEAD",LB / HEAD,"1,720"
2023,MONTHLY,OCT,ILLINOIS,IL,17,"MILK - PRODUCTION, MEASURED IN LB / HEAD",LB / HEAD,"1,745"
2023,MONTHLY,SEP,ILLINOIS,IL,17,"MILK - PRODUCTION, MEASURED IN LB / HEAD",LB / HEAD,"1,705"
2023,MONTHLY,APR,INDIANA,IN,18,"MILK - PRODUCTION, MEASURED IN LB / HEAD",LB / HEAD,"2,010"
2023,MONTHLY,AUG,INDIANA,IN,18,"MILK - PRODUCTION, MEASURED IN LB / HEAD",LB / HEAD,"1,970"
2023,MONTHLY,DEC,INDIANA,IN,18,"MILK - PRODUCTION, MEASURED IN LB / HEAD",LB / HEAD,"1,995"
2023,MONTHLY,FEB,INDIANA,IN,18,"MILK - PRODUCTION, MEASURED IN LB / HEAD",LB / HEAD,"1,845"
2023,MONTHLY,JAN,INDIANA,IN,18,"MILK - PRODUCTION, MEASURED IN LB / HEAD",LB / HEAD,"2,030"
2023,MONTHLY,JUL,INDIANA,IN,18,"MILK - PRODUCTION, MEASURED IN LB / HEAD",LB / HEAD,"2,005"
2023,MONTHLY,JUN,INDIANA,IN,18,"MILK - PRODUCTION, MEASURED IN LB / HEAD",LB / HEAD,"2,010"
2023,MONTHLY,MAR,INDIANA,IN,18,"MILK - PRODUCTION, MEASURED IN LB / HEAD",LB / HEAD,"2,080"
2023,MONTHLY,MAY,INDIANA,IN,18,"MILK - PRODUCTION, MEASURED IN LB / HEAD",LB / HEAD,"2,070"
2023,MONTHLY,NOV,INDIANA,IN,18,"MILK - PRODUCTION, MEASURED IN LB / HEAD",LB / HEAD,"1,915"
2023,MONTHLY,OCT,INDIANA,IN,18,"MILK - PRODUCTION, MEASURED IN LB / HEAD",LB / HEAD,"1,965"
2023,MONTHLY,SEP,INDIANA,IN,18,"MILK - PRODUCTION, MEASURED IN LB / HEAD",LB / HEAD,"1,910"
2023,MONTHLY,APR,KANSAS,KS,20,"MILK - PRODUCTION, MEASURED IN LB / HEAD",LB / HEAD,"2,000"
2023,MONTHLY,AUG,KANSAS,KS,20,"MILK - PRODUCTION, MEASURED IN LB / HEAD",LB / HEAD,"1,970"
2023,MONTHLY,DEC,KANSAS,KS,20,"MILK - PRODUCTION, MEASURED IN LB / HEAD",LB / HEAD,"1,990"
2023,MONTHLY,FEB,KANSAS,KS,20,"MILK - PRODUCTION, MEASURED IN LB / HEAD",LB / HEAD,"1,850"
2023,MONTHLY,JAN,KANSAS,KS,20,"MILK - PRODUCTION, MEASURED IN LB / HEAD",LB / HEAD,"2,040"
2023,MONTHLY,JUL,KANSAS,KS,20,"MILK - PRODUCTION, MEASURED IN LB / HEAD",LB / HEAD,"1,985"
2023,MONTHLY,JUN,KANSAS,KS,20,"MILK - PRODUCTION, MEASURED IN LB / HEAD",LB / HEAD,"1,955"
2023,MONTHLY,MAR,KANSAS,KS,20,"MILK - PRODUCTION, MEASURED IN LB / HEAD",LB / HEAD,"2,065"
2023,MONTHLY,MAY,KANSAS,KS,20,"MILK - PRODUCTION, MEASURED IN LB / HEAD",LB / HEAD,"2,055"
2023,MONTHLY,NOV,KANSAS,KS,20,"MILK - PRODUCTION, MEASURED IN LB / HEAD",LB / HEAD,"1,945"
2023,MONTHLY,OCT,KANSAS,KS,20,"MILK - PRODUCTION, MEASURED IN LB / HEAD",LB / HEAD,"2,015"
2023,MONTHLY,SEP,KANSAS,KS,20,"MILK - PRODUCTION, MEASURED IN LB / HEAD",LB / HEAD,"1,955"
2023,MONTHLY,APR,MICHIGAN,MI,26,"MILK - PRODUCTION, MEASURED IN LB / HEAD",LB / HEAD,"2,310"
2023,MONTHLY,AUG,MICHIGAN,MI,26,"MILK - PRODUCTION, MEASURED IN LB / HEAD",LB / HEAD,"2,330"
2023,MONTHLY,DEC,MICHIGAN,MI,26,"MILK - PRODUCTION, MEASURED IN LB / HEAD",LB / HEAD,"2,285"
2023,MONTHLY,FEB,MICHIGAN,MI,26,"MILK - PRODUCTION, MEASURED IN LB / HEAD",LB / HEAD,"2,135"
2023,MONTHLY,JAN,MICHIGAN,MI,26,"MILK - PRODUCTION, MEASURED IN LB / HEAD",LB / HEAD,"2,345"
2023,MONTHLY,JUL,MICHIGAN,MI,26,"MILK - PRODUCTION, MEASURED IN LB / HEAD",LB / HEAD,"2,360"
2023,MONTHLY,JUN,MICHIGAN,MI,26,"MILK - PRODUCTION, MEASURED IN LB / HEAD",LB / HEAD,"2,310"
2023,MONTHLY,MAR,MICHIGAN,MI,26,"MILK - PRODUCTION, MEASURED IN LB / HEAD",LB / HEAD,"2,380"
2023,MONTHLY,MAY,MICHIGAN,MI,26,"MILK - PRODUCTION, MEASURED IN LB / HEAD",LB / HEAD,"2,400"
2023,MONTHLY,NOV,MICHIGAN,MI,26,"MILK - PRODUCTION, MEASURED IN LB / HEAD",LB / HEAD,"2,195"
2023,MONTHLY,OCT,MICHIGAN,MI,26,"MILK - PRODUCTION, MEASURED IN LB / HEAD",LB / HEAD,"2,285"
2023,MONTHLY,SEP,MICHIGAN,MI,26,"MILK - PRODUCTION, MEASURED IN LB / HEAD",LB / HEAD,"2,225"
2023,MONTHLY,APR,MINNESOTA,MN,27,"MILK - PRODUCTION, MEASURED IN LB / HEAD",LB / HEAD,"1,925"
2023,MONTHLY,AUG,MINNESOTA,MN,27,"MILK - PRODUCTION, MEASURED IN LB / HEAD",LB / HEAD,"1,970"
2023,MONTHLY,DEC,MINNESOTA,MN,27,"MILK - PRODUCTION, MEASURED IN LB / HEAD",LB / HEAD,"1,930"
2023,MONTHLY,FEB,MINNESOTA,MN,27,"MILK - PRODUCTION, MEASURED IN LB / HEAD",LB / HEAD,"1,795"
2023,MONTHLY,JAN,MINNESOTA,MN,27,"MILK - PRODUCTION, MEASURED IN LB / HEAD",LB / HEAD,"1,970"
2023,MONTHLY,JUL,MINNESOTA,MN,27,"MILK - PRODUCTION, MEASURED IN LB / HEAD",LB / HEAD,"2,000"
2023,MONTHLY,JUN,MINNESOTA,MN,27,"MILK - PRODUCTION, MEASURED IN LB / HEAD",LB / HEAD,"1,945"
2023,MONTHLY,MAR,MINNESOTA,MN,27,"MILK - PRODUCTION, MEASURED IN LB / HEAD",LB / HEAD,"1,990"
2023,MONTHLY,MAY,MINNESOTA,MN,27,"MILK - PRODUCTION, MEASURED IN LB / HEAD",LB / HEAD,"1,995"
2023,MONTHLY,NOV,MINNESOTA,MN,27,"MILK - PRODUCTION, MEASURED IN LB / HEAD",LB / HEAD,"1,855"
2023,MONTHLY,OCT,MINNESOTA,MN,27,"MILK - PRODUCTION, MEASURED IN LB / HEAD",LB / HEAD,"1,935"
2023,MONTHLY,SEP,MINNESOTA,MN,27,"MILK - PRODUCTION, MEASURED IN LB / HEAD",LB / HEAD,"1,905"
2023,MONTHLY,APR,NEW MEXICO,NM,35,"MILK - PRODUCTION, MEASURED IN LB / HEAD",LB / HEAD,"2,135"
2023,MONTHLY,AUG,NEW MEXICO,NM,35,"MILK - PRODUCTION, MEASURED IN LB / HEAD",LB / HEAD,"2,005"
2023,MONTHLY,DEC,NEW MEXICO,NM,35,"MILK - PRODUCTION, MEASURED IN LB / HEAD",LB / HEAD,"2,045"
2023,MONTHLY,FEB,NEW MEXICO,NM,35,"MILK - PRODUCTION, MEASURED IN LB / HEAD",LB / HEAD,"1,955"
2023,MONTHLY,JAN,NEW MEXICO,NM,35,"MILK - PRODUCTION, MEASURED IN LB / HEAD",LB / HEAD,"2,155"
2023,MONTHLY,JUL,NEW MEXICO,NM,35,"MILK - PRODUCTION, MEASURED IN LB / HEAD",LB / HEAD,"1,995"
2023,MONTHLY,JUN,NEW MEXICO,NM,35,"MILK - PRODUCTION, MEASURED IN LB / HEAD",LB / HEAD,"2,000"
2023,MONTHLY,MAR,NEW MEXICO,NM,35,"MILK - PRODUCTION, MEASURED IN LB / HEAD",LB / HEAD,"2,220"
2023,MONTHLY,MAY,NEW MEXICO,NM,35,"MILK - PRODUCTION, MEASURED IN LB / HEAD",LB / HEAD,"2,160"
2023,MONTHLY,NOV,NEW MEXICO,NM,35,"MILK - PRODUCTION, MEASURED IN LB / HEAD",LB / HEAD,"1,950"
2023,MONTHLY,OCT,NEW MEXICO,NM,35,"MILK - PRODUCTION, MEASURED IN LB / HEAD",LB / HEAD,"2,000"
2023,MONTHLY,SEP,NEW MEXICO,NM,35,"MILK - PRODUCTION, MEASURED IN LB / HEAD",LB / HEAD,"1,960"
2023,MONTHLY,APR,NEW YORK,NY,36,"MILK - PRODUCTION, MEASURED IN LB / HEAD",LB / HEAD,"2,130"
2023,MONTHLY,AUG,NEW YORK,NY,36,"MILK - PRODUCTION, MEASURED IN LB / HEAD",LB / HEAD,"2,185"
2023,MONTHLY,DEC,NEW YORK,NY,36,"MILK - PRODUCTION, MEASURED IN LB / HEAD",LB / HEAD,"2,110"
2023,MONTHLY,FEB,NEW YORK,NY,36,"MILK - PRODUCTION, MEASURED IN LB / HEAD",LB / HEAD,"1,950"
2023,MONTHLY,JAN,NEW YORK,NY,36,"MILK - PRODUCTION, MEASURED IN LB / HEAD",LB / HEAD,"2,135"
2023,MONTHLY,JUL,NEW YORK,NY,36,"MILK - PRODUCTION, MEASURED IN LB / HEAD",LB / HEAD,"2,190"
2023,MONTHLY,JUN,NEW YORK,NY,36,"MILK - PRODUCTION, MEASURED IN LB / HEAD",LB / HEAD,"2,155"
2023,MONTHLY,MAR,NEW YORK,NY,36,"MILK - PRODUCTION, MEASURED IN LB / HEAD",LB / HEAD,"2,170"
2023,MONTHLY,MAY,NEW YORK,NY,36,"MILK - PRODUCTION, MEASURED IN LB / HEAD",LB / HEAD,"2,230"
2023,MONTHLY,NOV,NEW YORK,NY,36,"MILK - PRODUCTION, MEASURED IN LB / HEAD",LB / HEAD,"2,040"
2023,MONTHLY,OCT,NEW YORK,NY,36,"MILK - PRODUCTION, MEASURED IN LB / HEAD",LB / HEAD,"2,125"
2023,MONTHLY,SEP,NEW YORK,NY,36,"MILK - PRODUCTION, MEASURED IN LB / HEAD",LB / HEAD,"2,070"
2023,MONTHLY,APR,OHIO,OH,39,"MILK - PRODUCTION, MEASURED IN LB / HEAD",LB / HEAD,"1,875"
2023,MONTHLY,AUG,OHIO,OH,39,"MILK - PRODUCTION, MEASURED IN LB / HEAD",LB / HEAD,"1,890"
2023,MONTHLY,DEC,OHIO,OH,39,"MILK - PRODUCTION, MEASURED IN LB / HEAD",LB / HEAD,"1,870"
2023,MONTHLY,FEB,OHIO,OH,39,"MILK - PRODUCTION, MEASURED IN LB / HEAD",LB / HEAD,"1,730"
2023,MONTHLY,JAN,OHIO,OH,39,"MILK - PRODUCTION, MEASURED IN LB / HEAD",LB / HEAD,"1,885"
2023,MONTHLY,JUL,OHIO,OH,39,"MILK - PRODUCTION, MEASURED IN LB / HEAD",LB / HEAD,"1,900"
2023,MONTHLY,JUN,OHIO,OH,39,"MILK - PRODUCTION, MEASURED IN LB / HEAD",LB / HEAD,"1,875"
2023,MONTHLY,MAR,OHIO,OH,39,"MILK - PRODUCTION, MEASURED IN LB / HEAD",LB / HEAD,"1,945"
2023,MONTHLY,MAY,OHIO,OH,39,"MILK - PRODUCTION, MEASURED IN LB / HEAD",LB / HEAD,"1,945"
2023,MONTHLY,NOV,OHIO,OH,39,"MILK - PRODUCTION, MEASURED IN LB / HEAD",LB / HEAD,"1,800"
2023,MONTHLY,OCT,OHIO,OH,39,"MILK - PRODUCTION, MEASURED IN LB / HEAD",LB / HEAD,"1,845"
2023,MONTHLY,SEP,OHIO,OH,39,"MILK - PRODUCTION, MEASURED IN LB / HEAD",LB / HEAD,"1,795"
2023,MONTHLY,APR,OREGON,OR,41,"MILK - PRODUCTION, MEASURED IN LB / HEAD",LB / HEAD,"1,770"
2023,MONTHLY,AUG,OREGON,OR,41,"MILK - PRODUCTION, MEASURED IN LB / HEAD",LB / HEAD,"1,775"
2023,MONTHLY,DEC,OREGON,OR,41,"MILK - PRODUCTION, MEASURED IN LB / HEAD",LB / HEAD,"1,725"
2023,MONTHLY,FEB,OREGON,OR,41,"MILK - PRODUCTION, MEASURED IN LB / HEAD",LB / HEAD,"1,620"
2023,MONTHLY,JAN,OREGON,OR,41,"MILK - PRODUCTION, MEASURED IN LB / HEAD",LB / HEAD,"1,760"
2023,MONTHLY,JUL,OREGON,OR,41,"MILK - PRODUCTION, MEASURED IN LB / HEAD",LB / HEAD,"1,800"
2023,MONTHLY,JUN,OREGON,OR,41,"MILK - PRODUCTION, MEASURED IN LB / HEAD",LB / HEAD,"1,760"
2023,MONTHLY,MAR,OREGON,OR,41,"MILK - PRODUCTION, MEASURED IN LB / HEAD",LB / HEAD,"1,820"
2023,MONTHLY,MAY,OREGON,OR,41,"MILK - PRODUCTION, MEASURED IN LB / HEAD",LB / HEAD,"1,830"
2023,MONTHLY,NOV,OREGON,OR,41,"MILK - PRODUCTION, MEASURED IN LB / HEAD",LB / HEAD,"1,675"
2023,MONTHLY,OCT,OREGON,OR,41,"MILK - PRODUCTION, MEASURED IN LB / HEAD",LB / HEAD,"1,745"
2023,MONTHLY,SEP,OREGON,OR,41,"MILK - PRODUCTION, MEASURED IN LB / HEAD",LB / HEAD,"1,715"
2023,MONTHLY,APR,PENNSYLVANIA,PA,42,"MILK - PRODUCTION, MEASURED IN LB / HEAD",LB / HEAD,"1,835"
2023,MONTHLY,AUG,PENNSYLVANIA,PA,42,"MILK - PRODUCTION, MEASURED IN LB / HEAD",LB / HEAD,"1,755"
2023,MONTHLY,DEC,PENNSYLVANIA,PA,42,"MILK - PRODUCTION, MEASURED IN LB / HEAD",LB / HEAD,"1,765"
2023,MONTHLY,FEB,PENNSYLVANIA,PA,42,"MILK - PRODUCTION, MEASURED IN LB / HEAD",LB / HEAD,"1,675"
2023,MONTHLY,JAN,PENNSYLVANIA,PA,42,"MILK - PRODUCTION, MEASURED IN LB / HEAD",LB / HEAD,"1,820"
2023,MONTHLY,JUL,PENNSYLVANIA,PA,42,"MILK - PRODUCTION, MEASURED IN LB / HEAD",LB / HEAD,"1,755"
2023,MONTHLY,JUN,PENNSYLVANIA,PA,42,"MILK - PRODUCTION, MEASURED IN LB / HEAD",LB / HEAD,"1,770"
2023,MONTHLY,MAR,PENNSYLVANIA,PA,42,"MILK - PRODUCTION, MEASURED IN LB / HEAD",LB / HEAD,"1,870"
2023,MONTHLY,MAY,PENNSYLVANIA,PA,42,"MILK - PRODUCTION, MEASURED IN LB / HEAD",LB / HEAD,"1,855"
2023,MONTHLY,NOV,PENNSYLVANIA,PA,42,"MILK - PRODUCTION, MEASURED IN LB / HEAD",LB / HEAD,"1,680"
2023,MONTHLY,OCT,PENNSYLVANIA,PA,42,"MILK - PRODUCTION, MEASURED IN LB / HEAD",LB / HEAD,"1,710"
2023,MONTHLY,SEP,PENNSYLVANIA,PA,42,"MILK - PRODUCTION, MEASURED IN LB / HEAD",LB / HEAD,"1,670"
2023,MONTHLY,APR,SOUTH DAKOTA,SD,46,"MILK - PRODUCTION, MEASURED IN LB / HEAD",LB / HEAD,"1,895"
2023,MONTHLY,AUG,SOUTH DAKOTA,SD,46,"MILK - PRODUCTION, MEASURED IN LB / HEAD",LB / HEAD,"1,975"
2023,MONTHLY,DEC,SOUTH DAKOTA,SD,46,"MILK - PRODUCTION, MEASURED IN LB / HEAD",LB / HEAD,"1,895"
2023,MONTHLY,FEB,SOUTH DAKOTA,SD,46,"MILK - PRODUCTION, MEASURED IN LB / HEAD",LB / HEAD,"1,750"
2023,MONTHLY,JAN,SOUTH DAKOTA,SD,46,"MILK - PRODUCTION, MEASURED IN LB / HEAD",LB / HEAD,"1,925"
2023,MONTHLY,JUL,SOUTH DAKOTA,SD,46,"MILK - PRODUCTION, MEASURED IN LB / HEAD",LB / HEAD,"1,985"
2023,MONTHLY,JUN,SOUTH DAKOTA,SD,46,"MILK - PRODUCTION, MEASURED IN LB / HEAD",LB / HEAD,"1,925"
2023,MONTHLY,MAR,SOUTH DAKOTA,SD,46,"MILK - PRODUCTION, MEASURED IN LB / HEAD",LB / HEAD,"1,940"
2023,MONTHLY,MAY,SOUTH DAKOTA,SD,46,"MILK - PRODUCTION, MEASURED IN LB / HEAD",LB / HEAD,"1,975"
2023,MONTHLY,NOV,SOUTH DAKOTA,SD,46,"MILK - PRODUCTION, MEASURED IN LB / HEAD",LB / HEAD,"1,860"
2023,MONTHLY,OCT,SOUTH DAKOTA,SD,46,"MILK - PRODUCTION, MEASURED IN LB / HEAD",LB / HEAD,"1,955"
2023,MONTHLY,SEP,SOUTH DAKOTA,SD,46,"MILK - PRODUCTION, MEASURED IN LB / HEAD",LB / HEAD,"1,925"
2023,MONTHLY,APR,TEXAS,TX,48,"MILK - PRODUCTION, MEASURED IN LB / HEAD",LB / HEAD,"2,190"
2023,MONTHLY,AUG,TEXAS,TX,48,"MILK - PRODUCTION, MEASURED IN LB / HEAD",LB / HEAD,"2,110"
2023,MONTHLY,DEC,TEXAS,TX,48,"MILK - PRODUCTION, MEASURED IN LB / HEAD",LB / HEAD,"2,170"
2023,MONTHLY,FEB,TEXAS,TX,48,"MILK - PRODUCTION, MEASURED IN LB / HEAD",LB / HEAD,"2,025"
2023,MONTHLY,JAN,TEXAS,TX,48,"MILK - PRODUCTION, MEASURED IN LB / HEAD",LB / HEAD,"2,230"
2023,MONTHLY,JUL,TEXAS,TX,48,"MILK - PRODUCTION, MEASURED IN LB / HEAD",LB / HEAD,"2,110"
2023,MONTHLY,JUN,TEXAS,TX,48,"MILK - PRODUCTION, MEASURED IN LB / HEAD",LB / HEAD,"2,095"
2023,MONTHLY,MAR,TEXAS,TX,48,"MILK - PRODUCTION, MEASURED IN LB / HEAD",LB / HEAD,"2,280"
2023,MONTHLY,MAY,TEXAS,TX,48,"MILK - PRODUCTION, MEASURED IN LB / HEAD",LB / HEAD,"2,240"
2023,MONTHLY,NOV,TEXAS,TX,48,"MILK - PRODUCTION, MEASURED IN LB / HEAD",LB / HEAD,"2,090"
2023,MONTHLY,OCT,TEXAS,TX,48,"MILK - PRODUCTION, MEASURED IN LB / HEAD",LB / HEAD,"2,175"
2023,MONTHLY,SEP,TEXAS,TX,48,"MILK - PRODUCTION, MEASURED IN LB / HEAD",LB / HEAD,"2,095"
2023,MONTHLY,APR,US TOTAL,US,99,"MILK - PRODUCTION, MEASURED IN LB / HEAD",LB / HEAD,"2,041"
2023,MONTHLY,APR THRU JUN,US TOTAL,US,99,"MILK - PRODUCTION, MEASURED IN LB / HEAD",LB / HEAD,"6,168"
2023,MONTHLY,AUG,US TOTAL,US,99,"MILK - PRODUCTION, MEASURED IN LB / HEAD",LB / HEAD,"2,010"
2023,MONTHLY,DEC,US TOTAL,US,99,"MILK - PRODUCTION, MEASURED IN LB / HEAD",LB / HEAD,"2,013"
2023,MONTHLY,FEB,US TOTAL,US,99,"MILK - PRODUCTION, MEASURED IN LB / HEAD",LB / HEAD,"1,881"
2023,MONTHLY,JAN,US TOTAL,US,99,"MILK - PRODUCTION, MEASURED IN LB / HEAD",LB / HEAD,"2,054"
2023,MONTHLY,JAN THRU MAR,US TOTAL,US,99,"MILK - PRODUCTION, MEASURED IN LB / HEAD",LB / HEAD,"6,036"
2023,MONTHLY,JUL,US TOTAL,US,99,"MILK - PRODUCTION, MEASURED IN LB / HEAD",LB / HEAD,"2,026"
2023,MONTHLY,JUL THRU SEP,US TOTAL,US,99,"MILK - PRODUCTION, MEASURED IN LB / HEAD",LB / HEAD,"5,976"
2023,MONTHLY,JUN,US TOTAL,US,99,"MILK - PRODUCTION, MEASURED IN LB / HEAD",LB / HEAD,"2,018"
2023,MONTHLY,MAR,US TOTAL,US,99,"MILK - PRODUCTION, MEASURED IN LB / HEAD",LB / HEAD,"2,101"
2023,MONTHLY,MAY,US TOTAL,US,99,"MILK - PRODUCTION, MEASURED IN LB / HEAD",LB / HEAD,"2,109"
2023,MONTHLY,NOV,US TOTAL,US,99,"MILK - PRODUCTION, MEASURED IN LB / HEAD",LB / HEAD,"1,931"
2023,MONTHLY,OCT,US TOTAL,US,99,"MILK - PRODUCTION, MEASURED IN LB / HEAD",LB / HEAD,"1,993"
2023,MONTHLY,OCT THRU DEC,US TOTAL,US,99,"MILK - PRODUCTION, MEASURED IN LB / HEAD",LB / HEAD,"5,937"
2023,MONTHLY,SEP,US TOTAL,US,99,"MILK - PRODUCTION, MEASURED IN LB / HEAD",LB / HEAD,"1,940"
2023,MONTHLY,APR,UTAH,UT,49,"MILK - PRODUCTION, MEASURED IN LB / HEAD",LB / HEAD,"1,930"
2023,MONTHLY,AUG,UTAH,UT,49,"MILK - PRODUCTION, MEASURED IN LB / HEAD",LB / HEAD,"1,980"
2023,MONTHLY,DEC,UTAH,UT,49,"MILK - PRODUCTION, MEASURED IN LB / HEAD",LB / HEAD,"1,925"
2023,MONTHLY,FEB,UTAH,UT,49,"MILK - PRODUCTION, MEASURED IN LB / HEAD",LB / HEAD,"1,770"
2023,MONTHLY,JAN,UTAH,UT,49,"MILK - PRODUCTION, MEASURED IN LB / HEAD",LB / HEAD,"1,945"
2023,MONTHLY,JUL,UTAH,UT,49,"MILK - PRODUCTION, MEASURED IN LB / HEAD",LB / HEAD,"2,000"
2023,MONTHLY,JUN,UTAH,UT,49,"MILK - PRODUCTION, MEASURED IN LB / HEAD",LB / HEAD,"1,980"
2023,MONTHLY,MAR,UTAH,UT,49,"MILK - PRODUCTION, MEASURED IN LB / HEAD",LB / HEAD,"1,960"
2023,MONTHLY,MAY,UTAH,UT,49,"MILK - PRODUCTION, MEASURED IN LB / HEAD",LB / HEAD,"2,030"
2023,MONTHLY,NOV,UTAH,UT,49,"MILK - PRODUCTION, MEASURED IN LB / HEAD",LB / HEAD,"1,875"
2023,MONTHLY,OCT,UTAH,UT,49,"MILK - PRODUCTION, MEASURED IN LB / HEAD",LB / HEAD,"1,940"
2023,MONTHLY,SEP,UTAH,UT,49,"MILK - PRODUCTION, MEASURED IN LB / HEAD",LB / HEAD,"1,910"
2023,MONTHLY,APR,VIRGINIA,VA,51,"MILK - PRODUCTION, MEASURED IN LB / HEAD",LB / HEAD,"1,800"
2023,MONTHLY,AUG,VIRGINIA,VA,51,"MILK - PRODUCTION, MEASURED IN LB / HEAD",LB / HEAD,"1,730"
2023,MONTHLY,DEC,VIRGINIA,VA,51,"MILK - PRODUCTION, MEASURED IN LB / HEAD",LB / HEAD,"1,750"
2023,MONTHLY,FEB,VIRGINIA,VA,51,"MILK - PRODUCTION, MEASURED IN LB / HEAD",LB / HEAD,"1,640"
2023,MONTHLY,JAN,VIRGINIA,VA,51,"MILK - PRODUCTION, MEASURED IN LB / HEAD",LB / HEAD,"1,780"
2023,MONTHLY,JUL,VIRGINIA,VA,51,"MILK - PRODUCTION, MEASURED IN LB / HEAD",LB / HEAD,"1,740"
2023,MONTHLY,JUN,VIRGINIA,VA,51,"MILK - PRODUCTION, MEASURED IN LB / HEAD",LB / HEAD,"1,720"
2023,MONTHLY,MAR,VIRGINIA,VA,51,"MILK - PRODUCTION, MEASURED IN LB / HEAD",LB / HEAD,"1,865"
2023,MONTHLY,MAY,VIRGINIA,VA,51,"MILK - PRODUCTION, MEASURED IN LB / HEAD",LB / HEAD,"1,845"
2023,MONTHLY,NOV,VIRGINIA,VA,51,"MILK - PRODUCTION, MEASURED IN LB / HEAD",LB / HEAD,"1,670"
2023,MONTHLY,OCT,VIRGINIA,VA,51,"MILK - PRODUCTION, MEASURED IN LB / HEAD",LB / HEAD,"1,700"
2023,MONTHLY,SEP,VIRGINIA,VA,51,"MILK - PRODUCTION, MEASURED IN LB / HEAD",LB / HEAD,"1,650"
2023,MONTHLY,APR,VERMONT,VT,50,"MILK - PRODUCTION, MEASURED IN LB / HEAD",LB / HEAD,"1,820"
2023,MONTHLY,AUG,VERMONT,VT,50,"MILK - PRODUCTION, MEASURED IN LB / HEAD",LB / HEAD,"1,845"
2023,MONTHLY,DEC,VERMONT,VT,50,"MILK - PRODUCTION, MEASURED IN LB / HEAD",LB / HEAD,"1,800"
2023,MONTHLY,FEB,VERMONT,VT,50,"MILK - PRODUCTION, MEASURED IN LB / HEAD",LB / HEAD,"1,665"
2023,MONTHLY,JAN,VERMONT,VT,50,"MILK - PRODUCTION, MEASURED IN LB / HEAD",LB / HEAD,"1,855"
2023,MONTHLY,JUL,VERMONT,VT,50,"MILK - PRODUCTION, MEASURED IN LB / HEAD",LB / HEAD,"1,840"
2023,MONTHLY,JUN,VERMONT,VT,50,"MILK - PRODUCTION, MEASURED IN LB / HEAD",LB / HEAD,"1,805"
2023,MONTHLY,MAR,VERMONT,VT,50,"MILK - PRODUCTION, MEASURED IN LB / HEAD",LB / HEAD,"1,860"
2023,MONTHLY,MAY,VERMONT,VT,50,"MILK - PRODUCTION, MEASURED IN LB / HEAD",LB / HEAD,"1,890"
2023,MONTHLY,NOV,VERMONT,VT,50,"MILK - PRODUCTION, MEASURED IN LB / HEAD",LB / HEAD,"1,735"
2023,MONTHLY,OCT,VERMONT,VT,50,"MILK - PRODUCTION, MEASURED IN LB / HEAD",LB / HEAD,"1,805"
2023,MONTHLY,SEP,VERMONT,VT,50,"MILK - PRODUCTION, MEASURED IN LB / HEAD",LB / HEAD,"1,750"
2023,MONTHLY,APR,WASHINGTON,WA,53,"MILK - PRODUCTION, MEASURED IN LB / HEAD",LB / HEAD,"2,035"
2023,MONTHLY,AUG,WASHINGTON,WA,53,"MILK - PRODUCTION, MEASURED IN LB / HEAD",LB / HEAD,"2,050"
2023,MONTHLY,DEC,WASHINGTON,WA,53,"MILK - PRODUCTION, MEASURED IN LB / HEAD",LB / HEAD,"2,010"
2023,MONTHLY,FEB,WASHINGTON,WA,53,"MILK - PRODUCTION, MEASURED IN LB / HEAD",LB / HEAD,"1,865"
2023,MONTHLY,JAN,WASHINGTON,WA,53,"MILK - PRODUCTION, MEASURED IN LB / HEAD",LB / HEAD,"2,030"
2023,MONTHLY,JUL,WASHINGTON,WA,53,"MILK - PRODUCTION, MEASURED IN LB / HEAD",LB / HEAD,"2,050"
2023,MONTHLY,JUN,WASHINGTON,WA,53,"MILK - PRODUCTION, MEASURED IN LB / HEAD",LB / HEAD,"2,010"
2023,MONTHLY,MAR,WASHINGTON,WA,53,"MILK - PRODUCTION, MEASURED IN LB / HEAD",LB / HEAD,"2,080"
2023,MONTHLY,MAY,WASHINGTON,WA,53,"MILK - PRODUCTION, MEASURED IN LB / HEAD",LB / HEAD,"2,095"
2023,MONTHLY,NOV,WASHINGTON,WA,53,"MILK - PRODUCTION, MEASURED IN LB / HEAD",LB / HEAD,"1,925"
2023,MONTHLY,OCT,WASHINGTON,WA,53,"MILK - PRODUCTION, MEASURED IN LB / HEAD",LB / HEAD,"2,010"
2023,MONTHLY,SEP,WASHINGTON,WA,53,"MILK - PRODUCTION, MEASURED IN LB / HEAD",LB / HEAD,"1,995"
2023,MONTHLY,APR,WISCONSIN,WI,55,"MILK - PRODUCTION, MEASURED IN LB / HEAD",LB / HEAD,"2,095"
2023,MONTHLY,AUG,WISCONSIN,WI,55,"MILK - PRODUCTION, MEASURED IN LB / HEAD",LB / HEAD,"2,155"
2023,MONTHLY,DEC,WISCONSIN,WI,55,"MILK - PRODUCTION, MEASURED IN LB / HEAD",LB / HEAD,"2,115"
2023,MONTHLY,FEB,WISCONSIN,WI,55,"MILK - PRODUCTION, MEASURED IN LB / HEAD",LB / HEAD,"1,935"
2023,MONTHLY,JAN,WISCONSIN,WI,55,"MILK - PRODUCTION, MEASURED IN LB / HEAD",LB / HEAD,"2,125"
2023,MONTHLY,JUL,WISCONSIN,WI,55,"MILK - PRODUCTION, MEASURED IN LB / HEAD",LB / HEAD,"2,180"
2023,MONTHLY,JUN,WISCONSIN,WI,55,"MILK - PRODUCTION, MEASURED IN LB / HEAD",LB / HEAD,"2,130"
2023,MONTHLY,MAR,WISCONSIN,WI,55,"MILK - PRODUCTION, MEASURED IN LB / HEAD",LB / HEAD,"2,155"
2023,MONTHLY,MAY,WISCONSIN,WI,55,"MILK - PRODUCTION, MEASURED IN LB / HEAD",LB / HEAD,"2,185"
2023,MONTHLY,NOV,WISCONSIN,WI,55,"MILK - PRODUCTION, MEASURED IN LB / HEAD",LB / HEAD,"2,035"
2023,MONTHLY,OCT,WISCONSIN,WI,55,"MILK - PRODUCTION, MEASURED IN LB / HEAD",LB / HEAD,"2,120"
2023,MONTHLY,SEP,WISCONSIN,WI,55,"MILK - PRODUCTION, MEASURED IN LB / HEAD",LB / HEAD,"2,075"
2024,MONTHLY,APR,ARIZONA,AZ,04,"MILK - PRODUCTION, MEASURED IN LB / HEAD",LB / HEAD,"2,180"
2024,MONTHLY,AUG,ARIZONA,AZ,04,"MILK - PRODUCTION, MEASURED IN LB / HEAD",LB / HEAD,"1,860"
2024,MONTHLY,DEC,ARIZONA,AZ,04,"MILK - PRODUCTION, MEASURED IN LB / HEAD",LB / HEAD,"2,095"
2024,MONTHLY,FEB,ARIZONA,AZ,04,"MILK - PRODUCTION, MEASURED IN LB / HEAD",LB / HEAD,"2,070"
2024,MONTHLY,JAN,ARIZONA,AZ,04,"MILK - PRODUCTION, MEASURED IN LB / HEAD",LB / HEAD,"2,125"
2024,MONTHLY,JUL,ARIZONA,AZ,04,"MILK - PRODUCTION, MEASURED IN LB / HEAD",LB / HEAD,"1,905"
2024,MONTHLY,JUN,ARIZONA,AZ,04,"MILK - PRODUCTION, MEASURED IN LB / HEAD",LB / HEAD,"2,015"
2024,MONTHLY,MAR,ARIZONA,AZ,04,"MILK - PRODUCTION, MEASURED IN LB / HEAD",LB / HEAD,"2,280"
2024,MONTHLY,MAY,ARIZONA,AZ,04,"MILK - PRODUCTION, MEASURED IN LB / HEAD",LB / HEAD,"2,185"
2024,MONTHLY,NOV,ARIZONA,AZ,04,"MILK - PRODUCTION, MEASURED IN LB / HEAD",LB / HEAD,"1,955"
2024,MONTHLY,OCT,ARIZONA,AZ,04,"MILK - PRODUCTION, MEASURED IN LB / HEAD",LB / HEAD,"1,960"
2024,MONTHLY,SEP,ARIZONA,AZ,04,"MILK - PRODUCTION, MEASURED IN LB / HEAD",LB / HEAD,"1,850"
2024,MONTHLY,APR,CALIFORNIA,CA,06,"MILK - PRODUCTION, MEASURED IN LB / HEAD",LB / HEAD,"2,065"
2024,MONTHLY,AUG,CALIFORNIA,CA,06,"MILK - PRODUCTION, MEASURED IN LB / HEAD",LB / HEAD,"1,980"
2024,MONTHLY,DEC,CALIFORNIA,CA,06,"MILK - PRODUCTION, MEASURED IN LB / HEAD",LB / HEAD,"1,860"
2024,MONTHLY,FEB,CALIFORNIA,CA,06,"MILK - PRODUCTION, MEASURED IN LB / HEAD",LB / HEAD,"1,970"
2024,MONTHLY,JAN,CALIFORNIA,CA,06,"MILK - PRODUCTION, MEASURED IN LB / HEAD",LB / HEAD,"2,070"
2024,MONTHLY,JUL,CALIFORNIA,CA,06,"MILK - PRODUCTION, MEASURED IN LB / HEAD",LB / HEAD,"1,940"
2024,MONTHLY,JUN,CALIFORNIA,CA,06,"MILK - PRODUCTION, MEASURED IN LB / HEAD",LB / HEAD,"1,960"
2024,MONTHLY,MAR,CALIFORNIA,CA,06,"MILK - PRODUCTION, MEASURED IN LB / HEAD",LB / HEAD,"2,140"
2024,MONTHLY,MAY,CALIFORNIA,CA,06,"MILK - PRODUCTION, MEASURED IN LB / HEAD",LB / HEAD,"2,095"
2024,MONTHLY,NOV,CALIFORNIA,CA,06,"MILK - PRODUCTION, MEASURED IN LB / HEAD",LB / HEAD,"1,755"
2024,MONTHLY,OCT,CALIFORNIA,CA,06,"MILK - PRODUCTION, MEASURED IN LB / HEAD",LB / HEAD,"1,870"
2024,MONTHLY,SEP,CALIFORNIA,CA,06,"MILK - PRODUCTION, MEASURED IN LB / HEAD",LB / HEAD,"1,880"
2024,MONTHLY,APR,COLORADO,CO,08,"MILK - PRODUCTION, MEASURED IN LB / HEAD",LB / HEAD,"2,170"
2024,MONTHLY,AUG,COLORADO,CO,08,"MILK - PRODUCTION, MEASURED IN LB / HEAD",LB / HEAD,"2,205"
2024,MONTHLY,DEC,COLORADO,CO,08,"MILK - PRODUCTION, MEASURED IN LB / HEAD",LB / HEAD,"2,195"
2024,MONTHLY,FEB,COLORADO,CO,08,"MILK - PRODUCTION, MEASURED IN LB / HEAD",LB / HEAD,"2,070"
2024,MONTHLY,JAN,COLORADO,CO,08,"MILK - PRODUCTION, MEASURED IN LB / HEAD",LB / HEAD,"2,205"
2024,MONTHLY,JUL,COLORADO,CO,08,"MILK - PRODUCTION, MEASURED IN LB / HEAD",LB / HEAD,"2,155"
2024,MONTHLY,JUN,COLORADO,CO,08,"MILK - PRODUCTION, MEASURED IN LB / HEAD",LB / HEAD,"2,090"
2024,MONTHLY,MAR,COLORADO,CO,08,"MILK - PRODUCTION, MEASURED IN LB / HEAD",LB / HEAD,"2,235"
2024,MONTHLY,MAY,COLORADO,CO,08,"MILK - PRODUCTION, MEASURED IN LB / HEAD",LB / HEAD,"2,230"
2024,MONTHLY,NOV,COLORADO,CO,08,"MILK - PRODUCTION, MEASURED IN LB / HEAD",LB / HEAD,"2,105"
2024,MONTHLY,OCT,COLORADO,CO,08,"MILK - PRODUCTION, MEASURED IN LB / HEAD",LB / HEAD,"2,185"
2024,MONTHLY,SEP,COLORADO,CO,08,"MILK - PRODUCTION, MEASURED IN LB / HEAD",LB / HEAD,"2,140"
2024,MONTHLY,APR,FLORIDA,FL,12,"MILK - PRODUCTION, MEASURED IN LB / HEAD",LB / HEAD,"1,875"
2024,MONTHLY,AUG,FLORIDA,FL,12,"MILK - PRODUCTION, MEASURED IN LB / HEAD",LB / HEAD,"1,590"
2024,MONTHLY,DEC,FLORIDA,FL,12,"MILK - PRODUCTION, MEASURED IN LB / HEAD",LB / HEAD,"1,745"
2024,MONTHLY,FEB,FLORIDA,FL,12,"MILK - PRODUCTION, MEASURED IN LB / HEAD",LB / HEAD,"1,750"
2024,MONTHLY,JAN,FLORIDA,FL,12,"MILK - PRODUCTION, MEASURED IN LB / HEAD",LB / HEAD,"1,835"
2024,MONTHLY,JUL,FLORIDA,FL,12,"MILK - PRODUCTION, MEASURED IN LB / HEAD",LB / HEAD,"1,685"
2024,MONTHLY,JUN,FLORIDA,FL,12,"MILK - PRODUCTION, MEASURED IN LB / HEAD",LB / HEAD,"1,715"
2024,MONTHLY,MAR,FLORIDA,FL,12,"MILK - PRODUCTION, MEASURED IN LB / HEAD",LB / HEAD,"1,925"
2024,MONTHLY,MAY,FLORIDA,FL,12,"MILK - PRODUCTION, MEASURED IN LB / HEAD",LB / HEAD,"1,780"
2024,MONTHLY,NOV,FLORIDA,FL,12,"MILK - PRODUCTION, MEASURED IN LB / HEAD",LB / HEAD,"1,615"
2024,MONTHLY,OCT,FLORIDA,FL,12,"MILK - PRODUCTION, MEASURED IN LB / HEAD",LB / HEAD,"1,570"
2024,MONTHLY,SEP,FLORIDA,FL,12,"MILK - PRODUCTION, MEASURED IN LB / HEAD",LB / HEAD,"1,520"
2024,MONTHLY,APR,GEORGIA,GA,13,"MILK - PRODUCTION, MEASURED IN LB / HEAD",LB / HEAD,"1,955"
2024,MONTHLY,AUG,GEORGIA,GA,13,"MILK - PRODUCTION, MEASURED IN LB / HEAD",LB / HEAD,"1,850"
2024,MONTHLY,DEC,GEORGIA,GA,13,"MILK - PRODUCTION, MEASURED IN LB / HEAD",LB / HEAD,"2,010"
2024,MONTHLY,FEB,GEORGIA,GA,13,"MILK - PRODUCTION, MEASURED IN LB / HEAD",LB / HEAD,"1,830"
2024,MONTHLY,JAN,GEORGIA,GA,13,"MILK - PRODUCTION, MEASURED IN LB / HEAD",LB / HEAD,"1,890"
2024,MONTHLY,JUL,GEORGIA,GA,13,"MILK - PRODUCTION, MEASURED IN LB / HEAD",LB / HEAD,"1,840"
2024,MONTHLY,JUN,GEORGIA,GA,13,"MILK - PRODUCTION, MEASURED IN LB / HEAD",LB / HEAD,"1,850"
2024,MONTHLY,MAR,GEORGIA,GA,13,"MILK - PRODUCTION, MEASURED IN LB / HEAD",LB / HEAD,"2,005"
2024,MONTHLY,MAY,GEORGIA,GA,13,"MILK - PRODUCTION, MEASURED IN LB / HEAD",LB / HEAD,"1,935"
2024,MONTHLY,NOV,GEORGIA,GA,13,"MILK - PRODUCTION, MEASURED IN LB / HEAD",LB / HEAD,"1,890"
2024,MONTHLY,OCT,GEORGIA,GA,13,"MILK - PRODUCTION, MEASURED IN LB / HEAD",LB / HEAD,"1,930"
2024,MONTHLY,SEP,GEORGIA,GA,13,"MILK - PRODUCTION, MEASURED IN LB / HEAD",LB / HEAD,"1,800"
2024,MONTHLY,APR,IOWA,IA,19,"MILK - PRODUCTION, MEASURED IN LB / HEAD",LB / HEAD,"2,095"
2024,MONTHLY,AUG,IOWA,IA,19,"MILK - PRODUCTION, MEASURED IN LB / HEAD",LB / HEAD,"2,060"
2024,MONTHLY,DEC,IOWA,IA,19,"MILK - PRODUCTION, MEASURED IN LB / HEAD",LB / HEAD,"2,060"
2024,MONTHLY,FEB,IOWA,IA,19,"MILK - PRODUCTION, MEASURED IN LB / HEAD",LB / HEAD,"2,000"
2024,MONTHLY,JAN,IOWA,IA,19,"MILK - PRODUCTION, MEASURED IN LB / HEAD",LB / HEAD,"2,110"
2024,MONTHLY,JUL,IOWA,IA,19,"MILK - PRODUCTION, MEASURED IN LB / HEAD",LB / HEAD,"2,085"
2024,MONTHLY,JUN,IOWA,IA,19,"MILK - PRODUCTION, MEASURED IN LB / HEAD",LB / HEAD,"2,020"
2024,MONTHLY,MAR,IOWA,IA,19,"MILK - PRODUCTION, MEASURED IN LB / HEAD",LB / HEAD,"2,150"
2024,MONTHLY,MAY,IOWA,IA,19,"MILK - PRODUCTION, MEASURED IN LB / HEAD",LB / HEAD,"2,150"
2024,MONTHLY,NOV,IOWA,IA,19,"MILK - PRODUCTION, MEASURED IN LB / HEAD",LB / HEAD,"1,995"
2024,MONTHLY,OCT,IOWA,IA,19,"MILK - PRODUCTION, MEASURED IN LB / HEAD",LB / HEAD,"2,080"
2024,MONTHLY,SEP,IOWA,IA,19,"MILK - PRODUCTION, MEASURED IN LB / HEAD",LB / HEAD,"2,000"
2024,MONTHLY,APR,IDAHO,ID,16,"MILK - PRODUCTION, MEASURED IN LB / HEAD",LB / HEAD,"2,110"
2024,MONTHLY,AUG,IDAHO,ID,16,"MILK - PRODUCTION, MEASURED IN LB / HEAD",LB / HEAD,"2,200"
2024,MONTHLY,DEC,IDAHO,ID,16,"MILK - PRODUCTION, MEASURED IN LB / HEAD",LB / HEAD,"2,095"
2024,MONTHLY,FEB,IDAHO,ID,16,"MILK - PRODUCTION, MEASURED IN LB / HEAD",LB / HEAD,"1,970"
2024,MONTHLY,JAN,IDAHO,ID,16,"MILK - PRODUCTION, MEASURED IN LB / HEAD",LB / HEAD,"2,085"
2024,MONTHLY,JUL,IDAHO,ID,16,"MILK - PRODUCTION, MEASURED IN LB / HEAD",LB / HEAD,"2,200"
2024,MONTHLY,JUN,IDAHO,ID,16,"MILK - PRODUCTION, MEASURED IN LB / HEAD",LB / HEAD,"2,095"
2024,MONTHLY,MAR,IDAHO,ID,16,"MILK - PRODUCTION, MEASURED IN LB / HEAD",LB / HEAD,"2,145"
2024,MONTHLY,MAY,IDAHO,ID,16,"MILK - PRODUCTION, MEASURED IN LB / HEAD",LB / HEAD,"2,160"
2024,MONTHLY,NOV,IDAHO,ID,16,"MILK - PRODUCTION, MEASURED IN LB / HEAD",LB / HEAD,"2,030"
2024,MONTHLY,OCT,IDAHO,ID,16,"MILK - PRODUCTION, MEASURED IN LB / HEAD",LB / HEAD,"2,130"
2024,MONTHLY,SEP,IDAHO,ID,16,"MILK - PRODUCTION, MEASURED IN LB / HEAD",LB / HEAD,"2,100"
2024,MONTHLY,APR,ILLINOIS,IL,17,"MILK - PRODUCTION, MEASURED IN LB / HEAD",LB / HEAD,"1,880"
2024,MONTHLY,AUG,ILLINOIS,IL,17,"MILK - PRODUCTION, MEASURED IN LB / HEAD",LB / HEAD,"1,740"
2024,MONTHLY,DEC,ILLINOIS,IL,17,"MILK - PRODUCTION, MEASURED IN LB / HEAD",LB / HEAD,"1,820"
2024,MONTHLY,FEB,ILLINOIS,IL,17,"MILK - PRODUCTION, MEASURED IN LB / HEAD",LB / HEAD,"1,785"
2024,MONTHLY,JAN,ILLINOIS,IL,17,"MILK - PRODUCTION, MEASURED IN LB / HEAD",LB / HEAD,"1,855"
2024,MONTHLY,JUL,ILLINOIS,IL,17,"MILK - PRODUCTION, MEASURED IN LB / HEAD",LB / HEAD,"1,785"
2024,MONTHLY,JUN,ILLINOIS,IL,17,"MILK - PRODUCTION, MEASURED IN LB / HEAD",LB / HEAD,"1,785"
2024,MONTHLY,MAR,ILLINOIS,IL,17,"MILK - PRODUCTION, MEASURED IN LB / HEAD",LB / HEAD,"1,950"
2024,MONTHLY,MAY,ILLINOIS,IL,17,"MILK - PRODUCTION, MEASURED IN LB / HEAD",LB / HEAD,"1,930"
2024,MONTHLY,NOV,ILLINOIS,IL,17,"MILK - PRODUCTION, MEASURED IN LB / HEAD",LB / HEAD,"1,740"
2024,MONTHLY,OCT,ILLINOIS,IL,17,"MILK - PRODUCTION, MEASURED IN LB / HEAD",LB / HEAD,"1,780"
2024,MONTHLY,SEP,ILLINOIS,IL,17,"MILK - PRODUCTION, MEASURED IN LB / HEAD",LB / HEAD,"1,700"
2024,MONTHLY,APR,INDIANA,IN,18,"MILK - PRODUCTION, MEASURED IN LB / HEAD",LB / HEAD,"1,995"
2024,MONTHLY,AUG,INDIANA,IN,18,"MILK - PRODUCTION, MEASURED IN LB / HEAD",LB / HEAD,"1,985"
2024,MONTHLY,DEC,INDIANA,IN,18,"MILK - PRODUCTION, MEASURED IN LB / HEAD",LB / HEAD,"2,010"
2024,MONTHLY,FEB,INDIANA,IN,18,"MILK - PRODUCTION, MEASURED IN LB / HEAD",LB / HEAD,"1,870"
2024,MONTHLY,JAN,INDIANA,IN,18,"MILK - PRODUCTION, MEASURED IN LB / HEAD",LB / HEAD,"2,000"
2024,MONTHLY,JUL,INDIANA,IN,18,"MILK - PRODUCTION, MEASURED IN LB / HEAD",LB / HEAD,"2,015"
2024,MONTHLY,JUN,INDIANA,IN,18,"MILK - PRODUCTION, MEASURED IN LB / HEAD",LB / HEAD,"1,980"
2024,MONTHLY,MAR,INDIANA,IN,18,"MILK - PRODUCTION, MEASURED IN LB / HEAD",LB / HEAD,"2,045"
2024,MONTHLY,MAY,INDIANA,IN,18,"MILK - PRODUCTION, MEASURED IN LB / HEAD",LB / HEAD,"2,055"
2024,MONTHLY,NOV,INDIANA,IN,18,"MILK - PRODUCTION, MEASURED IN LB / HEAD",LB / HEAD,"1,950"
2024,MONTHLY,OCT,INDIANA,IN,18,"MILK - PRODUCTION, MEASURED IN LB / HEAD",LB / HEAD,"1,990"
2024,MONTHLY,SEP,INDIANA,IN,18,"MILK - PRODUCTION, MEASURED IN LB / HEAD",LB / HEAD,"1,930"
2024,MONTHLY,APR,KANSAS,KS,20,"MILK - PRODUCTION, MEASURED IN LB / HEAD",LB / HEAD,"1,980"
2024,MONTHLY,AUG,KANSAS,KS,20,"MILK - PRODUCTION, MEASURED IN LB / HEAD",LB / HEAD,"2,005"
2024,MONTHLY,DEC,KANSAS,KS,20,"MILK - PRODUCTION, MEASURED IN LB / HEAD",LB / HEAD,"1,995"
2024,MONTHLY,FEB,KANSAS,KS,20,"MILK - PRODUCTION, MEASURED IN LB / HEAD",LB / HEAD,"1,935"
2024,MONTHLY,JAN,KANSAS,KS,20,"MILK - PRODUCTION, MEASURED IN LB / HEAD",LB / HEAD,"2,020"
2024,MONTHLY,JUL,KANSAS,KS,20,"MILK - PRODUCTION, MEASURED IN LB / HEAD",LB / HEAD,"2,000"
2024,MONTHLY,JUN,KANSAS,KS,20,"MILK - PRODUCTION, MEASURED IN LB / HEAD",LB / HEAD,"1,945"
2024,MONTHLY,MAR,KANSAS,KS,20,"MILK - PRODUCTION, MEASURED IN LB / HEAD",LB / HEAD,"2,095"
2024,MONTHLY,MAY,KANSAS,KS,20,"MILK - PRODUCTION, MEASURED IN LB / HEAD",LB / HEAD,"2,065"
2024,MONTHLY,NOV,KANSAS,KS,20,"MILK - PRODUCTION, MEASURED IN LB / HEAD",LB / HEAD,"1,940"
2024,MONTHLY,OCT,KANSAS,KS,20,"MILK - PRODUCTION, MEASURED IN LB / HEAD",LB / HEAD,"2,005"
2024,MONTHLY,SEP,KANSAS,KS,20,"MILK - PRODUCTION, MEASURED IN LB / HEAD",LB / HEAD,"1,960"
2024,MONTHLY,APR,MICHIGAN,MI,26,"MILK - PRODUCTION, MEASURED IN LB / HEAD",LB / HEAD,"2,310"
2024,MONTHLY,AUG,MICHIGAN,MI,26,"MILK - PRODUCTION, MEASURED IN LB / HEAD",LB / HEAD,"2,320"
2024,MONTHLY,DEC,MICHIGAN,MI,26,"MILK - PRODUCTION, MEASURED IN LB / HEAD",LB / HEAD,"2,315"
2024,MONTHLY,FEB,MICHIGAN,MI,26,"MILK - PRODUCTION, MEASURED IN LB / HEAD",LB / HEAD,"2,200"
2024,MONTHLY,JAN,MICHIGAN,MI,26,"MILK - PRODUCTION, MEASURED IN LB / HEAD",LB / HEAD,"2,320"
2024,MONTHLY,JUL,MICHIGAN,MI,26,"MILK - PRODUCTION, MEASURED IN LB / HEAD",LB / HEAD,"2,360"
2024,MONTHLY,JUN,MICHIGAN,MI,26,"MILK - PRODUCTION, MEASURED IN LB / HEAD",LB / HEAD,"2,280"
2024,MONTHLY,MAR,MICHIGAN,MI,26,"MILK - PRODUCTION, MEASURED IN LB / HEAD",LB / HEAD,"2,370"
2024,MONTHLY,MAY,MICHIGAN,MI,26,"MILK - PRODUCTION, MEASURED IN LB / HEAD",LB / HEAD,"2,375"
2024,MONTHLY,NOV,MICHIGAN,MI,26,"MILK - PRODUCTION, MEASURED IN LB / HEAD",LB / HEAD,"2,235"
2024,MONTHLY,OCT,MICHIGAN,MI,26,"MILK - PRODUCTION, MEASURED IN LB / HEAD",LB / HEAD,"2,330"
2024,MONTHLY,SEP,MICHIGAN,MI,26,"MILK - PRODUCTION, MEASURED IN LB / HEAD",LB / HEAD,"2,250"
2024,MONTHLY,APR,MINNESOTA,MN,27,"MILK - PRODUCTION, MEASURED IN LB / HEAD",LB / HEAD,"1,945"
2024,MONTHLY,AUG,MINNESOTA,MN,27,"MILK - PRODUCTION, MEASURED IN LB / HEAD",LB / HEAD,"1,965"
2024,MONTHLY,DEC,MINNESOTA,MN,27,"MILK - PRODUCTION, MEASURED IN LB / HEAD",LB / HEAD,"1,965"
2024,MONTHLY,FEB,MINNESOTA,MN,27,"MILK - PRODUCTION, MEASURED IN LB / HEAD",LB / HEAD,"1,860"
2024,MONTHLY,JAN,MINNESOTA,MN,27,"MILK - PRODUCTION, MEASURED IN LB / HEAD",LB / HEAD,"1,955"
2024,MONTHLY,JUL,MINNESOTA,MN,27,"MILK - PRODUCTION, MEASURED IN LB / HEAD",LB / HEAD,"1,980"
2024,MONTHLY,JUN,MINNESOTA,MN,27,"MILK - PRODUCTION, MEASURED IN LB / HEAD",LB / HEAD,"1,930"
2024,MONTHLY,MAR,MINNESOTA,MN,27,"MILK - PRODUCTION, MEASURED IN LB / HEAD",LB / HEAD,"2,005"
2024,MONTHLY,MAY,MINNESOTA,MN,27,"MILK - PRODUCTION, MEASURED IN LB / HEAD",LB / HEAD,"2,020"
2024,MONTHLY,NOV,MINNESOTA,MN,27,"MILK - PRODUCTION, MEASURED IN LB / HEAD",LB / HEAD,"1,890"
2024,MONTHLY,OCT,MINNESOTA,MN,27,"MILK - PRODUCTION, MEASURED IN LB / HEAD",LB / HEAD,"1,965"
2024,MONTHLY,SEP,MINNESOTA,MN,27,"MILK - PRODUCTION, MEASURED IN LB / HEAD",LB / HEAD,"1,920"
2024,MONTHLY,APR,NEW MEXICO,NM,35,"MILK - PRODUCTION, MEASURED IN LB / HEAD",LB / HEAD,"2,120"
2024,MONTHLY,AUG,NEW MEXICO,NM,35,"MILK - PRODUCTION, MEASURED IN LB / HEAD",LB / HEAD,"2,010"
2024,MONTHLY,DEC,NEW MEXICO,NM,35,"MILK - PRODUCTION, MEASURED IN LB / HEAD",LB / HEAD,"2,060"
2024,MONTHLY,FEB,NEW MEXICO,NM,35,"MILK - PRODUCTION, MEASURED IN LB / HEAD",LB / HEAD,"2,030"
2024,MONTHLY,JAN,NEW MEXICO,NM,35,"MILK - PRODUCTION, MEASURED IN LB / HEAD",LB / HEAD,"2,130"
2024,MONTHLY,JUL,NEW MEXICO,NM,35,"MILK - PRODUCTION, MEASURED IN LB / HEAD",LB / HEAD,"2,055"
2024,MONTHLY,JUN,NEW MEXICO,NM,35,"MILK - PRODUCTION, MEASURED IN LB / HEAD",LB / HEAD,"2,020"
2024,MONTHLY,MAR,NEW MEXICO,NM,35,"MILK - PRODUCTION, MEASURED IN LB / HEAD",LB / HEAD,"2,200"
2024,MONTHLY,MAY,NEW MEXICO,NM,35,"MILK - PRODUCTION, MEASURED IN LB / HEAD",LB / HEAD,"2,170"
2024,MONTHLY,NOV,NEW MEXICO,NM,35,"MILK - PRODUCTION, MEASURED IN LB / HEAD",LB / HEAD,"1,960"
2024,MONTHLY,OCT,NEW MEXICO,NM,35,"MILK - PRODUCTION, MEASURED IN LB / HEAD",LB / HEAD,"2,055"
2024,MONTHLY,SEP,NEW MEXICO,NM,35,"MILK - PRODUCTION, MEASURED IN LB / HEAD",LB / HEAD,"1,970"
2024,MONTHLY,APR,NEW YORK,NY,36,"MILK - PRODUCTION, MEASURED IN LB / HEAD",LB / HEAD,"2,150"
2024,MONTHLY,AUG,NEW YORK,NY,36,"MILK - PRODUCTION, MEASURED IN LB / HEAD",LB / HEAD,"2,160"
2024,MONTHLY,DEC,NEW YORK,NY,36,"MILK - PRODUCTION, MEASURED IN LB / HEAD",LB / HEAD,"2,120"
2024,MONTHLY,FEB,NEW YORK,NY,36,"MILK - PRODUCTION, MEASURED IN LB / HEAD",LB / HEAD,"2,020"
2024,MONTHLY,JAN,NEW YORK,NY,36,"MILK - PRODUCTION, MEASURED IN LB / HEAD",LB / HEAD,"2,125"
2024,MONTHLY,JUL,NEW YORK,NY,36,"MILK - PRODUCTION, MEASURED IN LB / HEAD",LB / HEAD,"2,185"
2024,MONTHLY,JUN,NEW YORK,NY,36,"MILK - PRODUCTION, MEASURED IN LB / HEAD",LB / HEAD,"2,130"
2024,MONTHLY,MAR,NEW YORK,NY,36,"MILK - PRODUCTION, MEASURED IN LB / HEAD",LB / HEAD,"2,190"
2024,MONTHLY,MAY,NEW YORK,NY,36,"MILK - PRODUCTION, MEASURED IN LB / HEAD",LB / HEAD,"2,230"
2024,MONTHLY,NOV,NEW YORK,NY,36,"MILK - PRODUCTION, MEASURED IN LB / HEAD",LB / HEAD,"2,055"
2024,MONTHLY,OCT,NEW YORK,NY,36,"MILK - PRODUCTION, MEASURED IN LB / HEAD",LB / HEAD,"2,120"
2024,MONTHLY,SEP,NEW YORK,NY,36,"MILK - PRODUCTION, MEASURED IN LB / HEAD",LB / HEAD,"2,085"
2024,MONTHLY,APR,OHIO,OH,39,"MILK - PRODUCTION, MEASURED IN LB / HEAD",LB / HEAD,"1,880"
2024,MONTHLY,AUG,OHIO,OH,39,"MILK - PRODUCTION, MEASURED IN LB / HEAD",LB / HEAD,"1,910"
2024,MONTHLY,DEC,OHIO,OH,39,"MILK - PRODUCTION, MEASURED IN LB / HEAD",LB / HEAD,"1,910"
2024,MONTHLY,FEB,OHIO,OH,39,"MILK - PRODUCTION, MEASURED IN LB / HEAD",LB / HEAD,"1,785"
2024,MONTHLY,JAN,OHIO,OH,39,"MILK - PRODUCTION, MEASURED IN LB / HEAD",LB / HEAD,"1,885"
2024,MONTHLY,JUL,OHIO,OH,39,"MILK - PRODUCTION, MEASURED IN LB / HEAD",LB / HEAD,"1,920"
2024,MONTHLY,JUN,OHIO,OH,39,"MILK - PRODUCTION, MEASURED IN LB / HEAD",LB / HEAD,"1,865"
2024,MONTHLY,MAR,OHIO,OH,39,"MILK - PRODUCTION, MEASURED IN LB / HEAD",LB / HEAD,"1,930"
2024,MONTHLY,MAY,OHIO,OH,39,"MILK - PRODUCTION, MEASURED IN LB / HEAD",LB / HEAD,"1,930"
2024,MONTHLY,NOV,OHIO,OH,39,"MILK - PRODUCTION, MEASURED IN LB / HEAD",LB / HEAD,"1,830"
2024,MONTHLY,OCT,OHIO,OH,39,"MILK - PRODUCTION, MEASURED IN LB / HEAD",LB / HEAD,"1,880"
2024,MONTHLY,SEP,OHIO,OH,39,"MILK - PRODUCTION, MEASURED IN LB / HEAD",LB / HEAD,"1,820"
2024,MONTHLY,APR,OREGON,OR,41,"MILK - PRODUCTION, MEASURED IN LB / HEAD",LB / HEAD,"1,765"
2024,MONTHLY,AUG,OREGON,OR,41,"MILK - PRODUCTION, MEASURED IN LB / HEAD",LB / HEAD,"1,785"
2024,MONTHLY,DEC,OREGON,OR,41,"MILK - PRODUCTION, MEASURED IN LB / HEAD",LB / HEAD,"1,710"
2024,MONTHLY,FEB,OREGON,OR,41,"MILK - PRODUCTION, MEASURED IN LB / HEAD",LB / HEAD,"1,655"
2024,MONTHLY,JAN,OREGON,OR,41,"MILK - PRODUCTION, MEASURED IN LB / HEAD",LB / HEAD,"1,730"
2024,MONTHLY,JUL,OREGON,OR,41,"MILK - PRODUCTION, MEASURED IN LB / HEAD",LB / HEAD,"1,805"
2024,MONTHLY,JUN,OREGON,OR,41,"MILK - PRODUCTION, MEASURED IN LB / HEAD",LB / HEAD,"1,765"
2024,MONTHLY,MAR,OREGON,OR,41,"MILK - PRODUCTION, MEASURED IN LB / HEAD",LB / HEAD,"1,820"
2024,MONTHLY,MAY,OREGON,OR,41,"MILK - PRODUCTION, MEASURED IN LB / HEAD",LB / HEAD,"1,840"
2024,MONTHLY,NOV,OREGON,OR,41,"MILK - PRODUCTION, MEASURED IN LB / HEAD",LB / HEAD,"1,680"
2024,MONTHLY,OCT,OREGON,OR,41,"MILK - PRODUCTION, MEASURED IN LB / HEAD",LB / HEAD,"1,760"
2024,MONTHLY,SEP,OREGON,OR,41,"MILK - PRODUCTION, MEASURED IN LB / HEAD",LB / HEAD,"1,710"
2024,MONTHLY,APR,PENNSYLVANIA,PA,42,"MILK - PRODUCTION, MEASURED IN LB / HEAD",LB / HEAD,"1,805"
2024,MONTHLY,AUG,PENNSYLVANIA,PA,42,"MILK - PRODUCTION, MEASURED IN LB / HEAD",LB / HEAD,"1,725"
2024,MONTHLY,DEC,PENNSYLVANIA,PA,42,"MILK - PRODUCTION, MEASURED IN LB / HEAD",LB / HEAD,"1,765"
2024,MONTHLY,FEB,PENNSYLVANIA,PA,42,"MILK - PRODUCTION, MEASURED IN LB / HEAD",LB / HEAD,"1,710"
2024,MONTHLY,JAN,PENNSYLVANIA,PA,42,"MILK - PRODUCTION, MEASURED IN LB / HEAD",LB / HEAD,"1,795"
2024,MONTHLY,JUL,PENNSYLVANIA,PA,42,"MILK - PRODUCTION, MEASURED IN LB / HEAD",LB / HEAD,"1,735"
2024,MONTHLY,JUN,PENNSYLVANIA,PA,42,"MILK - PRODUCTION, MEASURED IN LB / HEAD",LB / HEAD,"1,725"
2024,MONTHLY,MAR,PENNSYLVANIA,PA,42,"MILK - PRODUCTION, MEASURED IN LB / HEAD",LB / HEAD,"1,860"
2024,MONTHLY,MAY,PENNSYLVANIA,PA,42,"MILK - PRODUCTION, MEASURED IN LB / HEAD",LB / HEAD,"1,825"
2024,MONTHLY,NOV,PENNSYLVANIA,PA,42,"MILK - PRODUCTION, MEASURED IN LB / HEAD",LB / HEAD,"1,690"
2024,MONTHLY,OCT,PENNSYLVANIA,PA,42,"MILK - PRODUCTION, MEASURED IN LB / HEAD",LB / HEAD,"1,725"
2024,MONTHLY,SEP,PENNSYLVANIA,PA,42,"MILK - PRODUCTION, MEASURED IN LB / HEAD",LB / HEAD,"1,675"
2024,MONTHLY,APR,SOUTH DAKOTA,SD,46,"MILK - PRODUCTION, MEASURED IN LB / HEAD",LB / HEAD,"1,900"
2024,MONTHLY,AUG,SOUTH DAKOTA,SD,46,"MILK - PRODUCTION, MEASURED IN LB / HEAD",LB / HEAD,"1,990"
2024,MONTHLY,DEC,SOUTH DAKOTA,SD,46,"MILK - PRODUCTION, MEASURED IN LB / HEAD",LB / HEAD,"1,970"
2024,MONTHLY,FEB,SOUTH DAKOTA,SD,46,"MILK - PRODUCTION, MEASURED IN LB / HEAD",LB / HEAD,"1,825"
2024,MONTHLY,JAN,SOUTH DAKOTA,SD,46,"MILK - PRODUCTION, MEASURED IN LB / HEAD",LB / HEAD,"1,905"
2024,MONTHLY,JUL,SOUTH DAKOTA,SD,46,"MILK - PRODUCTION, MEASURED IN LB / HEAD",LB / HEAD,"1,985"
2024,MONTHLY,JUN,SOUTH DAKOTA,SD,46,"MILK - PRODUCTION, MEASURED IN LB / HEAD",LB / HEAD,"1,915"
2024,MONTHLY,MAR,SOUTH DAKOTA,SD,46,"MILK - PRODUCTION, MEASURED IN LB / HEAD",LB / HEAD,"1,950"
2024,MONTHLY,MAY,SOUTH DAKOTA,SD,46,"MILK - PRODUCTION, MEASURED IN LB / HEAD",LB / HEAD,"1,975"
2024,MONTHLY,NOV,SOUTH DAKOTA,SD,46,"MILK - PRODUCTION, MEASURED IN LB / HEAD",LB / HEAD,"1,900"
2024,MONTHLY,OCT,SOUTH DAKOTA,SD,46,"MILK - PRODUCTION, MEASURED IN LB / HEAD",LB / HEAD,"1,990"
2024,MONTHLY,SEP,SOUTH DAKOTA,SD,46,"MILK - PRODUCTION, MEASURED IN LB / HEAD",LB / HEAD,"1,935"
2024,MONTHLY,APR,TEXAS,TX,48,"MILK - PRODUCTION, MEASURED IN LB / HEAD",LB / HEAD,"2,135"
2024,MONTHLY,AUG,TEXAS,TX,48,"MILK - PRODUCTION, MEASURED IN LB / HEAD",LB / HEAD,"2,155"
2024,MONTHLY,DEC,TEXAS,TX,48,"MILK - PRODUCTION, MEASURED IN LB / HEAD",LB / HEAD,"2,195"
2024,MONTHLY,FEB,TEXAS,TX,48,"MILK - PRODUCTION, MEASURED IN LB / HEAD",LB / HEAD,"2,110"
2024,MONTHLY,JAN,TEXAS,TX,48,"MILK - PRODUCTION, MEASURED IN LB / HEAD",LB / HEAD,"2,195"
2024,MONTHLY,JUL,TEXAS,TX,48,"MILK - PRODUCTION, MEASURED IN LB / HEAD",LB / HEAD,"2,155"
2024,MONTHLY,JUN,TEXAS,TX,48,"MILK - PRODUCTION, MEASURED IN LB / HEAD",LB / HEAD,"2,110"
2024,MONTHLY,MAR,TEXAS,TX,48,"MILK - PRODUCTION, MEASURED IN LB / HEAD",LB / HEAD,"2,225"
2024,MONTHLY,MAY,TEXAS,TX,48,"MILK - PRODUCTION, MEASURED IN LB / HEAD",LB / HEAD,"2,235"
2024,MONTHLY,NOV,TEXAS,TX,48,"MILK - PRODUCTION, MEASURED IN LB / HEAD",LB / HEAD,"2,110"
2024,MONTHLY,OCT,TEXAS,TX,48,"MILK - PRODUCTION, MEASURED IN LB / HEAD",LB / HEAD,"2,225"
2024,MONTHLY,SEP,TEXAS,TX,48,"MILK - PRODUCTION, MEASURED IN LB / HEAD",LB / HEAD,"2,085"
2024,MONTHLY,APR,US TOTAL,US,99,"MILK - PRODUCTION, MEASURED IN LB / HEAD",LB / HEAD,"2,045"
2024,MONTHLY,APR THRU JUN,US TOTAL,US,99,"MILK - PRODUCTION, MEASURED IN LB / HEAD",LB / HEAD,"6,146"
2024,MONTHLY,AUG,US TOTAL,US,99,"MILK - PRODUCTION, MEASURED IN LB / HEAD",LB / HEAD,"2,023"
2024,MONTHLY,DEC,US TOTAL,US,99,"MILK - PRODUCTION, MEASURED IN LB / HEAD",LB / HEAD,"2,000"
2024,MONTHLY,FEB,US TOTAL,US,99,"MILK - PRODUCTION, MEASURED IN LB / HEAD",LB / HEAD,"1,947"
2024,MONTHLY,JAN,US TOTAL,US,99,"MILK - PRODUCTION, MEASURED IN LB / HEAD",LB / HEAD,"2,047"
2024,MONTHLY,JAN THRU MAR,US TOTAL,US,99,"MILK - PRODUCTION, MEASURED IN LB / HEAD",LB / HEAD,"6,099"
2024,MONTHLY,JUL,US TOTAL,US,99,"MILK - PRODUCTION, MEASURED IN LB / HEAD",LB / HEAD,"2,029"
2024,MONTHLY,JUL THRU SEP,US TOTAL,US,99,"MILK - PRODUCTION, MEASURED IN LB / HEAD",LB / HEAD,"6,004"
2024,MONTHLY,JUN,US TOTAL,US,99,"MILK - PRODUCTION, MEASURED IN LB / HEAD",LB / HEAD,"1,998"
2024,MONTHLY,MAR,US TOTAL,US,99,"MILK - PRODUCTION, MEASURED IN LB / HEAD",LB / HEAD,"2,105"
2024,MONTHLY,MAY,US TOTAL,US,99,"MILK - PRODUCTION, MEASURED IN LB / HEAD",LB / HEAD,"2,103"
2024,MONTHLY,NOV,US TOTAL,US,99,"MILK - PRODUCTION, MEASURED IN LB / HEAD",LB / HEAD,"1,921"
2024,MONTHLY,OCT,US TOTAL,US,99,"MILK - PRODUCTION, MEASURED IN LB / HEAD",LB / HEAD,"2,003"
2024,MONTHLY,OCT THRU DEC,US TOTAL,US,99,"MILK - PRODUCTION, MEASURED IN LB / HEAD",LB / HEAD,"5,924"
2024,MONTHLY,SEP,US TOTAL,US,99,"MILK - PRODUCTION, MEASURED IN LB / HEAD",LB / HEAD,"1,952"
2024,MONTHLY,APR,UTAH,UT,49,"MILK - PRODUCTION, MEASURED IN LB / HEAD",LB / HEAD,"1,935"
2024,MONTHLY,AUG,UTAH,UT,49,"MILK - PRODUCTION, MEASURED IN LB / HEAD",LB / HEAD,"1,980"
2024,MONTHLY,DEC,UTAH,UT,49,"MILK - PRODUCTION, MEASURED IN LB / HEAD",LB / HEAD,"1,935"
2024,MONTHLY,FEB,UTAH,UT,49,"MILK - PRODUCTION, MEASURED IN LB / HEAD",LB / HEAD,"1,820"
2024,MONTHLY,JAN,UTAH,UT,49,"MILK - PRODUCTION, MEASURED IN LB / HEAD",LB / HEAD,"1,950"
2024,MONTHLY,JUL,UTAH,UT,49,"MILK - PRODUCTION, MEASURED IN LB / HEAD",LB / HEAD,"2,010"
2024,MONTHLY,JUN,UTAH,UT,49,"MILK - PRODUCTION, MEASURED IN LB / HEAD",LB / HEAD,"1,975"
2024,MONTHLY,MAR,UTAH,UT,49,"MILK - PRODUCTION, MEASURED IN LB / HEAD",LB / HEAD,"1,960"
2024,MONTHLY,MAY,UTAH,UT,49,"MILK - PRODUCTION, MEASURED IN LB / HEAD",LB / HEAD,"2,030"
2024,MONTHLY,NOV,UTAH,UT,49,"MILK - PRODUCTION, MEASURED IN LB / HEAD",LB / HEAD,"1,870"
2024,MONTHLY,OCT,UTAH,UT,49,"MILK - PRODUCTION, MEASURED IN LB / HEAD",LB / HEAD,"1,935"
2024,MONTHLY,SEP,UTAH,UT,49,"MILK - PRODUCTION, MEASURED IN LB / HEAD",LB / HEAD,"1,910"
2024,MONTHLY,APR,VIRGINIA,VA,51,"MILK - PRODUCTION, MEASURED IN LB / HEAD",LB / HEAD,"1,825"
2024,MONTHLY,AUG,VIRGINIA,VA,51,"MILK - PRODUCTION, MEASURED IN LB / HEAD",LB / HEAD,"1,720"
2024,MONTHLY,DEC,VIRGINIA,VA,51,"MILK - PRODUCTION, MEASURED IN LB / HEAD",LB / HEAD,"1,780"
2024,MONTHLY,FEB,VIRGINIA,VA,51,"MILK - PRODUCTION, MEASURED IN LB / HEAD",LB / HEAD,"1,710"
2024,MONTHLY,JAN,VIRGINIA,VA,51,"MILK - PRODUCTION, MEASURED IN LB / HEAD",LB / HEAD,"1,800"
2024,MONTHLY,JUL,VIRGINIA,VA,51,"MILK - PRODUCTION, MEASURED IN LB / HEAD",LB / HEAD,"1,730"
2024,MONTHLY,JUN,VIRGINIA,VA,51,"MILK - PRODUCTION, MEASURED IN LB / HEAD",LB / HEAD,"1,715"
2024,MONTHLY,MAR,VIRGINIA,VA,51,"MILK - PRODUCTION, MEASURED IN LB / HEAD",LB / HEAD,"1,860"
2024,MONTHLY,MAY,VIRGINIA,VA,51,"MILK - PRODUCTION, MEASURED IN LB / HEAD",LB / HEAD,"1,820"
2024,MONTHLY,NOV,VIRGINIA,VA,51,"MILK - PRODUCTION, MEASURED IN LB / HEAD",LB / HEAD,"1,690"
2024,MONTHLY,OCT,VIRGINIA,VA,51,"MILK - PRODUCTION, MEASURED IN LB / HEAD",LB / HEAD,"1,705"
2024,MONTHLY,SEP,VIRGINIA,VA,51,"MILK - PRODUCTION, MEASURED IN LB / HEAD",LB / HEAD,"1,645"
2024,MONTHLY,APR,VERMONT,VT,50,"MILK - PRODUCTION, MEASURED IN LB / HEAD",LB / HEAD,"1,800"
2024,MONTHLY,AUG,VERMONT,VT,50,"MILK - PRODUCTION, MEASURED IN LB / HEAD",LB / HEAD,"1,825"
2024,MONTHLY,DEC,VERMONT,VT,50,"MILK - PRODUCTION, MEASURED IN LB / HEAD",LB / HEAD,"1,840"
2024,MONTHLY,FEB,VERMONT,VT,50,"MILK - PRODUCTION, MEASURED IN LB / HEAD",LB / HEAD,"1,725"
2024,MONTHLY,JAN,VERMONT,VT,50,"MILK - PRODUCTION, MEASURED IN LB / HEAD",LB / HEAD,"1,820"
2024,MONTHLY,JUL,VERMONT,VT,50,"MILK - PRODUCTION, MEASURED IN LB / HEAD",LB / HEAD,"1,820"
2024,MONTHLY,JUN,VERMONT,VT,50,"MILK - PRODUCTION, MEASURED IN LB / HEAD",LB / HEAD,"1,800"
2024,MONTHLY,MAR,VERMONT,VT,50,"MILK - PRODUCTION, MEASURED IN LB / HEAD",LB / HEAD,"1,860"
2024,MONTHLY,MAY,VERMONT,VT,50,"MILK - PRODUCTION, MEASURED IN LB / HEAD",LB / HEAD,"1,885"
2024,MONTHLY,NOV,VERMONT,VT,50,"MILK - PRODUCTION, MEASURED IN LB / HEAD",LB / HEAD,"1,770"
2024,MONTHLY,OCT,VERMONT,VT,50,"MILK - PRODUCTION, MEASURED IN LB / HEAD",LB / HEAD,"1,840"
2024,MONTHLY,SEP,VERMONT,VT,50,"MILK - PRODUCTION, MEASURED IN LB / HEAD",LB / HEAD,"1,750"
2024,MONTHLY,APR,WASHINGTON,WA,53,"MILK - PRODUCTION, MEASURED IN LB / HEAD",LB / HEAD,"2,040"
2024,MONTHLY,AUG,WASHINGTON,WA,53,"MILK - PRODUCTION, MEASURED IN LB / HEAD",LB / HEAD,"2,060"
2024,MONTHLY,DEC,WASHINGTON,WA,53,"MILK - PRODUCTION, MEASURED IN LB / HEAD",LB / HEAD,"1,970"
2024,MONTHLY,FEB,WASHINGTON,WA,53,"MILK - PRODUCTION, MEASURED IN LB / HEAD",LB / HEAD,"1,930"
2024,MONTHLY,JAN,WASHINGTON,WA,53,"MILK - PRODUCTION, MEASURED IN LB / HEAD",LB / HEAD,"2,035"
2024,MONTHLY,JUL,WASHINGTON,WA,53,"MILK - PRODUCTION, MEASURED IN LB / HEAD",LB / HEAD,"2,045"
2024,MONTHLY,JUN,WASHINGTON,WA,53,"MILK - PRODUCTION, MEASURED IN LB / HEAD",LB / HEAD,"2,020"
2024,MONTHLY,MAR,WASHINGTON,WA,53,"MILK - PRODUCTION, MEASURED IN LB / HEAD",LB / HEAD,"2,080"
2024,MONTHLY,MAY,WASHINGTON,WA,53,"MILK - PRODUCTION, MEASURED IN LB / HEAD",LB / HEAD,"2,105"
2024,MONTHLY,NOV,WASHINGTON,WA,53,"MILK - PRODUCTION, MEASURED IN LB / HEAD",LB / HEAD,"1,905"
2024,MONTHLY,OCT,WASHINGTON,WA,53,"MILK - PRODUCTION, MEASURED IN LB / HEAD",LB / HEAD,"2,000"
2024,MONTHLY,SEP,WASHINGTON,WA,53,"MILK - PRODUCTION, MEASURED IN LB / HEAD",LB / HEAD,"1,990"
2024,MONTHLY,APR,WISCONSIN,WI,55,"MILK - PRODUCTION, MEASURED IN LB / HEAD",LB / HEAD,"2,130"
2024,MONTHLY,AUG,WISCONSIN,WI,55,"MILK - PRODUCTION, MEASURED IN LB / HEAD",LB / HEAD,"2,140"
2024,MONTHLY,DEC,WISCONSIN,WI,55,"MILK - PRODUCTION, MEASURED IN LB / HEAD",LB / HEAD,"2,110"
2024,MONTHLY,FEB,WISCONSIN,WI,55,"MILK - PRODUCTION, MEASURED IN LB / HEAD",LB / HEAD,"2,025"
2024,MONTHLY,JAN,WISCONSIN,WI,55,"MILK - PRODUCTION, MEASURED IN LB / HEAD",LB / HEAD,"2,135"
2024,MONTHLY,JUL,WISCONSIN,WI,55,"MILK - PRODUCTION, MEASURED IN LB / HEAD",LB / HEAD,"2,170"
2024,MONTHLY,JUN,WISCONSIN,WI,55,"MILK - PRODUCTION, MEASURED IN LB / HEAD",LB / HEAD,"2,120"
2024,MONTHLY,MAR,WISCONSIN,WI,55,"MILK - PRODUCTION, MEASURED IN LB / HEAD",LB / HEAD,"2,185"
2024,MONTHLY,MAY,WISCONSIN,WI,55,"MILK - PRODUCTION, MEASURED IN LB / HEAD",LB / HEAD,"2,220"
2024,MONTHLY,NOV,WISCONSIN,WI,55,"MILK - PRODUCTION, MEASURED IN LB / HEAD",LB / HEAD,"2,050"
2024,MONTHLY,OCT,WISCONSIN,WI,55,"MILK - PRODUCTION, MEASURED IN LB / HEAD",LB / HEAD,"2,130"
2024,MONTHLY,SEP,WISCONSIN,WI,55,"MILK - PRODUCTION, MEASURED IN LB / HEAD",LB / HEAD,"2,075"
2025,MONTHLY,APR,ARIZONA,AZ,04,"MILK - PRODUCTION, MEASURED IN LB / HEAD",LB / HEAD,"2,185"
2025,MONTHLY,AUG,ARIZONA,AZ,04,"MILK - PRODUCTION, MEASURED IN LB / HEAD",LB / HEAD,"1,890"
2025,MONTHLY,DEC,ARIZONA,AZ,04,"MILK - PRODUCTION, MEASURED IN LB / HEAD",LB / HEAD,"2,080"
2025,MONTHLY,FEB,ARIZONA,AZ,04,"MILK - PRODUCTION, MEASURED IN LB / HEAD",LB / HEAD,"2,015"
2025,MONTHLY,JAN,ARIZONA,AZ,04,"MILK - PRODUCTION, MEASURED IN LB / HEAD",LB / HEAD,"2,145"
2025,MONTHLY,JUL,ARIZONA,AZ,04,"MILK - PRODUCTION, MEASURED IN LB / HEAD",LB / HEAD,"1,950"
2025,MONTHLY,JUN,ARIZONA,AZ,04,"MILK - PRODUCTION, MEASURED IN LB / HEAD",LB / HEAD,"2,040"
2025,MONTHLY,MAR,ARIZONA,AZ,04,"MILK - PRODUCTION, MEASURED IN LB / HEAD",LB / HEAD,"2,275"
2025,MONTHLY,MAY,ARIZONA,AZ,04,"MILK - PRODUCTION, MEASURED IN LB / HEAD",LB / HEAD,"2,185"
2025,MONTHLY,NOV,ARIZONA,AZ,04,"MILK - PRODUCTION, MEASURED IN LB / HEAD",LB / HEAD,"1,955"
2025,MONTHLY,OCT,ARIZONA,AZ,04,"MILK - PRODUCTION, MEASURED IN LB / HEAD",LB / HEAD,"1,945"
2025,MONTHLY,SEP,ARIZONA,AZ,04,"MILK - PRODUCTION, MEASURED IN LB / HEAD",LB / HEAD,"1,840"
2025,MONTHLY,APR,CALIFORNIA,CA,06,"MILK - PRODUCTION, MEASURED IN LB / HEAD",LB / HEAD,"2,030"
2025,MONTHLY,AUG,CALIFORNIA,CA,06,"MILK - PRODUCTION, MEASURED IN LB / HEAD",LB / HEAD,"1,990"
2025,MONTHLY,DEC,CALIFORNIA,CA,06,"MILK - PRODUCTION, MEASURED IN LB / HEAD",LB / HEAD,"2,020"
2025,MONTHLY,FEB,CALIFORNIA,CA,06,"MILK - PRODUCTION, MEASURED IN LB / HEAD",LB / HEAD,"1,850"
2025,MONTHLY,JAN,CALIFORNIA,CA,06,"MILK - PRODUCTION, MEASURED IN LB / HEAD",LB / HEAD,"1,960"
2025,MONTHLY,JUL,CALIFORNIA,CA,06,"MILK - PRODUCTION, MEASURED IN LB / HEAD",LB / HEAD,"2,045"
2025,MONTHLY,JUN,CALIFORNIA,CA,06,"MILK - PRODUCTION, MEASURED IN LB / HEAD",LB / HEAD,"2,005"
2025,MONTHLY,MAR,CALIFORNIA,CA,06,"MILK - PRODUCTION, MEASURED IN LB / HEAD",LB / HEAD,"2,085"
2025,MONTHLY,MAY,CALIFORNIA,CA,06,"MILK - PRODUCTION, MEASURED IN LB / HEAD",LB / HEAD,"2,085"
2025,MONTHLY,NOV,CALIFORNIA,CA,06,"MILK - PRODUCTION, MEASURED IN LB / HEAD",LB / HEAD,"1,945"
2025,MONTHLY,OCT,CALIFORNIA,CA,06,"MILK - PRODUCTION, MEASURED IN LB / HEAD",LB / HEAD,"1,990"
2025,MONTHLY,SEP,CALIFORNIA,CA,06,"MILK - PRODUCTION, MEASURED IN LB / HEAD",LB / HEAD,"1,920"
2025,MONTHLY,APR,COLORADO,CO,08,"MILK - PRODUCTION, MEASURED IN LB / HEAD",LB / HEAD,"2,170"
2025,MONTHLY,AUG,COLORADO,CO,08,"MILK - PRODUCTION, MEASURED IN LB / HEAD",LB / HEAD,"2,210"
2025,MONTHLY,DEC,COLORADO,CO,08,"MILK - PRODUCTION, MEASURED IN LB / HEAD",LB / HEAD,"2,185"
2025,MONTHLY,FEB,COLORADO,CO,08,"MILK - PRODUCTION, MEASURED IN LB / HEAD",LB / HEAD,"2,005"
2025,MONTHLY,JAN,COLORADO,CO,08,"MILK - PRODUCTION, MEASURED IN LB / HEAD",LB / HEAD,"2,205"
2025,MONTHLY,JUL,COLORADO,CO,08,"MILK - PRODUCTION, MEASURED IN LB / HEAD",LB / HEAD,"2,220"
2025,MONTHLY,JUN,COLORADO,CO,08,"MILK - PRODUCTION, MEASURED IN LB / HEAD",LB / HEAD,"2,155"
2025,MONTHLY,MAR,COLORADO,CO,08,"MILK - PRODUCTION, MEASURED IN LB / HEAD",LB / HEAD,"2,235"
2025,MONTHLY,MAY,COLORADO,CO,08,"MILK - PRODUCTION, MEASURED IN LB / HEAD",LB / HEAD,"2,235"
2025,MONTHLY,NOV,COLORADO,CO,08,"MILK - PRODUCTION, MEASURED IN LB / HEAD",LB / HEAD,"2,100"
2025,MONTHLY,OCT,COLORADO,CO,08,"MILK - PRODUCTION, MEASURED IN LB / HEAD",LB / HEAD,"2,175"
2025,MONTHLY,SEP,COLORADO,CO,08,"MILK - PRODUCTION, MEASURED IN LB / HEAD",LB / HEAD,"2,135"
2025,MONTHLY,APR,FLORIDA,FL,12,"MILK - PRODUCTION, MEASURED IN LB / HEAD",LB / HEAD,"1,895"
2025,MONTHLY,AUG,FLORIDA,FL,12,"MILK - PRODUCTION, MEASURED IN LB / HEAD",LB / HEAD,"1,675"
2025,MONTHLY,DEC,FLORIDA,FL,12,"MILK - PRODUCTION, MEASURED IN LB / HEAD",LB / HEAD,"1,775"
2025,MONTHLY,FEB,FLORIDA,FL,12,"MILK - PRODUCTION, MEASURED IN LB / HEAD",LB / HEAD,"1,760"
2025,MONTHLY,JAN,FLORIDA,FL,12,"MILK - PRODUCTION, MEASURED IN LB / HEAD",LB / HEAD,"1,885"
2025,MONTHLY,JUL,FLORIDA,FL,12,"MILK - PRODUCTION, MEASURED IN LB / HEAD",LB / HEAD,"1,765"
2025,MONTHLY,JUN,FLORIDA,FL,12,"MILK - PRODUCTION, MEASURED IN LB / HEAD",LB / HEAD,"1,805"
2025,MONTHLY,MAR,FLORIDA,FL,12,"MILK - PRODUCTION, MEASURED IN LB / HEAD",LB / HEAD,"1,965"
2025,MONTHLY,MAY,FLORIDA,FL,12,"MILK - PRODUCTION, MEASURED IN LB / HEAD",LB / HEAD,"1,915"
2025,MONTHLY,NOV,FLORIDA,FL,12,"MILK - PRODUCTION, MEASURED IN LB / HEAD",LB / HEAD,"1,655"
2025,MONTHLY,OCT,FLORIDA,FL,12,"MILK - PRODUCTION, MEASURED IN LB / HEAD",LB / HEAD,"1,660"
2025,MONTHLY,SEP,FLORIDA,FL,12,"MILK - PRODUCTION, MEASURED IN LB / HEAD",LB / HEAD,"1,615"
2025,MONTHLY,APR,GEORGIA,GA,13,"MILK - PRODUCTION, MEASURED IN LB / HEAD",LB / HEAD,"2,040"
2025,MONTHLY,AUG,GEORGIA,GA,13,"MILK - PRODUCTION, MEASURED IN LB / HEAD",LB / HEAD,"1,930"
2025,MONTHLY,DEC,GEORGIA,GA,13,"MILK - PRODUCTION, MEASURED IN LB / HEAD",LB / HEAD,"2,055"
2025,MONTHLY,FEB,GEORGIA,GA,13,"MILK - PRODUCTION, MEASURED IN LB / HEAD",LB / HEAD,"1,920"
2025,MONTHLY,JAN,GEORGIA,GA,13,"MILK - PRODUCTION, MEASURED IN LB / HEAD",LB / HEAD,"2,050"
2025,MONTHLY,JUL,GEORGIA,GA,13,"MILK - PRODUCTION, MEASURED IN LB / HEAD",LB / HEAD,"1,950"
2025,MONTHLY,JUN,GEORGIA,GA,13,"MILK - PRODUCTION, MEASURED IN LB / HEAD",LB / HEAD,"1,960"
2025,MONTHLY,MAR,GEORGIA,GA,13,"MILK - PRODUCTION, MEASURED IN LB / HEAD",LB / HEAD,"2,125"
2025,MONTHLY,MAY,GEORGIA,GA,13,"MILK - PRODUCTION, MEASURED IN LB / HEAD",LB / HEAD,"2,065"
2025,MONTHLY,NOV,GEORGIA,GA,13,"MILK - PRODUCTION, MEASURED IN LB / HEAD",LB / HEAD,"1,935"
2025,MONTHLY,OCT,GEORGIA,GA,13,"MILK - PRODUCTION, MEASURED IN LB / HEAD",LB / HEAD,"1,980"
2025,MONTHLY,SEP,GEORGIA,GA,13,"MILK - PRODUCTION, MEASURED IN LB / HEAD",LB / HEAD,"1,885"
2025,MONTHLY,APR,IOWA,IA,19,"MILK - PRODUCTION, MEASURED IN LB / HEAD",LB / HEAD,"2,085"
2025,MONTHLY,AUG,IOWA,IA,19,"MILK - PRODUCTION, MEASURED IN LB / HEAD",LB / HEAD,"2,065"
2025,MONTHLY,DEC,IOWA,IA,19,"MILK - PRODUCTION, MEASURED IN LB / HEAD",LB / HEAD,"2,080"
2025,MONTHLY,FEB,IOWA,IA,19,"MILK - PRODUCTION, MEASURED IN LB / HEAD",LB / HEAD,"1,910"
2025,MONTHLY,JAN,IOWA,IA,19,"MILK - PRODUCTION, MEASURED IN LB / HEAD",LB / HEAD,"2,080"
2025,MONTHLY,JUL,IOWA,IA,19,"MILK - PRODUCTION, MEASURED IN LB / HEAD",LB / HEAD,"2,100"
2025,MONTHLY,JUN,IOWA,IA,19,"MILK - PRODUCTION, MEASURED IN LB / HEAD",LB / HEAD,"2,060"
2025,MONTHLY,MAR,IOWA,IA,19,"MILK - PRODUCTION, MEASURED IN LB / HEAD",LB / HEAD,"2,135"
2025,MONTHLY,MAY,IOWA,IA,19,"MILK - PRODUCTION, MEASURED IN LB / HEAD",LB / HEAD,"2,160"
2025,MONTHLY,NOV,IOWA,IA,19,"MILK - PRODUCTION, MEASURED IN LB / HEAD",LB / HEAD,"2,005"
2025,MONTHLY,OCT,IOWA,IA,19,"MILK - PRODUCTION, MEASURED IN LB / HEAD",LB / HEAD,"2,080"
2025,MONTHLY,SEP,IOWA,IA,19,"MILK - PRODUCTION, MEASURED IN LB / HEAD",LB / HEAD,"2,015"
2025,MONTHLY,APR,IDAHO,ID,16,"MILK - PRODUCTION, MEASURED IN LB / HEAD",LB / HEAD,"2,130"
2025,MONTHLY,AUG,IDAHO,ID,16,"MILK - PRODUCTION, MEASURED IN LB / HEAD",LB / HEAD,"2,220"
2025,MONTHLY,DEC,IDAHO,ID,16,"MILK - PRODUCTION, MEASURED IN LB / HEAD",LB / HEAD,"2,110"
2025,MONTHLY,FEB,IDAHO,ID,16,"MILK - PRODUCTION, MEASURED IN LB / HEAD",LB / HEAD,"1,940"
2025,MONTHLY,JAN,IDAHO,ID,16,"MILK - PRODUCTION, MEASURED IN LB / HEAD",LB / HEAD,"2,130"
2025,MONTHLY,JUL,IDAHO,ID,16,"MILK - PRODUCTION, MEASURED IN LB / HEAD",LB / HEAD,"2,230"
2025,MONTHLY,JUN,IDAHO,ID,16,"MILK - PRODUCTION, MEASURED IN LB / HEAD",LB / HEAD,"2,150"
2025,MONTHLY,MAR,IDAHO,ID,16,"MILK - PRODUCTION, MEASURED IN LB / HEAD",LB / HEAD,"2,155"
2025,MONTHLY,MAY,IDAHO,ID,16,"MILK - PRODUCTION, MEASURED IN LB / HEAD",LB / HEAD,"2,210"
2025,MONTHLY,NOV,IDAHO,ID,16,"MILK - PRODUCTION, MEASURED IN LB / HEAD",LB / HEAD,"2,035"
2025,MONTHLY,OCT,IDAHO,ID,16,"MILK - PRODUCTION, MEASURED IN LB / HEAD",LB / HEAD,"2,140"
2025,MONTHLY,SEP,IDAHO,ID,16,"MILK - PRODUCTION, MEASURED IN LB / HEAD",LB / HEAD,"2,125"
2025,MONTHLY,APR,ILLINOIS,IL,17,"MILK - PRODUCTION, MEASURED IN LB / HEAD",LB / HEAD,"1,880"
2025,MONTHLY,AUG,ILLINOIS,IL,17,"MILK - PRODUCTION, MEASURED IN LB / HEAD",LB / HEAD,"1,750"
2025,MONTHLY,DEC,ILLINOIS,IL,17,"MILK - PRODUCTION, MEASURED IN LB / HEAD",LB / HEAD,"1,830"
2025,MONTHLY,FEB,ILLINOIS,IL,17,"MILK - PRODUCTION, MEASURED IN LB / HEAD",LB / HEAD,"1,730"
2025,MONTHLY,JAN,ILLINOIS,IL,17,"MILK - PRODUCTION, MEASURED IN LB / HEAD",LB / HEAD,"1,870"
2025,MONTHLY,JUL,ILLINOIS,IL,17,"MILK - PRODUCTION, MEASURED IN LB / HEAD",LB / HEAD,"1,810"
2025,MONTHLY,JUN,ILLINOIS,IL,17,"MILK - PRODUCTION, MEASURED IN LB / HEAD",LB / HEAD,"1,830"
2025,MONTHLY,MAR,ILLINOIS,IL,17,"MILK - PRODUCTION, MEASURED IN LB / HEAD",LB / HEAD,"1,950"
2025,MONTHLY,MAY,ILLINOIS,IL,17,"MILK - PRODUCTION, MEASURED IN LB / HEAD",LB / HEAD,"1,945"
2025,MONTHLY,NOV,ILLINOIS,IL,17,"MILK - PRODUCTION, MEASURED IN LB / HEAD",LB / HEAD,"1,740"
2025,MONTHLY,OCT,ILLINOIS,IL,17,"MILK - PRODUCTION, MEASURED IN LB / HEAD",LB / HEAD,"1,770"
2025,MONTHLY,SEP,ILLINOIS,IL,17,"MILK - PRODUCTION, MEASURED IN LB / HEAD",LB / HEAD,"1,725"
2025,MONTHLY,APR,INDIANA,IN,18,"MILK - PRODUCTION, MEASURED IN LB / HEAD",LB / HEAD,"2,000"
2025,MONTHLY,AUG,INDIANA,IN,18,"MILK - PRODUCTION, MEASURED IN LB / HEAD",LB / HEAD,"1,990"
2025,MONTHLY,DEC,INDIANA,IN,18,"MILK - PRODUCTION, MEASURED IN LB / HEAD",LB / HEAD,"2,020"
2025,MONTHLY,FEB,INDIANA,IN,18,"MILK - PRODUCTION, MEASURED IN LB / HEAD",LB / HEAD,"1,840"
2025,MONTHLY,JAN,INDIANA,IN,18,"MILK - PRODUCTION, MEASURED IN LB / HEAD",LB / HEAD,"2,030"
2025,MONTHLY,JUL,INDIANA,IN,18,"MILK - PRODUCTION, MEASURED IN LB / HEAD",LB / HEAD,"2,010"
2025,MONTHLY,JUN,INDIANA,IN,18,"MILK - PRODUCTION, MEASURED IN LB / HEAD",LB / HEAD,"1,990"
2025,MONTHLY,MAR,INDIANA,IN,18,"MILK - PRODUCTION, MEASURED IN LB / HEAD",LB / HEAD,"2,050"
2025,MONTHLY,MAY,INDIANA,IN,18,"MILK - PRODUCTION, MEASURED IN LB / HEAD",LB / HEAD,"2,075"
2025,MONTHLY,NOV,INDIANA,IN,18,"MILK - PRODUCTION, MEASURED IN LB / HEAD",LB / HEAD,"1,970"
2025,MONTHLY,OCT,INDIANA,IN,18,"MILK - PRODUCTION, MEASURED IN LB / HEAD",LB / HEAD,"2,010"
2025,MONTHLY,SEP,INDIANA,IN,18,"MILK - PRODUCTION, MEASURED IN LB / HEAD",LB / HEAD,"1,950"
2025,MONTHLY,APR,KANSAS,KS,20,"MILK - PRODUCTION, MEASURED IN LB / HEAD",LB / HEAD,"2,020"
2025,MONTHLY,AUG,KANSAS,KS,20,"MILK - PRODUCTION, MEASURED IN LB / HEAD",LB / HEAD,"2,010"
2025,MONTHLY,DEC,KANSAS,KS,20,"MILK - PRODUCTION, MEASURED IN LB / HEAD",LB / HEAD,"2,015"
2025,MONTHLY,FEB,KANSAS,KS,20,"MILK - PRODUCTION, MEASURED IN LB / HEAD",LB / HEAD,"1,870"
2025,MONTHLY,JAN,KANSAS,KS,20,"MILK - PRODUCTION, MEASURED IN LB / HEAD",LB / HEAD,"2,035"
2025,MONTHLY,JUL,KANSAS,KS,20,"MILK - PRODUCTION, MEASURED IN LB / HEAD",LB / HEAD,"2,010"
2025,MONTHLY,JUN,KANSAS,KS,20,"MILK - PRODUCTION, MEASURED IN LB / HEAD",LB / HEAD,"1,975"
2025,MONTHLY,MAR,KANSAS,KS,20,"MILK - PRODUCTION, MEASURED IN LB / HEAD",LB / HEAD,"2,100"
2025,MONTHLY,MAY,KANSAS,KS,20,"MILK - PRODUCTION, MEASURED IN LB / HEAD",LB / HEAD,"2,080"
2025,MONTHLY,NOV,KANSAS,KS,20,"MILK - PRODUCTION, MEASURED IN LB / HEAD",LB / HEAD,"1,955"
2025,MONTHLY,OCT,KANSAS,KS,20,"MILK - PRODUCTION, MEASURED IN LB / HEAD",LB / HEAD,"2,020"
2025,MONTHLY,SEP,KANSAS,KS,20,"MILK - PRODUCTION, MEASURED IN LB / HEAD",LB / HEAD,"1,960"
2025,MONTHLY,APR,MICHIGAN,MI,26,"MILK - PRODUCTION, MEASURED IN LB / HEAD",LB / HEAD,"2,315"
2025,MONTHLY,AUG,MICHIGAN,MI,26,"MILK - PRODUCTION, MEASURED IN LB / HEAD",LB / HEAD,"2,340"
2025,MONTHLY,DEC,MICHIGAN,MI,26,"MILK - PRODUCTION, MEASURED IN LB / HEAD",LB / HEAD,"2,315"
2025,MONTHLY,FEB,MICHIGAN,MI,26,"MILK - PRODUCTION, MEASURED IN LB / HEAD",LB / HEAD,"2,130"
2025,MONTHLY,JAN,MICHIGAN,MI,26,"MILK - PRODUCTION, MEASURED IN LB / HEAD",LB / HEAD,"2,335"
2025,MONTHLY,JUL,MICHIGAN,MI,26,"MILK - PRODUCTION, MEASURED IN LB / HEAD",LB / HEAD,"2,355"
2025,MONTHLY,JUN,MICHIGAN,MI,26,"MILK - PRODUCTION, MEASURED IN LB / HEAD",LB / HEAD,"2,290"
2025,MONTHLY,MAR,MICHIGAN,MI,26,"MILK - PRODUCTION, MEASURED IN LB / HEAD",LB / HEAD,"2,385"
2025,MONTHLY,MAY,MICHIGAN,MI,26,"MILK - PRODUCTION, MEASURED IN LB / HEAD",LB / HEAD,"2,400"
2025,MONTHLY,NOV,MICHIGAN,MI,26,"MILK - PRODUCTION, MEASURED IN LB / HEAD",LB / HEAD,"2,240"
2025,MONTHLY,OCT,MICHIGAN,MI,26,"MILK - PRODUCTION, MEASURED IN LB / HEAD",LB / HEAD,"2,330"
2025,MONTHLY,SEP,MICHIGAN,MI,26,"MILK - PRODUCTION, MEASURED IN LB / HEAD",LB / HEAD,"2,265"
2025,MONTHLY,APR,MINNESOTA,MN,27,"MILK - PRODUCTION, MEASURED IN LB / HEAD",LB / HEAD,"1,995"
2025,MONTHLY,AUG,MINNESOTA,MN,27,"MILK - PRODUCTION, MEASURED IN LB / HEAD",LB / HEAD,"2,005"
2025,MONTHLY,DEC,MINNESOTA,MN,27,"MILK - PRODUCTION, MEASURED IN LB / HEAD",LB / HEAD,"1,975"
2025,MONTHLY,FEB,MINNESOTA,MN,27,"MILK - PRODUCTION, MEASURED IN LB / HEAD",LB / HEAD,"1,825"
2025,MONTHLY,JAN,MINNESOTA,MN,27,"MILK - PRODUCTION, MEASURED IN LB / HEAD",LB / HEAD,"2,000"
2025,MONTHLY,JUL,MINNESOTA,MN,27,"MILK - PRODUCTION, MEASURED IN LB / HEAD",LB / HEAD,"2,030"
2025,MONTHLY,JUN,MINNESOTA,MN,27,"MILK - PRODUCTION, MEASURED IN LB / HEAD",LB / HEAD,"1,980"
2025,MONTHLY,MAR,MINNESOTA,MN,27,"MILK - PRODUCTION, MEASURED IN LB / HEAD",LB / HEAD,"2,040"
2025,MONTHLY,MAY,MINNESOTA,MN,27,"MILK - PRODUCTION, MEASURED IN LB / HEAD",LB / HEAD,"2,065"
2025,MONTHLY,NOV,MINNESOTA,MN,27,"MILK - PRODUCTION, MEASURED IN LB / HEAD",LB / HEAD,"1,910"
2025,MONTHLY,OCT,MINNESOTA,MN,27,"MILK - PRODUCTION, MEASURED IN LB / HEAD",LB / HEAD,"1,990"
2025,MONTHLY,SEP,MINNESOTA,MN,27,"MILK - PRODUCTION, MEASURED IN LB / HEAD",LB / HEAD,"1,935"
2025,MONTHLY,APR,NEW MEXICO,NM,35,"MILK - PRODUCTION, MEASURED IN LB / HEAD",LB / HEAD,"2,130"
2025,MONTHLY,AUG,NEW MEXICO,NM,35,"MILK - PRODUCTION, MEASURED IN LB / HEAD",LB / HEAD,"2,035"
2025,MONTHLY,DEC,NEW MEXICO,NM,35,"MILK - PRODUCTION, MEASURED IN LB / HEAD",LB / HEAD,"2,050"
2025,MONTHLY,FEB,NEW MEXICO,NM,35,"MILK - PRODUCTION, MEASURED IN LB / HEAD",LB / HEAD,"1,975"
2025,MONTHLY,JAN,NEW MEXICO,NM,35,"MILK - PRODUCTION, MEASURED IN LB / HEAD",LB / HEAD,"2,120"
2025,MONTHLY,JUL,NEW MEXICO,NM,35,"MILK - PRODUCTION, MEASURED IN LB / HEAD",LB / HEAD,"2,065"
2025,MONTHLY,JUN,NEW MEXICO,NM,35,"MILK - PRODUCTION, MEASURED IN LB / HEAD",LB / HEAD,"2,035"
2025,MONTHLY,MAR,NEW MEXICO,NM,35,"MILK - PRODUCTION, MEASURED IN LB / HEAD",LB / HEAD,"2,215"
2025,MONTHLY,MAY,NEW MEXICO,NM,35,"MILK - PRODUCTION, MEASURED IN LB / HEAD",LB / HEAD,"2,165"
2025,MONTHLY,NOV,NEW MEXICO,NM,35,"MILK - PRODUCTION, MEASURED IN LB / HEAD",LB / HEAD,"1,955"
2025,MONTHLY,OCT,NEW MEXICO,NM,35,"MILK - PRODUCTION, MEASURED IN LB / HEAD",LB / HEAD,"2,020"
2025,MONTHLY,SEP,NEW MEXICO,NM,35,"MILK - PRODUCTION, MEASURED IN LB / HEAD",LB / HEAD,"1,980"
2025,MONTHLY,APR,NEW YORK,NY,36,"MILK - PRODUCTION, MEASURED IN LB / HEAD",LB / HEAD,"2,155"
2025,MONTHLY,AUG,NEW YORK,NY,36,"MILK - PRODUCTION, MEASURED IN LB / HEAD",LB / HEAD,"2,205"
2025,MONTHLY,DEC,NEW YORK,NY,36,"MILK - PRODUCTION, MEASURED IN LB / HEAD",LB / HEAD,"2,150"
2025,MONTHLY,FEB,NEW YORK,NY,36,"MILK - PRODUCTION, MEASURED IN LB / HEAD",LB / HEAD,"1,980"
2025,MONTHLY,JAN,NEW YORK,NY,36,"MILK - PRODUCTION, MEASURED IN LB / HEAD",LB / HEAD,"2,165"
2025,MONTHLY,JUL,NEW YORK,NY,36,"MILK - PRODUCTION, MEASURED IN LB / HEAD",LB / HEAD,"2,210"
2025,MONTHLY,JUN,NEW YORK,NY,36,"MILK - PRODUCTION, MEASURED IN LB / HEAD",LB / HEAD,"2,150"
2025,MONTHLY,MAR,NEW YORK,NY,36,"MILK - PRODUCTION, MEASURED IN LB / HEAD",LB / HEAD,"2,215"
2025,MONTHLY,MAY,NEW YORK,NY,36,"MILK - PRODUCTION, MEASURED IN LB / HEAD",LB / HEAD,"2,225"
2025,MONTHLY,NOV,NEW YORK,NY,36,"MILK - PRODUCTION, MEASURED IN LB / HEAD",LB / HEAD,"2,095"
2025,MONTHLY,OCT,NEW YORK,NY,36,"MILK - PRODUCTION, MEASURED IN LB / HEAD",LB / HEAD,"2,155"
2025,MONTHLY,SEP,NEW YORK,NY,36,"MILK - PRODUCTION, MEASURED IN LB / HEAD",LB / HEAD,"2,095"
2025,MONTHLY,APR,OHIO,OH,39,"MILK - PRODUCTION, MEASURED IN LB / HEAD",LB / HEAD,"1,890"
2025,MONTHLY,AUG,OHIO,OH,39,"MILK - PRODUCTION, MEASURED IN LB / HEAD",LB / HEAD,"1,905"
2025,MONTHLY,DEC,OHIO,OH,39,"MILK - PRODUCTION, MEASURED IN LB / HEAD",LB / HEAD,"1,920"
2025,MONTHLY,FEB,OHIO,OH,39,"MILK - PRODUCTION, MEASURED IN LB / HEAD",LB / HEAD,"1,760"
2025,MONTHLY,JAN,OHIO,OH,39,"MILK - PRODUCTION, MEASURED IN LB / HEAD",LB / HEAD,"1,925"
2025,MONTHLY,JUL,OHIO,OH,39,"MILK - PRODUCTION, MEASURED IN LB / HEAD",LB / HEAD,"1,925"
2025,MONTHLY,JUN,OHIO,OH,39,"MILK - PRODUCTION, MEASURED IN LB / HEAD",LB / HEAD,"1,890"
2025,MONTHLY,MAR,OHIO,OH,39,"MILK - PRODUCTION, MEASURED IN LB / HEAD",LB / HEAD,"1,955"
2025,MONTHLY,MAY,OHIO,OH,39,"MILK - PRODUCTION, MEASURED IN LB / HEAD",LB / HEAD,"1,960"
2025,MONTHLY,NOV,OHIO,OH,39,"MILK - PRODUCTION, MEASURED IN LB / HEAD",LB / HEAD,"1,835"
2025,MONTHLY,OCT,OHIO,OH,39,"MILK - PRODUCTION, MEASURED IN LB / HEAD",LB / HEAD,"1,885"
2025,MONTHLY,SEP,OHIO,OH,39,"MILK - PRODUCTION, MEASURED IN LB / HEAD",LB / HEAD,"1,820"
2025,MONTHLY,APR,OREGON,OR,41,"MILK - PRODUCTION, MEASURED IN LB / HEAD",LB / HEAD,"1,760"
2025,MONTHLY,AUG,OREGON,OR,41,"MILK - PRODUCTION, MEASURED IN LB / HEAD",LB / HEAD,"1,800"
2025,MONTHLY,DEC,OREGON,OR,41,"MILK - PRODUCTION, MEASURED IN LB / HEAD",LB / HEAD,"1,725"
2025,MONTHLY,FEB,OREGON,OR,41,"MILK - PRODUCTION, MEASURED IN LB / HEAD",LB / HEAD,"1,620"
2025,MONTHLY,JAN,OREGON,OR,41,"MILK - PRODUCTION, MEASURED IN LB / HEAD",LB / HEAD,"1,760"
2025,MONTHLY,JUL,OREGON,OR,41,"MILK - PRODUCTION, MEASURED IN LB / HEAD",LB / HEAD,"1,815"
2025,MONTHLY,JUN,OREGON,OR,41,"MILK - PRODUCTION, MEASURED IN LB / HEAD",LB / HEAD,"1,770"
2025,MONTHLY,MAR,OREGON,OR,41,"MILK - PRODUCTION, MEASURED IN LB / HEAD",LB / HEAD,"1,810"
2025,MONTHLY,MAY,OREGON,OR,41,"MILK - PRODUCTION, MEASURED IN LB / HEAD",LB / HEAD,"1,830"
2025,MONTHLY,NOV,OREGON,OR,41,"MILK - PRODUCTION, MEASURED IN LB / HEAD",LB / HEAD,"1,680"
2025,MONTHLY,OCT,OREGON,OR,41,"MILK - PRODUCTION, MEASURED IN LB / HEAD",LB / HEAD,"1,770"
2025,MONTHLY,SEP,OREGON,OR,41,"MILK - PRODUCTION, MEASURED IN LB / HEAD",LB / HEAD,"1,725"
2025,MONTHLY,APR,PENNSYLVANIA,PA,42,"MILK - PRODUCTION, MEASURED IN LB / HEAD",LB / HEAD,"1,810"
2025,MONTHLY,AUG,PENNSYLVANIA,PA,42,"MILK - PRODUCTION, MEASURED IN LB / HEAD",LB / HEAD,"1,755"
2025,MONTHLY,DEC,PENNSYLVANIA,PA,42,"MILK - PRODUCTION, MEASURED IN LB / HEAD",LB / HEAD,"1,760"
2025,MONTHLY,FEB,PENNSYLVANIA,PA,42,"MILK - PRODUCTION, MEASURED IN LB / HEAD",LB / HEAD,"1,670"
2025,MONTHLY,JAN,PENNSYLVANIA,PA,42,"MILK - PRODUCTION, MEASURED IN LB / HEAD",LB / HEAD,"1,810"
2025,MONTHLY,JUL,PENNSYLVANIA,PA,42,"MILK - PRODUCTION, MEASURED IN LB / HEAD",LB / HEAD,"1,760"
2025,MONTHLY,JUN,PENNSYLVANIA,PA,42,"MILK - PRODUCTION, MEASURED IN LB / HEAD",LB / HEAD,"1,740"
2025,MONTHLY,MAR,PENNSYLVANIA,PA,42,"MILK - PRODUCTION, MEASURED IN LB / HEAD",LB / HEAD,"1,865"
2025,MONTHLY,MAY,PENNSYLVANIA,PA,42,"MILK - PRODUCTION, MEASURED IN LB / HEAD",LB / HEAD,"1,835"
2025,MONTHLY,NOV,PENNSYLVANIA,PA,42,"MILK - PRODUCTION, MEASURED IN LB / HEAD",LB / HEAD,"1,690"
2025,MONTHLY,OCT,PENNSYLVANIA,PA,42,"MILK - PRODUCTION, MEASURED IN LB / HEAD",LB / HEAD,"1,735"
2025,MONTHLY,SEP,PENNSYLVANIA,PA,42,"MILK - PRODUCTION, MEASURED IN LB / HEAD",LB / HEAD,"1,700"
2025,MONTHLY,APR,SOUTH DAKOTA,SD,46,"MILK - PRODUCTION, MEASURED IN LB / HEAD",LB / HEAD,"1,925"
2025,MONTHLY,AUG,SOUTH DAKOTA,SD,46,"MILK - PRODUCTION, MEASURED IN LB / HEAD",LB / HEAD,"1,995"
2025,MONTHLY,DEC,SOUTH DAKOTA,SD,46,"MILK - PRODUCTION, MEASURED IN LB / HEAD",LB / HEAD,"1,960"
2025,MONTHLY,FEB,SOUTH DAKOTA,SD,46,"MILK - PRODUCTION, MEASURED IN LB / HEAD",LB / HEAD,"1,790"
2025,MONTHLY,JAN,SOUTH DAKOTA,SD,46,"MILK - PRODUCTION, MEASURED IN LB / HEAD",LB / HEAD,"1,975"
2025,MONTHLY,JUL,SOUTH DAKOTA,SD,46,"MILK - PRODUCTION, MEASURED IN LB / HEAD",LB / HEAD,"2,005"
2025,MONTHLY,JUN,SOUTH DAKOTA,SD,46,"MILK - PRODUCTION, MEASURED IN LB / HEAD",LB / HEAD,"1,925"
2025,MONTHLY,MAR,SOUTH DAKOTA,SD,46,"MILK - PRODUCTION, MEASURED IN LB / HEAD",LB / HEAD,"1,985"
2025,MONTHLY,MAY,SOUTH DAKOTA,SD,46,"MILK - PRODUCTION, MEASURED IN LB / HEAD",LB / HEAD,"1,995"
2025,MONTHLY,NOV,SOUTH DAKOTA,SD,46,"MILK - PRODUCTION, MEASURED IN LB / HEAD",LB / HEAD,"1,900"
2025,MONTHLY,OCT,SOUTH DAKOTA,SD,46,"MILK - PRODUCTION, MEASURED IN LB / HEAD",LB / HEAD,"2,000"
2025,MONTHLY,SEP,SOUTH DAKOTA,SD,46,"MILK - PRODUCTION, MEASURED IN LB / HEAD",LB / HEAD,"1,950"
2025,MONTHLY,APR,TEXAS,TX,48,"MILK - PRODUCTION, MEASURED IN LB / HEAD",LB / HEAD,"2,190"
2025,MONTHLY,AUG,TEXAS,TX,48,"MILK - PRODUCTION, MEASURED IN LB / HEAD",LB / HEAD,"2,190"
2025,MONTHLY,DEC,TEXAS,TX,48,"MILK - PRODUCTION, MEASURED IN LB / HEAD",LB / HEAD,"2,205"
2025,MONTHLY,FEB,TEXAS,TX,48,"MILK - PRODUCTION, MEASURED IN LB / HEAD",LB / HEAD,"2,040"
2025,MONTHLY,JAN,TEXAS,TX,48,"MILK - PRODUCTION, MEASURED IN LB / HEAD",LB / HEAD,"2,190"
2025,MONTHLY,JUL,TEXAS,TX,48,"MILK - PRODUCTION, MEASURED IN LB / HEAD",LB / HEAD,"2,205"
2025,MONTHLY,JUN,TEXAS,TX,48,"MILK - PRODUCTION, MEASURED IN LB / HEAD",LB / HEAD,"2,160"
2025,MONTHLY,MAR,TEXAS,TX,48,"MILK - PRODUCTION, MEASURED IN LB / HEAD",LB / HEAD,"2,275"
2025,MONTHLY,MAY,TEXAS,TX,48,"MILK - PRODUCTION, MEASURED IN LB / HEAD",LB / HEAD,"2,265"
2025,MONTHLY,NOV,TEXAS,TX,48,"MILK - PRODUCTION, MEASURED IN LB / HEAD",LB / HEAD,"2,125"
2025,MONTHLY,OCT,TEXAS,TX,48,"MILK - PRODUCTION, MEASURED IN LB / HEAD",LB / HEAD,"2,205"
2025,MONTHLY,SEP,TEXAS,TX,48,"MILK - PRODUCTION, MEASURED IN LB / HEAD",LB / HEAD,"2,125"
2025,MONTHLY,APR,US TOTAL,US,99,"MILK - PRODUCTION, MEASURED IN LB / HEAD",LB / HEAD,"2,055"
2025,MONTHLY,APR THRU JUN,US TOTAL,US,99,"MILK - PRODUCTION, MEASURED IN LB / HEAD",LB / HEAD,"6,205"
2025,MONTHLY,AUG,US TOTAL,US,99,"MILK - PRODUCTION, MEASURED IN LB / HEAD",LB / HEAD,"2,050"
2025,MONTHLY,DEC,US TOTAL,US,99,"MILK - PRODUCTION, MEASURED IN LB / HEAD",LB / HEAD,"2,042"
2025,MONTHLY,FEB,US TOTAL,US,99,"MILK - PRODUCTION, MEASURED IN LB / HEAD",LB / HEAD,"1,887"
2025,MONTHLY,JAN,US TOTAL,US,99,"MILK - PRODUCTION, MEASURED IN LB / HEAD",LB / HEAD,"2,044"
2025,MONTHLY,JAN THRU MAR,US TOTAL,US,99,"MILK - PRODUCTION, MEASURED IN LB / HEAD",LB / HEAD,"6,043"
2025,MONTHLY,JUL,US TOTAL,US,99,"MILK - PRODUCTION, MEASURED IN LB / HEAD",LB / HEAD,"2,072"
2025,MONTHLY,JUL THRU SEP,US TOTAL,US,99,"MILK - PRODUCTION, MEASURED IN LB / HEAD",LB / HEAD,"6,100"
2025,MONTHLY,JUN,US TOTAL,US,99,"MILK - PRODUCTION, MEASURED IN LB / HEAD",LB / HEAD,"2,030"
2025,MONTHLY,MAR,US TOTAL,US,99,"MILK - PRODUCTION, MEASURED IN LB / HEAD",LB / HEAD,"2,112"
2025,MONTHLY,MAY,US TOTAL,US,99,"MILK - PRODUCTION, MEASURED IN LB / HEAD",LB / HEAD,"2,120"
2025,MONTHLY,NOV,US TOTAL,US,99,"MILK - PRODUCTION, MEASURED IN LB / HEAD",LB / HEAD,"1,967"
2025,MONTHLY,OCT,US TOTAL,US,99,"MILK - PRODUCTION, MEASURED IN LB / HEAD",LB / HEAD,"2,035"
2025,MONTHLY,OCT THRU DEC,US TOTAL,US,99,"MILK - PRODUCTION, MEASURED IN LB / HEAD",LB / HEAD,"6,044"
2025,MONTHLY,SEP,US TOTAL,US,99,"MILK - PRODUCTION, MEASURED IN LB / HEAD",LB / HEAD,"1,978"
2025,MONTHLY,APR,UTAH,UT,49,"MILK - PRODUCTION, MEASURED IN LB / HEAD",LB / HEAD,"1,940"
2025,MONTHLY,AUG,UTAH,UT,49,"MILK - PRODUCTION, MEASURED IN LB / HEAD",LB / HEAD,"1,995"
2025,MONTHLY,DEC,UTAH,UT,49,"MILK - PRODUCTION, MEASURED IN LB / HEAD",LB / HEAD,"1,945"
2025,MONTHLY,FEB,UTAH,UT,49,"MILK - PRODUCTION, MEASURED IN LB / HEAD",LB / HEAD,"1,770"
2025,MONTHLY,JAN,UTAH,UT,49,"MILK - PRODUCTION, MEASURED IN LB / HEAD",LB / HEAD,"1,950"
2025,MONTHLY,JUL,UTAH,UT,49,"MILK - PRODUCTION, MEASURED IN LB / HEAD",LB / HEAD,"2,020"
2025,MONTHLY,JUN,UTAH,UT,49,"MILK - PRODUCTION, MEASURED IN LB / HEAD",LB / HEAD,"1,985"
2025,MONTHLY,MAR,UTAH,UT,49,"MILK - PRODUCTION, MEASURED IN LB / HEAD",LB / HEAD,"1,965"
2025,MONTHLY,MAY,UTAH,UT,49,"MILK - PRODUCTION, MEASURED IN LB / HEAD",LB / HEAD,"2,040"
2025,MONTHLY,NOV,UTAH,UT,49,"MILK - PRODUCTION, MEASURED IN LB / HEAD",LB / HEAD,"1,875"
2025,MONTHLY,OCT,UTAH,UT,49,"MILK - PRODUCTION, MEASURED IN LB / HEAD",LB / HEAD,"1,945"
2025,MONTHLY,SEP,UTAH,UT,49,"MILK - PRODUCTION, MEASURED IN LB / HEAD",LB / HEAD,"1,920"
2025,MONTHLY,APR,VIRGINIA,VA,51,"MILK - PRODUCTION, MEASURED IN LB / HEAD",LB / HEAD,"1,840"
2025,MONTHLY,AUG,VIRGINIA,VA,51,"MILK - PRODUCTION, MEASURED IN LB / HEAD",LB / HEAD,"1,735"
2025,MONTHLY,DEC,VIRGINIA,VA,51,"MILK - PRODUCTION, MEASURED IN LB / HEAD",LB / HEAD,"1,780"
2025,MONTHLY,FEB,VIRGINIA,VA,51,"MILK - PRODUCTION, MEASURED IN LB / HEAD",LB / HEAD,"1,675"
2025,MONTHLY,JAN,VIRGINIA,VA,51,"MILK - PRODUCTION, MEASURED IN LB / HEAD",LB / HEAD,"1,800"
2025,MONTHLY,JUL,VIRGINIA,VA,51,"MILK - PRODUCTION, MEASURED IN LB / HEAD",LB / HEAD,"1,735"
2025,MONTHLY,JUN,VIRGINIA,VA,51,"MILK - PRODUCTION, MEASURED IN LB / HEAD",LB / HEAD,"1,720"
2025,MONTHLY,MAR,VIRGINIA,VA,51,"MILK - PRODUCTION, MEASURED IN LB / HEAD",LB / HEAD,"1,875"
2025,MONTHLY,MAY,VIRGINIA,VA,51,"MILK - PRODUCTION, MEASURED IN LB / HEAD",LB / HEAD,"1,840"
2025,MONTHLY,NOV,VIRGINIA,VA,51,"MILK - PRODUCTION, MEASURED IN LB / HEAD",LB / HEAD,"1,685"
2025,MONTHLY,OCT,VIRGINIA,VA,51,"MILK - PRODUCTION, MEASURED IN LB / HEAD",LB / HEAD,"1,705"
2025,MONTHLY,SEP,VIRGINIA,VA,51,"MILK - PRODUCTION, MEASURED IN LB / HEAD",LB / HEAD,"1,665"
2025,MONTHLY,APR,VERMONT,VT,50,"MILK - PRODUCTION, MEASURED IN LB / HEAD",LB / HEAD,"1,850"
2025,MONTHLY,AUG,VERMONT,VT,50,"MILK - PRODUCTION, MEASURED IN LB / HEAD",LB / HEAD,"1,870"
2025,MONTHLY,DEC,VERMONT,VT,50,"MILK - PRODUCTION, MEASURED IN LB / HEAD",LB / HEAD,"1,820"
2025,MONTHLY,FEB,VERMONT,VT,50,"MILK - PRODUCTION, MEASURED IN LB / HEAD",LB / HEAD,"1,700"
2025,MONTHLY,JAN,VERMONT,VT,50,"MILK - PRODUCTION, MEASURED IN LB / HEAD",LB / HEAD,"1,865"
2025,MONTHLY,JUL,VERMONT,VT,50,"MILK - PRODUCTION, MEASURED IN LB / HEAD",LB / HEAD,"1,875"
2025,MONTHLY,JUN,VERMONT,VT,50,"MILK - PRODUCTION, MEASURED IN LB / HEAD",LB / HEAD,"1,830"
2025,MONTHLY,MAR,VERMONT,VT,50,"MILK - PRODUCTION, MEASURED IN LB / HEAD",LB / HEAD,"1,905"
2025,MONTHLY,MAY,VERMONT,VT,50,"MILK - PRODUCTION, MEASURED IN LB / HEAD",LB / HEAD,"1,915"
2025,MONTHLY,NOV,VERMONT,VT,50,"MILK - PRODUCTION, MEASURED IN LB / HEAD",LB / HEAD,"1,780"
2025,MONTHLY,OCT,VERMONT,VT,50,"MILK - PRODUCTION, MEASURED IN LB / HEAD",LB / HEAD,"1,840"
2025,MONTHLY,SEP,VERMONT,VT,50,"MILK - PRODUCTION, MEASURED IN LB / HEAD",LB / HEAD,"1,785"
2025,MONTHLY,APR,WASHINGTON,WA,53,"MILK - PRODUCTION, MEASURED IN LB / HEAD",LB / HEAD,"2,050"
2025,MONTHLY,AUG,WASHINGTON,WA,53,"MILK - PRODUCTION, MEASURED IN LB / HEAD",LB / HEAD,"2,050"
2025,MONTHLY,DEC,WASHINGTON,WA,53,"MILK - PRODUCTION, MEASURED IN LB / HEAD",LB / HEAD,"2,000"
2025,MONTHLY,FEB,WASHINGTON,WA,53,"MILK - PRODUCTION, MEASURED IN LB / HEAD",LB / HEAD,"1,850"
2025,MONTHLY,JAN,WASHINGTON,WA,53,"MILK - PRODUCTION, MEASURED IN LB / HEAD",LB / HEAD,"2,020"
2025,MONTHLY,JUL,WASHINGTON,WA,53,"MILK - PRODUCTION, MEASURED IN LB / HEAD",LB / HEAD,"2,055"
2025,MONTHLY,JUN,WASHINGTON,WA,53,"MILK - PRODUCTION, MEASURED IN LB / HEAD",LB / HEAD,"2,010"
2025,MONTHLY,MAR,WASHINGTON,WA,53,"MILK - PRODUCTION, MEASURED IN LB / HEAD",LB / HEAD,"2,070"
2025,MONTHLY,MAY,WASHINGTON,WA,53,"MILK - PRODUCTION, MEASURED IN LB / HEAD",LB / HEAD,"2,080"
2025,MONTHLY,NOV,WASHINGTON,WA,53,"MILK - PRODUCTION, MEASURED IN LB / HEAD",LB / HEAD,"1,930"
2025,MONTHLY,OCT,WASHINGTON,WA,53,"MILK - PRODUCTION, MEASURED IN LB / HEAD",LB / HEAD,"2,020"
2025,MONTHLY,SEP,WASHINGTON,WA,53,"MILK - PRODUCTION, MEASURED IN LB / HEAD",LB / HEAD,"1,970"
2025,MONTHLY,APR,WISCONSIN,WI,55,"MILK - PRODUCTION, MEASURED IN LB / HEAD",LB / HEAD,"2,145"
2025,MONTHLY,AUG,WISCONSIN,WI,55,"MILK - PRODUCTION, MEASURED IN LB / HEAD",LB / HEAD,"2,180"
2025,MONTHLY,DEC,WISCONSIN,WI,55,"MILK - PRODUCTION, MEASURED IN LB / HEAD",LB / HEAD,"2,130"
2025,MONTHLY,FEB,WISCONSIN,WI,55,"MILK - PRODUCTION, MEASURED IN LB / HEAD",LB / HEAD,"1,960"
2025,MONTHLY,JAN,WISCONSIN,WI,55,"MILK - PRODUCTION, MEASURED IN LB / HEAD",LB / HEAD,"2,130"
2025,MONTHLY,JUL,WISCONSIN,WI,55,"MILK - PRODUCTION, MEASURED IN LB / HEAD",LB / HEAD,"2,185"
2025,MONTHLY,JUN,WISCONSIN,WI,55,"MILK - PRODUCTION, MEASURED IN LB / HEAD",LB / HEAD,"2,125"
2025,MONTHLY,MAR,WISCONSIN,WI,55,"MILK - PRODUCTION, MEASURED IN LB / HEAD",LB / HEAD,"2,195"
2025,MONTHLY,MAY,WISCONSIN,WI,55,"MILK - PRODUCTION, MEASURED IN LB / HEAD",LB / HEAD,"2,235"
2025,MONTHLY,NOV,WISCONSIN,WI,55,"MILK - PRODUCTION, MEASURED IN LB / HEAD",LB / HEAD,"2,055"
2025,MONTHLY,OCT,WISCONSIN,WI,55,"MILK - PRODUCTION, MEASURED IN LB / HEAD",LB / HEAD,"2,150"
2025,MONTHLY,SEP,WISCONSIN,WI,55,"MILK - PRODUCTION, MEASURED IN LB / HEAD",LB / HEAD,"2,105"
2026,MONTHLY,APR,ARIZONA,AZ,04,"MILK - PRODUCTION, MEASURED IN LB / HEAD",LB / HEAD,"2,195"
2026,MONTHLY,FEB,ARIZONA,AZ,04,"MILK - PRODUCTION, MEASURED IN LB / HEAD",LB / HEAD,"2,010"
2026,MONTHLY,JAN,ARIZONA,AZ,04,"MILK - PRODUCTION, MEASURED IN LB / HEAD",LB / HEAD,"2,150"
2026,MONTHLY,MAR,ARIZONA,AZ,04,"MILK - PRODUCTION, MEASURED IN LB / HEAD",LB / HEAD,"2,275"
2026,MONTHLY,MAY,ARIZONA,AZ,04,"MILK - PRODUCTION, MEASURED IN LB / HEAD",LB / HEAD,"2,195"
2026,MONTHLY,APR,CALIFORNIA,CA,06,"MILK - PRODUCTION, MEASURED IN LB / HEAD",LB / HEAD,"2,055"
2026,MONTHLY,FEB,CALIFORNIA,CA,06,"MILK - PRODUCTION, MEASURED IN LB / HEAD",LB / HEAD,"1,890"
2026,MONTHLY,JAN,CALIFORNIA,CA,06,"MILK - PRODUCTION, MEASURED IN LB / HEAD",LB / HEAD,"2,045"
2026,MONTHLY,MAR,CALIFORNIA,CA,06,"MILK - PRODUCTION, MEASURED IN LB / HEAD",LB / HEAD,"2,120"
2026,MONTHLY,MAY,CALIFORNIA,CA,06,"MILK - PRODUCTION, MEASURED IN LB / HEAD",LB / HEAD,"2,105"
2026,MONTHLY,APR,COLORADO,CO,08,"MILK - PRODUCTION, MEASURED IN LB / HEAD",LB / HEAD,"2,180"
2026,MONTHLY,FEB,COLORADO,CO,08,"MILK - PRODUCTION, MEASURED IN LB / HEAD",LB / HEAD,"2,015"
2026,MONTHLY,JAN,COLORADO,CO,08,"MILK - PRODUCTION, MEASURED IN LB / HEAD",LB / HEAD,"2,210"
2026,MONTHLY,MAR,COLORADO,CO,08,"MILK - PRODUCTION, MEASURED IN LB / HEAD",LB / HEAD,"2,245"
2026,MONTHLY,MAY,COLORADO,CO,08,"MILK - PRODUCTION, MEASURED IN LB / HEAD",LB / HEAD,"2,240"
2026,MONTHLY,APR,FLORIDA,FL,12,"MILK - PRODUCTION, MEASURED IN LB / HEAD",LB / HEAD,"1,910"
2026,MONTHLY,FEB,FLORIDA,FL,12,"MILK - PRODUCTION, MEASURED IN LB / HEAD",LB / HEAD,"1,745"
2026,MONTHLY,JAN,FLORIDA,FL,12,"MILK - PRODUCTION, MEASURED IN LB / HEAD",LB / HEAD,"1,885"
2026,MONTHLY,MAR,FLORIDA,FL,12,"MILK - PRODUCTION, MEASURED IN LB / HEAD",LB / HEAD,"1,975"
2026,MONTHLY,MAY,FLORIDA,FL,12,"MILK - PRODUCTION, MEASURED IN LB / HEAD",LB / HEAD,"1,915"
2026,MONTHLY,APR,GEORGIA,GA,13,"MILK - PRODUCTION, MEASURED IN LB / HEAD",LB / HEAD,"2,110"
2026,MONTHLY,FEB,GEORGIA,GA,13,"MILK - PRODUCTION, MEASURED IN LB / HEAD",LB / HEAD,"1,915"
2026,MONTHLY,JAN,GEORGIA,GA,13,"MILK - PRODUCTION, MEASURED IN LB / HEAD",LB / HEAD,"2,085"
2026,MONTHLY,MAR,GEORGIA,GA,13,"MILK - PRODUCTION, MEASURED IN LB / HEAD",LB / HEAD,"2,185"
2026,MONTHLY,MAY,GEORGIA,GA,13,"MILK - PRODUCTION, MEASURED IN LB / HEAD",LB / HEAD,"2,130"
2026,MONTHLY,APR,IOWA,IA,19,"MILK - PRODUCTION, MEASURED IN LB / HEAD",LB / HEAD,"2,095"
2026,MONTHLY,FEB,IOWA,IA,19,"MILK - PRODUCTION, MEASURED IN LB / HEAD",LB / HEAD,"1,925"
2026,MONTHLY,JAN,IOWA,IA,19,"MILK - PRODUCTION, MEASURED IN LB / HEAD",LB / HEAD,"2,110"
2026,MONTHLY,MAR,IOWA,IA,19,"MILK - PRODUCTION, MEASURED IN LB / HEAD",LB / HEAD,"2,145"
2026,MONTHLY,MAY,IOWA,IA,19,"MILK - PRODUCTION, MEASURED IN LB / HEAD",LB / HEAD,"2,160"
2026,MONTHLY,APR,IDAHO,ID,16,"MILK - PRODUCTION, MEASURED IN LB / HEAD",LB / HEAD,"2,135"
2026,MONTHLY,FEB,IDAHO,ID,16,"MILK - PRODUCTION, MEASURED IN LB / HEAD",LB / HEAD,"1,945"
2026,MONTHLY,JAN,IDAHO,ID,16,"MILK - PRODUCTION, MEASURED IN LB / HEAD",LB / HEAD,"2,125"
2026,MONTHLY,MAR,IDAHO,ID,16,"MILK - PRODUCTION, MEASURED IN LB / HEAD",LB / HEAD,"2,155"
2026,MONTHLY,MAY,IDAHO,ID,16,"MILK - PRODUCTION, MEASURED IN LB / HEAD",LB / HEAD,"2,220"
2026,MONTHLY,APR,ILLINOIS,IL,17,"MILK - PRODUCTION, MEASURED IN LB / HEAD",LB / HEAD,"1,905"
2026,MONTHLY,FEB,ILLINOIS,IL,17,"MILK - PRODUCTION, MEASURED IN LB / HEAD",LB / HEAD,"1,745"
2026,MONTHLY,JAN,ILLINOIS,IL,17,"MILK - PRODUCTION, MEASURED IN LB / HEAD",LB / HEAD,"1,875"
2026,MONTHLY,MAR,ILLINOIS,IL,17,"MILK - PRODUCTION, MEASURED IN LB / HEAD",LB / HEAD,"1,965"
2026,MONTHLY,MAY,ILLINOIS,IL,17,"MILK - PRODUCTION, MEASURED IN LB / HEAD",LB / HEAD,"1,950"
2026,MONTHLY,APR,INDIANA,IN,18,"MILK - PRODUCTION, MEASURED IN LB / HEAD",LB / HEAD,"2,005"
2026,MONTHLY,FEB,INDIANA,IN,18,"MILK - PRODUCTION, MEASURED IN LB / HEAD",LB / HEAD,"1,850"
2026,MONTHLY,JAN,INDIANA,IN,18,"MILK - PRODUCTION, MEASURED IN LB / HEAD",LB / HEAD,"2,040"
2026,MONTHLY,MAR,INDIANA,IN,18,"MILK - PRODUCTION, MEASURED IN LB / HEAD",LB / HEAD,"2,060"
2026,MONTHLY,MAY,INDIANA,IN,18,"MILK - PRODUCTION, MEASURED IN LB / HEAD",LB / HEAD,"2,075"
2026,MONTHLY,APR,KANSAS,KS,20,"MILK - PRODUCTION, MEASURED IN LB / HEAD",LB / HEAD,"2,040"
2026,MONTHLY,FEB,KANSAS,KS,20,"MILK - PRODUCTION, MEASURED IN LB / HEAD",LB / HEAD,"1,875"
2026,MONTHLY,JAN,KANSAS,KS,20,"MILK - PRODUCTION, MEASURED IN LB / HEAD",LB / HEAD,"2,045"
2026,MONTHLY,MAR,KANSAS,KS,20,"MILK - PRODUCTION, MEASURED IN LB / HEAD",LB / HEAD,"2,105"
2026,MONTHLY,MAY,KANSAS,KS,20,"MILK - PRODUCTION, MEASURED IN LB / HEAD",LB / HEAD,"2,095"
2026,MONTHLY,APR,MICHIGAN,MI,26,"MILK - PRODUCTION, MEASURED IN LB / HEAD",LB / HEAD,"2,310"
2026,MONTHLY,FEB,MICHIGAN,MI,26,"MILK - PRODUCTION, MEASURED IN LB / HEAD",LB / HEAD,"2,135"
2026,MONTHLY,JAN,MICHIGAN,MI,26,"MILK - PRODUCTION, MEASURED IN LB / HEAD",LB / HEAD,"2,340"
2026,MONTHLY,MAR,MICHIGAN,MI,26,"MILK - PRODUCTION, MEASURED IN LB / HEAD",LB / HEAD,"2,395"
2026,MONTHLY,MAY,MICHIGAN,MI,26,"MILK - PRODUCTION, MEASURED IN LB / HEAD",LB / HEAD,"2,400"
2026,MONTHLY,APR,MINNESOTA,MN,27,"MILK - PRODUCTION, MEASURED IN LB / HEAD",LB / HEAD,"2,005"
2026,MONTHLY,FEB,MINNESOTA,MN,27,"MILK - PRODUCTION, MEASURED IN LB / HEAD",LB / HEAD,"1,830"
2026,MONTHLY,JAN,MINNESOTA,MN,27,"MILK - PRODUCTION, MEASURED IN LB / HEAD",LB / HEAD,"2,000"
2026,MONTHLY,MAR,MINNESOTA,MN,27,"MILK - PRODUCTION, MEASURED IN LB / HEAD",LB / HEAD,"2,040"
2026,MONTHLY,MAY,MINNESOTA,MN,27,"MILK - PRODUCTION, MEASURED IN LB / HEAD",LB / HEAD,"2,075"
2026,MONTHLY,APR,NEW MEXICO,NM,35,"MILK - PRODUCTION, MEASURED IN LB / HEAD",LB / HEAD,"2,140"
2026,MONTHLY,FEB,NEW MEXICO,NM,35,"MILK - PRODUCTION, MEASURED IN LB / HEAD",LB / HEAD,"1,950"
2026,MONTHLY,JAN,NEW MEXICO,NM,35,"MILK - PRODUCTION, MEASURED IN LB / HEAD",LB / HEAD,"2,115"
2026,MONTHLY,MAR,NEW MEXICO,NM,35,"MILK - PRODUCTION, MEASURED IN LB / HEAD",LB / HEAD,"2,225"
2026,MONTHLY,MAY,NEW MEXICO,NM,35,"MILK - PRODUCTION, MEASURED IN LB / HEAD",LB / HEAD,"2,175"
2026,MONTHLY,APR,NEW YORK,NY,36,"MILK - PRODUCTION, MEASURED IN LB / HEAD",LB / HEAD,"2,160"
2026,MONTHLY,FEB,NEW YORK,NY,36,"MILK - PRODUCTION, MEASURED IN LB / HEAD",LB / HEAD,"1,970"
2026,MONTHLY,JAN,NEW YORK,NY,36,"MILK - PRODUCTION, MEASURED IN LB / HEAD",LB / HEAD,"2,160"
2026,MONTHLY,MAR,NEW YORK,NY,36,"MILK - PRODUCTION, MEASURED IN LB / HEAD",LB / HEAD,"2,195"
2026,MONTHLY,MAY,NEW YORK,NY,36,"MILK - PRODUCTION, MEASURED IN LB / HEAD",LB / HEAD,"2,220"
2026,MONTHLY,APR,OHIO,OH,39,"MILK - PRODUCTION, MEASURED IN LB / HEAD",LB / HEAD,"1,910"
2026,MONTHLY,FEB,OHIO,OH,39,"MILK - PRODUCTION, MEASURED IN LB / HEAD",LB / HEAD,"1,760"
2026,MONTHLY,JAN,OHIO,OH,39,"MILK - PRODUCTION, MEASURED IN LB / HEAD",LB / HEAD,"1,930"
2026,MONTHLY,MAR,OHIO,OH,39,"MILK - PRODUCTION, MEASURED IN LB / HEAD",LB / HEAD,"1,960"
2026,MONTHLY,MAY,OHIO,OH,39,"MILK - PRODUCTION, MEASURED IN LB / HEAD",LB / HEAD,"1,980"
2026,MONTHLY,APR,OREGON,OR,41,"MILK - PRODUCTION, MEASURED IN LB / HEAD",LB / HEAD,"1,765"
2026,MONTHLY,FEB,OREGON,OR,41,"MILK - PRODUCTION, MEASURED IN LB / HEAD",LB / HEAD,"1,625"
2026,MONTHLY,JAN,OREGON,OR,41,"MILK - PRODUCTION, MEASURED IN LB / HEAD",LB / HEAD,"1,760"
2026,MONTHLY,MAR,OREGON,OR,41,"MILK - PRODUCTION, MEASURED IN LB / HEAD",LB / HEAD,"1,815"
2026,MONTHLY,MAY,OREGON,OR,41,"MILK - PRODUCTION, MEASURED IN LB / HEAD",LB / HEAD,"1,830"
2026,MONTHLY,APR,PENNSYLVANIA,PA,42,"MILK - PRODUCTION, MEASURED IN LB / HEAD",LB / HEAD,"1,820"
2026,MONTHLY,FEB,PENNSYLVANIA,PA,42,"MILK - PRODUCTION, MEASURED IN LB / HEAD",LB / HEAD,"1,670"
2026,MONTHLY,JAN,PENNSYLVANIA,PA,42,"MILK - PRODUCTION, MEASURED IN LB / HEAD",LB / HEAD,"1,800"
2026,MONTHLY,MAR,PENNSYLVANIA,PA,42,"MILK - PRODUCTION, MEASURED IN LB / HEAD",LB / HEAD,"1,870"
2026,MONTHLY,MAY,PENNSYLVANIA,PA,42,"MILK - PRODUCTION, MEASURED IN LB / HEAD",LB / HEAD,"1,840"
2026,MONTHLY,APR,SOUTH DAKOTA,SD,46,"MILK - PRODUCTION, MEASURED IN LB / HEAD",LB / HEAD,"1,925"
2026,MONTHLY,FEB,SOUTH DAKOTA,SD,46,"MILK - PRODUCTION, MEASURED IN LB / HEAD",LB / HEAD,"1,795"
2026,MONTHLY,JAN,SOUTH DAKOTA,SD,46,"MILK - PRODUCTION, MEASURED IN LB / HEAD",LB / HEAD,"1,980"
2026,MONTHLY,MAR,SOUTH DAKOTA,SD,46,"MILK - PRODUCTION, MEASURED IN LB / HEAD",LB / HEAD,"1,990"
2026,MONTHLY,MAY,SOUTH DAKOTA,SD,46,"MILK - PRODUCTION, MEASURED IN LB / HEAD",LB / HEAD,"1,995"
2026,MONTHLY,APR,TEXAS,TX,48,"MILK - PRODUCTION, MEASURED IN LB / HEAD",LB / HEAD,"2,200"
2026,MONTHLY,FEB,TEXAS,TX,48,"MILK - PRODUCTION, MEASURED IN LB / HEAD",LB / HEAD,"2,045"
2026,MONTHLY,JAN,TEXAS,TX,48,"MILK - PRODUCTION, MEASURED IN LB / HEAD",LB / HEAD,"2,235"
2026,MONTHLY,MAR,TEXAS,TX,48,"MILK - PRODUCTION, MEASURED IN LB / HEAD",LB / HEAD,"2,280"
2026,MONTHLY,MAY,TEXAS,TX,48,"MILK - PRODUCTION, MEASURED IN LB / HEAD",LB / HEAD,"2,265"
2026,MONTHLY,APR,US TOTAL,US,99,"MILK - PRODUCTION, MEASURED IN LB / HEAD",LB / HEAD,"2,067"
2026,MONTHLY,FEB,US TOTAL,US,99,"MILK - PRODUCTION, MEASURED IN LB / HEAD",LB / HEAD,"1,900"
2026,MONTHLY,JAN,US TOTAL,US,99,"MILK - PRODUCTION, MEASURED IN LB / HEAD",LB / HEAD,"2,069"
2026,MONTHLY,JAN THRU MAR,US TOTAL,US,99,"MILK - PRODUCTION, MEASURED IN LB / HEAD",LB / HEAD,"6,093"
2026,MONTHLY,MAR,US TOTAL,US,99,"MILK - PRODUCTION, MEASURED IN LB / HEAD",LB / HEAD,"2,124"
2026,MONTHLY,MAY,US TOTAL,US,99,"MILK - PRODUCTION, MEASURED IN LB / HEAD",LB / HEAD,"2,128"
2026,MONTHLY,APR,UTAH,UT,49,"MILK - PRODUCTION, MEASURED IN LB / HEAD",LB / HEAD,"1,955"
2026,MONTHLY,FEB,UTAH,UT,49,"MILK - PRODUCTION, MEASURED IN LB / HEAD",LB / HEAD,"1,785"
2026,MONTHLY,JAN,UTAH,UT,49,"MILK - PRODUCTION, MEASURED IN LB / HEAD",LB / HEAD,"1,960"
2026,MONTHLY,MAR,UTAH,UT,49,"MILK - PRODUCTION, MEASURED IN LB / HEAD",LB / HEAD,"1,980"
2026,MONTHLY,MAY,UTAH,UT,49,"MILK - PRODUCTION, MEASURED IN LB / HEAD",LB / HEAD,"2,045"
2026,MONTHLY,APR,VIRGINIA,VA,51,"MILK - PRODUCTION, MEASURED IN LB / HEAD",LB / HEAD,"1,845"
2026,MONTHLY,FEB,VIRGINIA,VA,51,"MILK - PRODUCTION, MEASURED IN LB / HEAD",LB / HEAD,"1,685"
2026,MONTHLY,JAN,VIRGINIA,VA,51,"MILK - PRODUCTION, MEASURED IN LB / HEAD",LB / HEAD,"1,830"
2026,MONTHLY,MAR,VIRGINIA,VA,51,"MILK - PRODUCTION, MEASURED IN LB / HEAD",LB / HEAD,"1,880"
2026,MONTHLY,MAY,VIRGINIA,VA,51,"MILK - PRODUCTION, MEASURED IN LB / HEAD",LB / HEAD,"1,850"
2026,MONTHLY,APR,VERMONT,VT,50,"MILK - PRODUCTION, MEASURED IN LB / HEAD",LB / HEAD,"1,860"
2026,MONTHLY,FEB,VERMONT,VT,50,"MILK - PRODUCTION, MEASURED IN LB / HEAD",LB / HEAD,"1,705"
2026,MONTHLY,JAN,VERMONT,VT,50,"MILK - PRODUCTION, MEASURED IN LB / HEAD",LB / HEAD,"1,860"
2026,MONTHLY,MAR,VERMONT,VT,50,"MILK - PRODUCTION, MEASURED IN LB / HEAD",LB / HEAD,"1,915"
2026,MONTHLY,MAY,VERMONT,VT,50,"MILK - PRODUCTION, MEASURED IN LB / HEAD",LB / HEAD,"1,915"
2026,MONTHLY,APR,WASHINGTON,WA,53,"MILK - PRODUCTION, MEASURED IN LB / HEAD",LB / HEAD,"2,040"
2026,MONTHLY,FEB,WASHINGTON,WA,53,"MILK - PRODUCTION, MEASURED IN LB / HEAD",LB / HEAD,"1,860"
2026,MONTHLY,JAN,WASHINGTON,WA,53,"MILK - PRODUCTION, MEASURED IN LB / HEAD",LB / HEAD,"2,020"
2026,MONTHLY,MAR,WASHINGTON,WA,53,"MILK - PRODUCTION, MEASURED IN LB / HEAD",LB / HEAD,"2,070"
2026,MONTHLY,MAY,WASHINGTON,WA,53,"MILK - PRODUCTION, MEASURED IN LB / HEAD",LB / HEAD,"2,105"
2026,MONTHLY,APR,WISCONSIN,WI,55,"MILK - PRODUCTION, MEASURED IN LB / HEAD",LB / HEAD,"2,145"
2026,MONTHLY,FEB,WISCONSIN,WI,55,"MILK - PRODUCTION, MEASURED IN LB / HEAD",LB / HEAD,"1,980"
2026,MONTHLY,JAN,WISCONSIN,WI,55,"MILK - PRODUCTION, MEASURED IN LB / HEAD",LB / HEAD,"2,150"
2026,MONTHLY,MAR,WISCONSIN,WI,55,"MILK - PRODUCTION, MEASURED IN LB / HEAD",LB / HEAD,"2,210"
2026,MONTHLY,MAY,WISCONSIN,WI,55,"MILK - PRODUCTION, MEASURED IN LB / HEAD",LB / HEAD,"2,235"
