year,freq_desc,reference_period_desc,state_name,state_alpha,state_fips,short_desc,unit_desc,value
2015,MONTHLY,APR THRU JUN,ALASKA,AK,02,"MILK - PRODUCTION, MEASURED IN LB",LB,"900,000"
2015,MONTHLY,JAN THRU MAR,ALASKA,AK,02,"MILK - PRODUCTION, MEASURED IN LB",LB,"900,000"
2015,MONTHLY,JUL THRU SEP,ALASKA,AK,02,"MILK - PRODUCTION, MEASURED IN LB",LB,"900,000"
2015,MONTHLY,OCT THRU DEC,ALASKA,AK,02,"MILK - PRODUCTION, MEASURED IN LB",LB,"800,000"
2015,MONTHLY,APR THRU JUN,ALABAMA,AL,01,"MILK - PRODUCTION, MEASURED IN LB",LB,"28,000,000"
2015,MONTHLY,JAN THRU MAR,ALABAMA,AL,01,"MILK - PRODUCTION, MEASURED IN LB",LB,"29,000,000"
2015,MONTHLY,JUL THRU SEP,ALABAMA,AL,01,"MILK - PRODUCTION, MEASURED IN LB",LB,"21,000,000"
2015,MONTHLY,OCT THRU DEC,ALABAMA,AL,01,"MILK - PRODUCTION, MEASURED IN LB",LB,"23,000,000"
2015,MONTHLY,APR THRU JUN,ARKANSAS,AR,05,"MILK - PRODUCTION, MEASURED IN LB",LB,"26,000,000"
2015,MONTHLY,JAN THRU MAR,ARKANSAS,AR,05,"MILK - PRODUCTION, MEASURED IN LB",LB,"25,000,000"
2015,MONTHLY,JUL THRU SEP,ARKANSAS,AR,05,"MILK - PRODUCTION, MEASURED IN LB",LB,"20,000,000"
2015,MONTHLY,OCT THRU DEC,ARKANSAS,AR,05,"MILK - PRODUCTION, MEASURED IN LB",LB,"20,000,000"
2015,MONTHLY,APR,ARIZONA,AZ,04,"MILK - PRODUCTION, MEASURED IN LB",LB,"429,000,000"
2015,MONTHLY,APR THRU JUN,ARIZONA,AZ,04,"MILK - PRODUCTION, MEASURED IN LB",LB,"1,259,000,000"
2015,MONTHLY,AUG,ARIZONA,AZ,04,"MILK - PRODUCTION, MEASURED IN LB",LB,"361,000,000"
2015,MONTHLY,DEC,ARIZONA,AZ,04,"MILK - PRODUCTION, MEASURED IN LB",LB,"400,000,000"
2015,MONTHLY,FEB,ARIZONA,AZ,04,"MILK - PRODUCTION, MEASURED IN LB",LB,"388,000,000"
2015,MONTHLY,JAN,ARIZONA,AZ,04,"MILK - PRODUCTION, MEASURED IN LB",LB,"416,000,000"
2015,MONTHLY,JAN THRU MAR,ARIZONA,AZ,04,"MILK - PRODUCTION, MEASURED IN LB",LB,"1,246,000,000"
2015,MONTHLY,JUL,ARIZONA,AZ,04,"MILK - PRODUCTION, MEASURED IN LB",LB,"387,000,000"
2015,MONTHLY,JUL THRU SEP,ARIZONA,AZ,04,"MILK - PRODUCTION, MEASURED IN LB",LB,"1,090,000,000"
2015,MONTHLY,JUN,ARIZONA,AZ,04,"MILK - PRODUCTION, MEASURED IN LB",LB,"399,000,000"
2015,MONTHLY,MAR,ARIZONA,AZ,04,"MILK - PRODUCTION, MEASURED IN LB",LB,"442,000,000"
2015,MONTHLY,MAY,ARIZONA,AZ,04,"MILK - PRODUCTION, MEASURED IN LB",LB,"431,000,000"
2015,MONTHLY,NOV,ARIZONA,AZ,04,"MILK - PRODUCTION, MEASURED IN LB",LB,"372,000,000"
2015,MONTHLY,OCT,ARIZONA,AZ,04,"MILK - PRODUCTION, MEASURED IN LB",LB,"368,000,000"
2015,MONTHLY,OCT THRU DEC,ARIZONA,AZ,04,"MILK - PRODUCTION, MEASURED IN LB",LB,"1,140,000,000"
2015,MONTHLY,SEP,ARIZONA,AZ,04,"MILK - PRODUCTION, MEASURED IN LB",LB,"342,000,000"
2015,MONTHLY,APR,CALIFORNIA,CA,06,"MILK - PRODUCTION, MEASURED IN LB",LB,"3,607,000,000"
2015,MONTHLY,APR THRU JUN,CALIFORNIA,CA,06,"MILK - PRODUCTION, MEASURED IN LB",LB,"10,653,000,000"
2015,MONTHLY,AUG,CALIFORNIA,CA,06,"MILK - PRODUCTION, MEASURED IN LB",LB,"3,339,000,000"
2015,MONTHLY,DEC,CALIFORNIA,CA,06,"MILK - PRODUCTION, MEASURED IN LB",LB,"3,363,000,000"
2015,MONTHLY,FEB,CALIFORNIA,CA,06,"MILK - PRODUCTION, MEASURED IN LB",LB,"3,282,000,000"
2015,MONTHLY,JAN,CALIFORNIA,CA,06,"MILK - PRODUCTION, MEASURED IN LB",LB,"3,533,000,000"
2015,MONTHLY,JAN THRU MAR,CALIFORNIA,CA,06,"MILK - PRODUCTION, MEASURED IN LB",LB,"10,513,000,000"
2015,MONTHLY,JUL,CALIFORNIA,CA,06,"MILK - PRODUCTION, MEASURED IN LB",LB,"3,403,000,000"
2015,MONTHLY,JUL THRU SEP,CALIFORNIA,CA,06,"MILK - PRODUCTION, MEASURED IN LB",LB,"9,917,000,000"
2015,MONTHLY,JUN,CALIFORNIA,CA,06,"MILK - PRODUCTION, MEASURED IN LB",LB,"3,394,000,000"
2015,MONTHLY,MAR,CALIFORNIA,CA,06,"MILK - PRODUCTION, MEASURED IN LB",LB,"3,698,000,000"
2015,MONTHLY,MAY,CALIFORNIA,CA,06,"MILK - PRODUCTION, MEASURED IN LB",LB,"3,652,000,000"
2015,MONTHLY,NOV,CALIFORNIA,CA,06,"MILK - PRODUCTION, MEASURED IN LB",LB,"3,206,000,000"
2015,MONTHLY,OCT,CALIFORNIA,CA,06,"MILK - PRODUCTION, MEASURED IN LB",LB,"3,245,000,000"
2015,MONTHLY,OCT THRU DEC,CALIFORNIA,CA,06,"MILK - PRODUCTION, MEASURED IN LB",LB,"9,814,000,000"
2015,MONTHLY,SEP,CALIFORNIA,CA,06,"MILK - PRODUCTION, MEASURED IN LB",LB,"3,175,000,000"
2015,MONTHLY,APR,COLORADO,CO,08,"MILK - PRODUCTION, MEASURED IN LB",LB,"315,000,000"
2015,MONTHLY,APR THRU JUN,COLORADO,CO,08,"MILK - PRODUCTION, MEASURED IN LB",LB,"945,000,000"
2015,MONTHLY,AUG,COLORADO,CO,08,"MILK - PRODUCTION, MEASURED IN LB",LB,"320,000,000"
2015,MONTHLY,DEC,COLORADO,CO,08,"MILK - PRODUCTION, MEASURED IN LB",LB,"317,000,000"
2015,MONTHLY,FEB,COLORADO,CO,08,"MILK - PRODUCTION, MEASURED IN LB",LB,"286,000,000"
2015,MONTHLY,JAN,COLORADO,CO,08,"MILK - PRODUCTION, MEASURED IN LB",LB,"310,000,000"
2015,MONTHLY,JAN THRU MAR,COLORADO,CO,08,"MILK - PRODUCTION, MEASURED IN LB",LB,"914,000,000"
2015,MONTHLY,JUL,COLORADO,CO,08,"MILK - PRODUCTION, MEASURED IN LB",LB,"322,000,000"
2015,MONTHLY,JUL THRU SEP,COLORADO,CO,08,"MILK - PRODUCTION, MEASURED IN LB",LB,"954,000,000"
2015,MONTHLY,JUN,COLORADO,CO,08,"MILK - PRODUCTION, MEASURED IN LB",LB,"310,000,000"
2015,MONTHLY,MAR,COLORADO,CO,08,"MILK - PRODUCTION, MEASURED IN LB",LB,"318,000,000"
2015,MONTHLY,MAY,COLORADO,CO,08,"MILK - PRODUCTION, MEASURED IN LB",LB,"320,000,000"
2015,MONTHLY,NOV,COLORADO,CO,08,"MILK - PRODUCTION, MEASURED IN LB",LB,"307,000,000"
2015,MONTHLY,OCT,COLORADO,CO,08,"MILK - PRODUCTION, MEASURED IN LB",LB,"320,000,000"
2015,MONTHLY,OCT THRU DEC,COLORADO,CO,08,"MILK - PRODUCTION, MEASURED IN LB",LB,"944,000,000"
2015,MONTHLY,SEP,COLORADO,CO,08,"MILK - PRODUCTION, MEASURED IN LB",LB,"312,000,000"
2015,MONTHLY,APR THRU JUN,CONNECTICUT,CT,09,"MILK - PRODUCTION, MEASURED IN LB",LB,"102,000,000"
2015,MONTHLY,JAN THRU MAR,CONNECTICUT,CT,09,"MILK - PRODUCTION, MEASURED IN LB",LB,"98,000,000"
2015,MONTHLY,JUL THRU SEP,CONNECTICUT,CT,09,"MILK - PRODUCTION, MEASURED IN LB",LB,"98,000,000"
2015,MONTHLY,OCT THRU DEC,CONNECTICUT,CT,09,"MILK - PRODUCTION, MEASURED IN LB",LB,"98,000,000"
2015,MONTHLY,APR THRU JUN,DELAWARE,DE,10,"MILK - PRODUCTION, MEASURED IN LB",LB,"26,000,000"
2015,MONTHLY,JAN THRU MAR,DELAWARE,DE,10,"MILK - PRODUCTION, MEASURED IN LB",LB,"26,100,000"
2015,MONTHLY,JUL THRU SEP,DELAWARE,DE,10,"MILK - PRODUCTION, MEASURED IN LB",LB,"23,100,000"
2015,MONTHLY,OCT THRU DEC,DELAWARE,DE,10,"MILK - PRODUCTION, MEASURED IN LB",LB,"23,700,000"
2015,MONTHLY,APR,FLORIDA,FL,12,"MILK - PRODUCTION, MEASURED IN LB",LB,"237,000,000"
2015,MONTHLY,APR THRU JUN,FLORIDA,FL,12,"MILK - PRODUCTION, MEASURED IN LB",LB,"701,000,000"
2015,MONTHLY,AUG,FLORIDA,FL,12,"MILK - PRODUCTION, MEASURED IN LB",LB,"194,000,000"
2015,MONTHLY,DEC,FLORIDA,FL,12,"MILK - PRODUCTION, MEASURED IN LB",LB,"218,000,000"
2015,MONTHLY,FEB,FLORIDA,FL,12,"MILK - PRODUCTION, MEASURED IN LB",LB,"221,000,000"
2015,MONTHLY,JAN,FLORIDA,FL,12,"MILK - PRODUCTION, MEASURED IN LB",LB,"233,000,000"
2015,MONTHLY,JAN THRU MAR,FLORIDA,FL,12,"MILK - PRODUCTION, MEASURED IN LB",LB,"699,000,000"
2015,MONTHLY,JUL,FLORIDA,FL,12,"MILK - PRODUCTION, MEASURED IN LB",LB,"214,000,000"
2015,MONTHLY,JUL THRU SEP,FLORIDA,FL,12,"MILK - PRODUCTION, MEASURED IN LB",LB,"589,000,000"
2015,MONTHLY,JUN,FLORIDA,FL,12,"MILK - PRODUCTION, MEASURED IN LB",LB,"224,000,000"
2015,MONTHLY,MAR,FLORIDA,FL,12,"MILK - PRODUCTION, MEASURED IN LB",LB,"245,000,000"
2015,MONTHLY,MAY,FLORIDA,FL,12,"MILK - PRODUCTION, MEASURED IN LB",LB,"240,000,000"
2015,MONTHLY,NOV,FLORIDA,FL,12,"MILK - PRODUCTION, MEASURED IN LB",LB,"191,000,000"
2015,MONTHLY,OCT,FLORIDA,FL,12,"MILK - PRODUCTION, MEASURED IN LB",LB,"185,000,000"
2015,MONTHLY,OCT THRU DEC,FLORIDA,FL,12,"MILK - PRODUCTION, MEASURED IN LB",LB,"594,000,000"
2015,MONTHLY,SEP,FLORIDA,FL,12,"MILK - PRODUCTION, MEASURED IN LB",LB,"181,000,000"
2015,MONTHLY,APR THRU JUN,GEORGIA,GA,13,"MILK - PRODUCTION, MEASURED IN LB",LB,"469,000,000"
2015,MONTHLY,JAN THRU MAR,GEORGIA,GA,13,"MILK - PRODUCTION, MEASURED IN LB",LB,"468,000,000"
2015,MONTHLY,JUL THRU SEP,GEORGIA,GA,13,"MILK - PRODUCTION, MEASURED IN LB",LB,"419,000,000"
2015,MONTHLY,OCT THRU DEC,GEORGIA,GA,13,"MILK - PRODUCTION, MEASURED IN LB",LB,"435,000,000"
2015,MONTHLY,APR THRU JUN,HAWAII,HI,15,"MILK - PRODUCTION, MEASURED IN LB",LB,"10,000,000"
2015,MONTHLY,JAN THRU MAR,HAWAII,HI,15,"MILK - PRODUCTION, MEASURED IN LB",LB,"8,800,000"
2015,MONTHLY,JUL THRU SEP,HAWAII,HI,15,"MILK - PRODUCTION, MEASURED IN LB",LB,"8,600,000"
2015,MONTHLY,OCT THRU DEC,HAWAII,HI,15,"MILK - PRODUCTION, MEASURED IN LB",LB,"7,600,000"
2015,MONTHLY,APR,IOWA,IA,19,"MILK - PRODUCTION, MEASURED IN LB",LB,"411,000,000"
2015,MONTHLY,APR THRU JUN,IOWA,IA,19,"MILK - PRODUCTION, MEASURED IN LB",LB,"1,243,000,000"
2015,MONTHLY,AUG,IOWA,IA,19,"MILK - PRODUCTION, MEASURED IN LB",LB,"404,000,000"
2015,MONTHLY,DEC,IOWA,IA,19,"MILK - PRODUCTION, MEASURED IN LB",LB,"408,000,000"
2015,MONTHLY,FEB,IOWA,IA,19,"MILK - PRODUCTION, MEASURED IN LB",LB,"375,000,000"
2015,MONTHLY,JAN,IOWA,IA,19,"MILK - PRODUCTION, MEASURED IN LB",LB,"421,000,000"
2015,MONTHLY,JAN THRU MAR,IOWA,IA,19,"MILK - PRODUCTION, MEASURED IN LB",LB,"1,211,000,000"
2015,MONTHLY,JUL,IOWA,IA,19,"MILK - PRODUCTION, MEASURED IN LB",LB,"404,000,000"
2015,MONTHLY,JUL THRU SEP,IOWA,IA,19,"MILK - PRODUCTION, MEASURED IN LB",LB,"1,188,000,000"
2015,MONTHLY,JUN,IOWA,IA,19,"MILK - PRODUCTION, MEASURED IN LB",LB,"405,000,000"
2015,MONTHLY,MAR,IOWA,IA,19,"MILK - PRODUCTION, MEASURED IN LB",LB,"415,000,000"
2015,MONTHLY,MAY,IOWA,IA,19,"MILK - PRODUCTION, MEASURED IN LB",LB,"427,000,000"
2015,MONTHLY,NOV,IOWA,IA,19,"MILK - PRODUCTION, MEASURED IN LB",LB,"389,000,000"
2015,MONTHLY,OCT,IOWA,IA,19,"MILK - PRODUCTION, MEASURED IN LB",LB,"399,000,000"
2015,MONTHLY,OCT THRU DEC,IOWA,IA,19,"MILK - PRODUCTION, MEASURED IN LB",LB,"1,196,000,000"
2015,MONTHLY,SEP,IOWA,IA,19,"MILK - PRODUCTION, MEASURED IN LB",LB,"380,000,000"
2015,MONTHLY,APR,IDAHO,ID,16,"MILK - PRODUCTION, MEASURED IN LB",LB,"1,173,000,000"
2015,MONTHLY,APR THRU JUN,IDAHO,ID,16,"MILK - PRODUCTION, MEASURED IN LB",LB,"3,602,000,000"
2015,MONTHLY,AUG,IDAHO,ID,16,"MILK - PRODUCTION, MEASURED IN LB",LB,"1,225,000,000"
2015,MONTHLY,DEC,IDAHO,ID,16,"MILK - PRODUCTION, MEASURED IN LB",LB,"1,165,000,000"
2015,MONTHLY,FEB,IDAHO,ID,16,"MILK - PRODUCTION, MEASURED IN LB",LB,"1,052,000,000"
2015,MONTHLY,JAN,IDAHO,ID,16,"MILK - PRODUCTION, MEASURED IN LB",LB,"1,154,000,000"
2015,MONTHLY,JAN THRU MAR,IDAHO,ID,16,"MILK - PRODUCTION, MEASURED IN LB",LB,"3,392,000,000"
2015,MONTHLY,JUL,IDAHO,ID,16,"MILK - PRODUCTION, MEASURED IN LB",LB,"1,228,000,000"
2015,MONTHLY,JUL THRU SEP,IDAHO,ID,16,"MILK - PRODUCTION, MEASURED IN LB",LB,"3,624,000,000"
2015,MONTHLY,JUN,IDAHO,ID,16,"MILK - PRODUCTION, MEASURED IN LB",LB,"1,195,000,000"
2015,MONTHLY,MAR,IDAHO,ID,16,"MILK - PRODUCTION, MEASURED IN LB",LB,"1,186,000,000"
2015,MONTHLY,MAY,IDAHO,ID,16,"MILK - PRODUCTION, MEASURED IN LB",LB,"1,234,000,000"
2015,MONTHLY,NOV,IDAHO,ID,16,"MILK - PRODUCTION, MEASURED IN LB",LB,"1,136,000,000"
2015,MONTHLY,OCT,IDAHO,ID,16,"MILK - PRODUCTION, MEASURED IN LB",LB,"1,195,000,000"
2015,MONTHLY,OCT THRU DEC,IDAHO,ID,16,"MILK - PRODUCTION, MEASURED IN LB",LB,"3,496,000,000"
2015,MONTHLY,SEP,IDAHO,ID,16,"MILK - PRODUCTION, MEASURED IN LB",LB,"1,171,000,000"
2015,MONTHLY,APR,ILLINOIS,IL,17,"MILK - PRODUCTION, MEASURED IN LB",LB,"167,000,000"
2015,MONTHLY,APR THRU JUN,ILLINOIS,IL,17,"MILK - PRODUCTION, MEASURED IN LB",LB,"498,000,000"
2015,MONTHLY,AUG,ILLINOIS,IL,17,"MILK - PRODUCTION, MEASURED IN LB",LB,"150,000,000"
2015,MONTHLY,DEC,ILLINOIS,IL,17,"MILK - PRODUCTION, MEASURED IN LB",LB,"164,000,000"
2015,MONTHLY,FEB,ILLINOIS,IL,17,"MILK - PRODUCTION, MEASURED IN LB",LB,"151,000,000"
2015,MONTHLY,JAN,ILLINOIS,IL,17,"MILK - PRODUCTION, MEASURED IN LB",LB,"164,000,000"
2015,MONTHLY,JAN THRU MAR,ILLINOIS,IL,17,"MILK - PRODUCTION, MEASURED IN LB",LB,"483,000,000"
2015,MONTHLY,JUL,ILLINOIS,IL,17,"MILK - PRODUCTION, MEASURED IN LB",LB,"155,000,000"
2015,MONTHLY,JUL THRU SEP,ILLINOIS,IL,17,"MILK - PRODUCTION, MEASURED IN LB",LB,"448,000,000"
2015,MONTHLY,JUN,ILLINOIS,IL,17,"MILK - PRODUCTION, MEASURED IN LB",LB,"159,000,000"
2015,MONTHLY,MAR,ILLINOIS,IL,17,"MILK - PRODUCTION, MEASURED IN LB",LB,"168,000,000"
2015,MONTHLY,MAY,ILLINOIS,IL,17,"MILK - PRODUCTION, MEASURED IN LB",LB,"172,000,000"
2015,MONTHLY,NOV,ILLINOIS,IL,17,"MILK - PRODUCTION, MEASURED IN LB",LB,"150,000,000"
2015,MONTHLY,OCT,ILLINOIS,IL,17,"MILK - PRODUCTION, MEASURED IN LB",LB,"151,000,000"
2015,MONTHLY,OCT THRU DEC,ILLINOIS,IL,17,"MILK - PRODUCTION, MEASURED IN LB",LB,"465,000,000"
2015,MONTHLY,SEP,ILLINOIS,IL,17,"MILK - PRODUCTION, MEASURED IN LB",LB,"143,000,000"
2015,MONTHLY,APR,INDIANA,IN,18,"MILK - PRODUCTION, MEASURED IN LB",LB,"334,000,000"
2015,MONTHLY,APR THRU JUN,INDIANA,IN,18,"MILK - PRODUCTION, MEASURED IN LB",LB,"1,010,000,000"
2015,MONTHLY,AUG,INDIANA,IN,18,"MILK - PRODUCTION, MEASURED IN LB",LB,"332,000,000"
2015,MONTHLY,DEC,INDIANA,IN,18,"MILK - PRODUCTION, MEASURED IN LB",LB,"338,000,000"
2015,MONTHLY,FEB,INDIANA,IN,18,"MILK - PRODUCTION, MEASURED IN LB",LB,"304,000,000"
2015,MONTHLY,JAN,INDIANA,IN,18,"MILK - PRODUCTION, MEASURED IN LB",LB,"336,000,000"
2015,MONTHLY,JAN THRU MAR,INDIANA,IN,18,"MILK - PRODUCTION, MEASURED IN LB",LB,"978,000,000"
2015,MONTHLY,JUL,INDIANA,IN,18,"MILK - PRODUCTION, MEASURED IN LB",LB,"333,000,000"
2015,MONTHLY,JUL THRU SEP,INDIANA,IN,18,"MILK - PRODUCTION, MEASURED IN LB",LB,"984,000,000"
2015,MONTHLY,JUN,INDIANA,IN,18,"MILK - PRODUCTION, MEASURED IN LB",LB,"327,000,000"
2015,MONTHLY,MAR,INDIANA,IN,18,"MILK - PRODUCTION, MEASURED IN LB",LB,"338,000,000"
2015,MONTHLY,MAY,INDIANA,IN,18,"MILK - PRODUCTION, MEASURED IN LB",LB,"349,000,000"
2015,MONTHLY,NOV,INDIANA,IN,18,"MILK - PRODUCTION, MEASURED IN LB",LB,"326,000,000"
2015,MONTHLY,OCT,INDIANA,IN,18,"MILK - PRODUCTION, MEASURED IN LB",LB,"329,000,000"
2015,MONTHLY,OCT THRU DEC,INDIANA,IN,18,"MILK - PRODUCTION, MEASURED IN LB",LB,"993,000,000"
2015,MONTHLY,SEP,INDIANA,IN,18,"MILK - PRODUCTION, MEASURED IN LB",LB,"319,000,000"
2015,MONTHLY,APR,KANSAS,KS,20,"MILK - PRODUCTION, MEASURED IN LB",LB,"280,000,000"
2015,MONTHLY,APR THRU JUN,KANSAS,KS,20,"MILK - PRODUCTION, MEASURED IN LB",LB,"822,000,000"
2015,MONTHLY,AUG,KANSAS,KS,20,"MILK - PRODUCTION, MEASURED IN LB",LB,"263,000,000"
2015,MONTHLY,DEC,KANSAS,KS,20,"MILK - PRODUCTION, MEASURED IN LB",LB,"260,000,000"
2015,MONTHLY,FEB,KANSAS,KS,20,"MILK - PRODUCTION, MEASURED IN LB",LB,"249,000,000"
2015,MONTHLY,JAN,KANSAS,KS,20,"MILK - PRODUCTION, MEASURED IN LB",LB,"270,000,000"
2015,MONTHLY,JAN THRU MAR,KANSAS,KS,20,"MILK - PRODUCTION, MEASURED IN LB",LB,"803,000,000"
2015,MONTHLY,JUL,KANSAS,KS,20,"MILK - PRODUCTION, MEASURED IN LB",LB,"264,000,000"
2015,MONTHLY,JUL THRU SEP,KANSAS,KS,20,"MILK - PRODUCTION, MEASURED IN LB",LB,"779,000,000"
2015,MONTHLY,JUN,KANSAS,KS,20,"MILK - PRODUCTION, MEASURED IN LB",LB,"259,000,000"
2015,MONTHLY,MAR,KANSAS,KS,20,"MILK - PRODUCTION, MEASURED IN LB",LB,"284,000,000"
2015,MONTHLY,MAY,KANSAS,KS,20,"MILK - PRODUCTION, MEASURED IN LB",LB,"283,000,000"
2015,MONTHLY,NOV,KANSAS,KS,20,"MILK - PRODUCTION, MEASURED IN LB",LB,"251,000,000"
2015,MONTHLY,OCT,KANSAS,KS,20,"MILK - PRODUCTION, MEASURED IN LB",LB,"261,000,000"
2015,MONTHLY,OCT THRU DEC,KANSAS,KS,20,"MILK - PRODUCTION, MEASURED IN LB",LB,"772,000,000"
2015,MONTHLY,SEP,KANSAS,KS,20,"MILK - PRODUCTION, MEASURED IN LB",LB,"252,000,000"
2015,MONTHLY,APR THRU JUN,KENTUCKY,KY,21,"MILK - PRODUCTION, MEASURED IN LB",LB,"289,000,000"
2015,MONTHLY,JAN THRU MAR,KENTUCKY,KY,21,"MILK - PRODUCTION, MEASURED IN LB",LB,"280,000,000"
2015,MONTHLY,JUL THRU SEP,KENTUCKY,KY,21,"MILK - PRODUCTION, MEASURED IN LB",LB,"249,000,000"
2015,MONTHLY,OCT THRU DEC,KENTUCKY,KY,21,"MILK - PRODUCTION, MEASURED IN LB",LB,"259,000,000"
2015,MONTHLY,APR THRU JUN,LOUISIANA,LA,22,"MILK - PRODUCTION, MEASURED IN LB",LB,"53,000,000"
2015,MONTHLY,JAN THRU MAR,LOUISIANA,LA,22,"MILK - PRODUCTION, MEASURED IN LB",LB,"58,000,000"
2015,MONTHLY,JUL THRU SEP,LOUISIANA,LA,22,"MILK - PRODUCTION, MEASURED IN LB",LB,"37,000,000"
2015,MONTHLY,OCT THRU DEC,LOUISIANA,LA,22,"MILK - PRODUCTION, MEASURED IN LB",LB,"41,000,000"
2015,MONTHLY,APR THRU JUN,MASSACHUSETTS,MA,25,"MILK - PRODUCTION, MEASURED IN LB",LB,"56,000,000"
2015,MONTHLY,JAN THRU MAR,MASSACHUSETTS,MA,25,"MILK - PRODUCTION, MEASURED IN LB",LB,"54,000,000"
2015,MONTHLY,JUL THRU SEP,MASSACHUSETTS,MA,25,"MILK - PRODUCTION, MEASURED IN LB",LB,"54,000,000"
2015,MONTHLY,OCT THRU DEC,MASSACHUSETTS,MA,25,"MILK - PRODUCTION, MEASURED IN LB",LB,"53,000,000"
2015,MONTHLY,APR THRU JUN,MARYLAND,MD,24,"MILK - PRODUCTION, MEASURED IN LB",LB,"256,000,000"
2015,MONTHLY,JAN THRU MAR,MARYLAND,MD,24,"MILK - PRODUCTION, MEASURED IN LB",LB,"249,000,000"
2015,MONTHLY,JUL THRU SEP,MARYLAND,MD,24,"MILK - PRODUCTION, MEASURED IN LB",LB,"240,000,000"
2015,MONTHLY,OCT THRU DEC,MARYLAND,MD,24,"MILK - PRODUCTION, MEASURED IN LB",LB,"242,000,000"
2015,MONTHLY,APR THRU JUN,MAINE,ME,23,"MILK - PRODUCTION, MEASURED IN LB",LB,"150,000,000"
2015,MONTHLY,JAN THRU MAR,MAINE,ME,23,"MILK - PRODUCTION, MEASURED IN LB",LB,"144,000,000"
2015,MONTHLY,JUL THRU SEP,MAINE,ME,23,"MILK - PRODUCTION, MEASURED IN LB",LB,"151,000,000"
2015,MONTHLY,OCT THRU DEC,MAINE,ME,23,"MILK - PRODUCTION, MEASURED IN LB",LB,"149,000,000"
2015,MONTHLY,APR,MICHIGAN,MI,26,"MILK - PRODUCTION, MEASURED IN LB",LB,"848,000,000"
2015,MONTHLY,APR THRU JUN,MICHIGAN,MI,26,"MILK - PRODUCTION, MEASURED IN LB",LB,"2,612,000,000"
2015,MONTHLY,AUG,MICHIGAN,MI,26,"MILK - PRODUCTION, MEASURED IN LB",LB,"877,000,000"
2015,MONTHLY,DEC,MICHIGAN,MI,26,"MILK - PRODUCTION, MEASURED IN LB",LB,"884,000,000"
2015,MONTHLY,FEB,MICHIGAN,MI,26,"MILK - PRODUCTION, MEASURED IN LB",LB,"766,000,000"
2015,MONTHLY,JAN,MICHIGAN,MI,26,"MILK - PRODUCTION, MEASURED IN LB",LB,"846,000,000"
2015,MONTHLY,JAN THRU MAR,MICHIGAN,MI,26,"MILK - PRODUCTION, MEASURED IN LB",LB,"2,470,000,000"
2015,MONTHLY,JUL,MICHIGAN,MI,26,"MILK - PRODUCTION, MEASURED IN LB",LB,"888,000,000"
2015,MONTHLY,JUL THRU SEP,MICHIGAN,MI,26,"MILK - PRODUCTION, MEASURED IN LB",LB,"2,591,000,000"
2015,MONTHLY,JUN,MICHIGAN,MI,26,"MILK - PRODUCTION, MEASURED IN LB",LB,"871,000,000"
2015,MONTHLY,MAR,MICHIGAN,MI,26,"MILK - PRODUCTION, MEASURED IN LB",LB,"858,000,000"
2015,MONTHLY,MAY,MICHIGAN,MI,26,"MILK - PRODUCTION, MEASURED IN LB",LB,"893,000,000"
2015,MONTHLY,NOV,MICHIGAN,MI,26,"MILK - PRODUCTION, MEASURED IN LB",LB,"843,000,000"
2015,MONTHLY,OCT,MICHIGAN,MI,26,"MILK - PRODUCTION, MEASURED IN LB",LB,"861,000,000"
2015,MONTHLY,OCT THRU DEC,MICHIGAN,MI,26,"MILK - PRODUCTION, MEASURED IN LB",LB,"2,588,000,000"
2015,MONTHLY,SEP,MICHIGAN,MI,26,"MILK - PRODUCTION, MEASURED IN LB",LB,"826,000,000"
2015,MONTHLY,APR,MINNESOTA,MN,27,"MILK - PRODUCTION, MEASURED IN LB",LB,"791,000,000"
2015,MONTHLY,APR THRU JUN,MINNESOTA,MN,27,"MILK - PRODUCTION, MEASURED IN LB",LB,"2,413,000,000"
2015,MONTHLY,AUG,MINNESOTA,MN,27,"MILK - PRODUCTION, MEASURED IN LB",LB,"796,000,000"
2015,MONTHLY,DEC,MINNESOTA,MN,27,"MILK - PRODUCTION, MEASURED IN LB",LB,"803,000,000"
2015,MONTHLY,FEB,MINNESOTA,MN,27,"MILK - PRODUCTION, MEASURED IN LB",LB,"731,000,000"
2015,MONTHLY,JAN,MINNESOTA,MN,27,"MILK - PRODUCTION, MEASURED IN LB",LB,"803,000,000"
2015,MONTHLY,JAN THRU MAR,MINNESOTA,MN,27,"MILK - PRODUCTION, MEASURED IN LB",LB,"2,344,000,000"
2015,MONTHLY,JUL,MINNESOTA,MN,27,"MILK - PRODUCTION, MEASURED IN LB",LB,"810,000,000"
2015,MONTHLY,JUL THRU SEP,MINNESOTA,MN,27,"MILK - PRODUCTION, MEASURED IN LB",LB,"2,358,000,000"
2015,MONTHLY,JUN,MINNESOTA,MN,27,"MILK - PRODUCTION, MEASURED IN LB",LB,"796,000,000"
2015,MONTHLY,MAR,MINNESOTA,MN,27,"MILK - PRODUCTION, MEASURED IN LB",LB,"810,000,000"
2015,MONTHLY,MAY,MINNESOTA,MN,27,"MILK - PRODUCTION, MEASURED IN LB",LB,"826,000,000"
2015,MONTHLY,NOV,MINNESOTA,MN,27,"MILK - PRODUCTION, MEASURED IN LB",LB,"764,000,000"
2015,MONTHLY,OCT,MINNESOTA,MN,27,"MILK - PRODUCTION, MEASURED IN LB",LB,"780,000,000"
2015,MONTHLY,OCT THRU DEC,MINNESOTA,MN,27,"MILK - PRODUCTION, MEASURED IN LB",LB,"2,347,000,000"
2015,MONTHLY,SEP,MINNESOTA,MN,27,"MILK - PRODUCTION, MEASURED IN LB",LB,"752,000,000"
2015,MONTHLY,APR THRU JUN,MISSOURI,MO,29,"MILK - PRODUCTION, MEASURED IN LB",LB,"383,000,000"
2015,MONTHLY,JAN THRU MAR,MISSOURI,MO,29,"MILK - PRODUCTION, MEASURED IN LB",LB,"337,000,000"
2015,MONTHLY,JUL THRU SEP,MISSOURI,MO,29,"MILK - PRODUCTION, MEASURED IN LB",LB,"309,000,000"
2015,MONTHLY,OCT THRU DEC,MISSOURI,MO,29,"MILK - PRODUCTION, MEASURED IN LB",LB,"299,000,000"
2015,MONTHLY,APR THRU JUN,MISSISSIPPI,MS,28,"MILK - PRODUCTION, MEASURED IN LB",LB,"47,000,000"
2015,MONTHLY,JAN THRU MAR,MISSISSIPPI,MS,28,"MILK - PRODUCTION, MEASURED IN LB",LB,"53,000,000"
2015,MONTHLY,JUL THRU SEP,MISSISSIPPI,MS,28,"MILK - PRODUCTION, MEASURED IN LB",LB,"31,000,000"
2015,MONTHLY,OCT THRU DEC,MISSISSIPPI,MS,28,"MILK - PRODUCTION, MEASURED IN LB",LB,"34,000,000"
2015,MONTHLY,APR THRU JUN,MONTANA,MT,30,"MILK - PRODUCTION, MEASURED IN LB",LB,"77,000,000"
2015,MONTHLY,JAN THRU MAR,MONTANA,MT,30,"MILK - PRODUCTION, MEASURED IN LB",LB,"74,000,000"
2015,MONTHLY,JUL THRU SEP,MONTANA,MT,30,"MILK - PRODUCTION, MEASURED IN LB",LB,"75,000,000"
2015,MONTHLY,OCT THRU DEC,MONTANA,MT,30,"MILK - PRODUCTION, MEASURED IN LB",LB,"73,000,000"
2015,MONTHLY,APR THRU JUN,NORTH CAROLINA,NC,37,"MILK - PRODUCTION, MEASURED IN LB",LB,"256,000,000"
2015,MONTHLY,JAN THRU MAR,NORTH CAROLINA,NC,37,"MILK - PRODUCTION, MEASURED IN LB",LB,"254,000,000"
2015,MONTHLY,JUL THRU SEP,NORTH CAROLINA,NC,37,"MILK - PRODUCTION, MEASURED IN LB",LB,"235,000,000"
2015,MONTHLY,OCT THRU DEC,NORTH CAROLINA,NC,37,"MILK - PRODUCTION, MEASURED IN LB",LB,"240,000,000"
2015,MONTHLY,APR THRU JUN,NORTH DAKOTA,ND,38,"MILK - PRODUCTION, MEASURED IN LB",LB,"85,000,000"
2015,MONTHLY,JAN THRU MAR,NORTH DAKOTA,ND,38,"MILK - PRODUCTION, MEASURED IN LB",LB,"80,000,000"
2015,MONTHLY,JUL THRU SEP,NORTH DAKOTA,ND,38,"MILK - PRODUCTION, MEASURED IN LB",LB,"84,000,000"
2015,MONTHLY,OCT THRU DEC,NORTH DAKOTA,ND,38,"MILK - PRODUCTION, MEASURED IN LB",LB,"83,000,000"
2015,MONTHLY,APR THRU JUN,NEBRASKA,NE,31,"MILK - PRODUCTION, MEASURED IN LB",LB,"328,000,000"
2015,MONTHLY,JAN THRU MAR,NEBRASKA,NE,31,"MILK - PRODUCTION, MEASURED IN LB",LB,"315,000,000"
2015,MONTHLY,JUL THRU SEP,NEBRASKA,NE,31,"MILK - PRODUCTION, MEASURED IN LB",LB,"323,000,000"
2015,MONTHLY,OCT THRU DEC,NEBRASKA,NE,31,"MILK - PRODUCTION, MEASURED IN LB",LB,"341,000,000"
2015,MONTHLY,APR THRU JUN,NEW HAMPSHIRE,NH,33,"MILK - PRODUCTION, MEASURED IN LB",LB,"72,000,000"
2015,MONTHLY,JAN THRU MAR,NEW HAMPSHIRE,NH,33,"MILK - PRODUCTION, MEASURED IN LB",LB,"70,000,000"
2015,MONTHLY,JUL THRU SEP,NEW HAMPSHIRE,NH,33,"MILK - PRODUCTION, MEASURED IN LB",LB,"70,000,000"
2015,MONTHLY,OCT THRU DEC,NEW HAMPSHIRE,NH,33,"MILK - PRODUCTION, MEASURED IN LB",LB,"70,000,000"
2015,MONTHLY,APR THRU JUN,NEW JERSEY,NJ,34,"MILK - PRODUCTION, MEASURED IN LB",LB,"34,000,000"
2015,MONTHLY,JAN THRU MAR,NEW JERSEY,NJ,34,"MILK - PRODUCTION, MEASURED IN LB",LB,"33,000,000"
2015,MONTHLY,JUL THRU SEP,NEW JERSEY,NJ,34,"MILK - PRODUCTION, MEASURED IN LB",LB,"31,000,000"
2015,MONTHLY,OCT THRU DEC,NEW JERSEY,NJ,34,"MILK - PRODUCTION, MEASURED IN LB",LB,"30,000,000"
2015,MONTHLY,APR,NEW MEXICO,NM,35,"MILK - PRODUCTION, MEASURED IN LB",LB,"680,000,000"
2015,MONTHLY,APR THRU JUN,NEW MEXICO,NM,35,"MILK - PRODUCTION, MEASURED IN LB",LB,"2,044,000,000"
2015,MONTHLY,AUG,NEW MEXICO,NM,35,"MILK - PRODUCTION, MEASURED IN LB",LB,"649,000,000"
2015,MONTHLY,DEC,NEW MEXICO,NM,35,"MILK - PRODUCTION, MEASURED IN LB",LB,"624,000,000"
2015,MONTHLY,FEB,NEW MEXICO,NM,35,"MILK - PRODUCTION, MEASURED IN LB",LB,"607,000,000"
2015,MONTHLY,JAN,NEW MEXICO,NM,35,"MILK - PRODUCTION, MEASURED IN LB",LB,"669,000,000"
2015,MONTHLY,JAN THRU MAR,NEW MEXICO,NM,35,"MILK - PRODUCTION, MEASURED IN LB",LB,"1,962,000,000"
2015,MONTHLY,JUL,NEW MEXICO,NM,35,"MILK - PRODUCTION, MEASURED IN LB",LB,"659,000,000"
2015,MONTHLY,JUL THRU SEP,NEW MEXICO,NM,35,"MILK - PRODUCTION, MEASURED IN LB",LB,"1,941,000,000"
2015,MONTHLY,JUN,NEW MEXICO,NM,35,"MILK - PRODUCTION, MEASURED IN LB",LB,"657,000,000"
2015,MONTHLY,MAR,NEW MEXICO,NM,35,"MILK - PRODUCTION, MEASURED IN LB",LB,"686,000,000"
2015,MONTHLY,MAY,NEW MEXICO,NM,35,"MILK - PRODUCTION, MEASURED IN LB",LB,"707,000,000"
2015,MONTHLY,NOV,NEW MEXICO,NM,35,"MILK - PRODUCTION, MEASURED IN LB",LB,"617,000,000"
2015,MONTHLY,OCT,NEW MEXICO,NM,35,"MILK - PRODUCTION, MEASURED IN LB",LB,"643,000,000"
2015,MONTHLY,OCT THRU DEC,NEW MEXICO,NM,35,"MILK - PRODUCTION, MEASURED IN LB",LB,"1,884,000,000"
2015,MONTHLY,SEP,NEW MEXICO,NM,35,"MILK - PRODUCTION, MEASURED IN LB",LB,"633,000,000"
2015,MONTHLY,APR THRU JUN,NEVADA,NV,32,"MILK - PRODUCTION, MEASURED IN LB",LB,"168,000,000"
2015,MONTHLY,JAN THRU MAR,NEVADA,NV,32,"MILK - PRODUCTION, MEASURED IN LB",LB,"158,000,000"
2015,MONTHLY,JUL THRU SEP,NEVADA,NV,32,"MILK - PRODUCTION, MEASURED IN LB",LB,"173,000,000"
2015,MONTHLY,OCT THRU DEC,NEVADA,NV,32,"MILK - PRODUCTION, MEASURED IN LB",LB,"170,000,000"
2015,MONTHLY,APR,NEW YORK,NY,36,"MILK - PRODUCTION, MEASURED IN LB",LB,"1,159,000,000"
2015,MONTHLY,APR THRU JUN,NEW YORK,NY,36,"MILK - PRODUCTION, MEASURED IN LB",LB,"3,588,000,000"
2015,MONTHLY,AUG,NEW YORK,NY,36,"MILK - PRODUCTION, MEASURED IN LB",LB,"1,207,000,000"
2015,MONTHLY,DEC,NEW YORK,NY,36,"MILK - PRODUCTION, MEASURED IN LB",LB,"1,197,000,000"
2015,MONTHLY,FEB,NEW YORK,NY,36,"MILK - PRODUCTION, MEASURED IN LB",LB,"1,060,000,000"
2015,MONTHLY,JAN,NEW YORK,NY,36,"MILK - PRODUCTION, MEASURED IN LB",LB,"1,173,000,000"
2015,MONTHLY,JAN THRU MAR,NEW YORK,NY,36,"MILK - PRODUCTION, MEASURED IN LB",LB,"3,408,000,000"
2015,MONTHLY,JUL,NEW YORK,NY,36,"MILK - PRODUCTION, MEASURED IN LB",LB,"1,223,000,000"
2015,MONTHLY,JUL THRU SEP,NEW YORK,NY,36,"MILK - PRODUCTION, MEASURED IN LB",LB,"3,575,000,000"
2015,MONTHLY,JUN,NEW YORK,NY,36,"MILK - PRODUCTION, MEASURED IN LB",LB,"1,199,000,000"
2015,MONTHLY,MAR,NEW YORK,NY,36,"MILK - PRODUCTION, MEASURED IN LB",LB,"1,175,000,000"
2015,MONTHLY,MAY,NEW YORK,NY,36,"MILK - PRODUCTION, MEASURED IN LB",LB,"1,230,000,000"
2015,MONTHLY,NOV,NEW YORK,NY,36,"MILK - PRODUCTION, MEASURED IN LB",LB,"1,139,000,000"
2015,MONTHLY,OCT,NEW YORK,NY,36,"MILK - PRODUCTION, MEASURED IN LB",LB,"1,176,000,000"
2015,MONTHLY,OCT THRU DEC,NEW YORK,NY,36,"MILK - PRODUCTION, MEASURED IN LB",LB,"3,512,000,000"
2015,MONTHLY,SEP,NEW YORK,NY,36,"MILK - PRODUCTION, MEASURED IN LB",LB,"1,145,000,000"
2015,MONTHLY,APR,OHIO,OH,39,"MILK - PRODUCTION, MEASURED IN LB",LB,"464,000,000"
2015,MONTHLY,APR THRU JUN,OHIO,OH,39,"MILK - PRODUCTION, MEASURED IN LB",LB,"1,415,000,000"
2015,MONTHLY,AUG,OHIO,OH,39,"MILK - PRODUCTION, MEASURED IN LB",LB,"466,000,000"
2015,MONTHLY,DEC,OHIO,OH,39,"MILK - PRODUCTION, MEASURED IN LB",LB,"460,000,000"
2015,MONTHLY,FEB,OHIO,OH,39,"MILK - PRODUCTION, MEASURED IN LB",LB,"421,000,000"
2015,MONTHLY,JAN,OHIO,OH,39,"MILK - PRODUCTION, MEASURED IN LB",LB,"469,000,000"
2015,MONTHLY,JAN THRU MAR,OHIO,OH,39,"MILK - PRODUCTION, MEASURED IN LB",LB,"1,358,000,000"
2015,MONTHLY,JUL,OHIO,OH,39,"MILK - PRODUCTION, MEASURED IN LB",LB,"469,000,000"
2015,MONTHLY,JUL THRU SEP,OHIO,OH,39,"MILK - PRODUCTION, MEASURED IN LB",LB,"1,377,000,000"
2015,MONTHLY,JUN,OHIO,OH,39,"MILK - PRODUCTION, MEASURED IN LB",LB,"464,000,000"
2015,MONTHLY,MAR,OHIO,OH,39,"MILK - PRODUCTION, MEASURED IN LB",LB,"468,000,000"
2015,MONTHLY,MAY,OHIO,OH,39,"MILK - PRODUCTION, MEASURED IN LB",LB,"487,000,000"
2015,MONTHLY,NOV,OHIO,OH,39,"MILK - PRODUCTION, MEASURED IN LB",LB,"440,000,000"
2015,MONTHLY,OCT,OHIO,OH,39,"MILK - PRODUCTION, MEASURED IN LB",LB,"454,000,000"
2015,MONTHLY,OCT THRU DEC,OHIO,OH,39,"MILK - PRODUCTION, MEASURED IN LB",LB,"1,354,000,000"
2015,MONTHLY,SEP,OHIO,OH,39,"MILK - PRODUCTION, MEASURED IN LB",LB,"442,000,000"
2015,MONTHLY,APR THRU JUN,OKLAHOMA,OK,40,"MILK - PRODUCTION, MEASURED IN LB",LB,"196,000,000"
2015,MONTHLY,JAN THRU MAR,OKLAHOMA,OK,40,"MILK - PRODUCTION, MEASURED IN LB",LB,"193,000,000"
2015,MONTHLY,JUL THRU SEP,OKLAHOMA,OK,40,"MILK - PRODUCTION, MEASURED IN LB",LB,"166,000,000"
2015,MONTHLY,OCT THRU DEC,OKLAHOMA,OK,40,"MILK - PRODUCTION, MEASURED IN LB",LB,"175,000,000"
2015,MONTHLY,APR,OREGON,OR,41,"MILK - PRODUCTION, MEASURED IN LB",LB,"217,000,000"
2015,MONTHLY,APR THRU JUN,OREGON,OR,41,"MILK - PRODUCTION, MEASURED IN LB",LB,"655,000,000"
2015,MONTHLY,AUG,OREGON,OR,41,"MILK - PRODUCTION, MEASURED IN LB",LB,"214,000,000"
2015,MONTHLY,DEC,OREGON,OR,41,"MILK - PRODUCTION, MEASURED IN LB",LB,"213,000,000"
2015,MONTHLY,FEB,OREGON,OR,41,"MILK - PRODUCTION, MEASURED IN LB",LB,"196,000,000"
2015,MONTHLY,JAN,OREGON,OR,41,"MILK - PRODUCTION, MEASURED IN LB",LB,"210,000,000"
2015,MONTHLY,JAN THRU MAR,OREGON,OR,41,"MILK - PRODUCTION, MEASURED IN LB",LB,"629,000,000"
2015,MONTHLY,JUL,OREGON,OR,41,"MILK - PRODUCTION, MEASURED IN LB",LB,"213,000,000"
2015,MONTHLY,JUL THRU SEP,OREGON,OR,41,"MILK - PRODUCTION, MEASURED IN LB",LB,"638,000,000"
2015,MONTHLY,JUN,OREGON,OR,41,"MILK - PRODUCTION, MEASURED IN LB",LB,"215,000,000"
2015,MONTHLY,MAR,OREGON,OR,41,"MILK - PRODUCTION, MEASURED IN LB",LB,"223,000,000"
2015,MONTHLY,MAY,OREGON,OR,41,"MILK - PRODUCTION, MEASURED IN LB",LB,"223,000,000"
2015,MONTHLY,NOV,OREGON,OR,41,"MILK - PRODUCTION, MEASURED IN LB",LB,"204,000,000"
2015,MONTHLY,OCT,OREGON,OR,41,"MILK - PRODUCTION, MEASURED IN LB",LB,"212,000,000"
2015,MONTHLY,OCT THRU DEC,OREGON,OR,41,"MILK - PRODUCTION, MEASURED IN LB",LB,"629,000,000"
2015,MONTHLY,SEP,OREGON,OR,41,"MILK - PRODUCTION, MEASURED IN LB",LB,"211,000,000"
2015,MONTHLY,APR,PENNSYLVANIA,PA,42,"MILK - PRODUCTION, MEASURED IN LB",LB,"925,000,000"
2015,MONTHLY,APR THRU JUN,PENNSYLVANIA,PA,42,"MILK - PRODUCTION, MEASURED IN LB",LB,"2,796,000,000"
2015,MONTHLY,AUG,PENNSYLVANIA,PA,42,"MILK - PRODUCTION, MEASURED IN LB",LB,"904,000,000"
2015,MONTHLY,DEC,PENNSYLVANIA,PA,42,"MILK - PRODUCTION, MEASURED IN LB",LB,"893,000,000"
2015,MONTHLY,FEB,PENNSYLVANIA,PA,42,"MILK - PRODUCTION, MEASURED IN LB",LB,"840,000,000"
2015,MONTHLY,JAN,PENNSYLVANIA,PA,42,"MILK - PRODUCTION, MEASURED IN LB",LB,"917,000,000"
2015,MONTHLY,JAN THRU MAR,PENNSYLVANIA,PA,42,"MILK - PRODUCTION, MEASURED IN LB",LB,"2,695,000,000"
2015,MONTHLY,JUL,PENNSYLVANIA,PA,42,"MILK - PRODUCTION, MEASURED IN LB",LB,"920,000,000"
2015,MONTHLY,JUL THRU SEP,PENNSYLVANIA,PA,42,"MILK - PRODUCTION, MEASURED IN LB",LB,"2,680,000,000"
2015,MONTHLY,JUN,PENNSYLVANIA,PA,42,"MILK - PRODUCTION, MEASURED IN LB",LB,"909,000,000"
2015,MONTHLY,MAR,PENNSYLVANIA,PA,42,"MILK - PRODUCTION, MEASURED IN LB",LB,"938,000,000"
2015,MONTHLY,MAY,PENNSYLVANIA,PA,42,"MILK - PRODUCTION, MEASURED IN LB",LB,"962,000,000"
2015,MONTHLY,NOV,PENNSYLVANIA,PA,42,"MILK - PRODUCTION, MEASURED IN LB",LB,"856,000,000"
2015,MONTHLY,OCT,PENNSYLVANIA,PA,42,"MILK - PRODUCTION, MEASURED IN LB",LB,"880,000,000"
2015,MONTHLY,OCT THRU DEC,PENNSYLVANIA,PA,42,"MILK - PRODUCTION, MEASURED IN LB",LB,"2,629,000,000"
2015,MONTHLY,SEP,PENNSYLVANIA,PA,42,"MILK - PRODUCTION, MEASURED IN LB",LB,"856,000,000"
2015,MONTHLY,APR THRU JUN,RHODE ISLAND,RI,44,"MILK - PRODUCTION, MEASURED IN LB",LB,"4,000,000"
2015,MONTHLY,JAN THRU MAR,RHODE ISLAND,RI,44,"MILK - PRODUCTION, MEASURED IN LB",LB,"4,100,000"
2015,MONTHLY,JUL THRU SEP,RHODE ISLAND,RI,44,"MILK - PRODUCTION, MEASURED IN LB",LB,"4,000,000"
2015,MONTHLY,OCT THRU DEC,RHODE ISLAND,RI,44,"MILK - PRODUCTION, MEASURED IN LB",LB,"3,800,000"
2015,MONTHLY,APR THRU JUN,SOUTH CAROLINA,SC,45,"MILK - PRODUCTION, MEASURED IN LB",LB,"71,000,000"
2015,MONTHLY,JAN THRU MAR,SOUTH CAROLINA,SC,45,"MILK - PRODUCTION, MEASURED IN LB",LB,"72,000,000"
2015,MONTHLY,JUL THRU SEP,SOUTH CAROLINA,SC,45,"MILK - PRODUCTION, MEASURED IN LB",LB,"59,000,000"
2015,MONTHLY,OCT THRU DEC,SOUTH CAROLINA,SC,45,"MILK - PRODUCTION, MEASURED IN LB",LB,"60,000,000"
2015,MONTHLY,APR,SOUTH DAKOTA,SD,46,"MILK - PRODUCTION, MEASURED IN LB",LB,"190,000,000"
2015,MONTHLY,APR THRU JUN,SOUTH DAKOTA,SD,46,"MILK - PRODUCTION, MEASURED IN LB",LB,"588,000,000"
2015,MONTHLY,AUG,SOUTH DAKOTA,SD,46,"MILK - PRODUCTION, MEASURED IN LB",LB,"205,000,000"
2015,MONTHLY,DEC,SOUTH DAKOTA,SD,46,"MILK - PRODUCTION, MEASURED IN LB",LB,"209,000,000"
2015,MONTHLY,FEB,SOUTH DAKOTA,SD,46,"MILK - PRODUCTION, MEASURED IN LB",LB,"172,000,000"
2015,MONTHLY,JAN,SOUTH DAKOTA,SD,46,"MILK - PRODUCTION, MEASURED IN LB",LB,"188,000,000"
2015,MONTHLY,JAN THRU MAR,SOUTH DAKOTA,SD,46,"MILK - PRODUCTION, MEASURED IN LB",LB,"553,000,000"
2015,MONTHLY,JUL,SOUTH DAKOTA,SD,46,"MILK - PRODUCTION, MEASURED IN LB",LB,"203,000,000"
2015,MONTHLY,JUL THRU SEP,SOUTH DAKOTA,SD,46,"MILK - PRODUCTION, MEASURED IN LB",LB,"605,000,000"
2015,MONTHLY,JUN,SOUTH DAKOTA,SD,46,"MILK - PRODUCTION, MEASURED IN LB",LB,"197,000,000"
2015,MONTHLY,MAR,SOUTH DAKOTA,SD,46,"MILK - PRODUCTION, MEASURED IN LB",LB,"193,000,000"
2015,MONTHLY,MAY,SOUTH DAKOTA,SD,46,"MILK - PRODUCTION, MEASURED IN LB",LB,"201,000,000"
2015,MONTHLY,NOV,SOUTH DAKOTA,SD,46,"MILK - PRODUCTION, MEASURED IN LB",LB,"199,000,000"
2015,MONTHLY,OCT,SOUTH DAKOTA,SD,46,"MILK - PRODUCTION, MEASURED IN LB",LB,"206,000,000"
2015,MONTHLY,OCT THRU DEC,SOUTH DAKOTA,SD,46,"MILK - PRODUCTION, MEASURED IN LB",LB,"614,000,000"
2015,MONTHLY,SEP,SOUTH DAKOTA,SD,46,"MILK - PRODUCTION, MEASURED IN LB",LB,"197,000,000"
2015,MONTHLY,APR THRU JUN,TENNESSEE,TN,47,"MILK - PRODUCTION, MEASURED IN LB",LB,"199,000,000"
2015,MONTHLY,JAN THRU MAR,TENNESSEE,TN,47,"MILK - PRODUCTION, MEASURED IN LB",LB,"196,000,000"
2015,MONTHLY,JUL THRU SEP,TENNESSEE,TN,47,"MILK - PRODUCTION, MEASURED IN LB",LB,"172,000,000"
2015,MONTHLY,OCT THRU DEC,TENNESSEE,TN,47,"MILK - PRODUCTION, MEASURED IN LB",LB,"175,000,000"
2015,MONTHLY,APR,TEXAS,TX,48,"MILK - PRODUCTION, MEASURED IN LB",LB,"896,000,000"
2015,MONTHLY,APR THRU JUN,TEXAS,TX,48,"MILK - PRODUCTION, MEASURED IN LB",LB,"2,656,000,000"
2015,MONTHLY,AUG,TEXAS,TX,48,"MILK - PRODUCTION, MEASURED IN LB",LB,"827,000,000"
2015,MONTHLY,DEC,TEXAS,TX,48,"MILK - PRODUCTION, MEASURED IN LB",LB,"853,000,000"
2015,MONTHLY,FEB,TEXAS,TX,48,"MILK - PRODUCTION, MEASURED IN LB",LB,"817,000,000"
2015,MONTHLY,JAN,TEXAS,TX,48,"MILK - PRODUCTION, MEASURED IN LB",LB,"898,000,000"
2015,MONTHLY,JAN THRU MAR,TEXAS,TX,48,"MILK - PRODUCTION, MEASURED IN LB",LB,"2,608,000,000"
2015,MONTHLY,JUL,TEXAS,TX,48,"MILK - PRODUCTION, MEASURED IN LB",LB,"855,000,000"
2015,MONTHLY,JUL THRU SEP,TEXAS,TX,48,"MILK - PRODUCTION, MEASURED IN LB",LB,"2,507,000,000"
2015,MONTHLY,JUN,TEXAS,TX,48,"MILK - PRODUCTION, MEASURED IN LB",LB,"848,000,000"
2015,MONTHLY,MAR,TEXAS,TX,48,"MILK - PRODUCTION, MEASURED IN LB",LB,"893,000,000"
2015,MONTHLY,MAY,TEXAS,TX,48,"MILK - PRODUCTION, MEASURED IN LB",LB,"912,000,000"
2015,MONTHLY,NOV,TEXAS,TX,48,"MILK - PRODUCTION, MEASURED IN LB",LB,"825,000,000"
2015,MONTHLY,OCT,TEXAS,TX,48,"MILK - PRODUCTION, MEASURED IN LB",LB,"852,000,000"
2015,MONTHLY,OCT THRU DEC,TEXAS,TX,48,"MILK - PRODUCTION, MEASURED IN LB",LB,"2,530,000,000"
2015,MONTHLY,SEP,TEXAS,TX,48,"MILK - PRODUCTION, MEASURED IN LB",LB,"825,000,000"
2015,MONTHLY,APR,US TOTAL,US,99,"MILK - PRODUCTION, MEASURED IN LB",LB,"17,795,000,000"
2015,MONTHLY,APR THRU JUN,US TOTAL,US,99,"MILK - PRODUCTION, MEASURED IN LB",LB,"53,739,000,000"
2015,MONTHLY,AUG,US TOTAL,US,99,"MILK - PRODUCTION, MEASURED IN LB",LB,"17,391,000,000"
2015,MONTHLY,DEC,US TOTAL,US,99,"MILK - PRODUCTION, MEASURED IN LB",LB,"17,423,000,000"
2015,MONTHLY,FEB,US TOTAL,US,99,"MILK - PRODUCTION, MEASURED IN LB",LB,"16,169,000,000"
2015,MONTHLY,JAN,US TOTAL,US,99,"MILK - PRODUCTION, MEASURED IN LB",LB,"17,682,000,000"
2015,MONTHLY,JAN THRU MAR,US TOTAL,US,99,"MILK - PRODUCTION, MEASURED IN LB",LB,"51,928,000,000"
2015,MONTHLY,JUL,US TOTAL,US,99,"MILK - PRODUCTION, MEASURED IN LB",LB,"17,659,000,000"
2015,MONTHLY,JUL THRU SEP,US TOTAL,US,99,"MILK - PRODUCTION, MEASURED IN LB",LB,"51,645,000,000"
2015,MONTHLY,JUN,US TOTAL,US,99,"MILK - PRODUCTION, MEASURED IN LB",LB,"17,510,000,000"
2015,MONTHLY,MAR,US TOTAL,US,99,"MILK - PRODUCTION, MEASURED IN LB",LB,"18,077,000,000"
2015,MONTHLY,MAY,US TOTAL,US,99,"MILK - PRODUCTION, MEASURED IN LB",LB,"18,434,000,000"
2015,MONTHLY,NOV,US TOTAL,US,99,"MILK - PRODUCTION, MEASURED IN LB",LB,"16,667,000,000"
2015,MONTHLY,OCT,US TOTAL,US,99,"MILK - PRODUCTION, MEASURED IN LB",LB,"17,106,000,000"
2015,MONTHLY,OCT THRU DEC,US TOTAL,US,99,"MILK - PRODUCTION, MEASURED IN LB",LB,"51,196,000,000"
2015,MONTHLY,SEP,US TOTAL,US,99,"MILK - PRODUCTION, MEASURED IN LB",LB,"16,595,000,000"
2015,MONTHLY,APR,UTAH,UT,49,"MILK - PRODUCTION, MEASURED IN LB",LB,"187,000,000"
2015,MONTHLY,APR THRU JUN,UTAH,UT,49,"MILK - PRODUCTION, MEASURED IN LB",LB,"573,000,000"
2015,MONTHLY,AUG,UTAH,UT,49,"MILK - PRODUCTION, MEASURED IN LB",LB,"191,000,000"
2015,MONTHLY,DEC,UTAH,UT,49,"MILK - PRODUCTION, MEASURED IN LB",LB,"178,000,000"
2015,MONTHLY,FEB,UTAH,UT,49,"MILK - PRODUCTION, MEASURED IN LB",LB,"170,000,000"
2015,MONTHLY,JAN,UTAH,UT,49,"MILK - PRODUCTION, MEASURED IN LB",LB,"189,000,000"
2015,MONTHLY,JAN THRU MAR,UTAH,UT,49,"MILK - PRODUCTION, MEASURED IN LB",LB,"550,000,000"
2015,MONTHLY,JUL,UTAH,UT,49,"MILK - PRODUCTION, MEASURED IN LB",LB,"193,000,000"
2015,MONTHLY,JUL THRU SEP,UTAH,UT,49,"MILK - PRODUCTION, MEASURED IN LB",LB,"564,000,000"
2015,MONTHLY,JUN,UTAH,UT,49,"MILK - PRODUCTION, MEASURED IN LB",LB,"191,000,000"
2015,MONTHLY,MAR,UTAH,UT,49,"MILK - PRODUCTION, MEASURED IN LB",LB,"191,000,000"
2015,MONTHLY,MAY,UTAH,UT,49,"MILK - PRODUCTION, MEASURED IN LB",LB,"195,000,000"
2015,MONTHLY,NOV,UTAH,UT,49,"MILK - PRODUCTION, MEASURED IN LB",LB,"173,000,000"
2015,MONTHLY,OCT,UTAH,UT,49,"MILK - PRODUCTION, MEASURED IN LB",LB,"182,000,000"
2015,MONTHLY,OCT THRU DEC,UTAH,UT,49,"MILK - PRODUCTION, MEASURED IN LB",LB,"533,000,000"
2015,MONTHLY,SEP,UTAH,UT,49,"MILK - PRODUCTION, MEASURED IN LB",LB,"180,000,000"
2015,MONTHLY,APR,VIRGINIA,VA,51,"MILK - PRODUCTION, MEASURED IN LB",LB,"156,000,000"
2015,MONTHLY,APR THRU JUN,VIRGINIA,VA,51,"MILK - PRODUCTION, MEASURED IN LB",LB,"462,000,000"
2015,MONTHLY,AUG,VIRGINIA,VA,51,"MILK - PRODUCTION, MEASURED IN LB",LB,"145,000,000"
2015,MONTHLY,DEC,VIRGINIA,VA,51,"MILK - PRODUCTION, MEASURED IN LB",LB,"147,000,000"
2015,MONTHLY,FEB,VIRGINIA,VA,51,"MILK - PRODUCTION, MEASURED IN LB",LB,"140,000,000"
2015,MONTHLY,JAN,VIRGINIA,VA,51,"MILK - PRODUCTION, MEASURED IN LB",LB,"153,000,000"
2015,MONTHLY,JAN THRU MAR,VIRGINIA,VA,51,"MILK - PRODUCTION, MEASURED IN LB",LB,"448,000,000"
2015,MONTHLY,JUL,VIRGINIA,VA,51,"MILK - PRODUCTION, MEASURED IN LB",LB,"148,000,000"
2015,MONTHLY,JUL THRU SEP,VIRGINIA,VA,51,"MILK - PRODUCTION, MEASURED IN LB",LB,"432,000,000"
2015,MONTHLY,JUN,VIRGINIA,VA,51,"MILK - PRODUCTION, MEASURED IN LB",LB,"147,000,000"
2015,MONTHLY,MAR,VIRGINIA,VA,51,"MILK - PRODUCTION, MEASURED IN LB",LB,"155,000,000"
2015,MONTHLY,MAY,VIRGINIA,VA,51,"MILK - PRODUCTION, MEASURED IN LB",LB,"159,000,000"
2015,MONTHLY,NOV,VIRGINIA,VA,51,"MILK - PRODUCTION, MEASURED IN LB",LB,"139,000,000"
2015,MONTHLY,OCT,VIRGINIA,VA,51,"MILK - PRODUCTION, MEASURED IN LB",LB,"144,000,000"
2015,MONTHLY,OCT THRU DEC,VIRGINIA,VA,51,"MILK - PRODUCTION, MEASURED IN LB",LB,"430,000,000"
2015,MONTHLY,SEP,VIRGINIA,VA,51,"MILK - PRODUCTION, MEASURED IN LB",LB,"139,000,000"
2015,MONTHLY,APR,VERMONT,VT,50,"MILK - PRODUCTION, MEASURED IN LB",LB,"222,000,000"
2015,MONTHLY,APR THRU JUN,VERMONT,VT,50,"MILK - PRODUCTION, MEASURED IN LB",LB,"682,000,000"
2015,MONTHLY,AUG,VERMONT,VT,50,"MILK - PRODUCTION, MEASURED IN LB",LB,"224,000,000"
2015,MONTHLY,DEC,VERMONT,VT,50,"MILK - PRODUCTION, MEASURED IN LB",LB,"226,000,000"
2015,MONTHLY,FEB,VERMONT,VT,50,"MILK - PRODUCTION, MEASURED IN LB",LB,"204,000,000"
2015,MONTHLY,JAN,VERMONT,VT,50,"MILK - PRODUCTION, MEASURED IN LB",LB,"226,000,000"
2015,MONTHLY,JAN THRU MAR,VERMONT,VT,50,"MILK - PRODUCTION, MEASURED IN LB",LB,"657,000,000"
2015,MONTHLY,JUL,VERMONT,VT,50,"MILK - PRODUCTION, MEASURED IN LB",LB,"230,000,000"
2015,MONTHLY,JUL THRU SEP,VERMONT,VT,50,"MILK - PRODUCTION, MEASURED IN LB",LB,"667,000,000"
2015,MONTHLY,JUN,VERMONT,VT,50,"MILK - PRODUCTION, MEASURED IN LB",LB,"226,000,000"
2015,MONTHLY,MAR,VERMONT,VT,50,"MILK - PRODUCTION, MEASURED IN LB",LB,"227,000,000"
2015,MONTHLY,MAY,VERMONT,VT,50,"MILK - PRODUCTION, MEASURED IN LB",LB,"234,000,000"
2015,MONTHLY,NOV,VERMONT,VT,50,"MILK - PRODUCTION, MEASURED IN LB",LB,"215,000,000"
2015,MONTHLY,OCT,VERMONT,VT,50,"MILK - PRODUCTION, MEASURED IN LB",LB,"219,000,000"
2015,MONTHLY,OCT THRU DEC,VERMONT,VT,50,"MILK - PRODUCTION, MEASURED IN LB",LB,"660,000,000"
2015,MONTHLY,SEP,VERMONT,VT,50,"MILK - PRODUCTION, MEASURED IN LB",LB,"213,000,000"
2015,MONTHLY,APR,WASHINGTON,WA,53,"MILK - PRODUCTION, MEASURED IN LB",LB,"560,000,000"
2015,MONTHLY,APR THRU JUN,WASHINGTON,WA,53,"MILK - PRODUCTION, MEASURED IN LB",LB,"1,690,000,000"
2015,MONTHLY,AUG,WASHINGTON,WA,53,"MILK - PRODUCTION, MEASURED IN LB",LB,"566,000,000"
2015,MONTHLY,DEC,WASHINGTON,WA,53,"MILK - PRODUCTION, MEASURED IN LB",LB,"548,000,000"
2015,MONTHLY,FEB,WASHINGTON,WA,53,"MILK - PRODUCTION, MEASURED IN LB",LB,"507,000,000"
2015,MONTHLY,JAN,WASHINGTON,WA,53,"MILK - PRODUCTION, MEASURED IN LB",LB,"555,000,000"
2015,MONTHLY,JAN THRU MAR,WASHINGTON,WA,53,"MILK - PRODUCTION, MEASURED IN LB",LB,"1,631,000,000"
2015,MONTHLY,JUL,WASHINGTON,WA,53,"MILK - PRODUCTION, MEASURED IN LB",LB,"560,000,000"
2015,MONTHLY,JUL THRU SEP,WASHINGTON,WA,53,"MILK - PRODUCTION, MEASURED IN LB",LB,"1,662,000,000"
2015,MONTHLY,JUN,WASHINGTON,WA,53,"MILK - PRODUCTION, MEASURED IN LB",LB,"553,000,000"
2015,MONTHLY,MAR,WASHINGTON,WA,53,"MILK - PRODUCTION, MEASURED IN LB",LB,"569,000,000"
2015,MONTHLY,MAY,WASHINGTON,WA,53,"MILK - PRODUCTION, MEASURED IN LB",LB,"577,000,000"
2015,MONTHLY,NOV,WASHINGTON,WA,53,"MILK - PRODUCTION, MEASURED IN LB",LB,"528,000,000"
2015,MONTHLY,OCT,WASHINGTON,WA,53,"MILK - PRODUCTION, MEASURED IN LB",LB,"547,000,000"
2015,MONTHLY,OCT THRU DEC,WASHINGTON,WA,53,"MILK - PRODUCTION, MEASURED IN LB",LB,"1,623,000,000"
2015,MONTHLY,SEP,WASHINGTON,WA,53,"MILK - PRODUCTION, MEASURED IN LB",LB,"536,000,000"
2015,MONTHLY,APR,WISCONSIN,WI,55,"MILK - PRODUCTION, MEASURED IN LB",LB,"2,396,000,000"
2015,MONTHLY,APR THRU JUN,WISCONSIN,WI,55,"MILK - PRODUCTION, MEASURED IN LB",LB,"7,375,000,000"
2015,MONTHLY,AUG,WISCONSIN,WI,55,"MILK - PRODUCTION, MEASURED IN LB",LB,"2,483,000,000"
2015,MONTHLY,DEC,WISCONSIN,WI,55,"MILK - PRODUCTION, MEASURED IN LB",LB,"2,477,000,000"
2015,MONTHLY,FEB,WISCONSIN,WI,55,"MILK - PRODUCTION, MEASURED IN LB",LB,"2,187,000,000"
2015,MONTHLY,JAN,WISCONSIN,WI,55,"MILK - PRODUCTION, MEASURED IN LB",LB,"2,410,000,000"
2015,MONTHLY,JAN THRU MAR,WISCONSIN,WI,55,"MILK - PRODUCTION, MEASURED IN LB",LB,"7,028,000,000"
2015,MONTHLY,JUL,WISCONSIN,WI,55,"MILK - PRODUCTION, MEASURED IN LB",LB,"2,509,000,000"
2015,MONTHLY,JUL THRU SEP,WISCONSIN,WI,55,"MILK - PRODUCTION, MEASURED IN LB",LB,"7,352,000,000"
2015,MONTHLY,JUN,WISCONSIN,WI,55,"MILK - PRODUCTION, MEASURED IN LB",LB,"2,451,000,000"
2015,MONTHLY,MAR,WISCONSIN,WI,55,"MILK - PRODUCTION, MEASURED IN LB",LB,"2,431,000,000"
2015,MONTHLY,MAY,WISCONSIN,WI,55,"MILK - PRODUCTION, MEASURED IN LB",LB,"2,528,000,000"
2015,MONTHLY,NOV,WISCONSIN,WI,55,"MILK - PRODUCTION, MEASURED IN LB",LB,"2,362,000,000"
2015,MONTHLY,OCT,WISCONSIN,WI,55,"MILK - PRODUCTION, MEASURED IN LB",LB,"2,436,000,000"
2015,MONTHLY,OCT THRU DEC,WISCONSIN,WI,55,"MILK - PRODUCTION, MEASURED IN LB",LB,"7,275,000,000"
2015,MONTHLY,SEP,WISCONSIN,WI,55,"MILK - PRODUCTION, MEASURED IN LB",LB,"2,360,000,000"
2015,MONTHLY,APR THRU JUN,WEST VIRGINIA,WV,54,"MILK - PRODUCTION, MEASURED IN LB",LB,"37,000,000"
2015,MONTHLY,JAN THRU MAR,WEST VIRGINIA,WV,54,"MILK - PRODUCTION, MEASURED IN LB",LB,"36,000,000"
2015,MONTHLY,JUL THRU SEP,WEST VIRGINIA,WV,54,"MILK - PRODUCTION, MEASURED IN LB",LB,"34,000,000"
2015,MONTHLY,OCT THRU DEC,WEST VIRGINIA,WV,54,"MILK - PRODUCTION, MEASURED IN LB",LB,"34,000,000"
2015,MONTHLY,APR THRU JUN,WYOMING,WY,56,"MILK - PRODUCTION, MEASURED IN LB",LB,"34,000,000"
2015,MONTHLY,JAN THRU MAR,WYOMING,WY,56,"MILK - PRODUCTION, MEASURED IN LB",LB,"32,000,000"
2015,MONTHLY,JUL THRU SEP,WYOMING,WY,56,"MILK - PRODUCTION, MEASURED IN LB",LB,"35,000,000"
2015,MONTHLY,OCT THRU DEC,WYOMING,WY,56,"MILK - PRODUCTION, MEASURED IN LB",LB,"34,400,000"
2016,MONTHLY,APR THRU JUN,ALASKA,AK,02,"MILK - PRODUCTION, MEASURED IN LB",LB,"900,000"
2016,MONTHLY,JAN THRU MAR,ALASKA,AK,02,"MILK - PRODUCTION, MEASURED IN LB",LB,"800,000"
2016,MONTHLY,JUL THRU SEP,ALASKA,AK,02,"MILK - PRODUCTION, MEASURED IN LB",LB,"900,000"
2016,MONTHLY,OCT THRU DEC,ALASKA,AK,02,"MILK - PRODUCTION, MEASURED IN LB",LB,"900,000"
2016,MONTHLY,APR THRU JUN,ALABAMA,AL,01,"MILK - PRODUCTION, MEASURED IN LB",LB,"26,000,000"
2016,MONTHLY,JAN THRU MAR,ALABAMA,AL,01,"MILK - PRODUCTION, MEASURED IN LB",LB,"27,000,000"
2016,MONTHLY,JUL THRU SEP,ALABAMA,AL,01,"MILK - PRODUCTION, MEASURED IN LB",LB,"20,000,000"
2016,MONTHLY,OCT THRU DEC,ALABAMA,AL,01,"MILK - PRODUCTION, MEASURED IN LB",LB,"21,000,000"
2016,MONTHLY,APR THRU JUN,ARKANSAS,AR,05,"MILK - PRODUCTION, MEASURED IN LB",LB,"23,000,000"
2016,MONTHLY,JAN THRU MAR,ARKANSAS,AR,05,"MILK - PRODUCTION, MEASURED IN LB",LB,"22,000,000"
2016,MONTHLY,JUL THRU SEP,ARKANSAS,AR,05,"MILK - PRODUCTION, MEASURED IN LB",LB,"18,000,000"
2016,MONTHLY,OCT THRU DEC,ARKANSAS,AR,05,"MILK - PRODUCTION, MEASURED IN LB",LB,"19,000,000"
2016,MONTHLY,APR,ARIZONA,AZ,04,"MILK - PRODUCTION, MEASURED IN LB",LB,"426,000,000"
2016,MONTHLY,APR THRU JUN,ARIZONA,AZ,04,"MILK - PRODUCTION, MEASURED IN LB",LB,"1,257,000,000"
2016,MONTHLY,AUG,ARIZONA,AZ,04,"MILK - PRODUCTION, MEASURED IN LB",LB,"370,000,000"
2016,MONTHLY,DEC,ARIZONA,AZ,04,"MILK - PRODUCTION, MEASURED IN LB",LB,"427,000,000"
2016,MONTHLY,FEB,ARIZONA,AZ,04,"MILK - PRODUCTION, MEASURED IN LB",LB,"413,000,000"
2016,MONTHLY,JAN,ARIZONA,AZ,04,"MILK - PRODUCTION, MEASURED IN LB",LB,"411,000,000"
2016,MONTHLY,JAN THRU MAR,ARIZONA,AZ,04,"MILK - PRODUCTION, MEASURED IN LB",LB,"1,269,000,000"
2016,MONTHLY,JUL,ARIZONA,AZ,04,"MILK - PRODUCTION, MEASURED IN LB",LB,"380,000,000"
2016,MONTHLY,JUL THRU SEP,ARIZONA,AZ,04,"MILK - PRODUCTION, MEASURED IN LB",LB,"1,108,000,000"
2016,MONTHLY,JUN,ARIZONA,AZ,04,"MILK - PRODUCTION, MEASURED IN LB",LB,"398,000,000"
2016,MONTHLY,MAR,ARIZONA,AZ,04,"MILK - PRODUCTION, MEASURED IN LB",LB,"445,000,000"
2016,MONTHLY,MAY,ARIZONA,AZ,04,"MILK - PRODUCTION, MEASURED IN LB",LB,"433,000,000"
2016,MONTHLY,NOV,ARIZONA,AZ,04,"MILK - PRODUCTION, MEASURED IN LB",LB,"396,000,000"
2016,MONTHLY,OCT,ARIZONA,AZ,04,"MILK - PRODUCTION, MEASURED IN LB",LB,"380,000,000"
2016,MONTHLY,OCT THRU DEC,ARIZONA,AZ,04,"MILK - PRODUCTION, MEASURED IN LB",LB,"1,203,000,000"
2016,MONTHLY,SEP,ARIZONA,AZ,04,"MILK - PRODUCTION, MEASURED IN LB",LB,"358,000,000"
2016,MONTHLY,APR,CALIFORNIA,CA,06,"MILK - PRODUCTION, MEASURED IN LB",LB,"3,479,000,000"
2016,MONTHLY,APR THRU JUN,CALIFORNIA,CA,06,"MILK - PRODUCTION, MEASURED IN LB",LB,"10,392,000,000"
2016,MONTHLY,AUG,CALIFORNIA,CA,06,"MILK - PRODUCTION, MEASURED IN LB",LB,"3,289,000,000"
2016,MONTHLY,DEC,CALIFORNIA,CA,06,"MILK - PRODUCTION, MEASURED IN LB",LB,"3,380,000,000"
2016,MONTHLY,FEB,CALIFORNIA,CA,06,"MILK - PRODUCTION, MEASURED IN LB",LB,"3,299,000,000"
2016,MONTHLY,JAN,CALIFORNIA,CA,06,"MILK - PRODUCTION, MEASURED IN LB",LB,"3,432,000,000"
2016,MONTHLY,JAN THRU MAR,CALIFORNIA,CA,06,"MILK - PRODUCTION, MEASURED IN LB",LB,"10,336,000,000"
2016,MONTHLY,JUL,CALIFORNIA,CA,06,"MILK - PRODUCTION, MEASURED IN LB",LB,"3,379,000,000"
2016,MONTHLY,JUL THRU SEP,CALIFORNIA,CA,06,"MILK - PRODUCTION, MEASURED IN LB",LB,"9,841,000,000"
2016,MONTHLY,JUN,CALIFORNIA,CA,06,"MILK - PRODUCTION, MEASURED IN LB",LB,"3,359,000,000"
2016,MONTHLY,MAR,CALIFORNIA,CA,06,"MILK - PRODUCTION, MEASURED IN LB",LB,"3,605,000,000"
2016,MONTHLY,MAY,CALIFORNIA,CA,06,"MILK - PRODUCTION, MEASURED IN LB",LB,"3,554,000,000"
2016,MONTHLY,NOV,CALIFORNIA,CA,06,"MILK - PRODUCTION, MEASURED IN LB",LB,"3,215,000,000"
2016,MONTHLY,OCT,CALIFORNIA,CA,06,"MILK - PRODUCTION, MEASURED IN LB",LB,"3,305,000,000"
2016,MONTHLY,OCT THRU DEC,CALIFORNIA,CA,06,"MILK - PRODUCTION, MEASURED IN LB",LB,"9,900,000,000"
2016,MONTHLY,SEP,CALIFORNIA,CA,06,"MILK - PRODUCTION, MEASURED IN LB",LB,"3,173,000,000"
2016,MONTHLY,APR,COLORADO,CO,08,"MILK - PRODUCTION, MEASURED IN LB",LB,"321,000,000"
2016,MONTHLY,APR THRU JUN,COLORADO,CO,08,"MILK - PRODUCTION, MEASURED IN LB",LB,"970,000,000"
2016,MONTHLY,AUG,COLORADO,CO,08,"MILK - PRODUCTION, MEASURED IN LB",LB,"340,000,000"
2016,MONTHLY,DEC,COLORADO,CO,08,"MILK - PRODUCTION, MEASURED IN LB",LB,"338,000,000"
2016,MONTHLY,FEB,COLORADO,CO,08,"MILK - PRODUCTION, MEASURED IN LB",LB,"303,000,000"
2016,MONTHLY,JAN,COLORADO,CO,08,"MILK - PRODUCTION, MEASURED IN LB",LB,"320,000,000"
2016,MONTHLY,JAN THRU MAR,COLORADO,CO,08,"MILK - PRODUCTION, MEASURED IN LB",LB,"953,000,000"
2016,MONTHLY,JUL,COLORADO,CO,08,"MILK - PRODUCTION, MEASURED IN LB",LB,"339,000,000"
2016,MONTHLY,JUL THRU SEP,COLORADO,CO,08,"MILK - PRODUCTION, MEASURED IN LB",LB,"1,003,000,000"
2016,MONTHLY,JUN,COLORADO,CO,08,"MILK - PRODUCTION, MEASURED IN LB",LB,"321,000,000"
2016,MONTHLY,MAR,COLORADO,CO,08,"MILK - PRODUCTION, MEASURED IN LB",LB,"330,000,000"
2016,MONTHLY,MAY,COLORADO,CO,08,"MILK - PRODUCTION, MEASURED IN LB",LB,"328,000,000"
2016,MONTHLY,NOV,COLORADO,CO,08,"MILK - PRODUCTION, MEASURED IN LB",LB,"328,000,000"
2016,MONTHLY,OCT,COLORADO,CO,08,"MILK - PRODUCTION, MEASURED IN LB",LB,"333,000,000"
2016,MONTHLY,OCT THRU DEC,COLORADO,CO,08,"MILK - PRODUCTION, MEASURED IN LB",LB,"999,000,000"
2016,MONTHLY,SEP,COLORADO,CO,08,"MILK - PRODUCTION, MEASURED IN LB",LB,"324,000,000"
2016,MONTHLY,APR THRU JUN,CONNECTICUT,CT,09,"MILK - PRODUCTION, MEASURED IN LB",LB,"105,000,000"
2016,MONTHLY,JAN THRU MAR,CONNECTICUT,CT,09,"MILK - PRODUCTION, MEASURED IN LB",LB,"104,000,000"
2016,MONTHLY,JUL THRU SEP,CONNECTICUT,CT,09,"MILK - PRODUCTION, MEASURED IN LB",LB,"100,000,000"
2016,MONTHLY,OCT THRU DEC,CONNECTICUT,CT,09,"MILK - PRODUCTION, MEASURED IN LB",LB,"100,000,000"
2016,MONTHLY,APR THRU JUN,DELAWARE,DE,10,"MILK - PRODUCTION, MEASURED IN LB",LB,"25,700,000"
2016,MONTHLY,JAN THRU MAR,DELAWARE,DE,10,"MILK - PRODUCTION, MEASURED IN LB",LB,"26,000,000"
2016,MONTHLY,JUL THRU SEP,DELAWARE,DE,10,"MILK - PRODUCTION, MEASURED IN LB",LB,"21,700,000"
2016,MONTHLY,OCT THRU DEC,DELAWARE,DE,10,"MILK - PRODUCTION, MEASURED IN LB",LB,"22,100,000"
2016,MONTHLY,APR,FLORIDA,FL,12,"MILK - PRODUCTION, MEASURED IN LB",LB,"230,000,000"
2016,MONTHLY,APR THRU JUN,FLORIDA,FL,12,"MILK - PRODUCTION, MEASURED IN LB",LB,"672,000,000"
2016,MONTHLY,AUG,FLORIDA,FL,12,"MILK - PRODUCTION, MEASURED IN LB",LB,"190,000,000"
2016,MONTHLY,DEC,FLORIDA,FL,12,"MILK - PRODUCTION, MEASURED IN LB",LB,"210,000,000"
2016,MONTHLY,FEB,FLORIDA,FL,12,"MILK - PRODUCTION, MEASURED IN LB",LB,"216,000,000"
2016,MONTHLY,JAN,FLORIDA,FL,12,"MILK - PRODUCTION, MEASURED IN LB",LB,"228,000,000"
2016,MONTHLY,JAN THRU MAR,FLORIDA,FL,12,"MILK - PRODUCTION, MEASURED IN LB",LB,"681,000,000"
2016,MONTHLY,JUL,FLORIDA,FL,12,"MILK - PRODUCTION, MEASURED IN LB",LB,"199,000,000"
2016,MONTHLY,JUL THRU SEP,FLORIDA,FL,12,"MILK - PRODUCTION, MEASURED IN LB",LB,"563,000,000"
2016,MONTHLY,JUN,FLORIDA,FL,12,"MILK - PRODUCTION, MEASURED IN LB",LB,"212,000,000"
2016,MONTHLY,MAR,FLORIDA,FL,12,"MILK - PRODUCTION, MEASURED IN LB",LB,"237,000,000"
2016,MONTHLY,MAY,FLORIDA,FL,12,"MILK - PRODUCTION, MEASURED IN LB",LB,"230,000,000"
2016,MONTHLY,NOV,FLORIDA,FL,12,"MILK - PRODUCTION, MEASURED IN LB",LB,"193,000,000"
2016,MONTHLY,OCT,FLORIDA,FL,12,"MILK - PRODUCTION, MEASURED IN LB",LB,"177,000,000"
2016,MONTHLY,OCT THRU DEC,FLORIDA,FL,12,"MILK - PRODUCTION, MEASURED IN LB",LB,"580,000,000"
2016,MONTHLY,SEP,FLORIDA,FL,12,"MILK - PRODUCTION, MEASURED IN LB",LB,"174,000,000"
2016,MONTHLY,APR THRU JUN,GEORGIA,GA,13,"MILK - PRODUCTION, MEASURED IN LB",LB,"483,000,000"
2016,MONTHLY,JAN THRU MAR,GEORGIA,GA,13,"MILK - PRODUCTION, MEASURED IN LB",LB,"493,000,000"
2016,MONTHLY,JUL THRU SEP,GEORGIA,GA,13,"MILK - PRODUCTION, MEASURED IN LB",LB,"415,000,000"
2016,MONTHLY,OCT THRU DEC,GEORGIA,GA,13,"MILK - PRODUCTION, MEASURED IN LB",LB,"439,000,000"
2016,MONTHLY,APR THRU JUN,HAWAII,HI,15,"MILK - PRODUCTION, MEASURED IN LB",LB,"9,700,000"
2016,MONTHLY,JAN THRU MAR,HAWAII,HI,15,"MILK - PRODUCTION, MEASURED IN LB",LB,"8,500,000"
2016,MONTHLY,JUL THRU SEP,HAWAII,HI,15,"MILK - PRODUCTION, MEASURED IN LB",LB,"8,300,000"
2016,MONTHLY,OCT THRU DEC,HAWAII,HI,15,"MILK - PRODUCTION, MEASURED IN LB",LB,"8,400,000"
2016,MONTHLY,APR,IOWA,IA,19,"MILK - PRODUCTION, MEASURED IN LB",LB,"422,000,000"
2016,MONTHLY,APR THRU JUN,IOWA,IA,19,"MILK - PRODUCTION, MEASURED IN LB",LB,"1,283,000,000"
2016,MONTHLY,AUG,IOWA,IA,19,"MILK - PRODUCTION, MEASURED IN LB",LB,"422,000,000"
2016,MONTHLY,DEC,IOWA,IA,19,"MILK - PRODUCTION, MEASURED IN LB",LB,"426,000,000"
2016,MONTHLY,FEB,IOWA,IA,19,"MILK - PRODUCTION, MEASURED IN LB",LB,"395,000,000"
2016,MONTHLY,JAN,IOWA,IA,19,"MILK - PRODUCTION, MEASURED IN LB",LB,"417,000,000"
2016,MONTHLY,JAN THRU MAR,IOWA,IA,19,"MILK - PRODUCTION, MEASURED IN LB",LB,"1,246,000,000"
2016,MONTHLY,JUL,IOWA,IA,19,"MILK - PRODUCTION, MEASURED IN LB",LB,"425,000,000"
2016,MONTHLY,JUL THRU SEP,IOWA,IA,19,"MILK - PRODUCTION, MEASURED IN LB",LB,"1,249,000,000"
2016,MONTHLY,JUN,IOWA,IA,19,"MILK - PRODUCTION, MEASURED IN LB",LB,"419,000,000"
2016,MONTHLY,MAR,IOWA,IA,19,"MILK - PRODUCTION, MEASURED IN LB",LB,"434,000,000"
2016,MONTHLY,MAY,IOWA,IA,19,"MILK - PRODUCTION, MEASURED IN LB",LB,"442,000,000"
2016,MONTHLY,NOV,IOWA,IA,19,"MILK - PRODUCTION, MEASURED IN LB",LB,"410,000,000"
2016,MONTHLY,OCT,IOWA,IA,19,"MILK - PRODUCTION, MEASURED IN LB",LB,"420,000,000"
2016,MONTHLY,OCT THRU DEC,IOWA,IA,19,"MILK - PRODUCTION, MEASURED IN LB",LB,"1,256,000,000"
2016,MONTHLY,SEP,IOWA,IA,19,"MILK - PRODUCTION, MEASURED IN LB",LB,"402,000,000"
2016,MONTHLY,APR,IDAHO,ID,16,"MILK - PRODUCTION, MEASURED IN LB",LB,"1,197,000,000"
2016,MONTHLY,APR THRU JUN,IDAHO,ID,16,"MILK - PRODUCTION, MEASURED IN LB",LB,"3,696,000,000"
2016,MONTHLY,AUG,IDAHO,ID,16,"MILK - PRODUCTION, MEASURED IN LB",LB,"1,291,000,000"
2016,MONTHLY,DEC,IDAHO,ID,16,"MILK - PRODUCTION, MEASURED IN LB",LB,"1,209,000,000"
2016,MONTHLY,FEB,IDAHO,ID,16,"MILK - PRODUCTION, MEASURED IN LB",LB,"1,125,000,000"
2016,MONTHLY,JAN,IDAHO,ID,16,"MILK - PRODUCTION, MEASURED IN LB",LB,"1,179,000,000"
2016,MONTHLY,JAN THRU MAR,IDAHO,ID,16,"MILK - PRODUCTION, MEASURED IN LB",LB,"3,530,000,000"
2016,MONTHLY,JUL,IDAHO,ID,16,"MILK - PRODUCTION, MEASURED IN LB",LB,"1,297,000,000"
2016,MONTHLY,JUL THRU SEP,IDAHO,ID,16,"MILK - PRODUCTION, MEASURED IN LB",LB,"3,813,000,000"
2016,MONTHLY,JUN,IDAHO,ID,16,"MILK - PRODUCTION, MEASURED IN LB",LB,"1,241,000,000"
2016,MONTHLY,MAR,IDAHO,ID,16,"MILK - PRODUCTION, MEASURED IN LB",LB,"1,226,000,000"
2016,MONTHLY,MAY,IDAHO,ID,16,"MILK - PRODUCTION, MEASURED IN LB",LB,"1,258,000,000"
2016,MONTHLY,NOV,IDAHO,ID,16,"MILK - PRODUCTION, MEASURED IN LB",LB,"1,180,000,000"
2016,MONTHLY,OCT,IDAHO,ID,16,"MILK - PRODUCTION, MEASURED IN LB",LB,"1,237,000,000"
2016,MONTHLY,OCT THRU DEC,IDAHO,ID,16,"MILK - PRODUCTION, MEASURED IN LB",LB,"3,626,000,000"
2016,MONTHLY,SEP,IDAHO,ID,16,"MILK - PRODUCTION, MEASURED IN LB",LB,"1,225,000,000"
2016,MONTHLY,APR,ILLINOIS,IL,17,"MILK - PRODUCTION, MEASURED IN LB",LB,"167,000,000"
2016,MONTHLY,APR THRU JUN,ILLINOIS,IL,17,"MILK - PRODUCTION, MEASURED IN LB",LB,"498,000,000"
2016,MONTHLY,AUG,ILLINOIS,IL,17,"MILK - PRODUCTION, MEASURED IN LB",LB,"152,000,000"
2016,MONTHLY,DEC,ILLINOIS,IL,17,"MILK - PRODUCTION, MEASURED IN LB",LB,"161,000,000"
2016,MONTHLY,FEB,ILLINOIS,IL,17,"MILK - PRODUCTION, MEASURED IN LB",LB,"156,000,000"
2016,MONTHLY,JAN,ILLINOIS,IL,17,"MILK - PRODUCTION, MEASURED IN LB",LB,"164,000,000"
2016,MONTHLY,JAN THRU MAR,ILLINOIS,IL,17,"MILK - PRODUCTION, MEASURED IN LB",LB,"492,000,000"
2016,MONTHLY,JUL,ILLINOIS,IL,17,"MILK - PRODUCTION, MEASURED IN LB",LB,"156,000,000"
2016,MONTHLY,JUL THRU SEP,ILLINOIS,IL,17,"MILK - PRODUCTION, MEASURED IN LB",LB,"457,000,000"
2016,MONTHLY,JUN,ILLINOIS,IL,17,"MILK - PRODUCTION, MEASURED IN LB",LB,"160,000,000"
2016,MONTHLY,MAR,ILLINOIS,IL,17,"MILK - PRODUCTION, MEASURED IN LB",LB,"172,000,000"
2016,MONTHLY,MAY,ILLINOIS,IL,17,"MILK - PRODUCTION, MEASURED IN LB",LB,"171,000,000"
2016,MONTHLY,NOV,ILLINOIS,IL,17,"MILK - PRODUCTION, MEASURED IN LB",LB,"152,000,000"
2016,MONTHLY,OCT,ILLINOIS,IL,17,"MILK - PRODUCTION, MEASURED IN LB",LB,"152,000,000"
2016,MONTHLY,OCT THRU DEC,ILLINOIS,IL,17,"MILK - PRODUCTION, MEASURED IN LB",LB,"465,000,000"
2016,MONTHLY,SEP,ILLINOIS,IL,17,"MILK - PRODUCTION, MEASURED IN LB",LB,"149,000,000"
2016,MONTHLY,APR,INDIANA,IN,18,"MILK - PRODUCTION, MEASURED IN LB",LB,"353,000,000"
2016,MONTHLY,APR THRU JUN,INDIANA,IN,18,"MILK - PRODUCTION, MEASURED IN LB",LB,"1,048,000,000"
2016,MONTHLY,AUG,INDIANA,IN,18,"MILK - PRODUCTION, MEASURED IN LB",LB,"344,000,000"
2016,MONTHLY,DEC,INDIANA,IN,18,"MILK - PRODUCTION, MEASURED IN LB",LB,"354,000,000"
2016,MONTHLY,FEB,INDIANA,IN,18,"MILK - PRODUCTION, MEASURED IN LB",LB,"329,000,000"
2016,MONTHLY,JAN,INDIANA,IN,18,"MILK - PRODUCTION, MEASURED IN LB",LB,"345,000,000"
2016,MONTHLY,JAN THRU MAR,INDIANA,IN,18,"MILK - PRODUCTION, MEASURED IN LB",LB,"1,035,000,000"
2016,MONTHLY,JUL,INDIANA,IN,18,"MILK - PRODUCTION, MEASURED IN LB",LB,"344,000,000"
2016,MONTHLY,JUL THRU SEP,INDIANA,IN,18,"MILK - PRODUCTION, MEASURED IN LB",LB,"1,020,000,000"
2016,MONTHLY,JUN,INDIANA,IN,18,"MILK - PRODUCTION, MEASURED IN LB",LB,"337,000,000"
2016,MONTHLY,MAR,INDIANA,IN,18,"MILK - PRODUCTION, MEASURED IN LB",LB,"361,000,000"
2016,MONTHLY,MAY,INDIANA,IN,18,"MILK - PRODUCTION, MEASURED IN LB",LB,"358,000,000"
2016,MONTHLY,NOV,INDIANA,IN,18,"MILK - PRODUCTION, MEASURED IN LB",LB,"342,000,000"
2016,MONTHLY,OCT,INDIANA,IN,18,"MILK - PRODUCTION, MEASURED IN LB",LB,"346,000,000"
2016,MONTHLY,OCT THRU DEC,INDIANA,IN,18,"MILK - PRODUCTION, MEASURED IN LB",LB,"1,042,000,000"
2016,MONTHLY,SEP,INDIANA,IN,18,"MILK - PRODUCTION, MEASURED IN LB",LB,"332,000,000"
2016,MONTHLY,APR,KANSAS,KS,20,"MILK - PRODUCTION, MEASURED IN LB",LB,"279,000,000"
2016,MONTHLY,APR THRU JUN,KANSAS,KS,20,"MILK - PRODUCTION, MEASURED IN LB",LB,"834,000,000"
2016,MONTHLY,AUG,KANSAS,KS,20,"MILK - PRODUCTION, MEASURED IN LB",LB,"278,000,000"
2016,MONTHLY,DEC,KANSAS,KS,20,"MILK - PRODUCTION, MEASURED IN LB",LB,"289,000,000"
2016,MONTHLY,FEB,KANSAS,KS,20,"MILK - PRODUCTION, MEASURED IN LB",LB,"262,000,000"
2016,MONTHLY,JAN,KANSAS,KS,20,"MILK - PRODUCTION, MEASURED IN LB",LB,"271,000,000"
2016,MONTHLY,JAN THRU MAR,KANSAS,KS,20,"MILK - PRODUCTION, MEASURED IN LB",LB,"820,000,000"
2016,MONTHLY,JUL,KANSAS,KS,20,"MILK - PRODUCTION, MEASURED IN LB",LB,"273,000,000"
2016,MONTHLY,JUL THRU SEP,KANSAS,KS,20,"MILK - PRODUCTION, MEASURED IN LB",LB,"821,000,000"
2016,MONTHLY,JUN,KANSAS,KS,20,"MILK - PRODUCTION, MEASURED IN LB",LB,"269,000,000"
2016,MONTHLY,MAR,KANSAS,KS,20,"MILK - PRODUCTION, MEASURED IN LB",LB,"287,000,000"
2016,MONTHLY,MAY,KANSAS,KS,20,"MILK - PRODUCTION, MEASURED IN LB",LB,"286,000,000"
2016,MONTHLY,NOV,KANSAS,KS,20,"MILK - PRODUCTION, MEASURED IN LB",LB,"282,000,000"
2016,MONTHLY,OCT,KANSAS,KS,20,"MILK - PRODUCTION, MEASURED IN LB",LB,"283,000,000"
2016,MONTHLY,OCT THRU DEC,KANSAS,KS,20,"MILK - PRODUCTION, MEASURED IN LB",LB,"854,000,000"
2016,MONTHLY,SEP,KANSAS,KS,20,"MILK - PRODUCTION, MEASURED IN LB",LB,"270,000,000"
2016,MONTHLY,APR THRU JUN,KENTUCKY,KY,21,"MILK - PRODUCTION, MEASURED IN LB",LB,"284,000,000"
2016,MONTHLY,JAN THRU MAR,KENTUCKY,KY,21,"MILK - PRODUCTION, MEASURED IN LB",LB,"278,000,000"
2016,MONTHLY,JUL THRU SEP,KENTUCKY,KY,21,"MILK - PRODUCTION, MEASURED IN LB",LB,"234,000,000"
2016,MONTHLY,OCT THRU DEC,KENTUCKY,KY,21,"MILK - PRODUCTION, MEASURED IN LB",LB,"251,000,000"
2016,MONTHLY,APR THRU JUN,LOUISIANA,LA,22,"MILK - PRODUCTION, MEASURED IN LB",LB,"49,000,000"
2016,MONTHLY,JAN THRU MAR,LOUISIANA,LA,22,"MILK - PRODUCTION, MEASURED IN LB",LB,"53,000,000"
2016,MONTHLY,JUL THRU SEP,LOUISIANA,LA,22,"MILK - PRODUCTION, MEASURED IN LB",LB,"33,000,000"
2016,MONTHLY,OCT THRU DEC,LOUISIANA,LA,22,"MILK - PRODUCTION, MEASURED IN LB",LB,"35,000,000"
2016,MONTHLY,APR THRU JUN,MASSACHUSETTS,MA,25,"MILK - PRODUCTION, MEASURED IN LB",LB,"57,000,000"
2016,MONTHLY,JAN THRU MAR,MASSACHUSETTS,MA,25,"MILK - PRODUCTION, MEASURED IN LB",LB,"56,000,000"
2016,MONTHLY,JUL THRU SEP,MASSACHUSETTS,MA,25,"MILK - PRODUCTION, MEASURED IN LB",LB,"54,000,000"
2016,MONTHLY,OCT THRU DEC,MASSACHUSETTS,MA,25,"MILK - PRODUCTION, MEASURED IN LB",LB,"54,000,000"
2016,MONTHLY,APR THRU JUN,MARYLAND,MD,24,"MILK - PRODUCTION, MEASURED IN LB",LB,"248,000,000"
2016,MONTHLY,JAN THRU MAR,MARYLAND,MD,24,"MILK - PRODUCTION, MEASURED IN LB",LB,"248,000,000"
2016,MONTHLY,JUL THRU SEP,MARYLAND,MD,24,"MILK - PRODUCTION, MEASURED IN LB",LB,"230,000,000"
2016,MONTHLY,OCT THRU DEC,MARYLAND,MD,24,"MILK - PRODUCTION, MEASURED IN LB",LB,"235,000,000"
2016,MONTHLY,APR THRU JUN,MAINE,ME,23,"MILK - PRODUCTION, MEASURED IN LB",LB,"163,000,000"
2016,MONTHLY,JAN THRU MAR,MAINE,ME,23,"MILK - PRODUCTION, MEASURED IN LB",LB,"155,000,000"
2016,MONTHLY,JUL THRU SEP,MAINE,ME,23,"MILK - PRODUCTION, MEASURED IN LB",LB,"158,000,000"
2016,MONTHLY,OCT THRU DEC,MAINE,ME,23,"MILK - PRODUCTION, MEASURED IN LB",LB,"154,000,000"
2016,MONTHLY,APR,MICHIGAN,MI,26,"MILK - PRODUCTION, MEASURED IN LB",LB,"903,000,000"
2016,MONTHLY,APR THRU JUN,MICHIGAN,MI,26,"MILK - PRODUCTION, MEASURED IN LB",LB,"2,780,000,000"
2016,MONTHLY,AUG,MICHIGAN,MI,26,"MILK - PRODUCTION, MEASURED IN LB",LB,"920,000,000"
2016,MONTHLY,DEC,MICHIGAN,MI,26,"MILK - PRODUCTION, MEASURED IN LB",LB,"910,000,000"
2016,MONTHLY,FEB,MICHIGAN,MI,26,"MILK - PRODUCTION, MEASURED IN LB",LB,"849,000,000"
2016,MONTHLY,JAN,MICHIGAN,MI,26,"MILK - PRODUCTION, MEASURED IN LB",LB,"896,000,000"
2016,MONTHLY,JAN THRU MAR,MICHIGAN,MI,26,"MILK - PRODUCTION, MEASURED IN LB",LB,"2,669,000,000"
2016,MONTHLY,JUL,MICHIGAN,MI,26,"MILK - PRODUCTION, MEASURED IN LB",LB,"932,000,000"
2016,MONTHLY,JUL THRU SEP,MICHIGAN,MI,26,"MILK - PRODUCTION, MEASURED IN LB",LB,"2,732,000,000"
2016,MONTHLY,JUN,MICHIGAN,MI,26,"MILK - PRODUCTION, MEASURED IN LB",LB,"922,000,000"
2016,MONTHLY,MAR,MICHIGAN,MI,26,"MILK - PRODUCTION, MEASURED IN LB",LB,"924,000,000"
2016,MONTHLY,MAY,MICHIGAN,MI,26,"MILK - PRODUCTION, MEASURED IN LB",LB,"955,000,000"
2016,MONTHLY,NOV,MICHIGAN,MI,26,"MILK - PRODUCTION, MEASURED IN LB",LB,"882,000,000"
2016,MONTHLY,OCT,MICHIGAN,MI,26,"MILK - PRODUCTION, MEASURED IN LB",LB,"903,000,000"
2016,MONTHLY,OCT THRU DEC,MICHIGAN,MI,26,"MILK - PRODUCTION, MEASURED IN LB",LB,"2,695,000,000"
2016,MONTHLY,SEP,MICHIGAN,MI,26,"MILK - PRODUCTION, MEASURED IN LB",LB,"880,000,000"
2016,MONTHLY,APR,MINNESOTA,MN,27,"MILK - PRODUCTION, MEASURED IN LB",LB,"810,000,000"
2016,MONTHLY,APR THRU JUN,MINNESOTA,MN,27,"MILK - PRODUCTION, MEASURED IN LB",LB,"2,467,000,000"
2016,MONTHLY,AUG,MINNESOTA,MN,27,"MILK - PRODUCTION, MEASURED IN LB",LB,"806,000,000"
2016,MONTHLY,DEC,MINNESOTA,MN,27,"MILK - PRODUCTION, MEASURED IN LB",LB,"816,000,000"
2016,MONTHLY,FEB,MINNESOTA,MN,27,"MILK - PRODUCTION, MEASURED IN LB",LB,"773,000,000"
2016,MONTHLY,JAN,MINNESOTA,MN,27,"MILK - PRODUCTION, MEASURED IN LB",LB,"814,000,000"
2016,MONTHLY,JAN THRU MAR,MINNESOTA,MN,27,"MILK - PRODUCTION, MEASURED IN LB",LB,"2,420,000,000"
2016,MONTHLY,JUL,MINNESOTA,MN,27,"MILK - PRODUCTION, MEASURED IN LB",LB,"815,000,000"
2016,MONTHLY,JUL THRU SEP,MINNESOTA,MN,27,"MILK - PRODUCTION, MEASURED IN LB",LB,"2,391,000,000"
2016,MONTHLY,JUN,MINNESOTA,MN,27,"MILK - PRODUCTION, MEASURED IN LB",LB,"811,000,000"
2016,MONTHLY,MAR,MINNESOTA,MN,27,"MILK - PRODUCTION, MEASURED IN LB",LB,"833,000,000"
2016,MONTHLY,MAY,MINNESOTA,MN,27,"MILK - PRODUCTION, MEASURED IN LB",LB,"846,000,000"
2016,MONTHLY,NOV,MINNESOTA,MN,27,"MILK - PRODUCTION, MEASURED IN LB",LB,"779,000,000"
2016,MONTHLY,OCT,MINNESOTA,MN,27,"MILK - PRODUCTION, MEASURED IN LB",LB,"793,000,000"
2016,MONTHLY,OCT THRU DEC,MINNESOTA,MN,27,"MILK - PRODUCTION, MEASURED IN LB",LB,"2,388,000,000"
2016,MONTHLY,SEP,MINNESOTA,MN,27,"MILK - PRODUCTION, MEASURED IN LB",LB,"770,000,000"
2016,MONTHLY,APR THRU JUN,MISSOURI,MO,29,"MILK - PRODUCTION, MEASURED IN LB",LB,"356,000,000"
2016,MONTHLY,JAN THRU MAR,MISSOURI,MO,29,"MILK - PRODUCTION, MEASURED IN LB",LB,"322,000,000"
2016,MONTHLY,JUL THRU SEP,MISSOURI,MO,29,"MILK - PRODUCTION, MEASURED IN LB",LB,"291,000,000"
2016,MONTHLY,OCT THRU DEC,MISSOURI,MO,29,"MILK - PRODUCTION, MEASURED IN LB",LB,"293,000,000"
2016,MONTHLY,APR THRU JUN,MISSISSIPPI,MS,28,"MILK - PRODUCTION, MEASURED IN LB",LB,"40,000,000"
2016,MONTHLY,JAN THRU MAR,MISSISSIPPI,MS,28,"MILK - PRODUCTION, MEASURED IN LB",LB,"42,000,000"
2016,MONTHLY,JUL THRU SEP,MISSISSIPPI,MS,28,"MILK - PRODUCTION, MEASURED IN LB",LB,"29,000,000"
2016,MONTHLY,OCT THRU DEC,MISSISSIPPI,MS,28,"MILK - PRODUCTION, MEASURED IN LB",LB,"32,000,000"
2016,MONTHLY,APR THRU JUN,MONTANA,MT,30,"MILK - PRODUCTION, MEASURED IN LB",LB,"75,000,000"
2016,MONTHLY,JAN THRU MAR,MONTANA,MT,30,"MILK - PRODUCTION, MEASURED IN LB",LB,"74,000,000"
2016,MONTHLY,JUL THRU SEP,MONTANA,MT,30,"MILK - PRODUCTION, MEASURED IN LB",LB,"74,000,000"
2016,MONTHLY,OCT THRU DEC,MONTANA,MT,30,"MILK - PRODUCTION, MEASURED IN LB",LB,"72,000,000"
2016,MONTHLY,APR THRU JUN,NORTH CAROLINA,NC,37,"MILK - PRODUCTION, MEASURED IN LB",LB,"252,000,000"
2016,MONTHLY,JAN THRU MAR,NORTH CAROLINA,NC,37,"MILK - PRODUCTION, MEASURED IN LB",LB,"253,000,000"
2016,MONTHLY,JUL THRU SEP,NORTH CAROLINA,NC,37,"MILK - PRODUCTION, MEASURED IN LB",LB,"227,000,000"
2016,MONTHLY,OCT THRU DEC,NORTH CAROLINA,NC,37,"MILK - PRODUCTION, MEASURED IN LB",LB,"233,000,000"
2016,MONTHLY,APR THRU JUN,NORTH DAKOTA,ND,38,"MILK - PRODUCTION, MEASURED IN LB",LB,"88,000,000"
2016,MONTHLY,JAN THRU MAR,NORTH DAKOTA,ND,38,"MILK - PRODUCTION, MEASURED IN LB",LB,"83,000,000"
2016,MONTHLY,JUL THRU SEP,NORTH DAKOTA,ND,38,"MILK - PRODUCTION, MEASURED IN LB",LB,"87,000,000"
2016,MONTHLY,OCT THRU DEC,NORTH DAKOTA,ND,38,"MILK - PRODUCTION, MEASURED IN LB",LB,"86,000,000"
2016,MONTHLY,APR THRU JUN,NEBRASKA,NE,31,"MILK - PRODUCTION, MEASURED IN LB",LB,"351,000,000"
2016,MONTHLY,JAN THRU MAR,NEBRASKA,NE,31,"MILK - PRODUCTION, MEASURED IN LB",LB,"351,000,000"
2016,MONTHLY,JUL THRU SEP,NEBRASKA,NE,31,"MILK - PRODUCTION, MEASURED IN LB",LB,"346,000,000"
2016,MONTHLY,OCT THRU DEC,NEBRASKA,NE,31,"MILK - PRODUCTION, MEASURED IN LB",LB,"351,000,000"
2016,MONTHLY,APR THRU JUN,NEW HAMPSHIRE,NH,33,"MILK - PRODUCTION, MEASURED IN LB",LB,"74,000,000"
2016,MONTHLY,JAN THRU MAR,NEW HAMPSHIRE,NH,33,"MILK - PRODUCTION, MEASURED IN LB",LB,"72,000,000"
2016,MONTHLY,JUL THRU SEP,NEW HAMPSHIRE,NH,33,"MILK - PRODUCTION, MEASURED IN LB",LB,"71,000,000"
2016,MONTHLY,OCT THRU DEC,NEW HAMPSHIRE,NH,33,"MILK - PRODUCTION, MEASURED IN LB",LB,"70,000,000"
2016,MONTHLY,APR THRU JUN,NEW JERSEY,NJ,34,"MILK - PRODUCTION, MEASURED IN LB",LB,"32,000,000"
2016,MONTHLY,JAN THRU MAR,NEW JERSEY,NJ,34,"MILK - PRODUCTION, MEASURED IN LB",LB,"31,000,000"
2016,MONTHLY,JUL THRU SEP,NEW JERSEY,NJ,34,"MILK - PRODUCTION, MEASURED IN LB",LB,"29,000,000"
2016,MONTHLY,OCT THRU DEC,NEW JERSEY,NJ,34,"MILK - PRODUCTION, MEASURED IN LB",LB,"30,000,000"
2016,MONTHLY,APR,NEW MEXICO,NM,35,"MILK - PRODUCTION, MEASURED IN LB",LB,"656,000,000"
2016,MONTHLY,APR THRU JUN,NEW MEXICO,NM,35,"MILK - PRODUCTION, MEASURED IN LB",LB,"1,970,000,000"
2016,MONTHLY,AUG,NEW MEXICO,NM,35,"MILK - PRODUCTION, MEASURED IN LB",LB,"661,000,000"
2016,MONTHLY,DEC,NEW MEXICO,NM,35,"MILK - PRODUCTION, MEASURED IN LB",LB,"668,000,000"
2016,MONTHLY,FEB,NEW MEXICO,NM,35,"MILK - PRODUCTION, MEASURED IN LB",LB,"591,000,000"
2016,MONTHLY,JAN,NEW MEXICO,NM,35,"MILK - PRODUCTION, MEASURED IN LB",LB,"589,000,000"
2016,MONTHLY,JAN THRU MAR,NEW MEXICO,NM,35,"MILK - PRODUCTION, MEASURED IN LB",LB,"1,846,000,000"
2016,MONTHLY,JUL,NEW MEXICO,NM,35,"MILK - PRODUCTION, MEASURED IN LB",LB,"651,000,000"
2016,MONTHLY,JUL THRU SEP,NEW MEXICO,NM,35,"MILK - PRODUCTION, MEASURED IN LB",LB,"1,937,000,000"
2016,MONTHLY,JUN,NEW MEXICO,NM,35,"MILK - PRODUCTION, MEASURED IN LB",LB,"634,000,000"
2016,MONTHLY,MAR,NEW MEXICO,NM,35,"MILK - PRODUCTION, MEASURED IN LB",LB,"666,000,000"
2016,MONTHLY,MAY,NEW MEXICO,NM,35,"MILK - PRODUCTION, MEASURED IN LB",LB,"680,000,000"
2016,MONTHLY,NOV,NEW MEXICO,NM,35,"MILK - PRODUCTION, MEASURED IN LB",LB,"640,000,000"
2016,MONTHLY,OCT,NEW MEXICO,NM,35,"MILK - PRODUCTION, MEASURED IN LB",LB,"650,000,000"
2016,MONTHLY,OCT THRU DEC,NEW MEXICO,NM,35,"MILK - PRODUCTION, MEASURED IN LB",LB,"1,958,000,000"
2016,MONTHLY,SEP,NEW MEXICO,NM,35,"MILK - PRODUCTION, MEASURED IN LB",LB,"625,000,000"
2016,MONTHLY,APR THRU JUN,NEVADA,NV,32,"MILK - PRODUCTION, MEASURED IN LB",LB,"164,000,000"
2016,MONTHLY,JAN THRU MAR,NEVADA,NV,32,"MILK - PRODUCTION, MEASURED IN LB",LB,"161,000,000"
2016,MONTHLY,JUL THRU SEP,NEVADA,NV,32,"MILK - PRODUCTION, MEASURED IN LB",LB,"166,000,000"
2016,MONTHLY,OCT THRU DEC,NEVADA,NV,32,"MILK - PRODUCTION, MEASURED IN LB",LB,"169,000,000"
2016,MONTHLY,APR,NEW YORK,NY,36,"MILK - PRODUCTION, MEASURED IN LB",LB,"1,221,000,000"
2016,MONTHLY,APR THRU JUN,NEW YORK,NY,36,"MILK - PRODUCTION, MEASURED IN LB",LB,"3,766,000,000"
2016,MONTHLY,AUG,NEW YORK,NY,36,"MILK - PRODUCTION, MEASURED IN LB",LB,"1,249,000,000"
2016,MONTHLY,DEC,NEW YORK,NY,36,"MILK - PRODUCTION, MEASURED IN LB",LB,"1,246,000,000"
2016,MONTHLY,FEB,NEW YORK,NY,36,"MILK - PRODUCTION, MEASURED IN LB",LB,"1,147,000,000"
2016,MONTHLY,JAN,NEW YORK,NY,36,"MILK - PRODUCTION, MEASURED IN LB",LB,"1,215,000,000"
2016,MONTHLY,JAN THRU MAR,NEW YORK,NY,36,"MILK - PRODUCTION, MEASURED IN LB",LB,"3,602,000,000"
2016,MONTHLY,JUL,NEW YORK,NY,36,"MILK - PRODUCTION, MEASURED IN LB",LB,"1,271,000,000"
2016,MONTHLY,JUL THRU SEP,NEW YORK,NY,36,"MILK - PRODUCTION, MEASURED IN LB",LB,"3,729,000,000"
2016,MONTHLY,JUN,NEW YORK,NY,36,"MILK - PRODUCTION, MEASURED IN LB",LB,"1,252,000,000"
2016,MONTHLY,MAR,NEW YORK,NY,36,"MILK - PRODUCTION, MEASURED IN LB",LB,"1,240,000,000"
2016,MONTHLY,MAY,NEW YORK,NY,36,"MILK - PRODUCTION, MEASURED IN LB",LB,"1,293,000,000"
2016,MONTHLY,NOV,NEW YORK,NY,36,"MILK - PRODUCTION, MEASURED IN LB",LB,"1,194,000,000"
2016,MONTHLY,OCT,NEW YORK,NY,36,"MILK - PRODUCTION, MEASURED IN LB",LB,"1,240,000,000"
2016,MONTHLY,OCT THRU DEC,NEW YORK,NY,36,"MILK - PRODUCTION, MEASURED IN LB",LB,"3,680,000,000"
2016,MONTHLY,SEP,NEW YORK,NY,36,"MILK - PRODUCTION, MEASURED IN LB",LB,"1,209,000,000"
2016,MONTHLY,APR,OHIO,OH,39,"MILK - PRODUCTION, MEASURED IN LB",LB,"473,000,000"
2016,MONTHLY,APR THRU JUN,OHIO,OH,39,"MILK - PRODUCTION, MEASURED IN LB",LB,"1,431,000,000"
2016,MONTHLY,AUG,OHIO,OH,39,"MILK - PRODUCTION, MEASURED IN LB",LB,"465,000,000"
2016,MONTHLY,DEC,OHIO,OH,39,"MILK - PRODUCTION, MEASURED IN LB",LB,"470,000,000"
2016,MONTHLY,FEB,OHIO,OH,39,"MILK - PRODUCTION, MEASURED IN LB",LB,"443,000,000"
2016,MONTHLY,JAN,OHIO,OH,39,"MILK - PRODUCTION, MEASURED IN LB",LB,"469,000,000"
2016,MONTHLY,JAN THRU MAR,OHIO,OH,39,"MILK - PRODUCTION, MEASURED IN LB",LB,"1,392,000,000"
2016,MONTHLY,JUL,OHIO,OH,39,"MILK - PRODUCTION, MEASURED IN LB",LB,"471,000,000"
2016,MONTHLY,JUL THRU SEP,OHIO,OH,39,"MILK - PRODUCTION, MEASURED IN LB",LB,"1,386,000,000"
2016,MONTHLY,JUN,OHIO,OH,39,"MILK - PRODUCTION, MEASURED IN LB",LB,"467,000,000"
2016,MONTHLY,MAR,OHIO,OH,39,"MILK - PRODUCTION, MEASURED IN LB",LB,"480,000,000"
2016,MONTHLY,MAY,OHIO,OH,39,"MILK - PRODUCTION, MEASURED IN LB",LB,"491,000,000"
2016,MONTHLY,NOV,OHIO,OH,39,"MILK - PRODUCTION, MEASURED IN LB",LB,"457,000,000"
2016,MONTHLY,OCT,OHIO,OH,39,"MILK - PRODUCTION, MEASURED IN LB",LB,"466,000,000"
2016,MONTHLY,OCT THRU DEC,OHIO,OH,39,"MILK - PRODUCTION, MEASURED IN LB",LB,"1,393,000,000"
2016,MONTHLY,SEP,OHIO,OH,39,"MILK - PRODUCTION, MEASURED IN LB",LB,"450,000,000"
2016,MONTHLY,APR THRU JUN,OKLAHOMA,OK,40,"MILK - PRODUCTION, MEASURED IN LB",LB,"185,000,000"
2016,MONTHLY,JAN THRU MAR,OKLAHOMA,OK,40,"MILK - PRODUCTION, MEASURED IN LB",LB,"187,000,000"
2016,MONTHLY,JUL THRU SEP,OKLAHOMA,OK,40,"MILK - PRODUCTION, MEASURED IN LB",LB,"155,000,000"
2016,MONTHLY,OCT THRU DEC,OKLAHOMA,OK,40,"MILK - PRODUCTION, MEASURED IN LB",LB,"165,000,000"
2016,MONTHLY,APR,OREGON,OR,41,"MILK - PRODUCTION, MEASURED IN LB",LB,"222,000,000"
2016,MONTHLY,APR THRU JUN,OREGON,OR,41,"MILK - PRODUCTION, MEASURED IN LB",LB,"672,000,000"
2016,MONTHLY,AUG,OREGON,OR,41,"MILK - PRODUCTION, MEASURED IN LB",LB,"218,000,000"
2016,MONTHLY,DEC,OREGON,OR,41,"MILK - PRODUCTION, MEASURED IN LB",LB,"207,000,000"
2016,MONTHLY,FEB,OREGON,OR,41,"MILK - PRODUCTION, MEASURED IN LB",LB,"208,000,000"
2016,MONTHLY,JAN,OREGON,OR,41,"MILK - PRODUCTION, MEASURED IN LB",LB,"217,000,000"
2016,MONTHLY,JAN THRU MAR,OREGON,OR,41,"MILK - PRODUCTION, MEASURED IN LB",LB,"652,000,000"
2016,MONTHLY,JUL,OREGON,OR,41,"MILK - PRODUCTION, MEASURED IN LB",LB,"223,000,000"
2016,MONTHLY,JUL THRU SEP,OREGON,OR,41,"MILK - PRODUCTION, MEASURED IN LB",LB,"652,000,000"
2016,MONTHLY,JUN,OREGON,OR,41,"MILK - PRODUCTION, MEASURED IN LB",LB,"220,000,000"
2016,MONTHLY,MAR,OREGON,OR,41,"MILK - PRODUCTION, MEASURED IN LB",LB,"227,000,000"
2016,MONTHLY,MAY,OREGON,OR,41,"MILK - PRODUCTION, MEASURED IN LB",LB,"230,000,000"
2016,MONTHLY,NOV,OREGON,OR,41,"MILK - PRODUCTION, MEASURED IN LB",LB,"200,000,000"
2016,MONTHLY,OCT,OREGON,OR,41,"MILK - PRODUCTION, MEASURED IN LB",LB,"210,000,000"
2016,MONTHLY,OCT THRU DEC,OREGON,OR,41,"MILK - PRODUCTION, MEASURED IN LB",LB,"617,000,000"
2016,MONTHLY,SEP,OREGON,OR,41,"MILK - PRODUCTION, MEASURED IN LB",LB,"211,000,000"
2016,MONTHLY,APR,PENNSYLVANIA,PA,42,"MILK - PRODUCTION, MEASURED IN LB",LB,"925,000,000"
2016,MONTHLY,APR THRU JUN,PENNSYLVANIA,PA,42,"MILK - PRODUCTION, MEASURED IN LB",LB,"2,788,000,000"
2016,MONTHLY,AUG,PENNSYLVANIA,PA,42,"MILK - PRODUCTION, MEASURED IN LB",LB,"886,000,000"
2016,MONTHLY,DEC,PENNSYLVANIA,PA,42,"MILK - PRODUCTION, MEASURED IN LB",LB,"903,000,000"
2016,MONTHLY,FEB,PENNSYLVANIA,PA,42,"MILK - PRODUCTION, MEASURED IN LB",LB,"864,000,000"
2016,MONTHLY,JAN,PENNSYLVANIA,PA,42,"MILK - PRODUCTION, MEASURED IN LB",LB,"909,000,000"
2016,MONTHLY,JAN THRU MAR,PENNSYLVANIA,PA,42,"MILK - PRODUCTION, MEASURED IN LB",LB,"2,711,000,000"
2016,MONTHLY,JUL,PENNSYLVANIA,PA,42,"MILK - PRODUCTION, MEASURED IN LB",LB,"912,000,000"
2016,MONTHLY,JUL THRU SEP,PENNSYLVANIA,PA,42,"MILK - PRODUCTION, MEASURED IN LB",LB,"2,657,000,000"
2016,MONTHLY,JUN,PENNSYLVANIA,PA,42,"MILK - PRODUCTION, MEASURED IN LB",LB,"906,000,000"
2016,MONTHLY,MAR,PENNSYLVANIA,PA,42,"MILK - PRODUCTION, MEASURED IN LB",LB,"938,000,000"
2016,MONTHLY,MAY,PENNSYLVANIA,PA,42,"MILK - PRODUCTION, MEASURED IN LB",LB,"957,000,000"
2016,MONTHLY,NOV,PENNSYLVANIA,PA,42,"MILK - PRODUCTION, MEASURED IN LB",LB,"861,000,000"
2016,MONTHLY,OCT,PENNSYLVANIA,PA,42,"MILK - PRODUCTION, MEASURED IN LB",LB,"892,000,000"
2016,MONTHLY,OCT THRU DEC,PENNSYLVANIA,PA,42,"MILK - PRODUCTION, MEASURED IN LB",LB,"2,656,000,000"
2016,MONTHLY,SEP,PENNSYLVANIA,PA,42,"MILK - PRODUCTION, MEASURED IN LB",LB,"859,000,000"
2016,MONTHLY,APR THRU JUN,RHODE ISLAND,RI,44,"MILK - PRODUCTION, MEASURED IN LB",LB,"3,700,000"
2016,MONTHLY,JAN THRU MAR,RHODE ISLAND,RI,44,"MILK - PRODUCTION, MEASURED IN LB",LB,"3,700,000"
2016,MONTHLY,JUL THRU SEP,RHODE ISLAND,RI,44,"MILK - PRODUCTION, MEASURED IN LB",LB,"3,500,000"
2016,MONTHLY,OCT THRU DEC,RHODE ISLAND,RI,44,"MILK - PRODUCTION, MEASURED IN LB",LB,"3,200,000"
2016,MONTHLY,APR THRU JUN,SOUTH CAROLINA,SC,45,"MILK - PRODUCTION, MEASURED IN LB",LB,"68,000,000"
2016,MONTHLY,JAN THRU MAR,SOUTH CAROLINA,SC,45,"MILK - PRODUCTION, MEASURED IN LB",LB,"69,000,000"
2016,MONTHLY,JUL THRU SEP,SOUTH CAROLINA,SC,45,"MILK - PRODUCTION, MEASURED IN LB",LB,"54,000,000"
2016,MONTHLY,OCT THRU DEC,SOUTH CAROLINA,SC,45,"MILK - PRODUCTION, MEASURED IN LB",LB,"59,000,000"
2016,MONTHLY,APR,SOUTH DAKOTA,SD,46,"MILK - PRODUCTION, MEASURED IN LB",LB,"210,000,000"
2016,MONTHLY,APR THRU JUN,SOUTH DAKOTA,SD,46,"MILK - PRODUCTION, MEASURED IN LB",LB,"637,000,000"
2016,MONTHLY,AUG,SOUTH DAKOTA,SD,46,"MILK - PRODUCTION, MEASURED IN LB",LB,"216,000,000"
2016,MONTHLY,DEC,SOUTH DAKOTA,SD,46,"MILK - PRODUCTION, MEASURED IN LB",LB,"218,000,000"
2016,MONTHLY,FEB,SOUTH DAKOTA,SD,46,"MILK - PRODUCTION, MEASURED IN LB",LB,"200,000,000"
2016,MONTHLY,JAN,SOUTH DAKOTA,SD,46,"MILK - PRODUCTION, MEASURED IN LB",LB,"212,000,000"
2016,MONTHLY,JAN THRU MAR,SOUTH DAKOTA,SD,46,"MILK - PRODUCTION, MEASURED IN LB",LB,"627,000,000"
2016,MONTHLY,JUL,SOUTH DAKOTA,SD,46,"MILK - PRODUCTION, MEASURED IN LB",LB,"215,000,000"
2016,MONTHLY,JUL THRU SEP,SOUTH DAKOTA,SD,46,"MILK - PRODUCTION, MEASURED IN LB",LB,"638,000,000"
2016,MONTHLY,JUN,SOUTH DAKOTA,SD,46,"MILK - PRODUCTION, MEASURED IN LB",LB,"209,000,000"
2016,MONTHLY,MAR,SOUTH DAKOTA,SD,46,"MILK - PRODUCTION, MEASURED IN LB",LB,"215,000,000"
2016,MONTHLY,MAY,SOUTH DAKOTA,SD,46,"MILK - PRODUCTION, MEASURED IN LB",LB,"218,000,000"
2016,MONTHLY,NOV,SOUTH DAKOTA,SD,46,"MILK - PRODUCTION, MEASURED IN LB",LB,"211,000,000"
2016,MONTHLY,OCT,SOUTH DAKOTA,SD,46,"MILK - PRODUCTION, MEASURED IN LB",LB,"215,000,000"
2016,MONTHLY,OCT THRU DEC,SOUTH DAKOTA,SD,46,"MILK - PRODUCTION, MEASURED IN LB",LB,"644,000,000"
2016,MONTHLY,SEP,SOUTH DAKOTA,SD,46,"MILK - PRODUCTION, MEASURED IN LB",LB,"207,000,000"
2016,MONTHLY,APR THRU JUN,TENNESSEE,TN,47,"MILK - PRODUCTION, MEASURED IN LB",LB,"185,000,000"
2016,MONTHLY,JAN THRU MAR,TENNESSEE,TN,47,"MILK - PRODUCTION, MEASURED IN LB",LB,"187,000,000"
2016,MONTHLY,JUL THRU SEP,TENNESSEE,TN,47,"MILK - PRODUCTION, MEASURED IN LB",LB,"159,000,000"
2016,MONTHLY,OCT THRU DEC,TENNESSEE,TN,47,"MILK - PRODUCTION, MEASURED IN LB",LB,"165,000,000"
2016,MONTHLY,APR,TEXAS,TX,48,"MILK - PRODUCTION, MEASURED IN LB",LB,"909,000,000"
2016,MONTHLY,APR THRU JUN,TEXAS,TX,48,"MILK - PRODUCTION, MEASURED IN LB",LB,"2,721,000,000"
2016,MONTHLY,AUG,TEXAS,TX,48,"MILK - PRODUCTION, MEASURED IN LB",LB,"919,000,000"
2016,MONTHLY,DEC,TEXAS,TX,48,"MILK - PRODUCTION, MEASURED IN LB",LB,"953,000,000"
2016,MONTHLY,FEB,TEXAS,TX,48,"MILK - PRODUCTION, MEASURED IN LB",LB,"826,000,000"
2016,MONTHLY,JAN,TEXAS,TX,48,"MILK - PRODUCTION, MEASURED IN LB",LB,"835,000,000"
2016,MONTHLY,JAN THRU MAR,TEXAS,TX,48,"MILK - PRODUCTION, MEASURED IN LB",LB,"2,576,000,000"
2016,MONTHLY,JUL,TEXAS,TX,48,"MILK - PRODUCTION, MEASURED IN LB",LB,"893,000,000"
2016,MONTHLY,JUL THRU SEP,TEXAS,TX,48,"MILK - PRODUCTION, MEASURED IN LB",LB,"2,680,000,000"
2016,MONTHLY,JUN,TEXAS,TX,48,"MILK - PRODUCTION, MEASURED IN LB",LB,"884,000,000"
2016,MONTHLY,MAR,TEXAS,TX,48,"MILK - PRODUCTION, MEASURED IN LB",LB,"915,000,000"
2016,MONTHLY,MAY,TEXAS,TX,48,"MILK - PRODUCTION, MEASURED IN LB",LB,"928,000,000"
2016,MONTHLY,NOV,TEXAS,TX,48,"MILK - PRODUCTION, MEASURED IN LB",LB,"919,000,000"
2016,MONTHLY,OCT,TEXAS,TX,48,"MILK - PRODUCTION, MEASURED IN LB",LB,"924,000,000"
2016,MONTHLY,OCT THRU DEC,TEXAS,TX,48,"MILK - PRODUCTION, MEASURED IN LB",LB,"2,796,000,000"
2016,MONTHLY,SEP,TEXAS,TX,48,"MILK - PRODUCTION, MEASURED IN LB",LB,"868,000,000"
2016,MONTHLY,APR,US TOTAL,US,99,"MILK - PRODUCTION, MEASURED IN LB",LB,"17,956,000,000"
2016,MONTHLY,APR THRU JUN,US TOTAL,US,99,"MILK - PRODUCTION, MEASURED IN LB",LB,"54,344,000,000"
2016,MONTHLY,AUG,US TOTAL,US,99,"MILK - PRODUCTION, MEASURED IN LB",LB,"17,693,000,000"
2016,MONTHLY,DEC,US TOTAL,US,99,"MILK - PRODUCTION, MEASURED IN LB",LB,"17,858,000,000"
2016,MONTHLY,FEB,US TOTAL,US,99,"MILK - PRODUCTION, MEASURED IN LB",LB,"16,900,000,000"
2016,MONTHLY,JAN,US TOTAL,US,99,"MILK - PRODUCTION, MEASURED IN LB",LB,"17,671,000,000"
2016,MONTHLY,JAN THRU MAR,US TOTAL,US,99,"MILK - PRODUCTION, MEASURED IN LB",LB,"52,975,000,000"
2016,MONTHLY,JUL,US TOTAL,US,99,"MILK - PRODUCTION, MEASURED IN LB",LB,"17,903,000,000"
2016,MONTHLY,JUL THRU SEP,US TOTAL,US,99,"MILK - PRODUCTION, MEASURED IN LB",LB,"52,581,000,000"
2016,MONTHLY,JUN,US TOTAL,US,99,"MILK - PRODUCTION, MEASURED IN LB",LB,"17,774,000,000"
2016,MONTHLY,MAR,US TOTAL,US,99,"MILK - PRODUCTION, MEASURED IN LB",LB,"18,404,000,000"
2016,MONTHLY,MAY,US TOTAL,US,99,"MILK - PRODUCTION, MEASURED IN LB",LB,"18,614,000,000"
2016,MONTHLY,NOV,US TOTAL,US,99,"MILK - PRODUCTION, MEASURED IN LB",LB,"17,139,000,000"
2016,MONTHLY,OCT,US TOTAL,US,99,"MILK - PRODUCTION, MEASURED IN LB",LB,"17,554,000,000"
2016,MONTHLY,OCT THRU DEC,US TOTAL,US,99,"MILK - PRODUCTION, MEASURED IN LB",LB,"52,551,000,000"
2016,MONTHLY,SEP,US TOTAL,US,99,"MILK - PRODUCTION, MEASURED IN LB",LB,"16,985,000,000"
2016,MONTHLY,APR,UTAH,UT,49,"MILK - PRODUCTION, MEASURED IN LB",LB,"173,000,000"
2016,MONTHLY,APR THRU JUN,UTAH,UT,49,"MILK - PRODUCTION, MEASURED IN LB",LB,"532,000,000"
2016,MONTHLY,AUG,UTAH,UT,49,"MILK - PRODUCTION, MEASURED IN LB",LB,"176,000,000"
2016,MONTHLY,DEC,UTAH,UT,49,"MILK - PRODUCTION, MEASURED IN LB",LB,"177,000,000"
2016,MONTHLY,FEB,UTAH,UT,49,"MILK - PRODUCTION, MEASURED IN LB",LB,"159,000,000"
2016,MONTHLY,JAN,UTAH,UT,49,"MILK - PRODUCTION, MEASURED IN LB",LB,"172,000,000"
2016,MONTHLY,JAN THRU MAR,UTAH,UT,49,"MILK - PRODUCTION, MEASURED IN LB",LB,"506,000,000"
2016,MONTHLY,JUL,UTAH,UT,49,"MILK - PRODUCTION, MEASURED IN LB",LB,"177,000,000"
2016,MONTHLY,JUL THRU SEP,UTAH,UT,49,"MILK - PRODUCTION, MEASURED IN LB",LB,"526,000,000"
2016,MONTHLY,JUN,UTAH,UT,49,"MILK - PRODUCTION, MEASURED IN LB",LB,"178,000,000"
2016,MONTHLY,MAR,UTAH,UT,49,"MILK - PRODUCTION, MEASURED IN LB",LB,"175,000,000"
2016,MONTHLY,MAY,UTAH,UT,49,"MILK - PRODUCTION, MEASURED IN LB",LB,"181,000,000"
2016,MONTHLY,NOV,UTAH,UT,49,"MILK - PRODUCTION, MEASURED IN LB",LB,"173,000,000"
2016,MONTHLY,OCT,UTAH,UT,49,"MILK - PRODUCTION, MEASURED IN LB",LB,"178,000,000"
2016,MONTHLY,OCT THRU DEC,UTAH,UT,49,"MILK - PRODUCTION, MEASURED IN LB",LB,"528,000,000"
2016,MONTHLY,SEP,UTAH,UT,49,"MILK - PRODUCTION, MEASURED IN LB",LB,"173,000,000"
2016,MONTHLY,APR,VIRGINIA,VA,51,"MILK - PRODUCTION, MEASURED IN LB",LB,"150,000,000"
2016,MONTHLY,APR THRU JUN,VIRGINIA,VA,51,"MILK - PRODUCTION, MEASURED IN LB",LB,"446,000,000"
2016,MONTHLY,AUG,VIRGINIA,VA,51,"MILK - PRODUCTION, MEASURED IN LB",LB,"137,000,000"
2016,MONTHLY,DEC,VIRGINIA,VA,51,"MILK - PRODUCTION, MEASURED IN LB",LB,"144,000,000"
2016,MONTHLY,FEB,VIRGINIA,VA,51,"MILK - PRODUCTION, MEASURED IN LB",LB,"142,000,000"
2016,MONTHLY,JAN,VIRGINIA,VA,51,"MILK - PRODUCTION, MEASURED IN LB",LB,"150,000,000"
2016,MONTHLY,JAN THRU MAR,VIRGINIA,VA,51,"MILK - PRODUCTION, MEASURED IN LB",LB,"446,000,000"
2016,MONTHLY,JUL,VIRGINIA,VA,51,"MILK - PRODUCTION, MEASURED IN LB",LB,"141,000,000"
2016,MONTHLY,JUL THRU SEP,VIRGINIA,VA,51,"MILK - PRODUCTION, MEASURED IN LB",LB,"413,000,000"
2016,MONTHLY,JUN,VIRGINIA,VA,51,"MILK - PRODUCTION, MEASURED IN LB",LB,"143,000,000"
2016,MONTHLY,MAR,VIRGINIA,VA,51,"MILK - PRODUCTION, MEASURED IN LB",LB,"154,000,000"
2016,MONTHLY,MAY,VIRGINIA,VA,51,"MILK - PRODUCTION, MEASURED IN LB",LB,"153,000,000"
2016,MONTHLY,NOV,VIRGINIA,VA,51,"MILK - PRODUCTION, MEASURED IN LB",LB,"135,000,000"
2016,MONTHLY,OCT,VIRGINIA,VA,51,"MILK - PRODUCTION, MEASURED IN LB",LB,"139,000,000"
2016,MONTHLY,OCT THRU DEC,VIRGINIA,VA,51,"MILK - PRODUCTION, MEASURED IN LB",LB,"418,000,000"
2016,MONTHLY,SEP,VIRGINIA,VA,51,"MILK - PRODUCTION, MEASURED IN LB",LB,"135,000,000"
2016,MONTHLY,APR,VERMONT,VT,50,"MILK - PRODUCTION, MEASURED IN LB",LB,"228,000,000"
2016,MONTHLY,APR THRU JUN,VERMONT,VT,50,"MILK - PRODUCTION, MEASURED IN LB",LB,"694,000,000"
2016,MONTHLY,AUG,VERMONT,VT,50,"MILK - PRODUCTION, MEASURED IN LB",LB,"227,000,000"
2016,MONTHLY,DEC,VERMONT,VT,50,"MILK - PRODUCTION, MEASURED IN LB",LB,"230,000,000"
2016,MONTHLY,FEB,VERMONT,VT,50,"MILK - PRODUCTION, MEASURED IN LB",LB,"217,000,000"
2016,MONTHLY,JAN,VERMONT,VT,50,"MILK - PRODUCTION, MEASURED IN LB",LB,"230,000,000"
2016,MONTHLY,JAN THRU MAR,VERMONT,VT,50,"MILK - PRODUCTION, MEASURED IN LB",LB,"681,000,000"
2016,MONTHLY,JUL,VERMONT,VT,50,"MILK - PRODUCTION, MEASURED IN LB",LB,"230,000,000"
2016,MONTHLY,JUL THRU SEP,VERMONT,VT,50,"MILK - PRODUCTION, MEASURED IN LB",LB,"677,000,000"
2016,MONTHLY,JUN,VERMONT,VT,50,"MILK - PRODUCTION, MEASURED IN LB",LB,"229,000,000"
2016,MONTHLY,MAR,VERMONT,VT,50,"MILK - PRODUCTION, MEASURED IN LB",LB,"234,000,000"
2016,MONTHLY,MAY,VERMONT,VT,50,"MILK - PRODUCTION, MEASURED IN LB",LB,"237,000,000"
2016,MONTHLY,NOV,VERMONT,VT,50,"MILK - PRODUCTION, MEASURED IN LB",LB,"219,000,000"
2016,MONTHLY,OCT,VERMONT,VT,50,"MILK - PRODUCTION, MEASURED IN LB",LB,"226,000,000"
2016,MONTHLY,OCT THRU DEC,VERMONT,VT,50,"MILK - PRODUCTION, MEASURED IN LB",LB,"675,000,000"
2016,MONTHLY,SEP,VERMONT,VT,50,"MILK - PRODUCTION, MEASURED IN LB",LB,"220,000,000"
2016,MONTHLY,APR,WASHINGTON,WA,53,"MILK - PRODUCTION, MEASURED IN LB",LB,"555,000,000"
2016,MONTHLY,APR THRU JUN,WASHINGTON,WA,53,"MILK - PRODUCTION, MEASURED IN LB",LB,"1,680,000,000"
2016,MONTHLY,AUG,WASHINGTON,WA,53,"MILK - PRODUCTION, MEASURED IN LB",LB,"568,000,000"
2016,MONTHLY,DEC,WASHINGTON,WA,53,"MILK - PRODUCTION, MEASURED IN LB",LB,"547,000,000"
2016,MONTHLY,FEB,WASHINGTON,WA,53,"MILK - PRODUCTION, MEASURED IN LB",LB,"532,000,000"
2016,MONTHLY,JAN,WASHINGTON,WA,53,"MILK - PRODUCTION, MEASURED IN LB",LB,"555,000,000"
2016,MONTHLY,JAN THRU MAR,WASHINGTON,WA,53,"MILK - PRODUCTION, MEASURED IN LB",LB,"1,659,000,000"
2016,MONTHLY,JUL,WASHINGTON,WA,53,"MILK - PRODUCTION, MEASURED IN LB",LB,"572,000,000"
2016,MONTHLY,JUL THRU SEP,WASHINGTON,WA,53,"MILK - PRODUCTION, MEASURED IN LB",LB,"1,686,000,000"
2016,MONTHLY,JUN,WASHINGTON,WA,53,"MILK - PRODUCTION, MEASURED IN LB",LB,"553,000,000"
2016,MONTHLY,MAR,WASHINGTON,WA,53,"MILK - PRODUCTION, MEASURED IN LB",LB,"572,000,000"
2016,MONTHLY,MAY,WASHINGTON,WA,53,"MILK - PRODUCTION, MEASURED IN LB",LB,"572,000,000"
2016,MONTHLY,NOV,WASHINGTON,WA,53,"MILK - PRODUCTION, MEASURED IN LB",LB,"527,000,000"
2016,MONTHLY,OCT,WASHINGTON,WA,53,"MILK - PRODUCTION, MEASURED IN LB",LB,"551,000,000"
2016,MONTHLY,OCT THRU DEC,WASHINGTON,WA,53,"MILK - PRODUCTION, MEASURED IN LB",LB,"1,625,000,000"
2016,MONTHLY,SEP,WASHINGTON,WA,53,"MILK - PRODUCTION, MEASURED IN LB",LB,"546,000,000"
2016,MONTHLY,APR,WISCONSIN,WI,55,"MILK - PRODUCTION, MEASURED IN LB",LB,"2,513,000,000"
2016,MONTHLY,APR THRU JUN,WISCONSIN,WI,55,"MILK - PRODUCTION, MEASURED IN LB",LB,"7,691,000,000"
2016,MONTHLY,AUG,WISCONSIN,WI,55,"MILK - PRODUCTION, MEASURED IN LB",LB,"2,543,000,000"
2016,MONTHLY,DEC,WISCONSIN,WI,55,"MILK - PRODUCTION, MEASURED IN LB",LB,"2,507,000,000"
2016,MONTHLY,FEB,WISCONSIN,WI,55,"MILK - PRODUCTION, MEASURED IN LB",LB,"2,374,000,000"
2016,MONTHLY,JAN,WISCONSIN,WI,55,"MILK - PRODUCTION, MEASURED IN LB",LB,"2,515,000,000"
2016,MONTHLY,JAN THRU MAR,WISCONSIN,WI,55,"MILK - PRODUCTION, MEASURED IN LB",LB,"7,449,000,000"
2016,MONTHLY,JUL,WISCONSIN,WI,55,"MILK - PRODUCTION, MEASURED IN LB",LB,"2,569,000,000"
2016,MONTHLY,JUL THRU SEP,WISCONSIN,WI,55,"MILK - PRODUCTION, MEASURED IN LB",LB,"7,551,000,000"
2016,MONTHLY,JUN,WISCONSIN,WI,55,"MILK - PRODUCTION, MEASURED IN LB",LB,"2,537,000,000"
2016,MONTHLY,MAR,WISCONSIN,WI,55,"MILK - PRODUCTION, MEASURED IN LB",LB,"2,560,000,000"
2016,MONTHLY,MAY,WISCONSIN,WI,55,"MILK - PRODUCTION, MEASURED IN LB",LB,"2,641,000,000"
2016,MONTHLY,NOV,WISCONSIN,WI,55,"MILK - PRODUCTION, MEASURED IN LB",LB,"2,422,000,000"
2016,MONTHLY,OCT,WISCONSIN,WI,55,"MILK - PRODUCTION, MEASURED IN LB",LB,"2,490,000,000"
2016,MONTHLY,OCT THRU DEC,WISCONSIN,WI,55,"MILK - PRODUCTION, MEASURED IN LB",LB,"7,419,000,000"
2016,MONTHLY,SEP,WISCONSIN,WI,55,"MILK - PRODUCTION, MEASURED IN LB",LB,"2,439,000,000"
2016,MONTHLY,APR THRU JUN,WEST VIRGINIA,WV,54,"MILK - PRODUCTION, MEASURED IN LB",LB,"36,000,000"
2016,MONTHLY,JAN THRU MAR,WEST VIRGINIA,WV,54,"MILK - PRODUCTION, MEASURED IN LB",LB,"36,000,000"
2016,MONTHLY,JUL THRU SEP,WEST VIRGINIA,WV,54,"MILK - PRODUCTION, MEASURED IN LB",LB,"31,000,000"
2016,MONTHLY,OCT THRU DEC,WEST VIRGINIA,WV,54,"MILK - PRODUCTION, MEASURED IN LB",LB,"31,000,000"
2016,MONTHLY,APR THRU JUN,WYOMING,WY,56,"MILK - PRODUCTION, MEASURED IN LB",LB,"34,600,000"
2016,MONTHLY,JAN THRU MAR,WYOMING,WY,56,"MILK - PRODUCTION, MEASURED IN LB",LB,"34,400,000"
2016,MONTHLY,JUL THRU SEP,WYOMING,WY,56,"MILK - PRODUCTION, MEASURED IN LB",LB,"35,100,000"
2016,MONTHLY,OCT THRU DEC,WYOMING,WY,56,"MILK - PRODUCTION, MEASURED IN LB",LB,"35,700,000"
2017,MONTHLY,APR THRU JUN,ALASKA,AK,02,"MILK - PRODUCTION, MEASURED IN LB",LB,"700,000"
2017,MONTHLY,JAN THRU MAR,ALASKA,AK,02,"MILK - PRODUCTION, MEASURED IN LB",LB,"900,000"
2017,MONTHLY,JUL THRU SEP,ALASKA,AK,02,"MILK - PRODUCTION, MEASURED IN LB",LB,"600,000"
2017,MONTHLY,OCT THRU DEC,ALASKA,AK,02,"MILK - PRODUCTION, MEASURED IN LB",LB,"700,000"
2017,MONTHLY,APR THRU JUN,ALABAMA,AL,01,"MILK - PRODUCTION, MEASURED IN LB",LB,"26,000,000"
2017,MONTHLY,JAN THRU MAR,ALABAMA,AL,01,"MILK - PRODUCTION, MEASURED IN LB",LB,"26,000,000"
2017,MONTHLY,JUL THRU SEP,ALABAMA,AL,01,"MILK - PRODUCTION, MEASURED IN LB",LB,"19,000,000"
2017,MONTHLY,OCT THRU DEC,ALABAMA,AL,01,"MILK - PRODUCTION, MEASURED IN LB",LB,"19,000,000"
2017,MONTHLY,APR THRU JUN,ARKANSAS,AR,05,"MILK - PRODUCTION, MEASURED IN LB",LB,"23,000,000"
2017,MONTHLY,JAN THRU MAR,ARKANSAS,AR,05,"MILK - PRODUCTION, MEASURED IN LB",LB,"22,000,000"
2017,MONTHLY,JUL THRU SEP,ARKANSAS,AR,05,"MILK - PRODUCTION, MEASURED IN LB",LB,"17,000,000"
2017,MONTHLY,OCT THRU DEC,ARKANSAS,AR,05,"MILK - PRODUCTION, MEASURED IN LB",LB,"18,000,000"
2017,MONTHLY,APR,ARIZONA,AZ,04,"MILK - PRODUCTION, MEASURED IN LB",LB,"450,000,000"
2017,MONTHLY,APR THRU JUN,ARIZONA,AZ,04,"MILK - PRODUCTION, MEASURED IN LB",LB,"1,331,000,000"
2017,MONTHLY,AUG,ARIZONA,AZ,04,"MILK - PRODUCTION, MEASURED IN LB",LB,"386,000,000"
2017,MONTHLY,DEC,ARIZONA,AZ,04,"MILK - PRODUCTION, MEASURED IN LB",LB,"428,000,000"
2017,MONTHLY,FEB,ARIZONA,AZ,04,"MILK - PRODUCTION, MEASURED IN LB",LB,"410,000,000"
2017,MONTHLY,JAN,ARIZONA,AZ,04,"MILK - PRODUCTION, MEASURED IN LB",LB,"425,000,000"
2017,MONTHLY,JAN THRU MAR,ARIZONA,AZ,04,"MILK - PRODUCTION, MEASURED IN LB",LB,"1,297,000,000"
2017,MONTHLY,JUL,ARIZONA,AZ,04,"MILK - PRODUCTION, MEASURED IN LB",LB,"403,000,000"
2017,MONTHLY,JUL THRU SEP,ARIZONA,AZ,04,"MILK - PRODUCTION, MEASURED IN LB",LB,"1,162,000,000"
2017,MONTHLY,JUN,ARIZONA,AZ,04,"MILK - PRODUCTION, MEASURED IN LB",LB,"424,000,000"
2017,MONTHLY,MAR,ARIZONA,AZ,04,"MILK - PRODUCTION, MEASURED IN LB",LB,"462,000,000"
2017,MONTHLY,MAY,ARIZONA,AZ,04,"MILK - PRODUCTION, MEASURED IN LB",LB,"457,000,000"
2017,MONTHLY,NOV,ARIZONA,AZ,04,"MILK - PRODUCTION, MEASURED IN LB",LB,"406,000,000"
2017,MONTHLY,OCT,ARIZONA,AZ,04,"MILK - PRODUCTION, MEASURED IN LB",LB,"409,000,000"
2017,MONTHLY,OCT THRU DEC,ARIZONA,AZ,04,"MILK - PRODUCTION, MEASURED IN LB",LB,"1,243,000,000"
2017,MONTHLY,SEP,ARIZONA,AZ,04,"MILK - PRODUCTION, MEASURED IN LB",LB,"373,000,000"
2017,MONTHLY,APR,CALIFORNIA,CA,06,"MILK - PRODUCTION, MEASURED IN LB",LB,"3,440,000,000"
2017,MONTHLY,APR THRU JUN,CALIFORNIA,CA,06,"MILK - PRODUCTION, MEASURED IN LB",LB,"10,243,000,000"
2017,MONTHLY,AUG,CALIFORNIA,CA,06,"MILK - PRODUCTION, MEASURED IN LB",LB,"3,265,000,000"
2017,MONTHLY,DEC,CALIFORNIA,CA,06,"MILK - PRODUCTION, MEASURED IN LB",LB,"3,369,000,000"
2017,MONTHLY,FEB,CALIFORNIA,CA,06,"MILK - PRODUCTION, MEASURED IN LB",LB,"3,124,000,000"
2017,MONTHLY,JAN,CALIFORNIA,CA,06,"MILK - PRODUCTION, MEASURED IN LB",LB,"3,413,000,000"
2017,MONTHLY,JAN THRU MAR,CALIFORNIA,CA,06,"MILK - PRODUCTION, MEASURED IN LB",LB,"10,038,000,000"
2017,MONTHLY,JUL,CALIFORNIA,CA,06,"MILK - PRODUCTION, MEASURED IN LB",LB,"3,372,000,000"
2017,MONTHLY,JUL THRU SEP,CALIFORNIA,CA,06,"MILK - PRODUCTION, MEASURED IN LB",LB,"9,708,000,000"
2017,MONTHLY,JUN,CALIFORNIA,CA,06,"MILK - PRODUCTION, MEASURED IN LB",LB,"3,288,000,000"
2017,MONTHLY,MAR,CALIFORNIA,CA,06,"MILK - PRODUCTION, MEASURED IN LB",LB,"3,501,000,000"
2017,MONTHLY,MAY,CALIFORNIA,CA,06,"MILK - PRODUCTION, MEASURED IN LB",LB,"3,515,000,000"
2017,MONTHLY,NOV,CALIFORNIA,CA,06,"MILK - PRODUCTION, MEASURED IN LB",LB,"3,181,000,000"
2017,MONTHLY,OCT,CALIFORNIA,CA,06,"MILK - PRODUCTION, MEASURED IN LB",LB,"3,259,000,000"
2017,MONTHLY,OCT THRU DEC,CALIFORNIA,CA,06,"MILK - PRODUCTION, MEASURED IN LB",LB,"9,809,000,000"
2017,MONTHLY,SEP,CALIFORNIA,CA,06,"MILK - PRODUCTION, MEASURED IN LB",LB,"3,071,000,000"
2017,MONTHLY,APR,COLORADO,CO,08,"MILK - PRODUCTION, MEASURED IN LB",LB,"344,000,000"
2017,MONTHLY,APR THRU JUN,COLORADO,CO,08,"MILK - PRODUCTION, MEASURED IN LB",LB,"1,043,000,000"
2017,MONTHLY,AUG,COLORADO,CO,08,"MILK - PRODUCTION, MEASURED IN LB",LB,"362,000,000"
2017,MONTHLY,DEC,COLORADO,CO,08,"MILK - PRODUCTION, MEASURED IN LB",LB,"369,000,000"
2017,MONTHLY,FEB,COLORADO,CO,08,"MILK - PRODUCTION, MEASURED IN LB",LB,"313,000,000"
2017,MONTHLY,JAN,COLORADO,CO,08,"MILK - PRODUCTION, MEASURED IN LB",LB,"337,000,000"
2017,MONTHLY,JAN THRU MAR,COLORADO,CO,08,"MILK - PRODUCTION, MEASURED IN LB",LB,"1,003,000,000"
2017,MONTHLY,JUL,COLORADO,CO,08,"MILK - PRODUCTION, MEASURED IN LB",LB,"361,000,000"
2017,MONTHLY,JUL THRU SEP,COLORADO,CO,08,"MILK - PRODUCTION, MEASURED IN LB",LB,"1,069,000,000"
2017,MONTHLY,JUN,COLORADO,CO,08,"MILK - PRODUCTION, MEASURED IN LB",LB,"347,000,000"
2017,MONTHLY,MAR,COLORADO,CO,08,"MILK - PRODUCTION, MEASURED IN LB",LB,"353,000,000"
2017,MONTHLY,MAY,COLORADO,CO,08,"MILK - PRODUCTION, MEASURED IN LB",LB,"352,000,000"
2017,MONTHLY,NOV,COLORADO,CO,08,"MILK - PRODUCTION, MEASURED IN LB",LB,"350,000,000"
2017,MONTHLY,OCT,COLORADO,CO,08,"MILK - PRODUCTION, MEASURED IN LB",LB,"355,000,000"
2017,MONTHLY,OCT THRU DEC,COLORADO,CO,08,"MILK - PRODUCTION, MEASURED IN LB",LB,"1,074,000,000"
2017,MONTHLY,SEP,COLORADO,CO,08,"MILK - PRODUCTION, MEASURED IN LB",LB,"346,000,000"
2017,MONTHLY,APR THRU JUN,CONNECTICUT,CT,09,"MILK - PRODUCTION, MEASURED IN LB",LB,"106,000,000"
2017,MONTHLY,JAN THRU MAR,CONNECTICUT,CT,09,"MILK - PRODUCTION, MEASURED IN LB",LB,"104,000,000"
2017,MONTHLY,JUL THRU SEP,CONNECTICUT,CT,09,"MILK - PRODUCTION, MEASURED IN LB",LB,"102,000,000"
2017,MONTHLY,OCT THRU DEC,CONNECTICUT,CT,09,"MILK - PRODUCTION, MEASURED IN LB",LB,"108,000,000"
2017,MONTHLY,APR THRU JUN,DELAWARE,DE,10,"MILK - PRODUCTION, MEASURED IN LB",LB,"24,300,000"
2017,MONTHLY,JAN THRU MAR,DELAWARE,DE,10,"MILK - PRODUCTION, MEASURED IN LB",LB,"24,800,000"
2017,MONTHLY,JUL THRU SEP,DELAWARE,DE,10,"MILK - PRODUCTION, MEASURED IN LB",LB,"21,200,000"
2017,MONTHLY,OCT THRU DEC,DELAWARE,DE,10,"MILK - PRODUCTION, MEASURED IN LB",LB,"22,500,000"
2017,MONTHLY,APR,FLORIDA,FL,12,"MILK - PRODUCTION, MEASURED IN LB",LB,"227,000,000"
2017,MONTHLY,APR THRU JUN,FLORIDA,FL,12,"MILK - PRODUCTION, MEASURED IN LB",LB,"672,000,000"
2017,MONTHLY,AUG,FLORIDA,FL,12,"MILK - PRODUCTION, MEASURED IN LB",LB,"193,000,000"
2017,MONTHLY,DEC,FLORIDA,FL,12,"MILK - PRODUCTION, MEASURED IN LB",LB,"208,000,000"
2017,MONTHLY,FEB,FLORIDA,FL,12,"MILK - PRODUCTION, MEASURED IN LB",LB,"213,000,000"
2017,MONTHLY,JAN,FLORIDA,FL,12,"MILK - PRODUCTION, MEASURED IN LB",LB,"226,000,000"
2017,MONTHLY,JAN THRU MAR,FLORIDA,FL,12,"MILK - PRODUCTION, MEASURED IN LB",LB,"678,000,000"
2017,MONTHLY,JUL,FLORIDA,FL,12,"MILK - PRODUCTION, MEASURED IN LB",LB,"204,000,000"
2017,MONTHLY,JUL THRU SEP,FLORIDA,FL,12,"MILK - PRODUCTION, MEASURED IN LB",LB,"569,000,000"
2017,MONTHLY,JUN,FLORIDA,FL,12,"MILK - PRODUCTION, MEASURED IN LB",LB,"214,000,000"
2017,MONTHLY,MAR,FLORIDA,FL,12,"MILK - PRODUCTION, MEASURED IN LB",LB,"239,000,000"
2017,MONTHLY,MAY,FLORIDA,FL,12,"MILK - PRODUCTION, MEASURED IN LB",LB,"231,000,000"
2017,MONTHLY,NOV,FLORIDA,FL,12,"MILK - PRODUCTION, MEASURED IN LB",LB,"188,000,000"
2017,MONTHLY,OCT,FLORIDA,FL,12,"MILK - PRODUCTION, MEASURED IN LB",LB,"181,000,000"
2017,MONTHLY,OCT THRU DEC,FLORIDA,FL,12,"MILK - PRODUCTION, MEASURED IN LB",LB,"577,000,000"
2017,MONTHLY,SEP,FLORIDA,FL,12,"MILK - PRODUCTION, MEASURED IN LB",LB,"172,000,000"
2017,MONTHLY,APR THRU JUN,GEORGIA,GA,13,"MILK - PRODUCTION, MEASURED IN LB",LB,"488,000,000"
2017,MONTHLY,JAN THRU MAR,GEORGIA,GA,13,"MILK - PRODUCTION, MEASURED IN LB",LB,"502,000,000"
2017,MONTHLY,JUL THRU SEP,GEORGIA,GA,13,"MILK - PRODUCTION, MEASURED IN LB",LB,"416,000,000"
2017,MONTHLY,OCT THRU DEC,GEORGIA,GA,13,"MILK - PRODUCTION, MEASURED IN LB",LB,"434,000,000"
2017,MONTHLY,APR THRU JUN,HAWAII,HI,15,"MILK - PRODUCTION, MEASURED IN LB",LB,"10,700,000"
2017,MONTHLY,JAN THRU MAR,HAWAII,HI,15,"MILK - PRODUCTION, MEASURED IN LB",LB,"9,400,000"
2017,MONTHLY,JUL THRU SEP,HAWAII,HI,15,"MILK - PRODUCTION, MEASURED IN LB",LB,"9,800,000"
2017,MONTHLY,OCT THRU DEC,HAWAII,HI,15,"MILK - PRODUCTION, MEASURED IN LB",LB,"9,000,000"
2017,MONTHLY,APR,IOWA,IA,19,"MILK - PRODUCTION, MEASURED IN LB",LB,"433,000,000"
2017,MONTHLY,APR THRU JUN,IOWA,IA,19,"MILK - PRODUCTION, MEASURED IN LB",LB,"1,308,000,000"
2017,MONTHLY,AUG,IOWA,IA,19,"MILK - PRODUCTION, MEASURED IN LB",LB,"440,000,000"
2017,MONTHLY,DEC,IOWA,IA,19,"MILK - PRODUCTION, MEASURED IN LB",LB,"444,000,000"
2017,MONTHLY,FEB,IOWA,IA,19,"MILK - PRODUCTION, MEASURED IN LB",LB,"395,000,000"
2017,MONTHLY,JAN,IOWA,IA,19,"MILK - PRODUCTION, MEASURED IN LB",LB,"432,000,000"
2017,MONTHLY,JAN THRU MAR,IOWA,IA,19,"MILK - PRODUCTION, MEASURED IN LB",LB,"1,269,000,000"
2017,MONTHLY,JUL,IOWA,IA,19,"MILK - PRODUCTION, MEASURED IN LB",LB,"435,000,000"
2017,MONTHLY,JUL THRU SEP,IOWA,IA,19,"MILK - PRODUCTION, MEASURED IN LB",LB,"1,294,000,000"
2017,MONTHLY,JUN,IOWA,IA,19,"MILK - PRODUCTION, MEASURED IN LB",LB,"429,000,000"
2017,MONTHLY,MAR,IOWA,IA,19,"MILK - PRODUCTION, MEASURED IN LB",LB,"442,000,000"
2017,MONTHLY,MAY,IOWA,IA,19,"MILK - PRODUCTION, MEASURED IN LB",LB,"446,000,000"
2017,MONTHLY,NOV,IOWA,IA,19,"MILK - PRODUCTION, MEASURED IN LB",LB,"427,000,000"
2017,MONTHLY,OCT,IOWA,IA,19,"MILK - PRODUCTION, MEASURED IN LB",LB,"437,000,000"
2017,MONTHLY,OCT THRU DEC,IOWA,IA,19,"MILK - PRODUCTION, MEASURED IN LB",LB,"1,308,000,000"
2017,MONTHLY,SEP,IOWA,IA,19,"MILK - PRODUCTION, MEASURED IN LB",LB,"419,000,000"
2017,MONTHLY,APR,IDAHO,ID,16,"MILK - PRODUCTION, MEASURED IN LB",LB,"1,192,000,000"
2017,MONTHLY,APR THRU JUN,IDAHO,ID,16,"MILK - PRODUCTION, MEASURED IN LB",LB,"3,726,000,000"
2017,MONTHLY,AUG,IDAHO,ID,16,"MILK - PRODUCTION, MEASURED IN LB",LB,"1,299,000,000"
2017,MONTHLY,DEC,IDAHO,ID,16,"MILK - PRODUCTION, MEASURED IN LB",LB,"1,212,000,000"
2017,MONTHLY,FEB,IDAHO,ID,16,"MILK - PRODUCTION, MEASURED IN LB",LB,"1,073,000,000"
2017,MONTHLY,JAN,IDAHO,ID,16,"MILK - PRODUCTION, MEASURED IN LB",LB,"1,197,000,000"
2017,MONTHLY,JAN THRU MAR,IDAHO,ID,16,"MILK - PRODUCTION, MEASURED IN LB",LB,"3,477,000,000"
2017,MONTHLY,JUL,IDAHO,ID,16,"MILK - PRODUCTION, MEASURED IN LB",LB,"1,298,000,000"
2017,MONTHLY,JUL THRU SEP,IDAHO,ID,16,"MILK - PRODUCTION, MEASURED IN LB",LB,"3,818,000,000"
2017,MONTHLY,JUN,IDAHO,ID,16,"MILK - PRODUCTION, MEASURED IN LB",LB,"1,256,000,000"
2017,MONTHLY,MAR,IDAHO,ID,16,"MILK - PRODUCTION, MEASURED IN LB",LB,"1,207,000,000"
2017,MONTHLY,MAY,IDAHO,ID,16,"MILK - PRODUCTION, MEASURED IN LB",LB,"1,278,000,000"
2017,MONTHLY,NOV,IDAHO,ID,16,"MILK - PRODUCTION, MEASURED IN LB",LB,"1,173,000,000"
2017,MONTHLY,OCT,IDAHO,ID,16,"MILK - PRODUCTION, MEASURED IN LB",LB,"1,227,000,000"
2017,MONTHLY,OCT THRU DEC,IDAHO,ID,16,"MILK - PRODUCTION, MEASURED IN LB",LB,"3,612,000,000"
2017,MONTHLY,SEP,IDAHO,ID,16,"MILK - PRODUCTION, MEASURED IN LB",LB,"1,221,000,000"
2017,MONTHLY,APR,ILLINOIS,IL,17,"MILK - PRODUCTION, MEASURED IN LB",LB,"168,000,000"
2017,MONTHLY,APR THRU JUN,ILLINOIS,IL,17,"MILK - PRODUCTION, MEASURED IN LB",LB,"501,000,000"
2017,MONTHLY,AUG,ILLINOIS,IL,17,"MILK - PRODUCTION, MEASURED IN LB",LB,"156,000,000"
2017,MONTHLY,DEC,ILLINOIS,IL,17,"MILK - PRODUCTION, MEASURED IN LB",LB,"165,000,000"
2017,MONTHLY,FEB,ILLINOIS,IL,17,"MILK - PRODUCTION, MEASURED IN LB",LB,"153,000,000"
2017,MONTHLY,JAN,ILLINOIS,IL,17,"MILK - PRODUCTION, MEASURED IN LB",LB,"164,000,000"
2017,MONTHLY,JAN THRU MAR,ILLINOIS,IL,17,"MILK - PRODUCTION, MEASURED IN LB",LB,"490,000,000"
2017,MONTHLY,JUL,ILLINOIS,IL,17,"MILK - PRODUCTION, MEASURED IN LB",LB,"157,000,000"
2017,MONTHLY,JUL THRU SEP,ILLINOIS,IL,17,"MILK - PRODUCTION, MEASURED IN LB",LB,"462,000,000"
2017,MONTHLY,JUN,ILLINOIS,IL,17,"MILK - PRODUCTION, MEASURED IN LB",LB,"160,000,000"
2017,MONTHLY,MAR,ILLINOIS,IL,17,"MILK - PRODUCTION, MEASURED IN LB",LB,"173,000,000"
2017,MONTHLY,MAY,ILLINOIS,IL,17,"MILK - PRODUCTION, MEASURED IN LB",LB,"173,000,000"
2017,MONTHLY,NOV,ILLINOIS,IL,17,"MILK - PRODUCTION, MEASURED IN LB",LB,"155,000,000"
2017,MONTHLY,OCT,ILLINOIS,IL,17,"MILK - PRODUCTION, MEASURED IN LB",LB,"156,000,000"
2017,MONTHLY,OCT THRU DEC,ILLINOIS,IL,17,"MILK - PRODUCTION, MEASURED IN LB",LB,"476,000,000"
2017,MONTHLY,SEP,ILLINOIS,IL,17,"MILK - PRODUCTION, MEASURED IN LB",LB,"149,000,000"
2017,MONTHLY,APR,INDIANA,IN,18,"MILK - PRODUCTION, MEASURED IN LB",LB,"366,000,000"
2017,MONTHLY,APR THRU JUN,INDIANA,IN,18,"MILK - PRODUCTION, MEASURED IN LB",LB,"1,112,000,000"
2017,MONTHLY,AUG,INDIANA,IN,18,"MILK - PRODUCTION, MEASURED IN LB",LB,"348,000,000"
2017,MONTHLY,DEC,INDIANA,IN,18,"MILK - PRODUCTION, MEASURED IN LB",LB,"355,000,000"
2017,MONTHLY,FEB,INDIANA,IN,18,"MILK - PRODUCTION, MEASURED IN LB",LB,"328,000,000"
2017,MONTHLY,JAN,INDIANA,IN,18,"MILK - PRODUCTION, MEASURED IN LB",LB,"359,000,000"
2017,MONTHLY,JAN THRU MAR,INDIANA,IN,18,"MILK - PRODUCTION, MEASURED IN LB",LB,"1,060,000,000"
2017,MONTHLY,JUL,INDIANA,IN,18,"MILK - PRODUCTION, MEASURED IN LB",LB,"348,000,000"
2017,MONTHLY,JUL THRU SEP,INDIANA,IN,18,"MILK - PRODUCTION, MEASURED IN LB",LB,"1,034,000,000"
2017,MONTHLY,JUN,INDIANA,IN,18,"MILK - PRODUCTION, MEASURED IN LB",LB,"360,000,000"
2017,MONTHLY,MAR,INDIANA,IN,18,"MILK - PRODUCTION, MEASURED IN LB",LB,"373,000,000"
2017,MONTHLY,MAY,INDIANA,IN,18,"MILK - PRODUCTION, MEASURED IN LB",LB,"386,000,000"
2017,MONTHLY,NOV,INDIANA,IN,18,"MILK - PRODUCTION, MEASURED IN LB",LB,"342,000,000"
2017,MONTHLY,OCT,INDIANA,IN,18,"MILK - PRODUCTION, MEASURED IN LB",LB,"352,000,000"
2017,MONTHLY,OCT THRU DEC,INDIANA,IN,18,"MILK - PRODUCTION, MEASURED IN LB",LB,"1,049,000,000"
2017,MONTHLY,SEP,INDIANA,IN,18,"MILK - PRODUCTION, MEASURED IN LB",LB,"338,000,000"
2017,MONTHLY,APR,KANSAS,KS,20,"MILK - PRODUCTION, MEASURED IN LB",LB,"297,000,000"
2017,MONTHLY,APR THRU JUN,KANSAS,KS,20,"MILK - PRODUCTION, MEASURED IN LB",LB,"869,000,000"
2017,MONTHLY,AUG,KANSAS,KS,20,"MILK - PRODUCTION, MEASURED IN LB",LB,"292,000,000"
2017,MONTHLY,DEC,KANSAS,KS,20,"MILK - PRODUCTION, MEASURED IN LB",LB,"304,000,000"
2017,MONTHLY,FEB,KANSAS,KS,20,"MILK - PRODUCTION, MEASURED IN LB",LB,"273,000,000"
2017,MONTHLY,JAN,KANSAS,KS,20,"MILK - PRODUCTION, MEASURED IN LB",LB,"292,000,000"
2017,MONTHLY,JAN THRU MAR,KANSAS,KS,20,"MILK - PRODUCTION, MEASURED IN LB",LB,"876,000,000"
2017,MONTHLY,JUL,KANSAS,KS,20,"MILK - PRODUCTION, MEASURED IN LB",LB,"290,000,000"
2017,MONTHLY,JUL THRU SEP,KANSAS,KS,20,"MILK - PRODUCTION, MEASURED IN LB",LB,"868,000,000"
2017,MONTHLY,JUN,KANSAS,KS,20,"MILK - PRODUCTION, MEASURED IN LB",LB,"282,000,000"
2017,MONTHLY,MAR,KANSAS,KS,20,"MILK - PRODUCTION, MEASURED IN LB",LB,"311,000,000"
2017,MONTHLY,MAY,KANSAS,KS,20,"MILK - PRODUCTION, MEASURED IN LB",LB,"290,000,000"
2017,MONTHLY,NOV,KANSAS,KS,20,"MILK - PRODUCTION, MEASURED IN LB",LB,"288,000,000"
2017,MONTHLY,OCT,KANSAS,KS,20,"MILK - PRODUCTION, MEASURED IN LB",LB,"294,000,000"
2017,MONTHLY,OCT THRU DEC,KANSAS,KS,20,"MILK - PRODUCTION, MEASURED IN LB",LB,"886,000,000"
2017,MONTHLY,SEP,KANSAS,KS,20,"MILK - PRODUCTION, MEASURED IN LB",LB,"286,000,000"
2017,MONTHLY,APR THRU JUN,KENTUCKY,KY,21,"MILK - PRODUCTION, MEASURED IN LB",LB,"277,000,000"
2017,MONTHLY,JAN THRU MAR,KENTUCKY,KY,21,"MILK - PRODUCTION, MEASURED IN LB",LB,"271,000,000"
2017,MONTHLY,JUL THRU SEP,KENTUCKY,KY,21,"MILK - PRODUCTION, MEASURED IN LB",LB,"237,000,000"
2017,MONTHLY,OCT THRU DEC,KENTUCKY,KY,21,"MILK - PRODUCTION, MEASURED IN LB",LB,"257,000,000"
2017,MONTHLY,APR THRU JUN,LOUISIANA,LA,22,"MILK - PRODUCTION, MEASURED IN LB",LB,"44,000,000"
2017,MONTHLY,JAN THRU MAR,LOUISIANA,LA,22,"MILK - PRODUCTION, MEASURED IN LB",LB,"47,000,000"
2017,MONTHLY,JUL THRU SEP,LOUISIANA,LA,22,"MILK - PRODUCTION, MEASURED IN LB",LB,"33,000,000"
2017,MONTHLY,OCT THRU DEC,LOUISIANA,LA,22,"MILK - PRODUCTION, MEASURED IN LB",LB,"37,000,000"
2017,MONTHLY,APR THRU JUN,MASSACHUSETTS,MA,25,"MILK - PRODUCTION, MEASURED IN LB",LB,"55,000,000"
2017,MONTHLY,JAN THRU MAR,MASSACHUSETTS,MA,25,"MILK - PRODUCTION, MEASURED IN LB",LB,"54,000,000"
2017,MONTHLY,JUL THRU SEP,MASSACHUSETTS,MA,25,"MILK - PRODUCTION, MEASURED IN LB",LB,"52,000,000"
2017,MONTHLY,OCT THRU DEC,MASSACHUSETTS,MA,25,"MILK - PRODUCTION, MEASURED IN LB",LB,"50,000,000"
2017,MONTHLY,APR THRU JUN,MARYLAND,MD,24,"MILK - PRODUCTION, MEASURED IN LB",LB,"248,000,000"
2017,MONTHLY,JAN THRU MAR,MARYLAND,MD,24,"MILK - PRODUCTION, MEASURED IN LB",LB,"248,000,000"
2017,MONTHLY,JUL THRU SEP,MARYLAND,MD,24,"MILK - PRODUCTION, MEASURED IN LB",LB,"227,000,000"
2017,MONTHLY,OCT THRU DEC,MARYLAND,MD,24,"MILK - PRODUCTION, MEASURED IN LB",LB,"233,000,000"
2017,MONTHLY,APR THRU JUN,MAINE,ME,23,"MILK - PRODUCTION, MEASURED IN LB",LB,"163,000,000"
2017,MONTHLY,JAN THRU MAR,MAINE,ME,23,"MILK - PRODUCTION, MEASURED IN LB",LB,"155,000,000"
2017,MONTHLY,JUL THRU SEP,MAINE,ME,23,"MILK - PRODUCTION, MEASURED IN LB",LB,"159,000,000"
2017,MONTHLY,OCT THRU DEC,MAINE,ME,23,"MILK - PRODUCTION, MEASURED IN LB",LB,"153,000,000"
2017,MONTHLY,APR,MICHIGAN,MI,26,"MILK - PRODUCTION, MEASURED IN LB",LB,"948,000,000"
2017,MONTHLY,APR THRU JUN,MICHIGAN,MI,26,"MILK - PRODUCTION, MEASURED IN LB",LB,"2,885,000,000"
2017,MONTHLY,AUG,MICHIGAN,MI,26,"MILK - PRODUCTION, MEASURED IN LB",LB,"954,000,000"
2017,MONTHLY,DEC,MICHIGAN,MI,26,"MILK - PRODUCTION, MEASURED IN LB",LB,"933,000,000"
2017,MONTHLY,FEB,MICHIGAN,MI,26,"MILK - PRODUCTION, MEASURED IN LB",LB,"863,000,000"
2017,MONTHLY,JAN,MICHIGAN,MI,26,"MILK - PRODUCTION, MEASURED IN LB",LB,"931,000,000"
2017,MONTHLY,JAN THRU MAR,MICHIGAN,MI,26,"MILK - PRODUCTION, MEASURED IN LB",LB,"2,757,000,000"
2017,MONTHLY,JUL,MICHIGAN,MI,26,"MILK - PRODUCTION, MEASURED IN LB",LB,"963,000,000"
2017,MONTHLY,JUL THRU SEP,MICHIGAN,MI,26,"MILK - PRODUCTION, MEASURED IN LB",LB,"2,816,000,000"
2017,MONTHLY,JUN,MICHIGAN,MI,26,"MILK - PRODUCTION, MEASURED IN LB",LB,"948,000,000"
2017,MONTHLY,MAR,MICHIGAN,MI,26,"MILK - PRODUCTION, MEASURED IN LB",LB,"963,000,000"
2017,MONTHLY,MAY,MICHIGAN,MI,26,"MILK - PRODUCTION, MEASURED IN LB",LB,"989,000,000"
2017,MONTHLY,NOV,MICHIGAN,MI,26,"MILK - PRODUCTION, MEASURED IN LB",LB,"905,000,000"
2017,MONTHLY,OCT,MICHIGAN,MI,26,"MILK - PRODUCTION, MEASURED IN LB",LB,"935,000,000"
2017,MONTHLY,OCT THRU DEC,MICHIGAN,MI,26,"MILK - PRODUCTION, MEASURED IN LB",LB,"2,773,000,000"
2017,MONTHLY,SEP,MICHIGAN,MI,26,"MILK - PRODUCTION, MEASURED IN LB",LB,"899,000,000"
2017,MONTHLY,APR,MINNESOTA,MN,27,"MILK - PRODUCTION, MEASURED IN LB",LB,"831,000,000"
2017,MONTHLY,APR THRU JUN,MINNESOTA,MN,27,"MILK - PRODUCTION, MEASURED IN LB",LB,"2,516,000,000"
2017,MONTHLY,AUG,MINNESOTA,MN,27,"MILK - PRODUCTION, MEASURED IN LB",LB,"838,000,000"
2017,MONTHLY,DEC,MINNESOTA,MN,27,"MILK - PRODUCTION, MEASURED IN LB",LB,"828,000,000"
2017,MONTHLY,FEB,MINNESOTA,MN,27,"MILK - PRODUCTION, MEASURED IN LB",LB,"764,000,000"
2017,MONTHLY,JAN,MINNESOTA,MN,27,"MILK - PRODUCTION, MEASURED IN LB",LB,"830,000,000"
2017,MONTHLY,JAN THRU MAR,MINNESOTA,MN,27,"MILK - PRODUCTION, MEASURED IN LB",LB,"2,445,000,000"
2017,MONTHLY,JUL,MINNESOTA,MN,27,"MILK - PRODUCTION, MEASURED IN LB",LB,"840,000,000"
2017,MONTHLY,JUL THRU SEP,MINNESOTA,MN,27,"MILK - PRODUCTION, MEASURED IN LB",LB,"2,473,000,000"
2017,MONTHLY,JUN,MINNESOTA,MN,27,"MILK - PRODUCTION, MEASURED IN LB",LB,"827,000,000"
2017,MONTHLY,MAR,MINNESOTA,MN,27,"MILK - PRODUCTION, MEASURED IN LB",LB,"851,000,000"
2017,MONTHLY,MAY,MINNESOTA,MN,27,"MILK - PRODUCTION, MEASURED IN LB",LB,"858,000,000"
2017,MONTHLY,NOV,MINNESOTA,MN,27,"MILK - PRODUCTION, MEASURED IN LB",LB,"787,000,000"
2017,MONTHLY,OCT,MINNESOTA,MN,27,"MILK - PRODUCTION, MEASURED IN LB",LB,"818,000,000"
2017,MONTHLY,OCT THRU DEC,MINNESOTA,MN,27,"MILK - PRODUCTION, MEASURED IN LB",LB,"2,433,000,000"
2017,MONTHLY,SEP,MINNESOTA,MN,27,"MILK - PRODUCTION, MEASURED IN LB",LB,"795,000,000"
2017,MONTHLY,APR THRU JUN,MISSOURI,MO,29,"MILK - PRODUCTION, MEASURED IN LB",LB,"345,000,000"
2017,MONTHLY,JAN THRU MAR,MISSOURI,MO,29,"MILK - PRODUCTION, MEASURED IN LB",LB,"318,000,000"
2017,MONTHLY,JUL THRU SEP,MISSOURI,MO,29,"MILK - PRODUCTION, MEASURED IN LB",LB,"286,000,000"
2017,MONTHLY,OCT THRU DEC,MISSOURI,MO,29,"MILK - PRODUCTION, MEASURED IN LB",LB,"292,000,000"
2017,MONTHLY,APR THRU JUN,MISSISSIPPI,MS,28,"MILK - PRODUCTION, MEASURED IN LB",LB,"38,000,000"
2017,MONTHLY,JAN THRU MAR,MISSISSIPPI,MS,28,"MILK - PRODUCTION, MEASURED IN LB",LB,"40,000,000"
2017,MONTHLY,JUL THRU SEP,MISSISSIPPI,MS,28,"MILK - PRODUCTION, MEASURED IN LB",LB,"29,000,000"
2017,MONTHLY,OCT THRU DEC,MISSISSIPPI,MS,28,"MILK - PRODUCTION, MEASURED IN LB",LB,"30,000,000"
2017,MONTHLY,APR THRU JUN,MONTANA,MT,30,"MILK - PRODUCTION, MEASURED IN LB",LB,"73,000,000"
2017,MONTHLY,JAN THRU MAR,MONTANA,MT,30,"MILK - PRODUCTION, MEASURED IN LB",LB,"71,000,000"
2017,MONTHLY,JUL THRU SEP,MONTANA,MT,30,"MILK - PRODUCTION, MEASURED IN LB",LB,"73,000,000"
2017,MONTHLY,OCT THRU DEC,MONTANA,MT,30,"MILK - PRODUCTION, MEASURED IN LB",LB,"71,000,000"
2017,MONTHLY,APR THRU JUN,NORTH CAROLINA,NC,37,"MILK - PRODUCTION, MEASURED IN LB",LB,"247,000,000"
2017,MONTHLY,JAN THRU MAR,NORTH CAROLINA,NC,37,"MILK - PRODUCTION, MEASURED IN LB",LB,"251,000,000"
2017,MONTHLY,JUL THRU SEP,NORTH CAROLINA,NC,37,"MILK - PRODUCTION, MEASURED IN LB",LB,"220,000,000"
2017,MONTHLY,OCT THRU DEC,NORTH CAROLINA,NC,37,"MILK - PRODUCTION, MEASURED IN LB",LB,"234,000,000"
2017,MONTHLY,APR THRU JUN,NORTH DAKOTA,ND,38,"MILK - PRODUCTION, MEASURED IN LB",LB,"89,000,000"
2017,MONTHLY,JAN THRU MAR,NORTH DAKOTA,ND,38,"MILK - PRODUCTION, MEASURED IN LB",LB,"83,000,000"
2017,MONTHLY,JUL THRU SEP,NORTH DAKOTA,ND,38,"MILK - PRODUCTION, MEASURED IN LB",LB,"88,000,000"
2017,MONTHLY,OCT THRU DEC,NORTH DAKOTA,ND,38,"MILK - PRODUCTION, MEASURED IN LB",LB,"85,000,000"
2017,MONTHLY,APR THRU JUN,NEBRASKA,NE,31,"MILK - PRODUCTION, MEASURED IN LB",LB,"362,000,000"
2017,MONTHLY,JAN THRU MAR,NEBRASKA,NE,31,"MILK - PRODUCTION, MEASURED IN LB",LB,"355,000,000"
2017,MONTHLY,JUL THRU SEP,NEBRASKA,NE,31,"MILK - PRODUCTION, MEASURED IN LB",LB,"361,000,000"
2017,MONTHLY,OCT THRU DEC,NEBRASKA,NE,31,"MILK - PRODUCTION, MEASURED IN LB",LB,"366,000,000"
2017,MONTHLY,APR THRU JUN,NEW HAMPSHIRE,NH,33,"MILK - PRODUCTION, MEASURED IN LB",LB,"72,000,000"
2017,MONTHLY,JAN THRU MAR,NEW HAMPSHIRE,NH,33,"MILK - PRODUCTION, MEASURED IN LB",LB,"72,000,000"
2017,MONTHLY,JUL THRU SEP,NEW HAMPSHIRE,NH,33,"MILK - PRODUCTION, MEASURED IN LB",LB,"65,000,000"
2017,MONTHLY,OCT THRU DEC,NEW HAMPSHIRE,NH,33,"MILK - PRODUCTION, MEASURED IN LB",LB,"64,000,000"
2017,MONTHLY,APR THRU JUN,NEW JERSEY,NJ,34,"MILK - PRODUCTION, MEASURED IN LB",LB,"31,000,000"
2017,MONTHLY,JAN THRU MAR,NEW JERSEY,NJ,34,"MILK - PRODUCTION, MEASURED IN LB",LB,"31,000,000"
2017,MONTHLY,JUL THRU SEP,NEW JERSEY,NJ,34,"MILK - PRODUCTION, MEASURED IN LB",LB,"28,000,000"
2017,MONTHLY,OCT THRU DEC,NEW JERSEY,NJ,34,"MILK - PRODUCTION, MEASURED IN LB",LB,"29,000,000"
2017,MONTHLY,APR,NEW MEXICO,NM,35,"MILK - PRODUCTION, MEASURED IN LB",LB,"705,000,000"
2017,MONTHLY,APR THRU JUN,NEW MEXICO,NM,35,"MILK - PRODUCTION, MEASURED IN LB",LB,"2,128,000,000"
2017,MONTHLY,AUG,NEW MEXICO,NM,35,"MILK - PRODUCTION, MEASURED IN LB",LB,"684,000,000"
2017,MONTHLY,DEC,NEW MEXICO,NM,35,"MILK - PRODUCTION, MEASURED IN LB",LB,"689,000,000"
2017,MONTHLY,FEB,NEW MEXICO,NM,35,"MILK - PRODUCTION, MEASURED IN LB",LB,"637,000,000"
2017,MONTHLY,JAN,NEW MEXICO,NM,35,"MILK - PRODUCTION, MEASURED IN LB",LB,"679,000,000"
2017,MONTHLY,JAN THRU MAR,NEW MEXICO,NM,35,"MILK - PRODUCTION, MEASURED IN LB",LB,"2,042,000,000"
2017,MONTHLY,JUL,NEW MEXICO,NM,35,"MILK - PRODUCTION, MEASURED IN LB",LB,"706,000,000"
2017,MONTHLY,JUL THRU SEP,NEW MEXICO,NM,35,"MILK - PRODUCTION, MEASURED IN LB",LB,"2,040,000,000"
2017,MONTHLY,JUN,NEW MEXICO,NM,35,"MILK - PRODUCTION, MEASURED IN LB",LB,"696,000,000"
2017,MONTHLY,MAR,NEW MEXICO,NM,35,"MILK - PRODUCTION, MEASURED IN LB",LB,"726,000,000"
2017,MONTHLY,MAY,NEW MEXICO,NM,35,"MILK - PRODUCTION, MEASURED IN LB",LB,"727,000,000"
2017,MONTHLY,NOV,NEW MEXICO,NM,35,"MILK - PRODUCTION, MEASURED IN LB",LB,"655,000,000"
2017,MONTHLY,OCT,NEW MEXICO,NM,35,"MILK - PRODUCTION, MEASURED IN LB",LB,"658,000,000"
2017,MONTHLY,OCT THRU DEC,NEW MEXICO,NM,35,"MILK - PRODUCTION, MEASURED IN LB",LB,"2,002,000,000"
2017,MONTHLY,SEP,NEW MEXICO,NM,35,"MILK - PRODUCTION, MEASURED IN LB",LB,"650,000,000"
2017,MONTHLY,APR THRU JUN,NEVADA,NV,32,"MILK - PRODUCTION, MEASURED IN LB",LB,"181,000,000"
2017,MONTHLY,JAN THRU MAR,NEVADA,NV,32,"MILK - PRODUCTION, MEASURED IN LB",LB,"165,000,000"
2017,MONTHLY,JUL THRU SEP,NEVADA,NV,32,"MILK - PRODUCTION, MEASURED IN LB",LB,"182,000,000"
2017,MONTHLY,OCT THRU DEC,NEVADA,NV,32,"MILK - PRODUCTION, MEASURED IN LB",LB,"181,000,000"
2017,MONTHLY,APR,NEW YORK,NY,36,"MILK - PRODUCTION, MEASURED IN LB",LB,"1,279,000,000"
2017,MONTHLY,APR THRU JUN,NEW YORK,NY,36,"MILK - PRODUCTION, MEASURED IN LB",LB,"3,859,000,000"
2017,MONTHLY,AUG,NEW YORK,NY,36,"MILK - PRODUCTION, MEASURED IN LB",LB,"1,257,000,000"
2017,MONTHLY,DEC,NEW YORK,NY,36,"MILK - PRODUCTION, MEASURED IN LB",LB,"1,222,000,000"
2017,MONTHLY,FEB,NEW YORK,NY,36,"MILK - PRODUCTION, MEASURED IN LB",LB,"1,154,000,000"
2017,MONTHLY,JAN,NEW YORK,NY,36,"MILK - PRODUCTION, MEASURED IN LB",LB,"1,261,000,000"
2017,MONTHLY,JAN THRU MAR,NEW YORK,NY,36,"MILK - PRODUCTION, MEASURED IN LB",LB,"3,698,000,000"
2017,MONTHLY,JUL,NEW YORK,NY,36,"MILK - PRODUCTION, MEASURED IN LB",LB,"1,276,000,000"
2017,MONTHLY,JUL THRU SEP,NEW YORK,NY,36,"MILK - PRODUCTION, MEASURED IN LB",LB,"3,734,000,000"
2017,MONTHLY,JUN,NEW YORK,NY,36,"MILK - PRODUCTION, MEASURED IN LB",LB,"1,257,000,000"
2017,MONTHLY,MAR,NEW YORK,NY,36,"MILK - PRODUCTION, MEASURED IN LB",LB,"1,283,000,000"
2017,MONTHLY,MAY,NEW YORK,NY,36,"MILK - PRODUCTION, MEASURED IN LB",LB,"1,323,000,000"
2017,MONTHLY,NOV,NEW YORK,NY,36,"MILK - PRODUCTION, MEASURED IN LB",LB,"1,184,000,000"
2017,MONTHLY,OCT,NEW YORK,NY,36,"MILK - PRODUCTION, MEASURED IN LB",LB,"1,232,000,000"
2017,MONTHLY,OCT THRU DEC,NEW YORK,NY,36,"MILK - PRODUCTION, MEASURED IN LB",LB,"3,638,000,000"
2017,MONTHLY,SEP,NEW YORK,NY,36,"MILK - PRODUCTION, MEASURED IN LB",LB,"1,201,000,000"
2017,MONTHLY,APR,OHIO,OH,39,"MILK - PRODUCTION, MEASURED IN LB",LB,"488,000,000"
2017,MONTHLY,APR THRU JUN,OHIO,OH,39,"MILK - PRODUCTION, MEASURED IN LB",LB,"1,467,000,000"
2017,MONTHLY,AUG,OHIO,OH,39,"MILK - PRODUCTION, MEASURED IN LB",LB,"465,000,000"
2017,MONTHLY,DEC,OHIO,OH,39,"MILK - PRODUCTION, MEASURED IN LB",LB,"463,000,000"
2017,MONTHLY,FEB,OHIO,OH,39,"MILK - PRODUCTION, MEASURED IN LB",LB,"438,000,000"
2017,MONTHLY,JAN,OHIO,OH,39,"MILK - PRODUCTION, MEASURED IN LB",LB,"477,000,000"
2017,MONTHLY,JAN THRU MAR,OHIO,OH,39,"MILK - PRODUCTION, MEASURED IN LB",LB,"1,409,000,000"
2017,MONTHLY,JUL,OHIO,OH,39,"MILK - PRODUCTION, MEASURED IN LB",LB,"467,000,000"
2017,MONTHLY,JUL THRU SEP,OHIO,OH,39,"MILK - PRODUCTION, MEASURED IN LB",LB,"1,376,000,000"
2017,MONTHLY,JUN,OHIO,OH,39,"MILK - PRODUCTION, MEASURED IN LB",LB,"473,000,000"
2017,MONTHLY,MAR,OHIO,OH,39,"MILK - PRODUCTION, MEASURED IN LB",LB,"494,000,000"
2017,MONTHLY,MAY,OHIO,OH,39,"MILK - PRODUCTION, MEASURED IN LB",LB,"506,000,000"
2017,MONTHLY,NOV,OHIO,OH,39,"MILK - PRODUCTION, MEASURED IN LB",LB,"447,000,000"
2017,MONTHLY,OCT,OHIO,OH,39,"MILK - PRODUCTION, MEASURED IN LB",LB,"457,000,000"
2017,MONTHLY,OCT THRU DEC,OHIO,OH,39,"MILK - PRODUCTION, MEASURED IN LB",LB,"1,367,000,000"
2017,MONTHLY,SEP,OHIO,OH,39,"MILK - PRODUCTION, MEASURED IN LB",LB,"444,000,000"
2017,MONTHLY,APR THRU JUN,OKLAHOMA,OK,40,"MILK - PRODUCTION, MEASURED IN LB",LB,"192,000,000"
2017,MONTHLY,JAN THRU MAR,OKLAHOMA,OK,40,"MILK - PRODUCTION, MEASURED IN LB",LB,"188,000,000"
2017,MONTHLY,JUL THRU SEP,OKLAHOMA,OK,40,"MILK - PRODUCTION, MEASURED IN LB",LB,"170,000,000"
2017,MONTHLY,OCT THRU DEC,OKLAHOMA,OK,40,"MILK - PRODUCTION, MEASURED IN LB",LB,"178,000,000"
2017,MONTHLY,APR,OREGON,OR,41,"MILK - PRODUCTION, MEASURED IN LB",LB,"214,000,000"
2017,MONTHLY,APR THRU JUN,OREGON,OR,41,"MILK - PRODUCTION, MEASURED IN LB",LB,"652,000,000"
2017,MONTHLY,AUG,OREGON,OR,41,"MILK - PRODUCTION, MEASURED IN LB",LB,"213,000,000"
2017,MONTHLY,DEC,OREGON,OR,41,"MILK - PRODUCTION, MEASURED IN LB",LB,"208,000,000"
2017,MONTHLY,FEB,OREGON,OR,41,"MILK - PRODUCTION, MEASURED IN LB",LB,"193,000,000"
2017,MONTHLY,JAN,OREGON,OR,41,"MILK - PRODUCTION, MEASURED IN LB",LB,"209,000,000"
2017,MONTHLY,JAN THRU MAR,OREGON,OR,41,"MILK - PRODUCTION, MEASURED IN LB",LB,"622,000,000"
2017,MONTHLY,JUL,OREGON,OR,41,"MILK - PRODUCTION, MEASURED IN LB",LB,"218,000,000"
2017,MONTHLY,JUL THRU SEP,OREGON,OR,41,"MILK - PRODUCTION, MEASURED IN LB",LB,"637,000,000"
2017,MONTHLY,JUN,OREGON,OR,41,"MILK - PRODUCTION, MEASURED IN LB",LB,"216,000,000"
2017,MONTHLY,MAR,OREGON,OR,41,"MILK - PRODUCTION, MEASURED IN LB",LB,"220,000,000"
2017,MONTHLY,MAY,OREGON,OR,41,"MILK - PRODUCTION, MEASURED IN LB",LB,"222,000,000"
2017,MONTHLY,NOV,OREGON,OR,41,"MILK - PRODUCTION, MEASURED IN LB",LB,"201,000,000"
2017,MONTHLY,OCT,OREGON,OR,41,"MILK - PRODUCTION, MEASURED IN LB",LB,"209,000,000"
2017,MONTHLY,OCT THRU DEC,OREGON,OR,41,"MILK - PRODUCTION, MEASURED IN LB",LB,"618,000,000"
2017,MONTHLY,SEP,OREGON,OR,41,"MILK - PRODUCTION, MEASURED IN LB",LB,"206,000,000"
2017,MONTHLY,APR,PENNSYLVANIA,PA,42,"MILK - PRODUCTION, MEASURED IN LB",LB,"948,000,000"
2017,MONTHLY,APR THRU JUN,PENNSYLVANIA,PA,42,"MILK - PRODUCTION, MEASURED IN LB",LB,"2,820,000,000"
2017,MONTHLY,AUG,PENNSYLVANIA,PA,42,"MILK - PRODUCTION, MEASURED IN LB",LB,"898,000,000"
2017,MONTHLY,DEC,PENNSYLVANIA,PA,42,"MILK - PRODUCTION, MEASURED IN LB",LB,"906,000,000"
2017,MONTHLY,FEB,PENNSYLVANIA,PA,42,"MILK - PRODUCTION, MEASURED IN LB",LB,"858,000,000"
2017,MONTHLY,JAN,PENNSYLVANIA,PA,42,"MILK - PRODUCTION, MEASURED IN LB",LB,"927,000,000"
2017,MONTHLY,JAN THRU MAR,PENNSYLVANIA,PA,42,"MILK - PRODUCTION, MEASURED IN LB",LB,"2,751,000,000"
2017,MONTHLY,JUL,PENNSYLVANIA,PA,42,"MILK - PRODUCTION, MEASURED IN LB",LB,"908,000,000"
2017,MONTHLY,JUL THRU SEP,PENNSYLVANIA,PA,42,"MILK - PRODUCTION, MEASURED IN LB",LB,"2,667,000,000"
2017,MONTHLY,JUN,PENNSYLVANIA,PA,42,"MILK - PRODUCTION, MEASURED IN LB",LB,"906,000,000"
2017,MONTHLY,MAR,PENNSYLVANIA,PA,42,"MILK - PRODUCTION, MEASURED IN LB",LB,"966,000,000"
2017,MONTHLY,MAY,PENNSYLVANIA,PA,42,"MILK - PRODUCTION, MEASURED IN LB",LB,"966,000,000"
2017,MONTHLY,NOV,PENNSYLVANIA,PA,42,"MILK - PRODUCTION, MEASURED IN LB",LB,"864,000,000"
2017,MONTHLY,OCT,PENNSYLVANIA,PA,42,"MILK - PRODUCTION, MEASURED IN LB",LB,"885,000,000"
2017,MONTHLY,OCT THRU DEC,PENNSYLVANIA,PA,42,"MILK - PRODUCTION, MEASURED IN LB",LB,"2,655,000,000"
2017,MONTHLY,SEP,PENNSYLVANIA,PA,42,"MILK - PRODUCTION, MEASURED IN LB",LB,"861,000,000"
2017,MONTHLY,APR THRU JUN,RHODE ISLAND,RI,44,"MILK - PRODUCTION, MEASURED IN LB",LB,"3,300,000"
2017,MONTHLY,JAN THRU MAR,RHODE ISLAND,RI,44,"MILK - PRODUCTION, MEASURED IN LB",LB,"3,100,000"
2017,MONTHLY,JUL THRU SEP,RHODE ISLAND,RI,44,"MILK - PRODUCTION, MEASURED IN LB",LB,"3,400,000"
2017,MONTHLY,OCT THRU DEC,RHODE ISLAND,RI,44,"MILK - PRODUCTION, MEASURED IN LB",LB,"3,200,000"
2017,MONTHLY,APR THRU JUN,SOUTH CAROLINA,SC,45,"MILK - PRODUCTION, MEASURED IN LB",LB,"67,000,000"
2017,MONTHLY,JAN THRU MAR,SOUTH CAROLINA,SC,45,"MILK - PRODUCTION, MEASURED IN LB",LB,"68,000,000"
2017,MONTHLY,JUL THRU SEP,SOUTH CAROLINA,SC,45,"MILK - PRODUCTION, MEASURED IN LB",LB,"54,000,000"
2017,MONTHLY,OCT THRU DEC,SOUTH CAROLINA,SC,45,"MILK - PRODUCTION, MEASURED IN LB",LB,"59,000,000"
2017,MONTHLY,APR,SOUTH DAKOTA,SD,46,"MILK - PRODUCTION, MEASURED IN LB",LB,"217,000,000"
2017,MONTHLY,APR THRU JUN,SOUTH DAKOTA,SD,46,"MILK - PRODUCTION, MEASURED IN LB",LB,"658,000,000"
2017,MONTHLY,AUG,SOUTH DAKOTA,SD,46,"MILK - PRODUCTION, MEASURED IN LB",LB,"226,000,000"
2017,MONTHLY,DEC,SOUTH DAKOTA,SD,46,"MILK - PRODUCTION, MEASURED IN LB",LB,"220,000,000"
2017,MONTHLY,FEB,SOUTH DAKOTA,SD,46,"MILK - PRODUCTION, MEASURED IN LB",LB,"201,000,000"
2017,MONTHLY,JAN,SOUTH DAKOTA,SD,46,"MILK - PRODUCTION, MEASURED IN LB",LB,"220,000,000"
2017,MONTHLY,JAN THRU MAR,SOUTH DAKOTA,SD,46,"MILK - PRODUCTION, MEASURED IN LB",LB,"645,000,000"
2017,MONTHLY,JUL,SOUTH DAKOTA,SD,46,"MILK - PRODUCTION, MEASURED IN LB",LB,"225,000,000"
2017,MONTHLY,JUL THRU SEP,SOUTH DAKOTA,SD,46,"MILK - PRODUCTION, MEASURED IN LB",LB,"666,000,000"
2017,MONTHLY,JUN,SOUTH DAKOTA,SD,46,"MILK - PRODUCTION, MEASURED IN LB",LB,"217,000,000"
2017,MONTHLY,MAR,SOUTH DAKOTA,SD,46,"MILK - PRODUCTION, MEASURED IN LB",LB,"224,000,000"
2017,MONTHLY,MAY,SOUTH DAKOTA,SD,46,"MILK - PRODUCTION, MEASURED IN LB",LB,"224,000,000"
2017,MONTHLY,NOV,SOUTH DAKOTA,SD,46,"MILK - PRODUCTION, MEASURED IN LB",LB,"210,000,000"
2017,MONTHLY,OCT,SOUTH DAKOTA,SD,46,"MILK - PRODUCTION, MEASURED IN LB",LB,"219,000,000"
2017,MONTHLY,OCT THRU DEC,SOUTH DAKOTA,SD,46,"MILK - PRODUCTION, MEASURED IN LB",LB,"649,000,000"
2017,MONTHLY,SEP,SOUTH DAKOTA,SD,46,"MILK - PRODUCTION, MEASURED IN LB",LB,"215,000,000"
2017,MONTHLY,APR THRU JUN,TENNESSEE,TN,47,"MILK - PRODUCTION, MEASURED IN LB",LB,"183,000,000"
2017,MONTHLY,JAN THRU MAR,TENNESSEE,TN,47,"MILK - PRODUCTION, MEASURED IN LB",LB,"184,000,000"
2017,MONTHLY,JUL THRU SEP,TENNESSEE,TN,47,"MILK - PRODUCTION, MEASURED IN LB",LB,"158,000,000"
2017,MONTHLY,OCT THRU DEC,TENNESSEE,TN,47,"MILK - PRODUCTION, MEASURED IN LB",LB,"168,000,000"
2017,MONTHLY,APR,TEXAS,TX,48,"MILK - PRODUCTION, MEASURED IN LB",LB,"1,025,000,000"
2017,MONTHLY,APR THRU JUN,TEXAS,TX,48,"MILK - PRODUCTION, MEASURED IN LB",LB,"3,106,000,000"
2017,MONTHLY,AUG,TEXAS,TX,48,"MILK - PRODUCTION, MEASURED IN LB",LB,"1,004,000,000"
2017,MONTHLY,DEC,TEXAS,TX,48,"MILK - PRODUCTION, MEASURED IN LB",LB,"1,030,000,000"
2017,MONTHLY,FEB,TEXAS,TX,48,"MILK - PRODUCTION, MEASURED IN LB",LB,"928,000,000"
2017,MONTHLY,JAN,TEXAS,TX,48,"MILK - PRODUCTION, MEASURED IN LB",LB,"995,000,000"
2017,MONTHLY,JAN THRU MAR,TEXAS,TX,48,"MILK - PRODUCTION, MEASURED IN LB",LB,"2,988,000,000"
2017,MONTHLY,JUL,TEXAS,TX,48,"MILK - PRODUCTION, MEASURED IN LB",LB,"1,025,000,000"
2017,MONTHLY,JUL THRU SEP,TEXAS,TX,48,"MILK - PRODUCTION, MEASURED IN LB",LB,"2,984,000,000"
2017,MONTHLY,JUN,TEXAS,TX,48,"MILK - PRODUCTION, MEASURED IN LB",LB,"1,017,000,000"
2017,MONTHLY,MAR,TEXAS,TX,48,"MILK - PRODUCTION, MEASURED IN LB",LB,"1,065,000,000"
2017,MONTHLY,MAY,TEXAS,TX,48,"MILK - PRODUCTION, MEASURED IN LB",LB,"1,064,000,000"
2017,MONTHLY,NOV,TEXAS,TX,48,"MILK - PRODUCTION, MEASURED IN LB",LB,"973,000,000"
2017,MONTHLY,OCT,TEXAS,TX,48,"MILK - PRODUCTION, MEASURED IN LB",LB,"973,000,000"
2017,MONTHLY,OCT THRU DEC,TEXAS,TX,48,"MILK - PRODUCTION, MEASURED IN LB",LB,"2,976,000,000"
2017,MONTHLY,SEP,TEXAS,TX,48,"MILK - PRODUCTION, MEASURED IN LB",LB,"955,000,000"
2017,MONTHLY,APR,US TOTAL,US,99,"MILK - PRODUCTION, MEASURED IN LB",LB,"18,357,000,000"
2017,MONTHLY,APR THRU JUN,US TOTAL,US,99,"MILK - PRODUCTION, MEASURED IN LB",LB,"55,388,000,000"
2017,MONTHLY,AUG,US TOTAL,US,99,"MILK - PRODUCTION, MEASURED IN LB",LB,"18,037,000,000"
2017,MONTHLY,DEC,US TOTAL,US,99,"MILK - PRODUCTION, MEASURED IN LB",LB,"18,075,000,000"
2017,MONTHLY,FEB,US TOTAL,US,99,"MILK - PRODUCTION, MEASURED IN LB",LB,"16,698,000,000"
2017,MONTHLY,JAN,US TOTAL,US,99,"MILK - PRODUCTION, MEASURED IN LB",LB,"18,140,000,000"
2017,MONTHLY,JAN THRU MAR,US TOTAL,US,99,"MILK - PRODUCTION, MEASURED IN LB",LB,"53,596,000,000"
2017,MONTHLY,JUL,US TOTAL,US,99,"MILK - PRODUCTION, MEASURED IN LB",LB,"18,270,000,000"
2017,MONTHLY,JUL THRU SEP,US TOTAL,US,99,"MILK - PRODUCTION, MEASURED IN LB",LB,"53,438,000,000"
2017,MONTHLY,JUN,US TOTAL,US,99,"MILK - PRODUCTION, MEASURED IN LB",LB,"18,073,000,000"
2017,MONTHLY,MAR,US TOTAL,US,99,"MILK - PRODUCTION, MEASURED IN LB",LB,"18,758,000,000"
2017,MONTHLY,MAY,US TOTAL,US,99,"MILK - PRODUCTION, MEASURED IN LB",LB,"18,958,000,000"
2017,MONTHLY,NOV,US TOTAL,US,99,"MILK - PRODUCTION, MEASURED IN LB",LB,"17,265,000,000"
2017,MONTHLY,OCT,US TOTAL,US,99,"MILK - PRODUCTION, MEASURED IN LB",LB,"17,765,000,000"
2017,MONTHLY,OCT THRU DEC,US TOTAL,US,99,"MILK - PRODUCTION, MEASURED IN LB",LB,"53,105,000,000"
2017,MONTHLY,SEP,US TOTAL,US,99,"MILK - PRODUCTION, MEASURED IN LB",LB,"17,131,000,000"
2017,MONTHLY,APR,UTAH,UT,49,"MILK - PRODUCTION, MEASURED IN LB",LB,"182,000,000"
2017,MONTHLY,APR THRU JUN,UTAH,UT,49,"MILK - PRODUCTION, MEASURED IN LB",LB,"566,000,000"
2017,MONTHLY,AUG,UTAH,UT,49,"MILK - PRODUCTION, MEASURED IN LB",LB,"195,000,000"
2017,MONTHLY,DEC,UTAH,UT,49,"MILK - PRODUCTION, MEASURED IN LB",LB,"188,000,000"
2017,MONTHLY,FEB,UTAH,UT,49,"MILK - PRODUCTION, MEASURED IN LB",LB,"159,000,000"
2017,MONTHLY,JAN,UTAH,UT,49,"MILK - PRODUCTION, MEASURED IN LB",LB,"175,000,000"
2017,MONTHLY,JAN THRU MAR,UTAH,UT,49,"MILK - PRODUCTION, MEASURED IN LB",LB,"517,000,000"
2017,MONTHLY,JUL,UTAH,UT,49,"MILK - PRODUCTION, MEASURED IN LB",LB,"195,000,000"
2017,MONTHLY,JUL THRU SEP,UTAH,UT,49,"MILK - PRODUCTION, MEASURED IN LB",LB,"575,000,000"
2017,MONTHLY,JUN,UTAH,UT,49,"MILK - PRODUCTION, MEASURED IN LB",LB,"190,000,000"
2017,MONTHLY,MAR,UTAH,UT,49,"MILK - PRODUCTION, MEASURED IN LB",LB,"183,000,000"
2017,MONTHLY,MAY,UTAH,UT,49,"MILK - PRODUCTION, MEASURED IN LB",LB,"194,000,000"
2017,MONTHLY,NOV,UTAH,UT,49,"MILK - PRODUCTION, MEASURED IN LB",LB,"182,000,000"
2017,MONTHLY,OCT,UTAH,UT,49,"MILK - PRODUCTION, MEASURED IN LB",LB,"187,000,000"
2017,MONTHLY,OCT THRU DEC,UTAH,UT,49,"MILK - PRODUCTION, MEASURED IN LB",LB,"557,000,000"
2017,MONTHLY,SEP,UTAH,UT,49,"MILK - PRODUCTION, MEASURED IN LB",LB,"185,000,000"
2017,MONTHLY,APR,VIRGINIA,VA,51,"MILK - PRODUCTION, MEASURED IN LB",LB,"154,000,000"
2017,MONTHLY,APR THRU JUN,VIRGINIA,VA,51,"MILK - PRODUCTION, MEASURED IN LB",LB,"449,000,000"
2017,MONTHLY,AUG,VIRGINIA,VA,51,"MILK - PRODUCTION, MEASURED IN LB",LB,"140,000,000"
2017,MONTHLY,DEC,VIRGINIA,VA,51,"MILK - PRODUCTION, MEASURED IN LB",LB,"146,000,000"
2017,MONTHLY,FEB,VIRGINIA,VA,51,"MILK - PRODUCTION, MEASURED IN LB",LB,"138,000,000"
2017,MONTHLY,JAN,VIRGINIA,VA,51,"MILK - PRODUCTION, MEASURED IN LB",LB,"148,000,000"
2017,MONTHLY,JAN THRU MAR,VIRGINIA,VA,51,"MILK - PRODUCTION, MEASURED IN LB",LB,"442,000,000"
2017,MONTHLY,JUL,VIRGINIA,VA,51,"MILK - PRODUCTION, MEASURED IN LB",LB,"140,000,000"
2017,MONTHLY,JUL THRU SEP,VIRGINIA,VA,51,"MILK - PRODUCTION, MEASURED IN LB",LB,"417,000,000"
2017,MONTHLY,JUN,VIRGINIA,VA,51,"MILK - PRODUCTION, MEASURED IN LB",LB,"141,000,000"
2017,MONTHLY,MAR,VIRGINIA,VA,51,"MILK - PRODUCTION, MEASURED IN LB",LB,"156,000,000"
2017,MONTHLY,MAY,VIRGINIA,VA,51,"MILK - PRODUCTION, MEASURED IN LB",LB,"154,000,000"
2017,MONTHLY,NOV,VIRGINIA,VA,51,"MILK - PRODUCTION, MEASURED IN LB",LB,"140,000,000"
2017,MONTHLY,OCT,VIRGINIA,VA,51,"MILK - PRODUCTION, MEASURED IN LB",LB,"142,000,000"
2017,MONTHLY,OCT THRU DEC,VIRGINIA,VA,51,"MILK - PRODUCTION, MEASURED IN LB",LB,"428,000,000"
2017,MONTHLY,SEP,VIRGINIA,VA,51,"MILK - PRODUCTION, MEASURED IN LB",LB,"137,000,000"
2017,MONTHLY,APR,VERMONT,VT,50,"MILK - PRODUCTION, MEASURED IN LB",LB,"230,000,000"
2017,MONTHLY,APR THRU JUN,VERMONT,VT,50,"MILK - PRODUCTION, MEASURED IN LB",LB,"698,000,000"
2017,MONTHLY,AUG,VERMONT,VT,50,"MILK - PRODUCTION, MEASURED IN LB",LB,"229,000,000"
2017,MONTHLY,DEC,VERMONT,VT,50,"MILK - PRODUCTION, MEASURED IN LB",LB,"227,000,000"
2017,MONTHLY,FEB,VERMONT,VT,50,"MILK - PRODUCTION, MEASURED IN LB",LB,"212,000,000"
2017,MONTHLY,JAN,VERMONT,VT,50,"MILK - PRODUCTION, MEASURED IN LB",LB,"233,000,000"
2017,MONTHLY,JAN THRU MAR,VERMONT,VT,50,"MILK - PRODUCTION, MEASURED IN LB",LB,"680,000,000"
2017,MONTHLY,JUL,VERMONT,VT,50,"MILK - PRODUCTION, MEASURED IN LB",LB,"232,000,000"
2017,MONTHLY,JUL THRU SEP,VERMONT,VT,50,"MILK - PRODUCTION, MEASURED IN LB",LB,"680,000,000"
2017,MONTHLY,JUN,VERMONT,VT,50,"MILK - PRODUCTION, MEASURED IN LB",LB,"229,000,000"
2017,MONTHLY,MAR,VERMONT,VT,50,"MILK - PRODUCTION, MEASURED IN LB",LB,"235,000,000"
2017,MONTHLY,MAY,VERMONT,VT,50,"MILK - PRODUCTION, MEASURED IN LB",LB,"239,000,000"
2017,MONTHLY,NOV,VERMONT,VT,50,"MILK - PRODUCTION, MEASURED IN LB",LB,"218,000,000"
2017,MONTHLY,OCT,VERMONT,VT,50,"MILK - PRODUCTION, MEASURED IN LB",LB,"226,000,000"
2017,MONTHLY,OCT THRU DEC,VERMONT,VT,50,"MILK - PRODUCTION, MEASURED IN LB",LB,"671,000,000"
2017,MONTHLY,SEP,VERMONT,VT,50,"MILK - PRODUCTION, MEASURED IN LB",LB,"219,000,000"
2017,MONTHLY,APR,WASHINGTON,WA,53,"MILK - PRODUCTION, MEASURED IN LB",LB,"543,000,000"
2017,MONTHLY,APR THRU JUN,WASHINGTON,WA,53,"MILK - PRODUCTION, MEASURED IN LB",LB,"1,664,000,000"
2017,MONTHLY,AUG,WASHINGTON,WA,53,"MILK - PRODUCTION, MEASURED IN LB",LB,"564,000,000"
2017,MONTHLY,DEC,WASHINGTON,WA,53,"MILK - PRODUCTION, MEASURED IN LB",LB,"546,000,000"
2017,MONTHLY,FEB,WASHINGTON,WA,53,"MILK - PRODUCTION, MEASURED IN LB",LB,"492,000,000"
2017,MONTHLY,JAN,WASHINGTON,WA,53,"MILK - PRODUCTION, MEASURED IN LB",LB,"539,000,000"
2017,MONTHLY,JAN THRU MAR,WASHINGTON,WA,53,"MILK - PRODUCTION, MEASURED IN LB",LB,"1,582,000,000"
2017,MONTHLY,JUL,WASHINGTON,WA,53,"MILK - PRODUCTION, MEASURED IN LB",LB,"569,000,000"
2017,MONTHLY,JUL THRU SEP,WASHINGTON,WA,53,"MILK - PRODUCTION, MEASURED IN LB",LB,"1,671,000,000"
2017,MONTHLY,JUN,WASHINGTON,WA,53,"MILK - PRODUCTION, MEASURED IN LB",LB,"553,000,000"
2017,MONTHLY,MAR,WASHINGTON,WA,53,"MILK - PRODUCTION, MEASURED IN LB",LB,"551,000,000"
2017,MONTHLY,MAY,WASHINGTON,WA,53,"MILK - PRODUCTION, MEASURED IN LB",LB,"568,000,000"
2017,MONTHLY,NOV,WASHINGTON,WA,53,"MILK - PRODUCTION, MEASURED IN LB",LB,"521,000,000"
2017,MONTHLY,OCT,WASHINGTON,WA,53,"MILK - PRODUCTION, MEASURED IN LB",LB,"547,000,000"
2017,MONTHLY,OCT THRU DEC,WASHINGTON,WA,53,"MILK - PRODUCTION, MEASURED IN LB",LB,"1,614,000,000"
2017,MONTHLY,SEP,WASHINGTON,WA,53,"MILK - PRODUCTION, MEASURED IN LB",LB,"538,000,000"
2017,MONTHLY,APR,WISCONSIN,WI,55,"MILK - PRODUCTION, MEASURED IN LB",LB,"2,539,000,000"
2017,MONTHLY,APR THRU JUN,WISCONSIN,WI,55,"MILK - PRODUCTION, MEASURED IN LB",LB,"7,697,000,000"
2017,MONTHLY,AUG,WISCONSIN,WI,55,"MILK - PRODUCTION, MEASURED IN LB",LB,"2,588,000,000"
2017,MONTHLY,DEC,WISCONSIN,WI,55,"MILK - PRODUCTION, MEASURED IN LB",LB,"2,539,000,000"
2017,MONTHLY,FEB,WISCONSIN,WI,55,"MILK - PRODUCTION, MEASURED IN LB",LB,"2,330,000,000"
2017,MONTHLY,JAN,WISCONSIN,WI,55,"MILK - PRODUCTION, MEASURED IN LB",LB,"2,534,000,000"
2017,MONTHLY,JAN THRU MAR,WISCONSIN,WI,55,"MILK - PRODUCTION, MEASURED IN LB",LB,"7,469,000,000"
2017,MONTHLY,JUL,WISCONSIN,WI,55,"MILK - PRODUCTION, MEASURED IN LB",LB,"2,588,000,000"
2017,MONTHLY,JUL THRU SEP,WISCONSIN,WI,55,"MILK - PRODUCTION, MEASURED IN LB",LB,"7,641,000,000"
2017,MONTHLY,JUN,WISCONSIN,WI,55,"MILK - PRODUCTION, MEASURED IN LB",LB,"2,530,000,000"
2017,MONTHLY,MAR,WISCONSIN,WI,55,"MILK - PRODUCTION, MEASURED IN LB",LB,"2,605,000,000"
2017,MONTHLY,MAY,WISCONSIN,WI,55,"MILK - PRODUCTION, MEASURED IN LB",LB,"2,628,000,000"
2017,MONTHLY,NOV,WISCONSIN,WI,55,"MILK - PRODUCTION, MEASURED IN LB",LB,"2,439,000,000"
2017,MONTHLY,OCT,WISCONSIN,WI,55,"MILK - PRODUCTION, MEASURED IN LB",LB,"2,548,000,000"
2017,MONTHLY,OCT THRU DEC,WISCONSIN,WI,55,"MILK - PRODUCTION, MEASURED IN LB",LB,"7,526,000,000"
2017,MONTHLY,SEP,WISCONSIN,WI,55,"MILK - PRODUCTION, MEASURED IN LB",LB,"2,465,000,000"
2017,MONTHLY,APR THRU JUN,WEST VIRGINIA,WV,54,"MILK - PRODUCTION, MEASURED IN LB",LB,"34,000,000"
2017,MONTHLY,JAN THRU MAR,WEST VIRGINIA,WV,54,"MILK - PRODUCTION, MEASURED IN LB",LB,"33,000,000"
2017,MONTHLY,JUL THRU SEP,WEST VIRGINIA,WV,54,"MILK - PRODUCTION, MEASURED IN LB",LB,"31,000,000"
2017,MONTHLY,OCT THRU DEC,WEST VIRGINIA,WV,54,"MILK - PRODUCTION, MEASURED IN LB",LB,"29,000,000"
2017,MONTHLY,APR THRU JUN,WYOMING,WY,56,"MILK - PRODUCTION, MEASURED IN LB",LB,"34,800,000"
2017,MONTHLY,JAN THRU MAR,WYOMING,WY,56,"MILK - PRODUCTION, MEASURED IN LB",LB,"34,800,000"
2017,MONTHLY,JUL THRU SEP,WYOMING,WY,56,"MILK - PRODUCTION, MEASURED IN LB",LB,"34,700,000"
2017,MONTHLY,OCT THRU DEC,WYOMING,WY,56,"MILK - PRODUCTION, MEASURED IN LB",LB,"33,900,000"
2018,MONTHLY,APR THRU JUN,ALASKA,AK,02,"MILK - PRODUCTION, MEASURED IN LB",LB,"700,000"
2018,MONTHLY,JAN THRU MAR,ALASKA,AK,02,"MILK - PRODUCTION, MEASURED IN LB",LB,"700,000"
2018,MONTHLY,JUL THRU SEP,ALASKA,AK,02,"MILK - PRODUCTION, MEASURED IN LB",LB,"800,000"
2018,MONTHLY,OCT THRU DEC,ALASKA,AK,02,"MILK - PRODUCTION, MEASURED IN LB",LB,"600,000"
2018,MONTHLY,APR THRU JUN,ALABAMA,AL,01,"MILK - PRODUCTION, MEASURED IN LB",LB,"21,000,000"
2018,MONTHLY,JAN THRU MAR,ALABAMA,AL,01,"MILK - PRODUCTION, MEASURED IN LB",LB,"21,000,000"
2018,MONTHLY,JUL THRU SEP,ALABAMA,AL,01,"MILK - PRODUCTION, MEASURED IN LB",LB,"15,000,000"
2018,MONTHLY,OCT THRU DEC,ALABAMA,AL,01,"MILK - PRODUCTION, MEASURED IN LB",LB,"16,000,000"
2018,MONTHLY,APR THRU JUN,ARKANSAS,AR,05,"MILK - PRODUCTION, MEASURED IN LB",LB,"21,000,000"
2018,MONTHLY,JAN THRU MAR,ARKANSAS,AR,05,"MILK - PRODUCTION, MEASURED IN LB",LB,"21,000,000"
2018,MONTHLY,JUL THRU SEP,ARKANSAS,AR,05,"MILK - PRODUCTION, MEASURED IN LB",LB,"17,000,000"
2018,MONTHLY,OCT THRU DEC,ARKANSAS,AR,05,"MILK - PRODUCTION, MEASURED IN LB",LB,"16,000,000"
2018,MONTHLY,APR,ARIZONA,AZ,04,"MILK - PRODUCTION, MEASURED IN LB",LB,"448,000,000"
2018,MONTHLY,APR THRU JUN,ARIZONA,AZ,04,"MILK - PRODUCTION, MEASURED IN LB",LB,"1,307,000,000"
2018,MONTHLY,AUG,ARIZONA,AZ,04,"MILK - PRODUCTION, MEASURED IN LB",LB,"378,000,000"
2018,MONTHLY,DEC,ARIZONA,AZ,04,"MILK - PRODUCTION, MEASURED IN LB",LB,"423,000,000"
2018,MONTHLY,FEB,ARIZONA,AZ,04,"MILK - PRODUCTION, MEASURED IN LB",LB,"416,000,000"
2018,MONTHLY,JAN,ARIZONA,AZ,04,"MILK - PRODUCTION, MEASURED IN LB",LB,"444,000,000"
2018,MONTHLY,JAN THRU MAR,ARIZONA,AZ,04,"MILK - PRODUCTION, MEASURED IN LB",LB,"1,325,000,000"
2018,MONTHLY,JUL,ARIZONA,AZ,04,"MILK - PRODUCTION, MEASURED IN LB",LB,"390,000,000"
2018,MONTHLY,JUL THRU SEP,ARIZONA,AZ,04,"MILK - PRODUCTION, MEASURED IN LB",LB,"1,138,000,000"
2018,MONTHLY,JUN,ARIZONA,AZ,04,"MILK - PRODUCTION, MEASURED IN LB",LB,"413,000,000"
2018,MONTHLY,MAR,ARIZONA,AZ,04,"MILK - PRODUCTION, MEASURED IN LB",LB,"465,000,000"
2018,MONTHLY,MAY,ARIZONA,AZ,04,"MILK - PRODUCTION, MEASURED IN LB",LB,"446,000,000"
2018,MONTHLY,NOV,ARIZONA,AZ,04,"MILK - PRODUCTION, MEASURED IN LB",LB,"388,000,000"
2018,MONTHLY,OCT,ARIZONA,AZ,04,"MILK - PRODUCTION, MEASURED IN LB",LB,"392,000,000"
2018,MONTHLY,OCT THRU DEC,ARIZONA,AZ,04,"MILK - PRODUCTION, MEASURED IN LB",LB,"1,203,000,000"
2018,MONTHLY,SEP,ARIZONA,AZ,04,"MILK - PRODUCTION, MEASURED IN LB",LB,"370,000,000"
2018,MONTHLY,APR,CALIFORNIA,CA,06,"MILK - PRODUCTION, MEASURED IN LB",LB,"3,453,000,000"
2018,MONTHLY,APR THRU JUN,CALIFORNIA,CA,06,"MILK - PRODUCTION, MEASURED IN LB",LB,"10,289,000,000"
2018,MONTHLY,AUG,CALIFORNIA,CA,06,"MILK - PRODUCTION, MEASURED IN LB",LB,"3,303,000,000"
2018,MONTHLY,DEC,CALIFORNIA,CA,06,"MILK - PRODUCTION, MEASURED IN LB",LB,"3,408,000,000"
2018,MONTHLY,FEB,CALIFORNIA,CA,06,"MILK - PRODUCTION, MEASURED IN LB",LB,"3,233,000,000"
2018,MONTHLY,JAN,CALIFORNIA,CA,06,"MILK - PRODUCTION, MEASURED IN LB",LB,"3,485,000,000"
2018,MONTHLY,JAN THRU MAR,CALIFORNIA,CA,06,"MILK - PRODUCTION, MEASURED IN LB",LB,"10,314,000,000"
2018,MONTHLY,JUL,CALIFORNIA,CA,06,"MILK - PRODUCTION, MEASURED IN LB",LB,"3,295,000,000"
2018,MONTHLY,JUL THRU SEP,CALIFORNIA,CA,06,"MILK - PRODUCTION, MEASURED IN LB",LB,"9,820,000,000"
2018,MONTHLY,JUN,CALIFORNIA,CA,06,"MILK - PRODUCTION, MEASURED IN LB",LB,"3,305,000,000"
2018,MONTHLY,MAR,CALIFORNIA,CA,06,"MILK - PRODUCTION, MEASURED IN LB",LB,"3,596,000,000"
2018,MONTHLY,MAY,CALIFORNIA,CA,06,"MILK - PRODUCTION, MEASURED IN LB",LB,"3,531,000,000"
2018,MONTHLY,NOV,CALIFORNIA,CA,06,"MILK - PRODUCTION, MEASURED IN LB",LB,"3,272,000,000"
2018,MONTHLY,OCT,CALIFORNIA,CA,06,"MILK - PRODUCTION, MEASURED IN LB",LB,"3,317,000,000"
2018,MONTHLY,OCT THRU DEC,CALIFORNIA,CA,06,"MILK - PRODUCTION, MEASURED IN LB",LB,"9,997,000,000"
2018,MONTHLY,SEP,CALIFORNIA,CA,06,"MILK - PRODUCTION, MEASURED IN LB",LB,"3,222,000,000"
2018,MONTHLY,APR,COLORADO,CO,08,"MILK - PRODUCTION, MEASURED IN LB",LB,"378,000,000"
2018,MONTHLY,APR THRU JUN,COLORADO,CO,08,"MILK - PRODUCTION, MEASURED IN LB",LB,"1,152,000,000"
2018,MONTHLY,AUG,COLORADO,CO,08,"MILK - PRODUCTION, MEASURED IN LB",LB,"393,000,000"
2018,MONTHLY,DEC,COLORADO,CO,08,"MILK - PRODUCTION, MEASURED IN LB",LB,"391,000,000"
2018,MONTHLY,FEB,COLORADO,CO,08,"MILK - PRODUCTION, MEASURED IN LB",LB,"337,000,000"
2018,MONTHLY,JAN,COLORADO,CO,08,"MILK - PRODUCTION, MEASURED IN LB",LB,"373,000,000"
2018,MONTHLY,JAN THRU MAR,COLORADO,CO,08,"MILK - PRODUCTION, MEASURED IN LB",LB,"1,096,000,000"
2018,MONTHLY,JUL,COLORADO,CO,08,"MILK - PRODUCTION, MEASURED IN LB",LB,"392,000,000"
2018,MONTHLY,JUL THRU SEP,COLORADO,CO,08,"MILK - PRODUCTION, MEASURED IN LB",LB,"1,161,000,000"
2018,MONTHLY,JUN,COLORADO,CO,08,"MILK - PRODUCTION, MEASURED IN LB",LB,"382,000,000"
2018,MONTHLY,MAR,COLORADO,CO,08,"MILK - PRODUCTION, MEASURED IN LB",LB,"386,000,000"
2018,MONTHLY,MAY,COLORADO,CO,08,"MILK - PRODUCTION, MEASURED IN LB",LB,"392,000,000"
2018,MONTHLY,NOV,COLORADO,CO,08,"MILK - PRODUCTION, MEASURED IN LB",LB,"372,000,000"
2018,MONTHLY,OCT,COLORADO,CO,08,"MILK - PRODUCTION, MEASURED IN LB",LB,"385,000,000"
2018,MONTHLY,OCT THRU DEC,COLORADO,CO,08,"MILK - PRODUCTION, MEASURED IN LB",LB,"1,148,000,000"
2018,MONTHLY,SEP,COLORADO,CO,08,"MILK - PRODUCTION, MEASURED IN LB",LB,"376,000,000"
2018,MONTHLY,APR THRU JUN,CONNECTICUT,CT,09,"MILK - PRODUCTION, MEASURED IN LB",LB,"111,000,000"
2018,MONTHLY,JAN THRU MAR,CONNECTICUT,CT,09,"MILK - PRODUCTION, MEASURED IN LB",LB,"108,000,000"
2018,MONTHLY,JUL THRU SEP,CONNECTICUT,CT,09,"MILK - PRODUCTION, MEASURED IN LB",LB,"104,000,000"
2018,MONTHLY,OCT THRU DEC,CONNECTICUT,CT,09,"MILK - PRODUCTION, MEASURED IN LB",LB,"104,000,000"
2018,MONTHLY,APR THRU JUN,DELAWARE,DE,10,"MILK - PRODUCTION, MEASURED IN LB",LB,"25,100,000"
2018,MONTHLY,JAN THRU MAR,DELAWARE,DE,10,"MILK - PRODUCTION, MEASURED IN LB",LB,"25,200,000"
2018,MONTHLY,JUL THRU SEP,DELAWARE,DE,10,"MILK - PRODUCTION, MEASURED IN LB",LB,"21,100,000"
2018,MONTHLY,OCT THRU DEC,DELAWARE,DE,10,"MILK - PRODUCTION, MEASURED IN LB",LB,"20,100,000"
2018,MONTHLY,APR,FLORIDA,FL,12,"MILK - PRODUCTION, MEASURED IN LB",LB,"217,000,000"
2018,MONTHLY,APR THRU JUN,FLORIDA,FL,12,"MILK - PRODUCTION, MEASURED IN LB",LB,"641,000,000"
2018,MONTHLY,AUG,FLORIDA,FL,12,"MILK - PRODUCTION, MEASURED IN LB",LB,"180,000,000"
2018,MONTHLY,DEC,FLORIDA,FL,12,"MILK - PRODUCTION, MEASURED IN LB",LB,"192,000,000"
2018,MONTHLY,FEB,FLORIDA,FL,12,"MILK - PRODUCTION, MEASURED IN LB",LB,"211,000,000"
2018,MONTHLY,JAN,FLORIDA,FL,12,"MILK - PRODUCTION, MEASURED IN LB",LB,"220,000,000"
2018,MONTHLY,JAN THRU MAR,FLORIDA,FL,12,"MILK - PRODUCTION, MEASURED IN LB",LB,"664,000,000"
2018,MONTHLY,JUL,FLORIDA,FL,12,"MILK - PRODUCTION, MEASURED IN LB",LB,"188,000,000"
2018,MONTHLY,JUL THRU SEP,FLORIDA,FL,12,"MILK - PRODUCTION, MEASURED IN LB",LB,"531,000,000"
2018,MONTHLY,JUN,FLORIDA,FL,12,"MILK - PRODUCTION, MEASURED IN LB",LB,"201,000,000"
2018,MONTHLY,MAR,FLORIDA,FL,12,"MILK - PRODUCTION, MEASURED IN LB",LB,"233,000,000"
2018,MONTHLY,MAY,FLORIDA,FL,12,"MILK - PRODUCTION, MEASURED IN LB",LB,"223,000,000"
2018,MONTHLY,NOV,FLORIDA,FL,12,"MILK - PRODUCTION, MEASURED IN LB",LB,"182,000,000"
2018,MONTHLY,OCT,FLORIDA,FL,12,"MILK - PRODUCTION, MEASURED IN LB",LB,"170,000,000"
2018,MONTHLY,OCT THRU DEC,FLORIDA,FL,12,"MILK - PRODUCTION, MEASURED IN LB",LB,"544,000,000"
2018,MONTHLY,SEP,FLORIDA,FL,12,"MILK - PRODUCTION, MEASURED IN LB",LB,"163,000,000"
2018,MONTHLY,APR,GEORGIA,GA,13,"MILK - PRODUCTION, MEASURED IN LB",LB,"157,000,000"
2018,MONTHLY,APR THRU JUN,GEORGIA,GA,13,"MILK - PRODUCTION, MEASURED IN LB",LB,"454,000,000"
2018,MONTHLY,AUG,GEORGIA,GA,13,"MILK - PRODUCTION, MEASURED IN LB",LB,"139,000,000"
2018,MONTHLY,DEC,GEORGIA,GA,13,"MILK - PRODUCTION, MEASURED IN LB",LB,"147,000,000"
2018,MONTHLY,FEB,GEORGIA,GA,13,"MILK - PRODUCTION, MEASURED IN LB",LB,"150,000,000"
2018,MONTHLY,JAN,GEORGIA,GA,13,"MILK - PRODUCTION, MEASURED IN LB",LB,"161,000,000"
2018,MONTHLY,JAN THRU MAR,GEORGIA,GA,13,"MILK - PRODUCTION, MEASURED IN LB",LB,"479,000,000"
2018,MONTHLY,JUL,GEORGIA,GA,13,"MILK - PRODUCTION, MEASURED IN LB",LB,"143,000,000"
2018,MONTHLY,JUL THRU SEP,GEORGIA,GA,13,"MILK - PRODUCTION, MEASURED IN LB",LB,"411,000,000"
2018,MONTHLY,JUN,GEORGIA,GA,13,"MILK - PRODUCTION, MEASURED IN LB",LB,"141,000,000"
2018,MONTHLY,MAR,GEORGIA,GA,13,"MILK - PRODUCTION, MEASURED IN LB",LB,"168,000,000"
2018,MONTHLY,MAY,GEORGIA,GA,13,"MILK - PRODUCTION, MEASURED IN LB",LB,"156,000,000"
2018,MONTHLY,NOV,GEORGIA,GA,13,"MILK - PRODUCTION, MEASURED IN LB",LB,"140,000,000"
2018,MONTHLY,OCT,GEORGIA,GA,13,"MILK - PRODUCTION, MEASURED IN LB",LB,"135,000,000"
2018,MONTHLY,OCT THRU DEC,GEORGIA,GA,13,"MILK - PRODUCTION, MEASURED IN LB",LB,"422,000,000"
2018,MONTHLY,SEP,GEORGIA,GA,13,"MILK - PRODUCTION, MEASURED IN LB",LB,"129,000,000"
2018,MONTHLY,APR THRU JUN,HAWAII,HI,15,"MILK - PRODUCTION, MEASURED IN LB",LB,"10,600,000"
2018,MONTHLY,JAN THRU MAR,HAWAII,HI,15,"MILK - PRODUCTION, MEASURED IN LB",LB,"10,200,000"
2018,MONTHLY,JUL THRU SEP,HAWAII,HI,15,"MILK - PRODUCTION, MEASURED IN LB",LB,"7,800,000"
2018,MONTHLY,OCT THRU DEC,HAWAII,HI,15,"MILK - PRODUCTION, MEASURED IN LB",LB,"5,300,000"
2018,MONTHLY,APR,IOWA,IA,19,"MILK - PRODUCTION, MEASURED IN LB",LB,"442,000,000"
2018,MONTHLY,APR THRU JUN,IOWA,IA,19,"MILK - PRODUCTION, MEASURED IN LB",LB,"1,330,000,000"
2018,MONTHLY,AUG,IOWA,IA,19,"MILK - PRODUCTION, MEASURED IN LB",LB,"439,000,000"
2018,MONTHLY,DEC,IOWA,IA,19,"MILK - PRODUCTION, MEASURED IN LB",LB,"450,000,000"
2018,MONTHLY,FEB,IOWA,IA,19,"MILK - PRODUCTION, MEASURED IN LB",LB,"409,000,000"
2018,MONTHLY,JAN,IOWA,IA,19,"MILK - PRODUCTION, MEASURED IN LB",LB,"448,000,000"
2018,MONTHLY,JAN THRU MAR,IOWA,IA,19,"MILK - PRODUCTION, MEASURED IN LB",LB,"1,312,000,000"
2018,MONTHLY,JUL,IOWA,IA,19,"MILK - PRODUCTION, MEASURED IN LB",LB,"439,000,000"
2018,MONTHLY,JUL THRU SEP,IOWA,IA,19,"MILK - PRODUCTION, MEASURED IN LB",LB,"1,300,000,000"
2018,MONTHLY,JUN,IOWA,IA,19,"MILK - PRODUCTION, MEASURED IN LB",LB,"435,000,000"
2018,MONTHLY,MAR,IOWA,IA,19,"MILK - PRODUCTION, MEASURED IN LB",LB,"455,000,000"
2018,MONTHLY,MAY,IOWA,IA,19,"MILK - PRODUCTION, MEASURED IN LB",LB,"453,000,000"
2018,MONTHLY,NOV,IOWA,IA,19,"MILK - PRODUCTION, MEASURED IN LB",LB,"432,000,000"
2018,MONTHLY,OCT,IOWA,IA,19,"MILK - PRODUCTION, MEASURED IN LB",LB,"446,000,000"
2018,MONTHLY,OCT THRU DEC,IOWA,IA,19,"MILK - PRODUCTION, MEASURED IN LB",LB,"1,328,000,000"
2018,MONTHLY,SEP,IOWA,IA,19,"MILK - PRODUCTION, MEASURED IN LB",LB,"422,000,000"
2018,MONTHLY,APR,IDAHO,ID,16,"MILK - PRODUCTION, MEASURED IN LB",LB,"1,249,000,000"
2018,MONTHLY,APR THRU JUN,IDAHO,ID,16,"MILK - PRODUCTION, MEASURED IN LB",LB,"3,832,000,000"
2018,MONTHLY,AUG,IDAHO,ID,16,"MILK - PRODUCTION, MEASURED IN LB",LB,"1,321,000,000"
2018,MONTHLY,DEC,IDAHO,ID,16,"MILK - PRODUCTION, MEASURED IN LB",LB,"1,265,000,000"
2018,MONTHLY,FEB,IDAHO,ID,16,"MILK - PRODUCTION, MEASURED IN LB",LB,"1,138,000,000"
2018,MONTHLY,JAN,IDAHO,ID,16,"MILK - PRODUCTION, MEASURED IN LB",LB,"1,252,000,000"
2018,MONTHLY,JAN THRU MAR,IDAHO,ID,16,"MILK - PRODUCTION, MEASURED IN LB",LB,"3,655,000,000"
2018,MONTHLY,JUL,IDAHO,ID,16,"MILK - PRODUCTION, MEASURED IN LB",LB,"1,327,000,000"
2018,MONTHLY,JUL THRU SEP,IDAHO,ID,16,"MILK - PRODUCTION, MEASURED IN LB",LB,"3,895,000,000"
2018,MONTHLY,JUN,IDAHO,ID,16,"MILK - PRODUCTION, MEASURED IN LB",LB,"1,275,000,000"
2018,MONTHLY,MAR,IDAHO,ID,16,"MILK - PRODUCTION, MEASURED IN LB",LB,"1,265,000,000"
2018,MONTHLY,MAY,IDAHO,ID,16,"MILK - PRODUCTION, MEASURED IN LB",LB,"1,308,000,000"
2018,MONTHLY,NOV,IDAHO,ID,16,"MILK - PRODUCTION, MEASURED IN LB",LB,"1,221,000,000"
2018,MONTHLY,OCT,IDAHO,ID,16,"MILK - PRODUCTION, MEASURED IN LB",LB,"1,281,000,000"
2018,MONTHLY,OCT THRU DEC,IDAHO,ID,16,"MILK - PRODUCTION, MEASURED IN LB",LB,"3,767,000,000"
2018,MONTHLY,SEP,IDAHO,ID,16,"MILK - PRODUCTION, MEASURED IN LB",LB,"1,247,000,000"
2018,MONTHLY,APR,ILLINOIS,IL,17,"MILK - PRODUCTION, MEASURED IN LB",LB,"167,000,000"
2018,MONTHLY,APR THRU JUN,ILLINOIS,IL,17,"MILK - PRODUCTION, MEASURED IN LB",LB,"503,000,000"
2018,MONTHLY,AUG,ILLINOIS,IL,17,"MILK - PRODUCTION, MEASURED IN LB",LB,"151,000,000"
2018,MONTHLY,DEC,ILLINOIS,IL,17,"MILK - PRODUCTION, MEASURED IN LB",LB,"150,000,000"
2018,MONTHLY,FEB,ILLINOIS,IL,17,"MILK - PRODUCTION, MEASURED IN LB",LB,"155,000,000"
2018,MONTHLY,JAN,ILLINOIS,IL,17,"MILK - PRODUCTION, MEASURED IN LB",LB,"167,000,000"
2018,MONTHLY,JAN THRU MAR,ILLINOIS,IL,17,"MILK - PRODUCTION, MEASURED IN LB",LB,"496,000,000"
2018,MONTHLY,JUL,ILLINOIS,IL,17,"MILK - PRODUCTION, MEASURED IN LB",LB,"155,000,000"
2018,MONTHLY,JUL THRU SEP,ILLINOIS,IL,17,"MILK - PRODUCTION, MEASURED IN LB",LB,"453,000,000"
2018,MONTHLY,JUN,ILLINOIS,IL,17,"MILK - PRODUCTION, MEASURED IN LB",LB,"160,000,000"
2018,MONTHLY,MAR,ILLINOIS,IL,17,"MILK - PRODUCTION, MEASURED IN LB",LB,"174,000,000"
2018,MONTHLY,MAY,ILLINOIS,IL,17,"MILK - PRODUCTION, MEASURED IN LB",LB,"176,000,000"
2018,MONTHLY,NOV,ILLINOIS,IL,17,"MILK - PRODUCTION, MEASURED IN LB",LB,"141,000,000"
2018,MONTHLY,OCT,ILLINOIS,IL,17,"MILK - PRODUCTION, MEASURED IN LB",LB,"144,000,000"
2018,MONTHLY,OCT THRU DEC,ILLINOIS,IL,17,"MILK - PRODUCTION, MEASURED IN LB",LB,"435,000,000"
2018,MONTHLY,SEP,ILLINOIS,IL,17,"MILK - PRODUCTION, MEASURED IN LB",LB,"147,000,000"
2018,MONTHLY,APR,INDIANA,IN,18,"MILK - PRODUCTION, MEASURED IN LB",LB,"361,000,000"
2018,MONTHLY,APR THRU JUN,INDIANA,IN,18,"MILK - PRODUCTION, MEASURED IN LB",LB,"1,076,000,000"
2018,MONTHLY,AUG,INDIANA,IN,18,"MILK - PRODUCTION, MEASURED IN LB",LB,"348,000,000"
2018,MONTHLY,DEC,INDIANA,IN,18,"MILK - PRODUCTION, MEASURED IN LB",LB,"346,000,000"
2018,MONTHLY,FEB,INDIANA,IN,18,"MILK - PRODUCTION, MEASURED IN LB",LB,"327,000,000"
2018,MONTHLY,JAN,INDIANA,IN,18,"MILK - PRODUCTION, MEASURED IN LB",LB,"358,000,000"
2018,MONTHLY,JAN THRU MAR,INDIANA,IN,18,"MILK - PRODUCTION, MEASURED IN LB",LB,"1,052,000,000"
2018,MONTHLY,JUL,INDIANA,IN,18,"MILK - PRODUCTION, MEASURED IN LB",LB,"348,000,000"
2018,MONTHLY,JUL THRU SEP,INDIANA,IN,18,"MILK - PRODUCTION, MEASURED IN LB",LB,"1,020,000,000"
2018,MONTHLY,JUN,INDIANA,IN,18,"MILK - PRODUCTION, MEASURED IN LB",LB,"347,000,000"
2018,MONTHLY,MAR,INDIANA,IN,18,"MILK - PRODUCTION, MEASURED IN LB",LB,"367,000,000"
2018,MONTHLY,MAY,INDIANA,IN,18,"MILK - PRODUCTION, MEASURED IN LB",LB,"368,000,000"
2018,MONTHLY,NOV,INDIANA,IN,18,"MILK - PRODUCTION, MEASURED IN LB",LB,"330,000,000"
2018,MONTHLY,OCT,INDIANA,IN,18,"MILK - PRODUCTION, MEASURED IN LB",LB,"340,000,000"
2018,MONTHLY,OCT THRU DEC,INDIANA,IN,18,"MILK - PRODUCTION, MEASURED IN LB",LB,"1,016,000,000"
2018,MONTHLY,SEP,INDIANA,IN,18,"MILK - PRODUCTION, MEASURED IN LB",LB,"324,000,000"
2018,MONTHLY,APR,KANSAS,KS,20,"MILK - PRODUCTION, MEASURED IN LB",LB,"312,000,000"
2018,MONTHLY,APR THRU JUN,KANSAS,KS,20,"MILK - PRODUCTION, MEASURED IN LB",LB,"944,000,000"
2018,MONTHLY,AUG,KANSAS,KS,20,"MILK - PRODUCTION, MEASURED IN LB",LB,"315,000,000"
2018,MONTHLY,DEC,KANSAS,KS,20,"MILK - PRODUCTION, MEASURED IN LB",LB,"317,000,000"
2018,MONTHLY,FEB,KANSAS,KS,20,"MILK - PRODUCTION, MEASURED IN LB",LB,"284,000,000"
2018,MONTHLY,JAN,KANSAS,KS,20,"MILK - PRODUCTION, MEASURED IN LB",LB,"306,000,000"
2018,MONTHLY,JAN THRU MAR,KANSAS,KS,20,"MILK - PRODUCTION, MEASURED IN LB",LB,"910,000,000"
2018,MONTHLY,JUL,KANSAS,KS,20,"MILK - PRODUCTION, MEASURED IN LB",LB,"313,000,000"
2018,MONTHLY,JUL THRU SEP,KANSAS,KS,20,"MILK - PRODUCTION, MEASURED IN LB",LB,"927,000,000"
2018,MONTHLY,JUN,KANSAS,KS,20,"MILK - PRODUCTION, MEASURED IN LB",LB,"308,000,000"
2018,MONTHLY,MAR,KANSAS,KS,20,"MILK - PRODUCTION, MEASURED IN LB",LB,"320,000,000"
2018,MONTHLY,MAY,KANSAS,KS,20,"MILK - PRODUCTION, MEASURED IN LB",LB,"324,000,000"
2018,MONTHLY,NOV,KANSAS,KS,20,"MILK - PRODUCTION, MEASURED IN LB",LB,"302,000,000"
2018,MONTHLY,OCT,KANSAS,KS,20,"MILK - PRODUCTION, MEASURED IN LB",LB,"308,000,000"
2018,MONTHLY,OCT THRU DEC,KANSAS,KS,20,"MILK - PRODUCTION, MEASURED IN LB",LB,"927,000,000"
2018,MONTHLY,SEP,KANSAS,KS,20,"MILK - PRODUCTION, MEASURED IN LB",LB,"299,000,000"
2018,MONTHLY,APR THRU JUN,KENTUCKY,KY,21,"MILK - PRODUCTION, MEASURED IN LB",LB,"272,000,000"
2018,MONTHLY,JAN THRU MAR,KENTUCKY,KY,21,"MILK - PRODUCTION, MEASURED IN LB",LB,"277,000,000"
2018,MONTHLY,JUL THRU SEP,KENTUCKY,KY,21,"MILK - PRODUCTION, MEASURED IN LB",LB,"227,000,000"
2018,MONTHLY,OCT THRU DEC,KENTUCKY,KY,21,"MILK - PRODUCTION, MEASURED IN LB",LB,"233,000,000"
2018,MONTHLY,APR THRU JUN,LOUISIANA,LA,22,"MILK - PRODUCTION, MEASURED IN LB",LB,"43,000,000"
2018,MONTHLY,JAN THRU MAR,LOUISIANA,LA,22,"MILK - PRODUCTION, MEASURED IN LB",LB,"46,000,000"
2018,MONTHLY,JUL THRU SEP,LOUISIANA,LA,22,"MILK - PRODUCTION, MEASURED IN LB",LB,"31,000,000"
2018,MONTHLY,OCT THRU DEC,LOUISIANA,LA,22,"MILK - PRODUCTION, MEASURED IN LB",LB,"32,000,000"
2018,MONTHLY,APR THRU JUN,MASSACHUSETTS,MA,25,"MILK - PRODUCTION, MEASURED IN LB",LB,"53,000,000"
2018,MONTHLY,JAN THRU MAR,MASSACHUSETTS,MA,25,"MILK - PRODUCTION, MEASURED IN LB",LB,"50,000,000"
2018,MONTHLY,JUL THRU SEP,MASSACHUSETTS,MA,25,"MILK - PRODUCTION, MEASURED IN LB",LB,"51,000,000"
2018,MONTHLY,OCT THRU DEC,MASSACHUSETTS,MA,25,"MILK - PRODUCTION, MEASURED IN LB",LB,"48,000,000"
2018,MONTHLY,APR THRU JUN,MARYLAND,MD,24,"MILK - PRODUCTION, MEASURED IN LB",LB,"245,000,000"
2018,MONTHLY,JAN THRU MAR,MARYLAND,MD,24,"MILK - PRODUCTION, MEASURED IN LB",LB,"246,000,000"
2018,MONTHLY,JUL THRU SEP,MARYLAND,MD,24,"MILK - PRODUCTION, MEASURED IN LB",LB,"219,000,000"
2018,MONTHLY,OCT THRU DEC,MARYLAND,MD,24,"MILK - PRODUCTION, MEASURED IN LB",LB,"215,000,000"
2018,MONTHLY,APR THRU JUN,MAINE,ME,23,"MILK - PRODUCTION, MEASURED IN LB",LB,"160,000,000"
2018,MONTHLY,JAN THRU MAR,MAINE,ME,23,"MILK - PRODUCTION, MEASURED IN LB",LB,"151,000,000"
2018,MONTHLY,JUL THRU SEP,MAINE,ME,23,"MILK - PRODUCTION, MEASURED IN LB",LB,"156,000,000"
2018,MONTHLY,OCT THRU DEC,MAINE,ME,23,"MILK - PRODUCTION, MEASURED IN LB",LB,"151,000,000"
2018,MONTHLY,APR,MICHIGAN,MI,26,"MILK - PRODUCTION, MEASURED IN LB",LB,"933,000,000"
2018,MONTHLY,APR THRU JUN,MICHIGAN,MI,26,"MILK - PRODUCTION, MEASURED IN LB",LB,"2,867,000,000"
2018,MONTHLY,AUG,MICHIGAN,MI,26,"MILK - PRODUCTION, MEASURED IN LB",LB,"945,000,000"
2018,MONTHLY,DEC,MICHIGAN,MI,26,"MILK - PRODUCTION, MEASURED IN LB",LB,"931,000,000"
2018,MONTHLY,FEB,MICHIGAN,MI,26,"MILK - PRODUCTION, MEASURED IN LB",LB,"861,000,000"
2018,MONTHLY,JAN,MICHIGAN,MI,26,"MILK - PRODUCTION, MEASURED IN LB",LB,"937,000,000"
2018,MONTHLY,JAN THRU MAR,MICHIGAN,MI,26,"MILK - PRODUCTION, MEASURED IN LB",LB,"2,759,000,000"
2018,MONTHLY,JUL,MICHIGAN,MI,26,"MILK - PRODUCTION, MEASURED IN LB",LB,"948,000,000"
2018,MONTHLY,JUL THRU SEP,MICHIGAN,MI,26,"MILK - PRODUCTION, MEASURED IN LB",LB,"2,788,000,000"
2018,MONTHLY,JUN,MICHIGAN,MI,26,"MILK - PRODUCTION, MEASURED IN LB",LB,"948,000,000"
2018,MONTHLY,MAR,MICHIGAN,MI,26,"MILK - PRODUCTION, MEASURED IN LB",LB,"961,000,000"
2018,MONTHLY,MAY,MICHIGAN,MI,26,"MILK - PRODUCTION, MEASURED IN LB",LB,"986,000,000"
2018,MONTHLY,NOV,MICHIGAN,MI,26,"MILK - PRODUCTION, MEASURED IN LB",LB,"895,000,000"
2018,MONTHLY,OCT,MICHIGAN,MI,26,"MILK - PRODUCTION, MEASURED IN LB",LB,"926,000,000"
2018,MONTHLY,OCT THRU DEC,MICHIGAN,MI,26,"MILK - PRODUCTION, MEASURED IN LB",LB,"2,752,000,000"
2018,MONTHLY,SEP,MICHIGAN,MI,26,"MILK - PRODUCTION, MEASURED IN LB",LB,"895,000,000"
2018,MONTHLY,APR,MINNESOTA,MN,27,"MILK - PRODUCTION, MEASURED IN LB",LB,"819,000,000"
2018,MONTHLY,APR THRU JUN,MINNESOTA,MN,27,"MILK - PRODUCTION, MEASURED IN LB",LB,"2,510,000,000"
2018,MONTHLY,AUG,MINNESOTA,MN,27,"MILK - PRODUCTION, MEASURED IN LB",LB,"839,000,000"
2018,MONTHLY,DEC,MINNESOTA,MN,27,"MILK - PRODUCTION, MEASURED IN LB",LB,"833,000,000"
2018,MONTHLY,FEB,MINNESOTA,MN,27,"MILK - PRODUCTION, MEASURED IN LB",LB,"760,000,000"
2018,MONTHLY,JAN,MINNESOTA,MN,27,"MILK - PRODUCTION, MEASURED IN LB",LB,"835,000,000"
2018,MONTHLY,JAN THRU MAR,MINNESOTA,MN,27,"MILK - PRODUCTION, MEASURED IN LB",LB,"2,442,000,000"
2018,MONTHLY,JUL,MINNESOTA,MN,27,"MILK - PRODUCTION, MEASURED IN LB",LB,"841,000,000"
2018,MONTHLY,JUL THRU SEP,MINNESOTA,MN,27,"MILK - PRODUCTION, MEASURED IN LB",LB,"2,478,000,000"
2018,MONTHLY,JUN,MINNESOTA,MN,27,"MILK - PRODUCTION, MEASURED IN LB",LB,"831,000,000"
2018,MONTHLY,MAR,MINNESOTA,MN,27,"MILK - PRODUCTION, MEASURED IN LB",LB,"847,000,000"
2018,MONTHLY,MAY,MINNESOTA,MN,27,"MILK - PRODUCTION, MEASURED IN LB",LB,"860,000,000"
2018,MONTHLY,NOV,MINNESOTA,MN,27,"MILK - PRODUCTION, MEASURED IN LB",LB,"789,000,000"
2018,MONTHLY,OCT,MINNESOTA,MN,27,"MILK - PRODUCTION, MEASURED IN LB",LB,"816,000,000"
2018,MONTHLY,OCT THRU DEC,MINNESOTA,MN,27,"MILK - PRODUCTION, MEASURED IN LB",LB,"2,438,000,000"
2018,MONTHLY,SEP,MINNESOTA,MN,27,"MILK - PRODUCTION, MEASURED IN LB",LB,"798,000,000"
2018,MONTHLY,APR THRU JUN,MISSOURI,MO,29,"MILK - PRODUCTION, MEASURED IN LB",LB,"335,000,000"
2018,MONTHLY,JAN THRU MAR,MISSOURI,MO,29,"MILK - PRODUCTION, MEASURED IN LB",LB,"310,000,000"
2018,MONTHLY,JUL THRU SEP,MISSOURI,MO,29,"MILK - PRODUCTION, MEASURED IN LB",LB,"276,000,000"
2018,MONTHLY,OCT THRU DEC,MISSOURI,MO,29,"MILK - PRODUCTION, MEASURED IN LB",LB,"270,000,000"
2018,MONTHLY,APR THRU JUN,MISSISSIPPI,MS,28,"MILK - PRODUCTION, MEASURED IN LB",LB,"36,000,000"
2018,MONTHLY,JAN THRU MAR,MISSISSIPPI,MS,28,"MILK - PRODUCTION, MEASURED IN LB",LB,"37,000,000"
2018,MONTHLY,JUL THRU SEP,MISSISSIPPI,MS,28,"MILK - PRODUCTION, MEASURED IN LB",LB,"28,000,000"
2018,MONTHLY,OCT THRU DEC,MISSISSIPPI,MS,28,"MILK - PRODUCTION, MEASURED IN LB",LB,"28,000,000"
2018,MONTHLY,APR THRU JUN,MONTANA,MT,30,"MILK - PRODUCTION, MEASURED IN LB",LB,"70,000,000"
2018,MONTHLY,JAN THRU MAR,MONTANA,MT,30,"MILK - PRODUCTION, MEASURED IN LB",LB,"70,000,000"
2018,MONTHLY,JUL THRU SEP,MONTANA,MT,30,"MILK - PRODUCTION, MEASURED IN LB",LB,"69,000,000"
2018,MONTHLY,OCT THRU DEC,MONTANA,MT,30,"MILK - PRODUCTION, MEASURED IN LB",LB,"65,000,000"
2018,MONTHLY,APR THRU JUN,NORTH CAROLINA,NC,37,"MILK - PRODUCTION, MEASURED IN LB",LB,"245,000,000"
2018,MONTHLY,JAN THRU MAR,NORTH CAROLINA,NC,37,"MILK - PRODUCTION, MEASURED IN LB",LB,"250,000,000"
2018,MONTHLY,JUL THRU SEP,NORTH CAROLINA,NC,37,"MILK - PRODUCTION, MEASURED IN LB",LB,"219,000,000"
2018,MONTHLY,OCT THRU DEC,NORTH CAROLINA,NC,37,"MILK - PRODUCTION, MEASURED IN LB",LB,"224,000,000"
2018,MONTHLY,APR THRU JUN,NORTH DAKOTA,ND,38,"MILK - PRODUCTION, MEASURED IN LB",LB,"85,000,000"
2018,MONTHLY,JAN THRU MAR,NORTH DAKOTA,ND,38,"MILK - PRODUCTION, MEASURED IN LB",LB,"82,000,000"
2018,MONTHLY,JUL THRU SEP,NORTH DAKOTA,ND,38,"MILK - PRODUCTION, MEASURED IN LB",LB,"86,000,000"
2018,MONTHLY,OCT THRU DEC,NORTH DAKOTA,ND,38,"MILK - PRODUCTION, MEASURED IN LB",LB,"82,000,000"
2018,MONTHLY,APR THRU JUN,NEBRASKA,NE,31,"MILK - PRODUCTION, MEASURED IN LB",LB,"367,000,000"
2018,MONTHLY,JAN THRU MAR,NEBRASKA,NE,31,"MILK - PRODUCTION, MEASURED IN LB",LB,"366,000,000"
2018,MONTHLY,JUL THRU SEP,NEBRASKA,NE,31,"MILK - PRODUCTION, MEASURED IN LB",LB,"353,000,000"
2018,MONTHLY,OCT THRU DEC,NEBRASKA,NE,31,"MILK - PRODUCTION, MEASURED IN LB",LB,"354,000,000"
2018,MONTHLY,APR THRU JUN,NEW HAMPSHIRE,NH,33,"MILK - PRODUCTION, MEASURED IN LB",LB,"65,000,000"
2018,MONTHLY,JAN THRU MAR,NEW HAMPSHIRE,NH,33,"MILK - PRODUCTION, MEASURED IN LB",LB,"63,000,000"
2018,MONTHLY,JUL THRU SEP,NEW HAMPSHIRE,NH,33,"MILK - PRODUCTION, MEASURED IN LB",LB,"61,000,000"
2018,MONTHLY,OCT THRU DEC,NEW HAMPSHIRE,NH,33,"MILK - PRODUCTION, MEASURED IN LB",LB,"60,000,000"
2018,MONTHLY,APR THRU JUN,NEW JERSEY,NJ,34,"MILK - PRODUCTION, MEASURED IN LB",LB,"29,000,000"
2018,MONTHLY,JAN THRU MAR,NEW JERSEY,NJ,34,"MILK - PRODUCTION, MEASURED IN LB",LB,"30,000,000"
2018,MONTHLY,JUL THRU SEP,NEW JERSEY,NJ,34,"MILK - PRODUCTION, MEASURED IN LB",LB,"26,000,000"
2018,MONTHLY,OCT THRU DEC,NEW JERSEY,NJ,34,"MILK - PRODUCTION, MEASURED IN LB",LB,"25,000,000"
2018,MONTHLY,APR,NEW MEXICO,NM,35,"MILK - PRODUCTION, MEASURED IN LB",LB,"723,000,000"
2018,MONTHLY,APR THRU JUN,NEW MEXICO,NM,35,"MILK - PRODUCTION, MEASURED IN LB",LB,"2,157,000,000"
2018,MONTHLY,AUG,NEW MEXICO,NM,35,"MILK - PRODUCTION, MEASURED IN LB",LB,"689,000,000"
2018,MONTHLY,DEC,NEW MEXICO,NM,35,"MILK - PRODUCTION, MEASURED IN LB",LB,"670,000,000"
2018,MONTHLY,FEB,NEW MEXICO,NM,35,"MILK - PRODUCTION, MEASURED IN LB",LB,"660,000,000"
2018,MONTHLY,JAN,NEW MEXICO,NM,35,"MILK - PRODUCTION, MEASURED IN LB",LB,"715,000,000"
2018,MONTHLY,JAN THRU MAR,NEW MEXICO,NM,35,"MILK - PRODUCTION, MEASURED IN LB",LB,"2,116,000,000"
2018,MONTHLY,JUL,NEW MEXICO,NM,35,"MILK - PRODUCTION, MEASURED IN LB",LB,"702,000,000"
2018,MONTHLY,JUL THRU SEP,NEW MEXICO,NM,35,"MILK - PRODUCTION, MEASURED IN LB",LB,"2,047,000,000"
2018,MONTHLY,JUN,NEW MEXICO,NM,35,"MILK - PRODUCTION, MEASURED IN LB",LB,"707,000,000"
2018,MONTHLY,MAR,NEW MEXICO,NM,35,"MILK - PRODUCTION, MEASURED IN LB",LB,"741,000,000"
2018,MONTHLY,MAY,NEW MEXICO,NM,35,"MILK - PRODUCTION, MEASURED IN LB",LB,"727,000,000"
2018,MONTHLY,NOV,NEW MEXICO,NM,35,"MILK - PRODUCTION, MEASURED IN LB",LB,"636,000,000"
2018,MONTHLY,OCT,NEW MEXICO,NM,35,"MILK - PRODUCTION, MEASURED IN LB",LB,"659,000,000"
2018,MONTHLY,OCT THRU DEC,NEW MEXICO,NM,35,"MILK - PRODUCTION, MEASURED IN LB",LB,"1,965,000,000"
2018,MONTHLY,SEP,NEW MEXICO,NM,35,"MILK - PRODUCTION, MEASURED IN LB",LB,"656,000,000"
2018,MONTHLY,APR THRU JUN,NEVADA,NV,32,"MILK - PRODUCTION, MEASURED IN LB",LB,"186,000,000"
2018,MONTHLY,JAN THRU MAR,NEVADA,NV,32,"MILK - PRODUCTION, MEASURED IN LB",LB,"180,000,000"
2018,MONTHLY,JUL THRU SEP,NEVADA,NV,32,"MILK - PRODUCTION, MEASURED IN LB",LB,"184,000,000"
2018,MONTHLY,OCT THRU DEC,NEVADA,NV,32,"MILK - PRODUCTION, MEASURED IN LB",LB,"184,000,000"
2018,MONTHLY,APR,NEW YORK,NY,36,"MILK - PRODUCTION, MEASURED IN LB",LB,"1,236,000,000"
2018,MONTHLY,APR THRU JUN,NEW YORK,NY,36,"MILK - PRODUCTION, MEASURED IN LB",LB,"3,823,000,000"
2018,MONTHLY,AUG,NEW YORK,NY,36,"MILK - PRODUCTION, MEASURED IN LB",LB,"1,278,000,000"
2018,MONTHLY,DEC,NEW YORK,NY,36,"MILK - PRODUCTION, MEASURED IN LB",LB,"1,244,000,000"
2018,MONTHLY,FEB,NEW YORK,NY,36,"MILK - PRODUCTION, MEASURED IN LB",LB,"1,128,000,000"
2018,MONTHLY,JAN,NEW YORK,NY,36,"MILK - PRODUCTION, MEASURED IN LB",LB,"1,222,000,000"
2018,MONTHLY,JAN THRU MAR,NEW YORK,NY,36,"MILK - PRODUCTION, MEASURED IN LB",LB,"3,613,000,000"
2018,MONTHLY,JUL,NEW YORK,NY,36,"MILK - PRODUCTION, MEASURED IN LB",LB,"1,284,000,000"
2018,MONTHLY,JUL THRU SEP,NEW YORK,NY,36,"MILK - PRODUCTION, MEASURED IN LB",LB,"3,773,000,000"
2018,MONTHLY,JUN,NEW YORK,NY,36,"MILK - PRODUCTION, MEASURED IN LB",LB,"1,277,000,000"
2018,MONTHLY,MAR,NEW YORK,NY,36,"MILK - PRODUCTION, MEASURED IN LB",LB,"1,263,000,000"
2018,MONTHLY,MAY,NEW YORK,NY,36,"MILK - PRODUCTION, MEASURED IN LB",LB,"1,310,000,000"
2018,MONTHLY,NOV,NEW YORK,NY,36,"MILK - PRODUCTION, MEASURED IN LB",LB,"1,190,000,000"
2018,MONTHLY,OCT,NEW YORK,NY,36,"MILK - PRODUCTION, MEASURED IN LB",LB,"1,239,000,000"
2018,MONTHLY,OCT THRU DEC,NEW YORK,NY,36,"MILK - PRODUCTION, MEASURED IN LB",LB,"3,673,000,000"
2018,MONTHLY,SEP,NEW YORK,NY,36,"MILK - PRODUCTION, MEASURED IN LB",LB,"1,211,000,000"
2018,MONTHLY,APR,OHIO,OH,39,"MILK - PRODUCTION, MEASURED IN LB",LB,"479,000,000"
2018,MONTHLY,APR THRU JUN,OHIO,OH,39,"MILK - PRODUCTION, MEASURED IN LB",LB,"1,445,000,000"
2018,MONTHLY,AUG,OHIO,OH,39,"MILK - PRODUCTION, MEASURED IN LB",LB,"462,000,000"
2018,MONTHLY,DEC,OHIO,OH,39,"MILK - PRODUCTION, MEASURED IN LB",LB,"450,000,000"
2018,MONTHLY,FEB,OHIO,OH,39,"MILK - PRODUCTION, MEASURED IN LB",LB,"436,000,000"
2018,MONTHLY,JAN,OHIO,OH,39,"MILK - PRODUCTION, MEASURED IN LB",LB,"472,000,000"
2018,MONTHLY,JAN THRU MAR,OHIO,OH,39,"MILK - PRODUCTION, MEASURED IN LB",LB,"1,399,000,000"
2018,MONTHLY,JUL,OHIO,OH,39,"MILK - PRODUCTION, MEASURED IN LB",LB,"467,000,000"
2018,MONTHLY,JUL THRU SEP,OHIO,OH,39,"MILK - PRODUCTION, MEASURED IN LB",LB,"1,357,000,000"
2018,MONTHLY,JUN,OHIO,OH,39,"MILK - PRODUCTION, MEASURED IN LB",LB,"468,000,000"
2018,MONTHLY,MAR,OHIO,OH,39,"MILK - PRODUCTION, MEASURED IN LB",LB,"491,000,000"
2018,MONTHLY,MAY,OHIO,OH,39,"MILK - PRODUCTION, MEASURED IN LB",LB,"498,000,000"
2018,MONTHLY,NOV,OHIO,OH,39,"MILK - PRODUCTION, MEASURED IN LB",LB,"433,000,000"
2018,MONTHLY,OCT,OHIO,OH,39,"MILK - PRODUCTION, MEASURED IN LB",LB,"448,000,000"
2018,MONTHLY,OCT THRU DEC,OHIO,OH,39,"MILK - PRODUCTION, MEASURED IN LB",LB,"1,331,000,000"
2018,MONTHLY,SEP,OHIO,OH,39,"MILK - PRODUCTION, MEASURED IN LB",LB,"428,000,000"
2018,MONTHLY,APR THRU JUN,OKLAHOMA,OK,40,"MILK - PRODUCTION, MEASURED IN LB",LB,"184,000,000"
2018,MONTHLY,JAN THRU MAR,OKLAHOMA,OK,40,"MILK - PRODUCTION, MEASURED IN LB",LB,"190,000,000"
2018,MONTHLY,JUL THRU SEP,OKLAHOMA,OK,40,"MILK - PRODUCTION, MEASURED IN LB",LB,"166,000,000"
2018,MONTHLY,OCT THRU DEC,OKLAHOMA,OK,40,"MILK - PRODUCTION, MEASURED IN LB",LB,"178,000,000"
2018,MONTHLY,APR,OREGON,OR,41,"MILK - PRODUCTION, MEASURED IN LB",LB,"211,000,000"
2018,MONTHLY,APR THRU JUN,OREGON,OR,41,"MILK - PRODUCTION, MEASURED IN LB",LB,"642,000,000"
2018,MONTHLY,AUG,OREGON,OR,41,"MILK - PRODUCTION, MEASURED IN LB",LB,"215,000,000"
2018,MONTHLY,DEC,OREGON,OR,41,"MILK - PRODUCTION, MEASURED IN LB",LB,"217,000,000"
2018,MONTHLY,FEB,OREGON,OR,41,"MILK - PRODUCTION, MEASURED IN LB",LB,"191,000,000"
2018,MONTHLY,JAN,OREGON,OR,41,"MILK - PRODUCTION, MEASURED IN LB",LB,"210,000,000"
2018,MONTHLY,JAN THRU MAR,OREGON,OR,41,"MILK - PRODUCTION, MEASURED IN LB",LB,"613,000,000"
2018,MONTHLY,JUL,OREGON,OR,41,"MILK - PRODUCTION, MEASURED IN LB",LB,"217,000,000"
2018,MONTHLY,JUL THRU SEP,OREGON,OR,41,"MILK - PRODUCTION, MEASURED IN LB",LB,"638,000,000"
2018,MONTHLY,JUN,OREGON,OR,41,"MILK - PRODUCTION, MEASURED IN LB",LB,"212,000,000"
2018,MONTHLY,MAR,OREGON,OR,41,"MILK - PRODUCTION, MEASURED IN LB",LB,"212,000,000"
2018,MONTHLY,MAY,OREGON,OR,41,"MILK - PRODUCTION, MEASURED IN LB",LB,"219,000,000"
2018,MONTHLY,NOV,OREGON,OR,41,"MILK - PRODUCTION, MEASURED IN LB",LB,"207,000,000"
2018,MONTHLY,OCT,OREGON,OR,41,"MILK - PRODUCTION, MEASURED IN LB",LB,"214,000,000"
2018,MONTHLY,OCT THRU DEC,OREGON,OR,41,"MILK - PRODUCTION, MEASURED IN LB",LB,"638,000,000"
2018,MONTHLY,SEP,OREGON,OR,41,"MILK - PRODUCTION, MEASURED IN LB",LB,"206,000,000"
2018,MONTHLY,APR,PENNSYLVANIA,PA,42,"MILK - PRODUCTION, MEASURED IN LB",LB,"929,000,000"
2018,MONTHLY,APR THRU JUN,PENNSYLVANIA,PA,42,"MILK - PRODUCTION, MEASURED IN LB",LB,"2,780,000,000"
2018,MONTHLY,AUG,PENNSYLVANIA,PA,42,"MILK - PRODUCTION, MEASURED IN LB",LB,"882,000,000"
2018,MONTHLY,DEC,PENNSYLVANIA,PA,42,"MILK - PRODUCTION, MEASURED IN LB",LB,"853,000,000"
2018,MONTHLY,FEB,PENNSYLVANIA,PA,42,"MILK - PRODUCTION, MEASURED IN LB",LB,"856,000,000"
2018,MONTHLY,JAN,PENNSYLVANIA,PA,42,"MILK - PRODUCTION, MEASURED IN LB",LB,"924,000,000"
2018,MONTHLY,JAN THRU MAR,PENNSYLVANIA,PA,42,"MILK - PRODUCTION, MEASURED IN LB",LB,"2,739,000,000"
2018,MONTHLY,JUL,PENNSYLVANIA,PA,42,"MILK - PRODUCTION, MEASURED IN LB",LB,"900,000,000"
2018,MONTHLY,JUL THRU SEP,PENNSYLVANIA,PA,42,"MILK - PRODUCTION, MEASURED IN LB",LB,"2,613,000,000"
2018,MONTHLY,JUN,PENNSYLVANIA,PA,42,"MILK - PRODUCTION, MEASURED IN LB",LB,"896,000,000"
2018,MONTHLY,MAR,PENNSYLVANIA,PA,42,"MILK - PRODUCTION, MEASURED IN LB",LB,"959,000,000"
2018,MONTHLY,MAY,PENNSYLVANIA,PA,42,"MILK - PRODUCTION, MEASURED IN LB",LB,"955,000,000"
2018,MONTHLY,NOV,PENNSYLVANIA,PA,42,"MILK - PRODUCTION, MEASURED IN LB",LB,"819,000,000"
2018,MONTHLY,OCT,PENNSYLVANIA,PA,42,"MILK - PRODUCTION, MEASURED IN LB",LB,"853,000,000"
2018,MONTHLY,OCT THRU DEC,PENNSYLVANIA,PA,42,"MILK - PRODUCTION, MEASURED IN LB",LB,"2,525,000,000"
2018,MONTHLY,SEP,PENNSYLVANIA,PA,42,"MILK - PRODUCTION, MEASURED IN LB",LB,"831,000,000"
2018,MONTHLY,APR THRU JUN,RHODE ISLAND,RI,44,"MILK - PRODUCTION, MEASURED IN LB",LB,"3,000,000"
2018,MONTHLY,JAN THRU MAR,RHODE ISLAND,RI,44,"MILK - PRODUCTION, MEASURED IN LB",LB,"2,900,000"
2018,MONTHLY,JUL THRU SEP,RHODE ISLAND,RI,44,"MILK - PRODUCTION, MEASURED IN LB",LB,"3,000,000"
2018,MONTHLY,OCT THRU DEC,RHODE ISLAND,RI,44,"MILK - PRODUCTION, MEASURED IN LB",LB,"2,600,000"
2018,MONTHLY,APR THRU JUN,SOUTH CAROLINA,SC,45,"MILK - PRODUCTION, MEASURED IN LB",LB,"66,000,000"
2018,MONTHLY,JAN THRU MAR,SOUTH CAROLINA,SC,45,"MILK - PRODUCTION, MEASURED IN LB",LB,"68,000,000"
2018,MONTHLY,JUL THRU SEP,SOUTH CAROLINA,SC,45,"MILK - PRODUCTION, MEASURED IN LB",LB,"53,000,000"
2018,MONTHLY,OCT THRU DEC,SOUTH CAROLINA,SC,45,"MILK - PRODUCTION, MEASURED IN LB",LB,"55,000,000"
2018,MONTHLY,APR,SOUTH DAKOTA,SD,46,"MILK - PRODUCTION, MEASURED IN LB",LB,"223,000,000"
2018,MONTHLY,APR THRU JUN,SOUTH DAKOTA,SD,46,"MILK - PRODUCTION, MEASURED IN LB",LB,"687,000,000"
2018,MONTHLY,AUG,SOUTH DAKOTA,SD,46,"MILK - PRODUCTION, MEASURED IN LB",LB,"232,000,000"
2018,MONTHLY,DEC,SOUTH DAKOTA,SD,46,"MILK - PRODUCTION, MEASURED IN LB",LB,"233,000,000"
2018,MONTHLY,FEB,SOUTH DAKOTA,SD,46,"MILK - PRODUCTION, MEASURED IN LB",LB,"202,000,000"
2018,MONTHLY,JAN,SOUTH DAKOTA,SD,46,"MILK - PRODUCTION, MEASURED IN LB",LB,"221,000,000"
2018,MONTHLY,JAN THRU MAR,SOUTH DAKOTA,SD,46,"MILK - PRODUCTION, MEASURED IN LB",LB,"651,000,000"
2018,MONTHLY,JUL,SOUTH DAKOTA,SD,46,"MILK - PRODUCTION, MEASURED IN LB",LB,"230,000,000"
2018,MONTHLY,JUL THRU SEP,SOUTH DAKOTA,SD,46,"MILK - PRODUCTION, MEASURED IN LB",LB,"685,000,000"
2018,MONTHLY,JUN,SOUTH DAKOTA,SD,46,"MILK - PRODUCTION, MEASURED IN LB",LB,"229,000,000"
2018,MONTHLY,MAR,SOUTH DAKOTA,SD,46,"MILK - PRODUCTION, MEASURED IN LB",LB,"228,000,000"
2018,MONTHLY,MAY,SOUTH DAKOTA,SD,46,"MILK - PRODUCTION, MEASURED IN LB",LB,"235,000,000"
2018,MONTHLY,NOV,SOUTH DAKOTA,SD,46,"MILK - PRODUCTION, MEASURED IN LB",LB,"222,000,000"
2018,MONTHLY,OCT,SOUTH DAKOTA,SD,46,"MILK - PRODUCTION, MEASURED IN LB",LB,"228,000,000"
2018,MONTHLY,OCT THRU DEC,SOUTH DAKOTA,SD,46,"MILK - PRODUCTION, MEASURED IN LB",LB,"683,000,000"
2018,MONTHLY,SEP,SOUTH DAKOTA,SD,46,"MILK - PRODUCTION, MEASURED IN LB",LB,"223,000,000"
2018,MONTHLY,APR THRU JUN,TENNESSEE,TN,47,"MILK - PRODUCTION, MEASURED IN LB",LB,"170,000,000"
2018,MONTHLY,JAN THRU MAR,TENNESSEE,TN,47,"MILK - PRODUCTION, MEASURED IN LB",LB,"178,000,000"
2018,MONTHLY,JUL THRU SEP,TENNESSEE,TN,47,"MILK - PRODUCTION, MEASURED IN LB",LB,"143,000,000"
2018,MONTHLY,OCT THRU DEC,TENNESSEE,TN,47,"MILK - PRODUCTION, MEASURED IN LB",LB,"143,000,000"
2018,MONTHLY,APR,TEXAS,TX,48,"MILK - PRODUCTION, MEASURED IN LB",LB,"1,098,000,000"
2018,MONTHLY,APR THRU JUN,TEXAS,TX,48,"MILK - PRODUCTION, MEASURED IN LB",LB,"3,315,000,000"
2018,MONTHLY,AUG,TEXAS,TX,48,"MILK - PRODUCTION, MEASURED IN LB",LB,"1,099,000,000"
2018,MONTHLY,DEC,TEXAS,TX,48,"MILK - PRODUCTION, MEASURED IN LB",LB,"1,080,000,000"
2018,MONTHLY,FEB,TEXAS,TX,48,"MILK - PRODUCTION, MEASURED IN LB",LB,"978,000,000"
2018,MONTHLY,JAN,TEXAS,TX,48,"MILK - PRODUCTION, MEASURED IN LB",LB,"1,052,000,000"
2018,MONTHLY,JAN THRU MAR,TEXAS,TX,48,"MILK - PRODUCTION, MEASURED IN LB",LB,"3,146,000,000"
2018,MONTHLY,JUL,TEXAS,TX,48,"MILK - PRODUCTION, MEASURED IN LB",LB,"1,103,000,000"
2018,MONTHLY,JUL THRU SEP,TEXAS,TX,48,"MILK - PRODUCTION, MEASURED IN LB",LB,"3,242,000,000"
2018,MONTHLY,JUN,TEXAS,TX,48,"MILK - PRODUCTION, MEASURED IN LB",LB,"1,083,000,000"
2018,MONTHLY,MAR,TEXAS,TX,48,"MILK - PRODUCTION, MEASURED IN LB",LB,"1,116,000,000"
2018,MONTHLY,MAY,TEXAS,TX,48,"MILK - PRODUCTION, MEASURED IN LB",LB,"1,134,000,000"
2018,MONTHLY,NOV,TEXAS,TX,48,"MILK - PRODUCTION, MEASURED IN LB",LB,"1,024,000,000"
2018,MONTHLY,OCT,TEXAS,TX,48,"MILK - PRODUCTION, MEASURED IN LB",LB,"1,053,000,000"
2018,MONTHLY,OCT THRU DEC,TEXAS,TX,48,"MILK - PRODUCTION, MEASURED IN LB",LB,"3,157,000,000"
2018,MONTHLY,SEP,TEXAS,TX,48,"MILK - PRODUCTION, MEASURED IN LB",LB,"1,040,000,000"
2018,MONTHLY,APR,US TOTAL,US,99,"MILK - PRODUCTION, MEASURED IN LB",LB,"18,433,000,000"
2018,MONTHLY,APR THRU JUN,US TOTAL,US,99,"MILK - PRODUCTION, MEASURED IN LB",LB,"55,822,000,000"
2018,MONTHLY,AUG,US TOTAL,US,99,"MILK - PRODUCTION, MEASURED IN LB",LB,"18,240,000,000"
2018,MONTHLY,DEC,US TOTAL,US,99,"MILK - PRODUCTION, MEASURED IN LB",LB,"18,162,000,000"
2018,MONTHLY,FEB,US TOTAL,US,99,"MILK - PRODUCTION, MEASURED IN LB",LB,"16,976,000,000"
2018,MONTHLY,JAN,US TOTAL,US,99,"MILK - PRODUCTION, MEASURED IN LB",LB,"18,440,000,000"
2018,MONTHLY,JAN THRU MAR,US TOTAL,US,99,"MILK - PRODUCTION, MEASURED IN LB",LB,"54,408,000,000"
2018,MONTHLY,JUL,US TOTAL,US,99,"MILK - PRODUCTION, MEASURED IN LB",LB,"18,330,000,000"
2018,MONTHLY,JUL THRU SEP,US TOTAL,US,99,"MILK - PRODUCTION, MEASURED IN LB",LB,"53,975,000,000"
2018,MONTHLY,JUN,US TOTAL,US,99,"MILK - PRODUCTION, MEASURED IN LB",LB,"18,273,000,000"
2018,MONTHLY,MAR,US TOTAL,US,99,"MILK - PRODUCTION, MEASURED IN LB",LB,"18,992,000,000"
2018,MONTHLY,MAY,US TOTAL,US,99,"MILK - PRODUCTION, MEASURED IN LB",LB,"19,116,000,000"
2018,MONTHLY,NOV,US TOTAL,US,99,"MILK - PRODUCTION, MEASURED IN LB",LB,"17,345,000,000"
2018,MONTHLY,OCT,US TOTAL,US,99,"MILK - PRODUCTION, MEASURED IN LB",LB,"17,872,000,000"
2018,MONTHLY,OCT THRU DEC,US TOTAL,US,99,"MILK - PRODUCTION, MEASURED IN LB",LB,"53,379,000,000"
2018,MONTHLY,SEP,US TOTAL,US,99,"MILK - PRODUCTION, MEASURED IN LB",LB,"17,405,000,000"
2018,MONTHLY,APR,UTAH,UT,49,"MILK - PRODUCTION, MEASURED IN LB",LB,"193,000,000"
2018,MONTHLY,APR THRU JUN,UTAH,UT,49,"MILK - PRODUCTION, MEASURED IN LB",LB,"596,000,000"
2018,MONTHLY,AUG,UTAH,UT,49,"MILK - PRODUCTION, MEASURED IN LB",LB,"202,000,000"
2018,MONTHLY,DEC,UTAH,UT,49,"MILK - PRODUCTION, MEASURED IN LB",LB,"192,000,000"
2018,MONTHLY,FEB,UTAH,UT,49,"MILK - PRODUCTION, MEASURED IN LB",LB,"174,000,000"
2018,MONTHLY,JAN,UTAH,UT,49,"MILK - PRODUCTION, MEASURED IN LB",LB,"189,000,000"
2018,MONTHLY,JAN THRU MAR,UTAH,UT,49,"MILK - PRODUCTION, MEASURED IN LB",LB,"557,000,000"
2018,MONTHLY,JUL,UTAH,UT,49,"MILK - PRODUCTION, MEASURED IN LB",LB,"202,000,000"
2018,MONTHLY,JUL THRU SEP,UTAH,UT,49,"MILK - PRODUCTION, MEASURED IN LB",LB,"596,000,000"
2018,MONTHLY,JUN,UTAH,UT,49,"MILK - PRODUCTION, MEASURED IN LB",LB,"199,000,000"
2018,MONTHLY,MAR,UTAH,UT,49,"MILK - PRODUCTION, MEASURED IN LB",LB,"194,000,000"
2018,MONTHLY,MAY,UTAH,UT,49,"MILK - PRODUCTION, MEASURED IN LB",LB,"204,000,000"
2018,MONTHLY,NOV,UTAH,UT,49,"MILK - PRODUCTION, MEASURED IN LB",LB,"187,000,000"
2018,MONTHLY,OCT,UTAH,UT,49,"MILK - PRODUCTION, MEASURED IN LB",LB,"194,000,000"
2018,MONTHLY,OCT THRU DEC,UTAH,UT,49,"MILK - PRODUCTION, MEASURED IN LB",LB,"573,000,000"
2018,MONTHLY,SEP,UTAH,UT,49,"MILK - PRODUCTION, MEASURED IN LB",LB,"192,000,000"
2018,MONTHLY,APR,VIRGINIA,VA,51,"MILK - PRODUCTION, MEASURED IN LB",LB,"146,000,000"
2018,MONTHLY,APR THRU JUN,VIRGINIA,VA,51,"MILK - PRODUCTION, MEASURED IN LB",LB,"429,000,000"
2018,MONTHLY,AUG,VIRGINIA,VA,51,"MILK - PRODUCTION, MEASURED IN LB",LB,"132,000,000"
2018,MONTHLY,DEC,VIRGINIA,VA,51,"MILK - PRODUCTION, MEASURED IN LB",LB,"128,000,000"
2018,MONTHLY,FEB,VIRGINIA,VA,51,"MILK - PRODUCTION, MEASURED IN LB",LB,"137,000,000"
2018,MONTHLY,JAN,VIRGINIA,VA,51,"MILK - PRODUCTION, MEASURED IN LB",LB,"148,000,000"
2018,MONTHLY,JAN THRU MAR,VIRGINIA,VA,51,"MILK - PRODUCTION, MEASURED IN LB",LB,"437,000,000"
2018,MONTHLY,JUL,VIRGINIA,VA,51,"MILK - PRODUCTION, MEASURED IN LB",LB,"134,000,000"
2018,MONTHLY,JUL THRU SEP,VIRGINIA,VA,51,"MILK - PRODUCTION, MEASURED IN LB",LB,"389,000,000"
2018,MONTHLY,JUN,VIRGINIA,VA,51,"MILK - PRODUCTION, MEASURED IN LB",LB,"135,000,000"
2018,MONTHLY,MAR,VIRGINIA,VA,51,"MILK - PRODUCTION, MEASURED IN LB",LB,"152,000,000"
2018,MONTHLY,MAY,VIRGINIA,VA,51,"MILK - PRODUCTION, MEASURED IN LB",LB,"148,000,000"
2018,MONTHLY,NOV,VIRGINIA,VA,51,"MILK - PRODUCTION, MEASURED IN LB",LB,"124,000,000"
2018,MONTHLY,OCT,VIRGINIA,VA,51,"MILK - PRODUCTION, MEASURED IN LB",LB,"128,000,000"
2018,MONTHLY,OCT THRU DEC,VIRGINIA,VA,51,"MILK - PRODUCTION, MEASURED IN LB",LB,"380,000,000"
2018,MONTHLY,SEP,VIRGINIA,VA,51,"MILK - PRODUCTION, MEASURED IN LB",LB,"123,000,000"
2018,MONTHLY,APR,VERMONT,VT,50,"MILK - PRODUCTION, MEASURED IN LB",LB,"223,000,000"
2018,MONTHLY,APR THRU JUN,VERMONT,VT,50,"MILK - PRODUCTION, MEASURED IN LB",LB,"685,000,000"
2018,MONTHLY,AUG,VERMONT,VT,50,"MILK - PRODUCTION, MEASURED IN LB",LB,"227,000,000"
2018,MONTHLY,DEC,VERMONT,VT,50,"MILK - PRODUCTION, MEASURED IN LB",LB,"226,000,000"
2018,MONTHLY,FEB,VERMONT,VT,50,"MILK - PRODUCTION, MEASURED IN LB",LB,"208,000,000"
2018,MONTHLY,JAN,VERMONT,VT,50,"MILK - PRODUCTION, MEASURED IN LB",LB,"228,000,000"
2018,MONTHLY,JAN THRU MAR,VERMONT,VT,50,"MILK - PRODUCTION, MEASURED IN LB",LB,"667,000,000"
2018,MONTHLY,JUL,VERMONT,VT,50,"MILK - PRODUCTION, MEASURED IN LB",LB,"225,000,000"
2018,MONTHLY,JUL THRU SEP,VERMONT,VT,50,"MILK - PRODUCTION, MEASURED IN LB",LB,"669,000,000"
2018,MONTHLY,JUN,VERMONT,VT,50,"MILK - PRODUCTION, MEASURED IN LB",LB,"228,000,000"
2018,MONTHLY,MAR,VERMONT,VT,50,"MILK - PRODUCTION, MEASURED IN LB",LB,"231,000,000"
2018,MONTHLY,MAY,VERMONT,VT,50,"MILK - PRODUCTION, MEASURED IN LB",LB,"234,000,000"
2018,MONTHLY,NOV,VERMONT,VT,50,"MILK - PRODUCTION, MEASURED IN LB",LB,"213,000,000"
2018,MONTHLY,OCT,VERMONT,VT,50,"MILK - PRODUCTION, MEASURED IN LB",LB,"223,000,000"
2018,MONTHLY,OCT THRU DEC,VERMONT,VT,50,"MILK - PRODUCTION, MEASURED IN LB",LB,"662,000,000"
2018,MONTHLY,SEP,VERMONT,VT,50,"MILK - PRODUCTION, MEASURED IN LB",LB,"217,000,000"
2018,MONTHLY,APR,WASHINGTON,WA,53,"MILK - PRODUCTION, MEASURED IN LB",LB,"560,000,000"
2018,MONTHLY,APR THRU JUN,WASHINGTON,WA,53,"MILK - PRODUCTION, MEASURED IN LB",LB,"1,712,000,000"
2018,MONTHLY,AUG,WASHINGTON,WA,53,"MILK - PRODUCTION, MEASURED IN LB",LB,"575,000,000"
2018,MONTHLY,DEC,WASHINGTON,WA,53,"MILK - PRODUCTION, MEASURED IN LB",LB,"567,000,000"
2018,MONTHLY,FEB,WASHINGTON,WA,53,"MILK - PRODUCTION, MEASURED IN LB",LB,"509,000,000"
2018,MONTHLY,JAN,WASHINGTON,WA,53,"MILK - PRODUCTION, MEASURED IN LB",LB,"558,000,000"
2018,MONTHLY,JAN THRU MAR,WASHINGTON,WA,53,"MILK - PRODUCTION, MEASURED IN LB",LB,"1,636,000,000"
2018,MONTHLY,JUL,WASHINGTON,WA,53,"MILK - PRODUCTION, MEASURED IN LB",LB,"580,000,000"
2018,MONTHLY,JUL THRU SEP,WASHINGTON,WA,53,"MILK - PRODUCTION, MEASURED IN LB",LB,"1,708,000,000"
2018,MONTHLY,JUN,WASHINGTON,WA,53,"MILK - PRODUCTION, MEASURED IN LB",LB,"568,000,000"
2018,MONTHLY,MAR,WASHINGTON,WA,53,"MILK - PRODUCTION, MEASURED IN LB",LB,"569,000,000"
2018,MONTHLY,MAY,WASHINGTON,WA,53,"MILK - PRODUCTION, MEASURED IN LB",LB,"584,000,000"
2018,MONTHLY,NOV,WASHINGTON,WA,53,"MILK - PRODUCTION, MEASURED IN LB",LB,"542,000,000"
2018,MONTHLY,OCT,WASHINGTON,WA,53,"MILK - PRODUCTION, MEASURED IN LB",LB,"571,000,000"
2018,MONTHLY,OCT THRU DEC,WASHINGTON,WA,53,"MILK - PRODUCTION, MEASURED IN LB",LB,"1,680,000,000"
2018,MONTHLY,SEP,WASHINGTON,WA,53,"MILK - PRODUCTION, MEASURED IN LB",LB,"553,000,000"
2018,MONTHLY,APR,WISCONSIN,WI,55,"MILK - PRODUCTION, MEASURED IN LB",LB,"2,529,000,000"
2018,MONTHLY,APR THRU JUN,WISCONSIN,WI,55,"MILK - PRODUCTION, MEASURED IN LB",LB,"7,778,000,000"
2018,MONTHLY,AUG,WISCONSIN,WI,55,"MILK - PRODUCTION, MEASURED IN LB",LB,"2,624,000,000"
2018,MONTHLY,DEC,WISCONSIN,WI,55,"MILK - PRODUCTION, MEASURED IN LB",LB,"2,574,000,000"
2018,MONTHLY,FEB,WISCONSIN,WI,55,"MILK - PRODUCTION, MEASURED IN LB",LB,"2,327,000,000"
2018,MONTHLY,JAN,WISCONSIN,WI,55,"MILK - PRODUCTION, MEASURED IN LB",LB,"2,550,000,000"
2018,MONTHLY,JAN THRU MAR,WISCONSIN,WI,55,"MILK - PRODUCTION, MEASURED IN LB",LB,"7,482,000,000"
2018,MONTHLY,JUL,WISCONSIN,WI,55,"MILK - PRODUCTION, MEASURED IN LB",LB,"2,631,000,000"
2018,MONTHLY,JUL THRU SEP,WISCONSIN,WI,55,"MILK - PRODUCTION, MEASURED IN LB",LB,"7,756,000,000"
2018,MONTHLY,JUN,WISCONSIN,WI,55,"MILK - PRODUCTION, MEASURED IN LB",LB,"2,586,000,000"
2018,MONTHLY,MAR,WISCONSIN,WI,55,"MILK - PRODUCTION, MEASURED IN LB",LB,"2,605,000,000"
2018,MONTHLY,MAY,WISCONSIN,WI,55,"MILK - PRODUCTION, MEASURED IN LB",LB,"2,663,000,000"
2018,MONTHLY,NOV,WISCONSIN,WI,55,"MILK - PRODUCTION, MEASURED IN LB",LB,"2,449,000,000"
2018,MONTHLY,OCT,WISCONSIN,WI,55,"MILK - PRODUCTION, MEASURED IN LB",LB,"2,540,000,000"
2018,MONTHLY,OCT THRU DEC,WISCONSIN,WI,55,"MILK - PRODUCTION, MEASURED IN LB",LB,"7,563,000,000"
2018,MONTHLY,SEP,WISCONSIN,WI,55,"MILK - PRODUCTION, MEASURED IN LB",LB,"2,501,000,000"
2018,MONTHLY,APR THRU JUN,WEST VIRGINIA,WV,54,"MILK - PRODUCTION, MEASURED IN LB",LB,"29,000,000"
2018,MONTHLY,JAN THRU MAR,WEST VIRGINIA,WV,54,"MILK - PRODUCTION, MEASURED IN LB",LB,"30,000,000"
2018,MONTHLY,JUL THRU SEP,WEST VIRGINIA,WV,54,"MILK - PRODUCTION, MEASURED IN LB",LB,"27,000,000"
2018,MONTHLY,OCT THRU DEC,WEST VIRGINIA,WV,54,"MILK - PRODUCTION, MEASURED IN LB",LB,"25,000,000"
2018,MONTHLY,APR THRU JUN,WYOMING,WY,56,"MILK - PRODUCTION, MEASURED IN LB",LB,"35,800,000"
2018,MONTHLY,JAN THRU MAR,WYOMING,WY,56,"MILK - PRODUCTION, MEASURED IN LB",LB,"34,800,000"
2018,MONTHLY,JUL THRU SEP,WYOMING,WY,56,"MILK - PRODUCTION, MEASURED IN LB",LB,"35,800,000"
2018,MONTHLY,OCT THRU DEC,WYOMING,WY,56,"MILK - PRODUCTION, MEASURED IN LB",LB,"35,800,000"
2019,MONTHLY,APR THRU JUN,ALABAMA,AL,01,"MILK - PRODUCTION, MEASURED IN LB",LB,"17,000,000"
2019,MONTHLY,JAN THRU MAR,ALABAMA,AL,01,"MILK - PRODUCTION, MEASURED IN LB",LB,"19,000,000"
2019,MONTHLY,JUL THRU SEP,ALABAMA,AL,01,"MILK - PRODUCTION, MEASURED IN LB",LB,"12,000,000"
2019,MONTHLY,OCT THRU DEC,ALABAMA,AL,01,"MILK - PRODUCTION, MEASURED IN LB",LB,"12,000,000"
2019,MONTHLY,APR THRU JUN,ARKANSAS,AR,05,"MILK - PRODUCTION, MEASURED IN LB",LB,"19,000,000"
2019,MONTHLY,JAN THRU MAR,ARKANSAS,AR,05,"MILK - PRODUCTION, MEASURED IN LB",LB,"18,000,000"
2019,MONTHLY,JUL THRU SEP,ARKANSAS,AR,05,"MILK - PRODUCTION, MEASURED IN LB",LB,"15,000,000"
2019,MONTHLY,OCT THRU DEC,ARKANSAS,AR,05,"MILK - PRODUCTION, MEASURED IN LB",LB,"15,000,000"
2019,MONTHLY,APR,ARIZONA,AZ,04,"MILK - PRODUCTION, MEASURED IN LB",LB,"423,000,000"
2019,MONTHLY,APR THRU JUN,ARIZONA,AZ,04,"MILK - PRODUCTION, MEASURED IN LB",LB,"1,218,000,000"
2019,MONTHLY,AUG,ARIZONA,AZ,04,"MILK - PRODUCTION, MEASURED IN LB",LB,"363,000,000"
2019,MONTHLY,DEC,ARIZONA,AZ,04,"MILK - PRODUCTION, MEASURED IN LB",LB,"409,000,000"
2019,MONTHLY,FEB,ARIZONA,AZ,04,"MILK - PRODUCTION, MEASURED IN LB",LB,"396,000,000"
2019,MONTHLY,JAN,ARIZONA,AZ,04,"MILK - PRODUCTION, MEASURED IN LB",LB,"427,000,000"
2019,MONTHLY,JAN THRU MAR,ARIZONA,AZ,04,"MILK - PRODUCTION, MEASURED IN LB",LB,"1,264,000,000"
2019,MONTHLY,JUL,ARIZONA,AZ,04,"MILK - PRODUCTION, MEASURED IN LB",LB,"378,000,000"
2019,MONTHLY,JUL THRU SEP,ARIZONA,AZ,04,"MILK - PRODUCTION, MEASURED IN LB",LB,"1,099,000,000"
2019,MONTHLY,JUN,ARIZONA,AZ,04,"MILK - PRODUCTION, MEASURED IN LB",LB,"381,000,000"
2019,MONTHLY,MAR,ARIZONA,AZ,04,"MILK - PRODUCTION, MEASURED IN LB",LB,"441,000,000"
2019,MONTHLY,MAY,ARIZONA,AZ,04,"MILK - PRODUCTION, MEASURED IN LB",LB,"414,000,000"
2019,MONTHLY,NOV,ARIZONA,AZ,04,"MILK - PRODUCTION, MEASURED IN LB",LB,"390,000,000"
2019,MONTHLY,OCT,ARIZONA,AZ,04,"MILK - PRODUCTION, MEASURED IN LB",LB,"391,000,000"
2019,MONTHLY,OCT THRU DEC,ARIZONA,AZ,04,"MILK - PRODUCTION, MEASURED IN LB",LB,"1,190,000,000"
2019,MONTHLY,SEP,ARIZONA,AZ,04,"MILK - PRODUCTION, MEASURED IN LB",LB,"358,000,000"
2019,MONTHLY,APR,CALIFORNIA,CA,06,"MILK - PRODUCTION, MEASURED IN LB",LB,"3,493,000,000"
2019,MONTHLY,APR THRU JUN,CALIFORNIA,CA,06,"MILK - PRODUCTION, MEASURED IN LB",LB,"10,325,000,000"
2019,MONTHLY,AUG,CALIFORNIA,CA,06,"MILK - PRODUCTION, MEASURED IN LB",LB,"3,329,000,000"
2019,MONTHLY,DEC,CALIFORNIA,CA,06,"MILK - PRODUCTION, MEASURED IN LB",LB,"3,459,000,000"
2019,MONTHLY,FEB,CALIFORNIA,CA,06,"MILK - PRODUCTION, MEASURED IN LB",LB,"3,209,000,000"
2019,MONTHLY,JAN,CALIFORNIA,CA,06,"MILK - PRODUCTION, MEASURED IN LB",LB,"3,506,000,000"
2019,MONTHLY,JAN THRU MAR,CALIFORNIA,CA,06,"MILK - PRODUCTION, MEASURED IN LB",LB,"10,286,000,000"
2019,MONTHLY,JUL,CALIFORNIA,CA,06,"MILK - PRODUCTION, MEASURED IN LB",LB,"3,390,000,000"
2019,MONTHLY,JUL THRU SEP,CALIFORNIA,CA,06,"MILK - PRODUCTION, MEASURED IN LB",LB,"9,928,000,000"
2019,MONTHLY,JUN,CALIFORNIA,CA,06,"MILK - PRODUCTION, MEASURED IN LB",LB,"3,278,000,000"
2019,MONTHLY,MAR,CALIFORNIA,CA,06,"MILK - PRODUCTION, MEASURED IN LB",LB,"3,571,000,000"
2019,MONTHLY,MAY,CALIFORNIA,CA,06,"MILK - PRODUCTION, MEASURED IN LB",LB,"3,554,000,000"
2019,MONTHLY,NOV,CALIFORNIA,CA,06,"MILK - PRODUCTION, MEASURED IN LB",LB,"3,260,000,000"
2019,MONTHLY,OCT,CALIFORNIA,CA,06,"MILK - PRODUCTION, MEASURED IN LB",LB,"3,347,000,000"
2019,MONTHLY,OCT THRU DEC,CALIFORNIA,CA,06,"MILK - PRODUCTION, MEASURED IN LB",LB,"10,066,000,000"
2019,MONTHLY,SEP,CALIFORNIA,CA,06,"MILK - PRODUCTION, MEASURED IN LB",LB,"3,209,000,000"
2019,MONTHLY,APR,COLORADO,CO,08,"MILK - PRODUCTION, MEASURED IN LB",LB,"392,000,000"
2019,MONTHLY,APR THRU JUN,COLORADO,CO,08,"MILK - PRODUCTION, MEASURED IN LB",LB,"1,206,000,000"
2019,MONTHLY,AUG,COLORADO,CO,08,"MILK - PRODUCTION, MEASURED IN LB",LB,"411,000,000"
2019,MONTHLY,DEC,COLORADO,CO,08,"MILK - PRODUCTION, MEASURED IN LB",LB,"413,000,000"
2019,MONTHLY,FEB,COLORADO,CO,08,"MILK - PRODUCTION, MEASURED IN LB",LB,"362,000,000"
2019,MONTHLY,JAN,COLORADO,CO,08,"MILK - PRODUCTION, MEASURED IN LB",LB,"398,000,000"
2019,MONTHLY,JAN THRU MAR,COLORADO,CO,08,"MILK - PRODUCTION, MEASURED IN LB",LB,"1,160,000,000"
2019,MONTHLY,JUL,COLORADO,CO,08,"MILK - PRODUCTION, MEASURED IN LB",LB,"412,000,000"
2019,MONTHLY,JUL THRU SEP,COLORADO,CO,08,"MILK - PRODUCTION, MEASURED IN LB",LB,"1,222,000,000"
2019,MONTHLY,JUN,COLORADO,CO,08,"MILK - PRODUCTION, MEASURED IN LB",LB,"403,000,000"
2019,MONTHLY,MAR,COLORADO,CO,08,"MILK - PRODUCTION, MEASURED IN LB",LB,"400,000,000"
2019,MONTHLY,MAY,COLORADO,CO,08,"MILK - PRODUCTION, MEASURED IN LB",LB,"411,000,000"
2019,MONTHLY,NOV,COLORADO,CO,08,"MILK - PRODUCTION, MEASURED IN LB",LB,"396,000,000"
2019,MONTHLY,OCT,COLORADO,CO,08,"MILK - PRODUCTION, MEASURED IN LB",LB,"410,000,000"
2019,MONTHLY,OCT THRU DEC,COLORADO,CO,08,"MILK - PRODUCTION, MEASURED IN LB",LB,"1,219,000,000"
2019,MONTHLY,SEP,COLORADO,CO,08,"MILK - PRODUCTION, MEASURED IN LB",LB,"399,000,000"
2019,MONTHLY,APR THRU JUN,CONNECTICUT,CT,09,"MILK - PRODUCTION, MEASURED IN LB",LB,"108,000,000"
2019,MONTHLY,JAN THRU MAR,CONNECTICUT,CT,09,"MILK - PRODUCTION, MEASURED IN LB",LB,"109,000,000"
2019,MONTHLY,JUL THRU SEP,CONNECTICUT,CT,09,"MILK - PRODUCTION, MEASURED IN LB",LB,"104,000,000"
2019,MONTHLY,OCT THRU DEC,CONNECTICUT,CT,09,"MILK - PRODUCTION, MEASURED IN LB",LB,"107,000,000"
2019,MONTHLY,APR THRU JUN,DELAWARE,DE,10,"MILK - PRODUCTION, MEASURED IN LB",LB,"19,200,000"
2019,MONTHLY,JAN THRU MAR,DELAWARE,DE,10,"MILK - PRODUCTION, MEASURED IN LB",LB,"21,600,000"
2019,MONTHLY,JUL THRU SEP,DELAWARE,DE,10,"MILK - PRODUCTION, MEASURED IN LB",LB,"16,200,000"
2019,MONTHLY,OCT THRU DEC,DELAWARE,DE,10,"MILK - PRODUCTION, MEASURED IN LB",LB,"16,700,000"
2019,MONTHLY,APR,FLORIDA,FL,12,"MILK - PRODUCTION, MEASURED IN LB",LB,"207,000,000"
2019,MONTHLY,APR THRU JUN,FLORIDA,FL,12,"MILK - PRODUCTION, MEASURED IN LB",LB,"619,000,000"
2019,MONTHLY,AUG,FLORIDA,FL,12,"MILK - PRODUCTION, MEASURED IN LB",LB,"181,000,000"
2019,MONTHLY,DEC,FLORIDA,FL,12,"MILK - PRODUCTION, MEASURED IN LB",LB,"202,000,000"
2019,MONTHLY,FEB,FLORIDA,FL,12,"MILK - PRODUCTION, MEASURED IN LB",LB,"197,000,000"
2019,MONTHLY,JAN,FLORIDA,FL,12,"MILK - PRODUCTION, MEASURED IN LB",LB,"210,000,000"
2019,MONTHLY,JAN THRU MAR,FLORIDA,FL,12,"MILK - PRODUCTION, MEASURED IN LB",LB,"625,000,000"
2019,MONTHLY,JUL,FLORIDA,FL,12,"MILK - PRODUCTION, MEASURED IN LB",LB,"192,000,000"
2019,MONTHLY,JUL THRU SEP,FLORIDA,FL,12,"MILK - PRODUCTION, MEASURED IN LB",LB,"537,000,000"
2019,MONTHLY,JUN,FLORIDA,FL,12,"MILK - PRODUCTION, MEASURED IN LB",LB,"199,000,000"
2019,MONTHLY,MAR,FLORIDA,FL,12,"MILK - PRODUCTION, MEASURED IN LB",LB,"218,000,000"
2019,MONTHLY,MAY,FLORIDA,FL,12,"MILK - PRODUCTION, MEASURED IN LB",LB,"213,000,000"
2019,MONTHLY,NOV,FLORIDA,FL,12,"MILK - PRODUCTION, MEASURED IN LB",LB,"184,000,000"
2019,MONTHLY,OCT,FLORIDA,FL,12,"MILK - PRODUCTION, MEASURED IN LB",LB,"179,000,000"
2019,MONTHLY,OCT THRU DEC,FLORIDA,FL,12,"MILK - PRODUCTION, MEASURED IN LB",LB,"565,000,000"
2019,MONTHLY,SEP,FLORIDA,FL,12,"MILK - PRODUCTION, MEASURED IN LB",LB,"164,000,000"
2019,MONTHLY,APR,GEORGIA,GA,13,"MILK - PRODUCTION, MEASURED IN LB",LB,"157,000,000"
2019,MONTHLY,APR THRU JUN,GEORGIA,GA,13,"MILK - PRODUCTION, MEASURED IN LB",LB,"457,000,000"
2019,MONTHLY,AUG,GEORGIA,GA,13,"MILK - PRODUCTION, MEASURED IN LB",LB,"135,000,000"
2019,MONTHLY,DEC,GEORGIA,GA,13,"MILK - PRODUCTION, MEASURED IN LB",LB,"152,000,000"
2019,MONTHLY,FEB,GEORGIA,GA,13,"MILK - PRODUCTION, MEASURED IN LB",LB,"148,000,000"
2019,MONTHLY,JAN,GEORGIA,GA,13,"MILK - PRODUCTION, MEASURED IN LB",LB,"159,000,000"
2019,MONTHLY,JAN THRU MAR,GEORGIA,GA,13,"MILK - PRODUCTION, MEASURED IN LB",LB,"472,000,000"
2019,MONTHLY,JUL,GEORGIA,GA,13,"MILK - PRODUCTION, MEASURED IN LB",LB,"143,000,000"
2019,MONTHLY,JUL THRU SEP,GEORGIA,GA,13,"MILK - PRODUCTION, MEASURED IN LB",LB,"409,000,000"
2019,MONTHLY,JUN,GEORGIA,GA,13,"MILK - PRODUCTION, MEASURED IN LB",LB,"145,000,000"
2019,MONTHLY,MAR,GEORGIA,GA,13,"MILK - PRODUCTION, MEASURED IN LB",LB,"165,000,000"
2019,MONTHLY,MAY,GEORGIA,GA,13,"MILK - PRODUCTION, MEASURED IN LB",LB,"155,000,000"
2019,MONTHLY,NOV,GEORGIA,GA,13,"MILK - PRODUCTION, MEASURED IN LB",LB,"142,000,000"
2019,MONTHLY,OCT,GEORGIA,GA,13,"MILK - PRODUCTION, MEASURED IN LB",LB,"139,000,000"
2019,MONTHLY,OCT THRU DEC,GEORGIA,GA,13,"MILK - PRODUCTION, MEASURED IN LB",LB,"433,000,000"
2019,MONTHLY,SEP,GEORGIA,GA,13,"MILK - PRODUCTION, MEASURED IN LB",LB,"131,000,000"
2019,MONTHLY,APR,IOWA,IA,19,"MILK - PRODUCTION, MEASURED IN LB",LB,"442,000,000"
2019,MONTHLY,APR THRU JUN,IOWA,IA,19,"MILK - PRODUCTION, MEASURED IN LB",LB,"1,344,000,000"
2019,MONTHLY,AUG,IOWA,IA,19,"MILK - PRODUCTION, MEASURED IN LB",LB,"441,000,000"
2019,MONTHLY,DEC,IOWA,IA,19,"MILK - PRODUCTION, MEASURED IN LB",LB,"447,000,000"
2019,MONTHLY,FEB,IOWA,IA,19,"MILK - PRODUCTION, MEASURED IN LB",LB,"416,000,000"
2019,MONTHLY,JAN,IOWA,IA,19,"MILK - PRODUCTION, MEASURED IN LB",LB,"459,000,000"
2019,MONTHLY,JAN THRU MAR,IOWA,IA,19,"MILK - PRODUCTION, MEASURED IN LB",LB,"1,329,000,000"
2019,MONTHLY,JUL,IOWA,IA,19,"MILK - PRODUCTION, MEASURED IN LB",LB,"432,000,000"
2019,MONTHLY,JUL THRU SEP,IOWA,IA,19,"MILK - PRODUCTION, MEASURED IN LB",LB,"1,300,000,000"
2019,MONTHLY,JUN,IOWA,IA,19,"MILK - PRODUCTION, MEASURED IN LB",LB,"442,000,000"
2019,MONTHLY,MAR,IOWA,IA,19,"MILK - PRODUCTION, MEASURED IN LB",LB,"454,000,000"
2019,MONTHLY,MAY,IOWA,IA,19,"MILK - PRODUCTION, MEASURED IN LB",LB,"460,000,000"
2019,MONTHLY,NOV,IOWA,IA,19,"MILK - PRODUCTION, MEASURED IN LB",LB,"428,000,000"
2019,MONTHLY,OCT,IOWA,IA,19,"MILK - PRODUCTION, MEASURED IN LB",LB,"443,000,000"
2019,MONTHLY,OCT THRU DEC,IOWA,IA,19,"MILK - PRODUCTION, MEASURED IN LB",LB,"1,318,000,000"
2019,MONTHLY,SEP,IOWA,IA,19,"MILK - PRODUCTION, MEASURED IN LB",LB,"427,000,000"
2019,MONTHLY,APR,IDAHO,ID,16,"MILK - PRODUCTION, MEASURED IN LB",LB,"1,279,000,000"
2019,MONTHLY,APR THRU JUN,IDAHO,ID,16,"MILK - PRODUCTION, MEASURED IN LB",LB,"3,937,000,000"
2019,MONTHLY,AUG,IDAHO,ID,16,"MILK - PRODUCTION, MEASURED IN LB",LB,"1,372,000,000"
2019,MONTHLY,DEC,IDAHO,ID,16,"MILK - PRODUCTION, MEASURED IN LB",LB,"1,328,000,000"
2019,MONTHLY,FEB,IDAHO,ID,16,"MILK - PRODUCTION, MEASURED IN LB",LB,"1,159,000,000"
2019,MONTHLY,JAN,IDAHO,ID,16,"MILK - PRODUCTION, MEASURED IN LB",LB,"1,283,000,000"
2019,MONTHLY,JAN THRU MAR,IDAHO,ID,16,"MILK - PRODUCTION, MEASURED IN LB",LB,"3,737,000,000"
2019,MONTHLY,JUL,IDAHO,ID,16,"MILK - PRODUCTION, MEASURED IN LB",LB,"1,371,000,000"
2019,MONTHLY,JUL THRU SEP,IDAHO,ID,16,"MILK - PRODUCTION, MEASURED IN LB",LB,"4,041,000,000"
2019,MONTHLY,JUN,IDAHO,ID,16,"MILK - PRODUCTION, MEASURED IN LB",LB,"1,313,000,000"
2019,MONTHLY,MAR,IDAHO,ID,16,"MILK - PRODUCTION, MEASURED IN LB",LB,"1,295,000,000"
2019,MONTHLY,MAY,IDAHO,ID,16,"MILK - PRODUCTION, MEASURED IN LB",LB,"1,345,000,000"
2019,MONTHLY,NOV,IDAHO,ID,16,"MILK - PRODUCTION, MEASURED IN LB",LB,"1,268,000,000"
2019,MONTHLY,OCT,IDAHO,ID,16,"MILK - PRODUCTION, MEASURED IN LB",LB,"1,324,000,000"
2019,MONTHLY,OCT THRU DEC,IDAHO,ID,16,"MILK - PRODUCTION, MEASURED IN LB",LB,"3,920,000,000"
2019,MONTHLY,SEP,IDAHO,ID,16,"MILK - PRODUCTION, MEASURED IN LB",LB,"1,298,000,000"
2019,MONTHLY,APR,ILLINOIS,IL,17,"MILK - PRODUCTION, MEASURED IN LB",LB,"152,000,000"
2019,MONTHLY,APR THRU JUN,ILLINOIS,IL,17,"MILK - PRODUCTION, MEASURED IN LB",LB,"455,000,000"
2019,MONTHLY,AUG,ILLINOIS,IL,17,"MILK - PRODUCTION, MEASURED IN LB",LB,"139,000,000"
2019,MONTHLY,DEC,ILLINOIS,IL,17,"MILK - PRODUCTION, MEASURED IN LB",LB,"148,000,000"
2019,MONTHLY,FEB,ILLINOIS,IL,17,"MILK - PRODUCTION, MEASURED IN LB",LB,"144,000,000"
2019,MONTHLY,JAN,ILLINOIS,IL,17,"MILK - PRODUCTION, MEASURED IN LB",LB,"155,000,000"
2019,MONTHLY,JAN THRU MAR,ILLINOIS,IL,17,"MILK - PRODUCTION, MEASURED IN LB",LB,"457,000,000"
2019,MONTHLY,JUL,ILLINOIS,IL,17,"MILK - PRODUCTION, MEASURED IN LB",LB,"140,000,000"
2019,MONTHLY,JUL THRU SEP,ILLINOIS,IL,17,"MILK - PRODUCTION, MEASURED IN LB",LB,"412,000,000"
2019,MONTHLY,JUN,ILLINOIS,IL,17,"MILK - PRODUCTION, MEASURED IN LB",LB,"147,000,000"
2019,MONTHLY,MAR,ILLINOIS,IL,17,"MILK - PRODUCTION, MEASURED IN LB",LB,"158,000,000"
2019,MONTHLY,MAY,ILLINOIS,IL,17,"MILK - PRODUCTION, MEASURED IN LB",LB,"156,000,000"
2019,MONTHLY,NOV,ILLINOIS,IL,17,"MILK - PRODUCTION, MEASURED IN LB",LB,"139,000,000"
2019,MONTHLY,OCT,ILLINOIS,IL,17,"MILK - PRODUCTION, MEASURED IN LB",LB,"137,000,000"
2019,MONTHLY,OCT THRU DEC,ILLINOIS,IL,17,"MILK - PRODUCTION, MEASURED IN LB",LB,"424,000,000"
2019,MONTHLY,SEP,ILLINOIS,IL,17,"MILK - PRODUCTION, MEASURED IN LB",LB,"133,000,000"
2019,MONTHLY,APR,INDIANA,IN,18,"MILK - PRODUCTION, MEASURED IN LB",LB,"351,000,000"
2019,MONTHLY,APR THRU JUN,INDIANA,IN,18,"MILK - PRODUCTION, MEASURED IN LB",LB,"1,061,000,000"
2019,MONTHLY,AUG,INDIANA,IN,18,"MILK - PRODUCTION, MEASURED IN LB",LB,"333,000,000"
2019,MONTHLY,DEC,INDIANA,IN,18,"MILK - PRODUCTION, MEASURED IN LB",LB,"341,000,000"
2019,MONTHLY,FEB,INDIANA,IN,18,"MILK - PRODUCTION, MEASURED IN LB",LB,"320,000,000"
2019,MONTHLY,JAN,INDIANA,IN,18,"MILK - PRODUCTION, MEASURED IN LB",LB,"353,000,000"
2019,MONTHLY,JAN THRU MAR,INDIANA,IN,18,"MILK - PRODUCTION, MEASURED IN LB",LB,"1,030,000,000"
2019,MONTHLY,JUL,INDIANA,IN,18,"MILK - PRODUCTION, MEASURED IN LB",LB,"331,000,000"
2019,MONTHLY,JUL THRU SEP,INDIANA,IN,18,"MILK - PRODUCTION, MEASURED IN LB",LB,"985,000,000"
2019,MONTHLY,JUN,INDIANA,IN,18,"MILK - PRODUCTION, MEASURED IN LB",LB,"347,000,000"
2019,MONTHLY,MAR,INDIANA,IN,18,"MILK - PRODUCTION, MEASURED IN LB",LB,"357,000,000"
2019,MONTHLY,MAY,INDIANA,IN,18,"MILK - PRODUCTION, MEASURED IN LB",LB,"363,000,000"
2019,MONTHLY,NOV,INDIANA,IN,18,"MILK - PRODUCTION, MEASURED IN LB",LB,"321,000,000"
2019,MONTHLY,OCT,INDIANA,IN,18,"MILK - PRODUCTION, MEASURED IN LB",LB,"338,000,000"
2019,MONTHLY,OCT THRU DEC,INDIANA,IN,18,"MILK - PRODUCTION, MEASURED IN LB",LB,"1,000,000,000"
2019,MONTHLY,SEP,INDIANA,IN,18,"MILK - PRODUCTION, MEASURED IN LB",LB,"321,000,000"
2019,MONTHLY,APR,KANSAS,KS,20,"MILK - PRODUCTION, MEASURED IN LB",LB,"320,000,000"
2019,MONTHLY,APR THRU JUN,KANSAS,KS,20,"MILK - PRODUCTION, MEASURED IN LB",LB,"961,000,000"
2019,MONTHLY,AUG,KANSAS,KS,20,"MILK - PRODUCTION, MEASURED IN LB",LB,"317,000,000"
2019,MONTHLY,DEC,KANSAS,KS,20,"MILK - PRODUCTION, MEASURED IN LB",LB,"336,000,000"
2019,MONTHLY,FEB,KANSAS,KS,20,"MILK - PRODUCTION, MEASURED IN LB",LB,"293,000,000"
2019,MONTHLY,JAN,KANSAS,KS,20,"MILK - PRODUCTION, MEASURED IN LB",LB,"320,000,000"
2019,MONTHLY,JAN THRU MAR,KANSAS,KS,20,"MILK - PRODUCTION, MEASURED IN LB",LB,"933,000,000"
2019,MONTHLY,JUL,KANSAS,KS,20,"MILK - PRODUCTION, MEASURED IN LB",LB,"319,000,000"
2019,MONTHLY,JUL THRU SEP,KANSAS,KS,20,"MILK - PRODUCTION, MEASURED IN LB",LB,"947,000,000"
2019,MONTHLY,JUN,KANSAS,KS,20,"MILK - PRODUCTION, MEASURED IN LB",LB,"314,000,000"
2019,MONTHLY,MAR,KANSAS,KS,20,"MILK - PRODUCTION, MEASURED IN LB",LB,"320,000,000"
2019,MONTHLY,MAY,KANSAS,KS,20,"MILK - PRODUCTION, MEASURED IN LB",LB,"327,000,000"
2019,MONTHLY,NOV,KANSAS,KS,20,"MILK - PRODUCTION, MEASURED IN LB",LB,"317,000,000"
2019,MONTHLY,OCT,KANSAS,KS,20,"MILK - PRODUCTION, MEASURED IN LB",LB,"324,000,000"
2019,MONTHLY,OCT THRU DEC,KANSAS,KS,20,"MILK - PRODUCTION, MEASURED IN LB",LB,"977,000,000"
2019,MONTHLY,SEP,KANSAS,KS,20,"MILK - PRODUCTION, MEASURED IN LB",LB,"311,000,000"
2019,MONTHLY,APR THRU JUN,KENTUCKY,KY,21,"MILK - PRODUCTION, MEASURED IN LB",LB,"252,000,000"
2019,MONTHLY,JAN THRU MAR,KENTUCKY,KY,21,"MILK - PRODUCTION, MEASURED IN LB",LB,"253,000,000"
2019,MONTHLY,JUL THRU SEP,KENTUCKY,KY,21,"MILK - PRODUCTION, MEASURED IN LB",LB,"213,000,000"
2019,MONTHLY,OCT THRU DEC,KENTUCKY,KY,21,"MILK - PRODUCTION, MEASURED IN LB",LB,"224,000,000"
2019,MONTHLY,APR THRU JUN,LOUISIANA,LA,22,"MILK - PRODUCTION, MEASURED IN LB",LB,"38,000,000"
2019,MONTHLY,JAN THRU MAR,LOUISIANA,LA,22,"MILK - PRODUCTION, MEASURED IN LB",LB,"40,000,000"
2019,MONTHLY,JUL THRU SEP,LOUISIANA,LA,22,"MILK - PRODUCTION, MEASURED IN LB",LB,"27,000,000"
2019,MONTHLY,OCT THRU DEC,LOUISIANA,LA,22,"MILK - PRODUCTION, MEASURED IN LB",LB,"31,000,000"
2019,MONTHLY,APR THRU JUN,MASSACHUSETTS,MA,25,"MILK - PRODUCTION, MEASURED IN LB",LB,"49,000,000"
2019,MONTHLY,JAN THRU MAR,MASSACHUSETTS,MA,25,"MILK - PRODUCTION, MEASURED IN LB",LB,"48,000,000"
2019,MONTHLY,JUL THRU SEP,MASSACHUSETTS,MA,25,"MILK - PRODUCTION, MEASURED IN LB",LB,"48,000,000"
2019,MONTHLY,OCT THRU DEC,MASSACHUSETTS,MA,25,"MILK - PRODUCTION, MEASURED IN LB",LB,"48,000,000"
2019,MONTHLY,APR THRU JUN,MARYLAND,MD,24,"MILK - PRODUCTION, MEASURED IN LB",LB,"217,000,000"
2019,MONTHLY,JAN THRU MAR,MARYLAND,MD,24,"MILK - PRODUCTION, MEASURED IN LB",LB,"218,000,000"
2019,MONTHLY,JUL THRU SEP,MARYLAND,MD,24,"MILK - PRODUCTION, MEASURED IN LB",LB,"197,000,000"
2019,MONTHLY,OCT THRU DEC,MARYLAND,MD,24,"MILK - PRODUCTION, MEASURED IN LB",LB,"208,000,000"
2019,MONTHLY,APR THRU JUN,MAINE,ME,23,"MILK - PRODUCTION, MEASURED IN LB",LB,"162,000,000"
2019,MONTHLY,JAN THRU MAR,MAINE,ME,23,"MILK - PRODUCTION, MEASURED IN LB",LB,"155,000,000"
2019,MONTHLY,JUL THRU SEP,MAINE,ME,23,"MILK - PRODUCTION, MEASURED IN LB",LB,"157,000,000"
2019,MONTHLY,OCT THRU DEC,MAINE,ME,23,"MILK - PRODUCTION, MEASURED IN LB",LB,"147,000,000"
2019,MONTHLY,APR,MICHIGAN,MI,26,"MILK - PRODUCTION, MEASURED IN LB",LB,"948,000,000"
2019,MONTHLY,APR THRU JUN,MICHIGAN,MI,26,"MILK - PRODUCTION, MEASURED IN LB",LB,"2,918,000,000"
2019,MONTHLY,AUG,MICHIGAN,MI,26,"MILK - PRODUCTION, MEASURED IN LB",LB,"967,000,000"
2019,MONTHLY,DEC,MICHIGAN,MI,26,"MILK - PRODUCTION, MEASURED IN LB",LB,"950,000,000"
2019,MONTHLY,FEB,MICHIGAN,MI,26,"MILK - PRODUCTION, MEASURED IN LB",LB,"871,000,000"
2019,MONTHLY,JAN,MICHIGAN,MI,26,"MILK - PRODUCTION, MEASURED IN LB",LB,"958,000,000"
2019,MONTHLY,JAN THRU MAR,MICHIGAN,MI,26,"MILK - PRODUCTION, MEASURED IN LB",LB,"2,800,000,000"
2019,MONTHLY,JUL,MICHIGAN,MI,26,"MILK - PRODUCTION, MEASURED IN LB",LB,"958,000,000"
2019,MONTHLY,JUL THRU SEP,MICHIGAN,MI,26,"MILK - PRODUCTION, MEASURED IN LB",LB,"2,854,000,000"
2019,MONTHLY,JUN,MICHIGAN,MI,26,"MILK - PRODUCTION, MEASURED IN LB",LB,"971,000,000"
2019,MONTHLY,MAR,MICHIGAN,MI,26,"MILK - PRODUCTION, MEASURED IN LB",LB,"971,000,000"
2019,MONTHLY,MAY,MICHIGAN,MI,26,"MILK - PRODUCTION, MEASURED IN LB",LB,"999,000,000"
2019,MONTHLY,NOV,MICHIGAN,MI,26,"MILK - PRODUCTION, MEASURED IN LB",LB,"907,000,000"
2019,MONTHLY,OCT,MICHIGAN,MI,26,"MILK - PRODUCTION, MEASURED IN LB",LB,"954,000,000"
2019,MONTHLY,OCT THRU DEC,MICHIGAN,MI,26,"MILK - PRODUCTION, MEASURED IN LB",LB,"2,811,000,000"
2019,MONTHLY,SEP,MICHIGAN,MI,26,"MILK - PRODUCTION, MEASURED IN LB",LB,"929,000,000"
2019,MONTHLY,APR,MINNESOTA,MN,27,"MILK - PRODUCTION, MEASURED IN LB",LB,"822,000,000"
2019,MONTHLY,APR THRU JUN,MINNESOTA,MN,27,"MILK - PRODUCTION, MEASURED IN LB",LB,"2,527,000,000"
2019,MONTHLY,AUG,MINNESOTA,MN,27,"MILK - PRODUCTION, MEASURED IN LB",LB,"847,000,000"
2019,MONTHLY,DEC,MINNESOTA,MN,27,"MILK - PRODUCTION, MEASURED IN LB",LB,"823,000,000"
2019,MONTHLY,FEB,MINNESOTA,MN,27,"MILK - PRODUCTION, MEASURED IN LB",LB,"765,000,000"
2019,MONTHLY,JAN,MINNESOTA,MN,27,"MILK - PRODUCTION, MEASURED IN LB",LB,"848,000,000"
2019,MONTHLY,JAN THRU MAR,MINNESOTA,MN,27,"MILK - PRODUCTION, MEASURED IN LB",LB,"2,455,000,000"
2019,MONTHLY,JUL,MINNESOTA,MN,27,"MILK - PRODUCTION, MEASURED IN LB",LB,"847,000,000"
2019,MONTHLY,JUL THRU SEP,MINNESOTA,MN,27,"MILK - PRODUCTION, MEASURED IN LB",LB,"2,503,000,000"
2019,MONTHLY,JUN,MINNESOTA,MN,27,"MILK - PRODUCTION, MEASURED IN LB",LB,"843,000,000"
2019,MONTHLY,MAR,MINNESOTA,MN,27,"MILK - PRODUCTION, MEASURED IN LB",LB,"842,000,000"
2019,MONTHLY,MAY,MINNESOTA,MN,27,"MILK - PRODUCTION, MEASURED IN LB",LB,"862,000,000"
2019,MONTHLY,NOV,MINNESOTA,MN,27,"MILK - PRODUCTION, MEASURED IN LB",LB,"789,000,000"
2019,MONTHLY,OCT,MINNESOTA,MN,27,"MILK - PRODUCTION, MEASURED IN LB",LB,"825,000,000"
2019,MONTHLY,OCT THRU DEC,MINNESOTA,MN,27,"MILK - PRODUCTION, MEASURED IN LB",LB,"2,437,000,000"
2019,MONTHLY,SEP,MINNESOTA,MN,27,"MILK - PRODUCTION, MEASURED IN LB",LB,"809,000,000"
2019,MONTHLY,APR THRU JUN,MISSOURI,MO,29,"MILK - PRODUCTION, MEASURED IN LB",LB,"304,000,000"
2019,MONTHLY,JAN THRU MAR,MISSOURI,MO,29,"MILK - PRODUCTION, MEASURED IN LB",LB,"285,000,000"
2019,MONTHLY,JUL THRU SEP,MISSOURI,MO,29,"MILK - PRODUCTION, MEASURED IN LB",LB,"258,000,000"
2019,MONTHLY,OCT THRU DEC,MISSOURI,MO,29,"MILK - PRODUCTION, MEASURED IN LB",LB,"254,000,000"
2019,MONTHLY,APR THRU JUN,MISSISSIPPI,MS,28,"MILK - PRODUCTION, MEASURED IN LB",LB,"34,000,000"
2019,MONTHLY,JAN THRU MAR,MISSISSIPPI,MS,28,"MILK - PRODUCTION, MEASURED IN LB",LB,"35,000,000"
2019,MONTHLY,JUL THRU SEP,MISSISSIPPI,MS,28,"MILK - PRODUCTION, MEASURED IN LB",LB,"27,000,000"
2019,MONTHLY,OCT THRU DEC,MISSISSIPPI,MS,28,"MILK - PRODUCTION, MEASURED IN LB",LB,"30,000,000"
2019,MONTHLY,APR THRU JUN,MONTANA,MT,30,"MILK - PRODUCTION, MEASURED IN LB",LB,"65,000,000"
2019,MONTHLY,JAN THRU MAR,MONTANA,MT,30,"MILK - PRODUCTION, MEASURED IN LB",LB,"64,000,000"
2019,MONTHLY,JUL THRU SEP,MONTANA,MT,30,"MILK - PRODUCTION, MEASURED IN LB",LB,"66,000,000"
2019,MONTHLY,OCT THRU DEC,MONTANA,MT,30,"MILK - PRODUCTION, MEASURED IN LB",LB,"64,000,000"
2019,MONTHLY,APR THRU JUN,NORTH CAROLINA,NC,37,"MILK - PRODUCTION, MEASURED IN LB",LB,"236,000,000"
2019,MONTHLY,JAN THRU MAR,NORTH CAROLINA,NC,37,"MILK - PRODUCTION, MEASURED IN LB",LB,"236,000,000"
2019,MONTHLY,JUL THRU SEP,NORTH CAROLINA,NC,37,"MILK - PRODUCTION, MEASURED IN LB",LB,"213,000,000"
2019,MONTHLY,OCT THRU DEC,NORTH CAROLINA,NC,37,"MILK - PRODUCTION, MEASURED IN LB",LB,"217,000,000"
2019,MONTHLY,APR THRU JUN,NORTH DAKOTA,ND,38,"MILK - PRODUCTION, MEASURED IN LB",LB,"83,000,000"
2019,MONTHLY,JAN THRU MAR,NORTH DAKOTA,ND,38,"MILK - PRODUCTION, MEASURED IN LB",LB,"80,000,000"
2019,MONTHLY,JUL THRU SEP,NORTH DAKOTA,ND,38,"MILK - PRODUCTION, MEASURED IN LB",LB,"83,000,000"
2019,MONTHLY,OCT THRU DEC,NORTH DAKOTA,ND,38,"MILK - PRODUCTION, MEASURED IN LB",LB,"80,000,000"
2019,MONTHLY,APR THRU JUN,NEBRASKA,NE,31,"MILK - PRODUCTION, MEASURED IN LB",LB,"354,000,000"
2019,MONTHLY,JAN THRU MAR,NEBRASKA,NE,31,"MILK - PRODUCTION, MEASURED IN LB",LB,"355,000,000"
2019,MONTHLY,JUL THRU SEP,NEBRASKA,NE,31,"MILK - PRODUCTION, MEASURED IN LB",LB,"345,000,000"
2019,MONTHLY,OCT THRU DEC,NEBRASKA,NE,31,"MILK - PRODUCTION, MEASURED IN LB",LB,"355,000,000"
2019,MONTHLY,APR THRU JUN,NEW HAMPSHIRE,NH,33,"MILK - PRODUCTION, MEASURED IN LB",LB,"62,000,000"
2019,MONTHLY,JAN THRU MAR,NEW HAMPSHIRE,NH,33,"MILK - PRODUCTION, MEASURED IN LB",LB,"60,000,000"
2019,MONTHLY,JUL THRU SEP,NEW HAMPSHIRE,NH,33,"MILK - PRODUCTION, MEASURED IN LB",LB,"59,000,000"
2019,MONTHLY,OCT THRU DEC,NEW HAMPSHIRE,NH,33,"MILK - PRODUCTION, MEASURED IN LB",LB,"58,000,000"
2019,MONTHLY,APR THRU JUN,NEW JERSEY,NJ,34,"MILK - PRODUCTION, MEASURED IN LB",LB,"26,000,000"
2019,MONTHLY,JAN THRU MAR,NEW JERSEY,NJ,34,"MILK - PRODUCTION, MEASURED IN LB",LB,"26,000,000"
2019,MONTHLY,JUL THRU SEP,NEW JERSEY,NJ,34,"MILK - PRODUCTION, MEASURED IN LB",LB,"24,000,000"
2019,MONTHLY,OCT THRU DEC,NEW JERSEY,NJ,34,"MILK - PRODUCTION, MEASURED IN LB",LB,"24,000,000"
2019,MONTHLY,APR,NEW MEXICO,NM,35,"MILK - PRODUCTION, MEASURED IN LB",LB,"695,000,000"
2019,MONTHLY,APR THRU JUN,NEW MEXICO,NM,35,"MILK - PRODUCTION, MEASURED IN LB",LB,"2,103,000,000"
2019,MONTHLY,AUG,NEW MEXICO,NM,35,"MILK - PRODUCTION, MEASURED IN LB",LB,"680,000,000"
2019,MONTHLY,DEC,NEW MEXICO,NM,35,"MILK - PRODUCTION, MEASURED IN LB",LB,"683,000,000"
2019,MONTHLY,FEB,NEW MEXICO,NM,35,"MILK - PRODUCTION, MEASURED IN LB",LB,"634,000,000"
2019,MONTHLY,JAN,NEW MEXICO,NM,35,"MILK - PRODUCTION, MEASURED IN LB",LB,"690,000,000"
2019,MONTHLY,JAN THRU MAR,NEW MEXICO,NM,35,"MILK - PRODUCTION, MEASURED IN LB",LB,"2,036,000,000"
2019,MONTHLY,JUL,NEW MEXICO,NM,35,"MILK - PRODUCTION, MEASURED IN LB",LB,"694,000,000"
2019,MONTHLY,JUL THRU SEP,NEW MEXICO,NM,35,"MILK - PRODUCTION, MEASURED IN LB",LB,"2,042,000,000"
2019,MONTHLY,JUN,NEW MEXICO,NM,35,"MILK - PRODUCTION, MEASURED IN LB",LB,"690,000,000"
2019,MONTHLY,MAR,NEW MEXICO,NM,35,"MILK - PRODUCTION, MEASURED IN LB",LB,"712,000,000"
2019,MONTHLY,MAY,NEW MEXICO,NM,35,"MILK - PRODUCTION, MEASURED IN LB",LB,"718,000,000"
2019,MONTHLY,NOV,NEW MEXICO,NM,35,"MILK - PRODUCTION, MEASURED IN LB",LB,"650,000,000"
2019,MONTHLY,OCT,NEW MEXICO,NM,35,"MILK - PRODUCTION, MEASURED IN LB",LB,"673,000,000"
2019,MONTHLY,OCT THRU DEC,NEW MEXICO,NM,35,"MILK - PRODUCTION, MEASURED IN LB",LB,"2,006,000,000"
2019,MONTHLY,SEP,NEW MEXICO,NM,35,"MILK - PRODUCTION, MEASURED IN LB",LB,"668,000,000"
2019,MONTHLY,APR THRU JUN,NEVADA,NV,32,"MILK - PRODUCTION, MEASURED IN LB",LB,"195,000,000"
2019,MONTHLY,JAN THRU MAR,NEVADA,NV,32,"MILK - PRODUCTION, MEASURED IN LB",LB,"190,000,000"
2019,MONTHLY,JUL THRU SEP,NEVADA,NV,32,"MILK - PRODUCTION, MEASURED IN LB",LB,"196,000,000"
2019,MONTHLY,OCT THRU DEC,NEVADA,NV,32,"MILK - PRODUCTION, MEASURED IN LB",LB,"184,000,000"
2019,MONTHLY,APR,NEW YORK,NY,36,"MILK - PRODUCTION, MEASURED IN LB",LB,"1,267,000,000"
2019,MONTHLY,APR THRU JUN,NEW YORK,NY,36,"MILK - PRODUCTION, MEASURED IN LB",LB,"3,872,000,000"
2019,MONTHLY,AUG,NEW YORK,NY,36,"MILK - PRODUCTION, MEASURED IN LB",LB,"1,288,000,000"
2019,MONTHLY,DEC,NEW YORK,NY,36,"MILK - PRODUCTION, MEASURED IN LB",LB,"1,265,000,000"
2019,MONTHLY,FEB,NEW YORK,NY,36,"MILK - PRODUCTION, MEASURED IN LB",LB,"1,154,000,000"
2019,MONTHLY,JAN,NEW YORK,NY,36,"MILK - PRODUCTION, MEASURED IN LB",LB,"1,263,000,000"
2019,MONTHLY,JAN THRU MAR,NEW YORK,NY,36,"MILK - PRODUCTION, MEASURED IN LB",LB,"3,705,000,000"
2019,MONTHLY,JUL,NEW YORK,NY,36,"MILK - PRODUCTION, MEASURED IN LB",LB,"1,285,000,000"
2019,MONTHLY,JUL THRU SEP,NEW YORK,NY,36,"MILK - PRODUCTION, MEASURED IN LB",LB,"3,808,000,000"
2019,MONTHLY,JUN,NEW YORK,NY,36,"MILK - PRODUCTION, MEASURED IN LB",LB,"1,279,000,000"
2019,MONTHLY,MAR,NEW YORK,NY,36,"MILK - PRODUCTION, MEASURED IN LB",LB,"1,288,000,000"
2019,MONTHLY,MAY,NEW YORK,NY,36,"MILK - PRODUCTION, MEASURED IN LB",LB,"1,326,000,000"
2019,MONTHLY,NOV,NEW YORK,NY,36,"MILK - PRODUCTION, MEASURED IN LB",LB,"1,211,000,000"
2019,MONTHLY,OCT,NEW YORK,NY,36,"MILK - PRODUCTION, MEASURED IN LB",LB,"1,261,000,000"
2019,MONTHLY,OCT THRU DEC,NEW YORK,NY,36,"MILK - PRODUCTION, MEASURED IN LB",LB,"3,737,000,000"
2019,MONTHLY,SEP,NEW YORK,NY,36,"MILK - PRODUCTION, MEASURED IN LB",LB,"1,235,000,000"
2019,MONTHLY,APR,OHIO,OH,39,"MILK - PRODUCTION, MEASURED IN LB",LB,"458,000,000"
2019,MONTHLY,APR THRU JUN,OHIO,OH,39,"MILK - PRODUCTION, MEASURED IN LB",LB,"1,389,000,000"
2019,MONTHLY,AUG,OHIO,OH,39,"MILK - PRODUCTION, MEASURED IN LB",LB,"458,000,000"
2019,MONTHLY,DEC,OHIO,OH,39,"MILK - PRODUCTION, MEASURED IN LB",LB,"456,000,000"
2019,MONTHLY,FEB,OHIO,OH,39,"MILK - PRODUCTION, MEASURED IN LB",LB,"420,000,000"
2019,MONTHLY,JAN,OHIO,OH,39,"MILK - PRODUCTION, MEASURED IN LB",LB,"457,000,000"
2019,MONTHLY,JAN THRU MAR,OHIO,OH,39,"MILK - PRODUCTION, MEASURED IN LB",LB,"1,343,000,000"
2019,MONTHLY,JUL,OHIO,OH,39,"MILK - PRODUCTION, MEASURED IN LB",LB,"455,000,000"
2019,MONTHLY,JUL THRU SEP,OHIO,OH,39,"MILK - PRODUCTION, MEASURED IN LB",LB,"1,350,000,000"
2019,MONTHLY,JUN,OHIO,OH,39,"MILK - PRODUCTION, MEASURED IN LB",LB,"457,000,000"
2019,MONTHLY,MAR,OHIO,OH,39,"MILK - PRODUCTION, MEASURED IN LB",LB,"466,000,000"
2019,MONTHLY,MAY,OHIO,OH,39,"MILK - PRODUCTION, MEASURED IN LB",LB,"474,000,000"
2019,MONTHLY,NOV,OHIO,OH,39,"MILK - PRODUCTION, MEASURED IN LB",LB,"436,000,000"
2019,MONTHLY,OCT,OHIO,OH,39,"MILK - PRODUCTION, MEASURED IN LB",LB,"451,000,000"
2019,MONTHLY,OCT THRU DEC,OHIO,OH,39,"MILK - PRODUCTION, MEASURED IN LB",LB,"1,343,000,000"
2019,MONTHLY,SEP,OHIO,OH,39,"MILK - PRODUCTION, MEASURED IN LB",LB,"437,000,000"
2019,MONTHLY,APR THRU JUN,OKLAHOMA,OK,40,"MILK - PRODUCTION, MEASURED IN LB",LB,"190,000,000"
2019,MONTHLY,JAN THRU MAR,OKLAHOMA,OK,40,"MILK - PRODUCTION, MEASURED IN LB",LB,"190,000,000"
2019,MONTHLY,JUL THRU SEP,OKLAHOMA,OK,40,"MILK - PRODUCTION, MEASURED IN LB",LB,"166,000,000"
2019,MONTHLY,OCT THRU DEC,OKLAHOMA,OK,40,"MILK - PRODUCTION, MEASURED IN LB",LB,"177,000,000"
2019,MONTHLY,APR,OREGON,OR,41,"MILK - PRODUCTION, MEASURED IN LB",LB,"218,000,000"
2019,MONTHLY,APR THRU JUN,OREGON,OR,41,"MILK - PRODUCTION, MEASURED IN LB",LB,"665,000,000"
2019,MONTHLY,AUG,OREGON,OR,41,"MILK - PRODUCTION, MEASURED IN LB",LB,"225,000,000"
2019,MONTHLY,DEC,OREGON,OR,41,"MILK - PRODUCTION, MEASURED IN LB",LB,"219,000,000"
2019,MONTHLY,FEB,OREGON,OR,41,"MILK - PRODUCTION, MEASURED IN LB",LB,"200,000,000"
2019,MONTHLY,JAN,OREGON,OR,41,"MILK - PRODUCTION, MEASURED IN LB",LB,"223,000,000"
2019,MONTHLY,JAN THRU MAR,OREGON,OR,41,"MILK - PRODUCTION, MEASURED IN LB",LB,"644,000,000"
2019,MONTHLY,JUL,OREGON,OR,41,"MILK - PRODUCTION, MEASURED IN LB",LB,"228,000,000"
2019,MONTHLY,JUL THRU SEP,OREGON,OR,41,"MILK - PRODUCTION, MEASURED IN LB",LB,"669,000,000"
2019,MONTHLY,JUN,OREGON,OR,41,"MILK - PRODUCTION, MEASURED IN LB",LB,"220,000,000"
2019,MONTHLY,MAR,OREGON,OR,41,"MILK - PRODUCTION, MEASURED IN LB",LB,"221,000,000"
2019,MONTHLY,MAY,OREGON,OR,41,"MILK - PRODUCTION, MEASURED IN LB",LB,"227,000,000"
2019,MONTHLY,NOV,OREGON,OR,41,"MILK - PRODUCTION, MEASURED IN LB",LB,"213,000,000"
2019,MONTHLY,OCT,OREGON,OR,41,"MILK - PRODUCTION, MEASURED IN LB",LB,"223,000,000"
2019,MONTHLY,OCT THRU DEC,OREGON,OR,41,"MILK - PRODUCTION, MEASURED IN LB",LB,"655,000,000"
2019,MONTHLY,SEP,OREGON,OR,41,"MILK - PRODUCTION, MEASURED IN LB",LB,"216,000,000"
2019,MONTHLY,APR THRU JUN,OTHER STATES,OT,98,"MILK - PRODUCTION, MEASURED IN LB",LB,"900,000"
2019,MONTHLY,JAN THRU MAR,OTHER STATES,OT,98,"MILK - PRODUCTION, MEASURED IN LB",LB,"2,000,000"
2019,MONTHLY,JUL THRU SEP,OTHER STATES,OT,98,"MILK - PRODUCTION, MEASURED IN LB",LB,"900,000"
2019,MONTHLY,OCT THRU DEC,OTHER STATES,OT,98,"MILK - PRODUCTION, MEASURED IN LB",LB,"1,100,000"
2019,MONTHLY,APR,PENNSYLVANIA,PA,42,"MILK - PRODUCTION, MEASURED IN LB",LB,"867,000,000"
2019,MONTHLY,APR THRU JUN,PENNSYLVANIA,PA,42,"MILK - PRODUCTION, MEASURED IN LB",LB,"2,602,000,000"
2019,MONTHLY,AUG,PENNSYLVANIA,PA,42,"MILK - PRODUCTION, MEASURED IN LB",LB,"829,000,000"
2019,MONTHLY,DEC,PENNSYLVANIA,PA,42,"MILK - PRODUCTION, MEASURED IN LB",LB,"843,000,000"
2019,MONTHLY,FEB,PENNSYLVANIA,PA,42,"MILK - PRODUCTION, MEASURED IN LB",LB,"803,000,000"
2019,MONTHLY,JAN,PENNSYLVANIA,PA,42,"MILK - PRODUCTION, MEASURED IN LB",LB,"873,000,000"
2019,MONTHLY,JAN THRU MAR,PENNSYLVANIA,PA,42,"MILK - PRODUCTION, MEASURED IN LB",LB,"2,564,000,000"
2019,MONTHLY,JUL,PENNSYLVANIA,PA,42,"MILK - PRODUCTION, MEASURED IN LB",LB,"832,000,000"
2019,MONTHLY,JUL THRU SEP,PENNSYLVANIA,PA,42,"MILK - PRODUCTION, MEASURED IN LB",LB,"2,461,000,000"
2019,MONTHLY,JUN,PENNSYLVANIA,PA,42,"MILK - PRODUCTION, MEASURED IN LB",LB,"843,000,000"
2019,MONTHLY,MAR,PENNSYLVANIA,PA,42,"MILK - PRODUCTION, MEASURED IN LB",LB,"888,000,000"
2019,MONTHLY,MAY,PENNSYLVANIA,PA,42,"MILK - PRODUCTION, MEASURED IN LB",LB,"892,000,000"
2019,MONTHLY,NOV,PENNSYLVANIA,PA,42,"MILK - PRODUCTION, MEASURED IN LB",LB,"808,000,000"
2019,MONTHLY,OCT,PENNSYLVANIA,PA,42,"MILK - PRODUCTION, MEASURED IN LB",LB,"827,000,000"
2019,MONTHLY,OCT THRU DEC,PENNSYLVANIA,PA,42,"MILK - PRODUCTION, MEASURED IN LB",LB,"2,478,000,000"
2019,MONTHLY,SEP,PENNSYLVANIA,PA,42,"MILK - PRODUCTION, MEASURED IN LB",LB,"800,000,000"
2019,MONTHLY,APR THRU JUN,RHODE ISLAND,RI,44,"MILK - PRODUCTION, MEASURED IN LB",LB,"2,700,000"
2019,MONTHLY,JAN THRU MAR,RHODE ISLAND,RI,44,"MILK - PRODUCTION, MEASURED IN LB",LB,"2,600,000"
2019,MONTHLY,JUL THRU SEP,RHODE ISLAND,RI,44,"MILK - PRODUCTION, MEASURED IN LB",LB,"2,700,000"
2019,MONTHLY,OCT THRU DEC,RHODE ISLAND,RI,44,"MILK - PRODUCTION, MEASURED IN LB",LB,"2,600,000"
2019,MONTHLY,APR THRU JUN,SOUTH CAROLINA,SC,45,"MILK - PRODUCTION, MEASURED IN LB",LB,"56,000,000"
2019,MONTHLY,JAN THRU MAR,SOUTH CAROLINA,SC,45,"MILK - PRODUCTION, MEASURED IN LB",LB,"59,000,000"
2019,MONTHLY,JUL THRU SEP,SOUTH CAROLINA,SC,45,"MILK - PRODUCTION, MEASURED IN LB",LB,"45,000,000"
2019,MONTHLY,OCT THRU DEC,SOUTH CAROLINA,SC,45,"MILK - PRODUCTION, MEASURED IN LB",LB,"47,000,000"
2019,MONTHLY,APR,SOUTH DAKOTA,SD,46,"MILK - PRODUCTION, MEASURED IN LB",LB,"226,000,000"
2019,MONTHLY,APR THRU JUN,SOUTH DAKOTA,SD,46,"MILK - PRODUCTION, MEASURED IN LB",LB,"694,000,000"
2019,MONTHLY,AUG,SOUTH DAKOTA,SD,46,"MILK - PRODUCTION, MEASURED IN LB",LB,"241,000,000"
2019,MONTHLY,DEC,SOUTH DAKOTA,SD,46,"MILK - PRODUCTION, MEASURED IN LB",LB,"244,000,000"
2019,MONTHLY,FEB,SOUTH DAKOTA,SD,46,"MILK - PRODUCTION, MEASURED IN LB",LB,"214,000,000"
2019,MONTHLY,JAN,SOUTH DAKOTA,SD,46,"MILK - PRODUCTION, MEASURED IN LB",LB,"239,000,000"
2019,MONTHLY,JAN THRU MAR,SOUTH DAKOTA,SD,46,"MILK - PRODUCTION, MEASURED IN LB",LB,"688,000,000"
2019,MONTHLY,JUL,SOUTH DAKOTA,SD,46,"MILK - PRODUCTION, MEASURED IN LB",LB,"235,000,000"
2019,MONTHLY,JUL THRU SEP,SOUTH DAKOTA,SD,46,"MILK - PRODUCTION, MEASURED IN LB",LB,"711,000,000"
2019,MONTHLY,JUN,SOUTH DAKOTA,SD,46,"MILK - PRODUCTION, MEASURED IN LB",LB,"232,000,000"
2019,MONTHLY,MAR,SOUTH DAKOTA,SD,46,"MILK - PRODUCTION, MEASURED IN LB",LB,"235,000,000"
2019,MONTHLY,MAY,SOUTH DAKOTA,SD,46,"MILK - PRODUCTION, MEASURED IN LB",LB,"236,000,000"
2019,MONTHLY,NOV,SOUTH DAKOTA,SD,46,"MILK - PRODUCTION, MEASURED IN LB",LB,"232,000,000"
2019,MONTHLY,OCT,SOUTH DAKOTA,SD,46,"MILK - PRODUCTION, MEASURED IN LB",LB,"241,000,000"
2019,MONTHLY,OCT THRU DEC,SOUTH DAKOTA,SD,46,"MILK - PRODUCTION, MEASURED IN LB",LB,"717,000,000"
2019,MONTHLY,SEP,SOUTH DAKOTA,SD,46,"MILK - PRODUCTION, MEASURED IN LB",LB,"235,000,000"
2019,MONTHLY,APR THRU JUN,TENNESSEE,TN,47,"MILK - PRODUCTION, MEASURED IN LB",LB,"145,000,000"
2019,MONTHLY,JAN THRU MAR,TENNESSEE,TN,47,"MILK - PRODUCTION, MEASURED IN LB",LB,"150,000,000"
2019,MONTHLY,JUL THRU SEP,TENNESSEE,TN,47,"MILK - PRODUCTION, MEASURED IN LB",LB,"126,000,000"
2019,MONTHLY,OCT THRU DEC,TENNESSEE,TN,47,"MILK - PRODUCTION, MEASURED IN LB",LB,"130,000,000"
2019,MONTHLY,APR,TEXAS,TX,48,"MILK - PRODUCTION, MEASURED IN LB",LB,"1,175,000,000"
2019,MONTHLY,APR THRU JUN,TEXAS,TX,48,"MILK - PRODUCTION, MEASURED IN LB",LB,"3,520,000,000"
2019,MONTHLY,AUG,TEXAS,TX,48,"MILK - PRODUCTION, MEASURED IN LB",LB,"1,151,000,000"
2019,MONTHLY,DEC,TEXAS,TX,48,"MILK - PRODUCTION, MEASURED IN LB",LB,"1,209,000,000"
2019,MONTHLY,FEB,TEXAS,TX,48,"MILK - PRODUCTION, MEASURED IN LB",LB,"1,056,000,000"
2019,MONTHLY,JAN,TEXAS,TX,48,"MILK - PRODUCTION, MEASURED IN LB",LB,"1,132,000,000"
2019,MONTHLY,JAN THRU MAR,TEXAS,TX,48,"MILK - PRODUCTION, MEASURED IN LB",LB,"3,372,000,000"
2019,MONTHLY,JUL,TEXAS,TX,48,"MILK - PRODUCTION, MEASURED IN LB",LB,"1,167,000,000"
2019,MONTHLY,JUL THRU SEP,TEXAS,TX,48,"MILK - PRODUCTION, MEASURED IN LB",LB,"3,455,000,000"
2019,MONTHLY,JUN,TEXAS,TX,48,"MILK - PRODUCTION, MEASURED IN LB",LB,"1,147,000,000"
2019,MONTHLY,MAR,TEXAS,TX,48,"MILK - PRODUCTION, MEASURED IN LB",LB,"1,184,000,000"
2019,MONTHLY,MAY,TEXAS,TX,48,"MILK - PRODUCTION, MEASURED IN LB",LB,"1,198,000,000"
2019,MONTHLY,NOV,TEXAS,TX,48,"MILK - PRODUCTION, MEASURED IN LB",LB,"1,124,000,000"
2019,MONTHLY,OCT,TEXAS,TX,48,"MILK - PRODUCTION, MEASURED IN LB",LB,"1,170,000,000"
2019,MONTHLY,OCT THRU DEC,TEXAS,TX,48,"MILK - PRODUCTION, MEASURED IN LB",LB,"3,503,000,000"
2019,MONTHLY,SEP,TEXAS,TX,48,"MILK - PRODUCTION, MEASURED IN LB",LB,"1,137,000,000"
2019,MONTHLY,APR,US TOTAL,US,99,"MILK - PRODUCTION, MEASURED IN LB",LB,"18,433,000,000"
2019,MONTHLY,APR THRU JUN,US TOTAL,US,99,"MILK - PRODUCTION, MEASURED IN LB",LB,"55,722,000,000"
2019,MONTHLY,AUG,US TOTAL,US,99,"MILK - PRODUCTION, MEASURED IN LB",LB,"18,283,000,000"
2019,MONTHLY,DEC,US TOTAL,US,99,"MILK - PRODUCTION, MEASURED IN LB",LB,"18,401,000,000"
2019,MONTHLY,FEB,US TOTAL,US,99,"MILK - PRODUCTION, MEASURED IN LB",LB,"16,968,000,000"
2019,MONTHLY,JAN,US TOTAL,US,99,"MILK - PRODUCTION, MEASURED IN LB",LB,"18,613,000,000"
2019,MONTHLY,JAN THRU MAR,US TOTAL,US,99,"MILK - PRODUCTION, MEASURED IN LB",LB,"54,423,000,000"
2019,MONTHLY,JUL,US TOTAL,US,99,"MILK - PRODUCTION, MEASURED IN LB",LB,"18,379,000,000"
2019,MONTHLY,JUL THRU SEP,US TOTAL,US,99,"MILK - PRODUCTION, MEASURED IN LB",LB,"54,261,000,000"
2019,MONTHLY,JUN,US TOTAL,US,99,"MILK - PRODUCTION, MEASURED IN LB",LB,"18,227,000,000"
2019,MONTHLY,MAR,US TOTAL,US,99,"MILK - PRODUCTION, MEASURED IN LB",LB,"18,842,000,000"
2019,MONTHLY,MAY,US TOTAL,US,99,"MILK - PRODUCTION, MEASURED IN LB",LB,"19,062,000,000"
2019,MONTHLY,NOV,US TOTAL,US,99,"MILK - PRODUCTION, MEASURED IN LB",LB,"17,499,000,000"
2019,MONTHLY,OCT,US TOTAL,US,99,"MILK - PRODUCTION, MEASURED IN LB",LB,"18,138,000,000"
2019,MONTHLY,OCT THRU DEC,US TOTAL,US,99,"MILK - PRODUCTION, MEASURED IN LB",LB,"54,038,000,000"
2019,MONTHLY,SEP,US TOTAL,US,99,"MILK - PRODUCTION, MEASURED IN LB",LB,"17,599,000,000"
2019,MONTHLY,APR,UTAH,UT,49,"MILK - PRODUCTION, MEASURED IN LB",LB,"189,000,000"
2019,MONTHLY,APR THRU JUN,UTAH,UT,49,"MILK - PRODUCTION, MEASURED IN LB",LB,"576,000,000"
2019,MONTHLY,AUG,UTAH,UT,49,"MILK - PRODUCTION, MEASURED IN LB",LB,"192,000,000"
2019,MONTHLY,DEC,UTAH,UT,49,"MILK - PRODUCTION, MEASURED IN LB",LB,"183,000,000"
2019,MONTHLY,FEB,UTAH,UT,49,"MILK - PRODUCTION, MEASURED IN LB",LB,"174,000,000"
2019,MONTHLY,JAN,UTAH,UT,49,"MILK - PRODUCTION, MEASURED IN LB",LB,"194,000,000"
2019,MONTHLY,JAN THRU MAR,UTAH,UT,49,"MILK - PRODUCTION, MEASURED IN LB",LB,"558,000,000"
2019,MONTHLY,JUL,UTAH,UT,49,"MILK - PRODUCTION, MEASURED IN LB",LB,"195,000,000"
2019,MONTHLY,JUL THRU SEP,UTAH,UT,49,"MILK - PRODUCTION, MEASURED IN LB",LB,"574,000,000"
2019,MONTHLY,JUN,UTAH,UT,49,"MILK - PRODUCTION, MEASURED IN LB",LB,"190,000,000"
2019,MONTHLY,MAR,UTAH,UT,49,"MILK - PRODUCTION, MEASURED IN LB",LB,"190,000,000"
2019,MONTHLY,MAY,UTAH,UT,49,"MILK - PRODUCTION, MEASURED IN LB",LB,"197,000,000"
2019,MONTHLY,NOV,UTAH,UT,49,"MILK - PRODUCTION, MEASURED IN LB",LB,"180,000,000"
2019,MONTHLY,OCT,UTAH,UT,49,"MILK - PRODUCTION, MEASURED IN LB",LB,"189,000,000"
2019,MONTHLY,OCT THRU DEC,UTAH,UT,49,"MILK - PRODUCTION, MEASURED IN LB",LB,"552,000,000"
2019,MONTHLY,SEP,UTAH,UT,49,"MILK - PRODUCTION, MEASURED IN LB",LB,"187,000,000"
2019,MONTHLY,APR,VIRGINIA,VA,51,"MILK - PRODUCTION, MEASURED IN LB",LB,"131,000,000"
2019,MONTHLY,APR THRU JUN,VIRGINIA,VA,51,"MILK - PRODUCTION, MEASURED IN LB",LB,"386,000,000"
2019,MONTHLY,AUG,VIRGINIA,VA,51,"MILK - PRODUCTION, MEASURED IN LB",LB,"118,000,000"
2019,MONTHLY,DEC,VIRGINIA,VA,51,"MILK - PRODUCTION, MEASURED IN LB",LB,"126,000,000"
2019,MONTHLY,FEB,VIRGINIA,VA,51,"MILK - PRODUCTION, MEASURED IN LB",LB,"121,000,000"
2019,MONTHLY,JAN,VIRGINIA,VA,51,"MILK - PRODUCTION, MEASURED IN LB",LB,"132,000,000"
2019,MONTHLY,JAN THRU MAR,VIRGINIA,VA,51,"MILK - PRODUCTION, MEASURED IN LB",LB,"387,000,000"
2019,MONTHLY,JUL,VIRGINIA,VA,51,"MILK - PRODUCTION, MEASURED IN LB",LB,"119,000,000"
2019,MONTHLY,JUL THRU SEP,VIRGINIA,VA,51,"MILK - PRODUCTION, MEASURED IN LB",LB,"352,000,000"
2019,MONTHLY,JUN,VIRGINIA,VA,51,"MILK - PRODUCTION, MEASURED IN LB",LB,"122,000,000"
2019,MONTHLY,MAR,VIRGINIA,VA,51,"MILK - PRODUCTION, MEASURED IN LB",LB,"134,000,000"
2019,MONTHLY,MAY,VIRGINIA,VA,51,"MILK - PRODUCTION, MEASURED IN LB",LB,"133,000,000"
2019,MONTHLY,NOV,VIRGINIA,VA,51,"MILK - PRODUCTION, MEASURED IN LB",LB,"119,000,000"
2019,MONTHLY,OCT,VIRGINIA,VA,51,"MILK - PRODUCTION, MEASURED IN LB",LB,"120,000,000"
2019,MONTHLY,OCT THRU DEC,VIRGINIA,VA,51,"MILK - PRODUCTION, MEASURED IN LB",LB,"365,000,000"
2019,MONTHLY,SEP,VIRGINIA,VA,51,"MILK - PRODUCTION, MEASURED IN LB",LB,"115,000,000"
2019,MONTHLY,APR,VERMONT,VT,50,"MILK - PRODUCTION, MEASURED IN LB",LB,"227,000,000"
2019,MONTHLY,APR THRU JUN,VERMONT,VT,50,"MILK - PRODUCTION, MEASURED IN LB",LB,"687,000,000"
2019,MONTHLY,AUG,VERMONT,VT,50,"MILK - PRODUCTION, MEASURED IN LB",LB,"227,000,000"
2019,MONTHLY,DEC,VERMONT,VT,50,"MILK - PRODUCTION, MEASURED IN LB",LB,"224,000,000"
2019,MONTHLY,FEB,VERMONT,VT,50,"MILK - PRODUCTION, MEASURED IN LB",LB,"210,000,000"
2019,MONTHLY,JAN,VERMONT,VT,50,"MILK - PRODUCTION, MEASURED IN LB",LB,"230,000,000"
2019,MONTHLY,JAN THRU MAR,VERMONT,VT,50,"MILK - PRODUCTION, MEASURED IN LB",LB,"674,000,000"
2019,MONTHLY,JUL,VERMONT,VT,50,"MILK - PRODUCTION, MEASURED IN LB",LB,"228,000,000"
2019,MONTHLY,JUL THRU SEP,VERMONT,VT,50,"MILK - PRODUCTION, MEASURED IN LB",LB,"674,000,000"
2019,MONTHLY,JUN,VERMONT,VT,50,"MILK - PRODUCTION, MEASURED IN LB",LB,"226,000,000"
2019,MONTHLY,MAR,VERMONT,VT,50,"MILK - PRODUCTION, MEASURED IN LB",LB,"234,000,000"
2019,MONTHLY,MAY,VERMONT,VT,50,"MILK - PRODUCTION, MEASURED IN LB",LB,"234,000,000"
2019,MONTHLY,NOV,VERMONT,VT,50,"MILK - PRODUCTION, MEASURED IN LB",LB,"214,000,000"
2019,MONTHLY,OCT,VERMONT,VT,50,"MILK - PRODUCTION, MEASURED IN LB",LB,"224,000,000"
2019,MONTHLY,OCT THRU DEC,VERMONT,VT,50,"MILK - PRODUCTION, MEASURED IN LB",LB,"662,000,000"
2019,MONTHLY,SEP,VERMONT,VT,50,"MILK - PRODUCTION, MEASURED IN LB",LB,"219,000,000"
2019,MONTHLY,APR,WASHINGTON,WA,53,"MILK - PRODUCTION, MEASURED IN LB",LB,"564,000,000"
2019,MONTHLY,APR THRU JUN,WASHINGTON,WA,53,"MILK - PRODUCTION, MEASURED IN LB",LB,"1,722,000,000"
2019,MONTHLY,AUG,WASHINGTON,WA,53,"MILK - PRODUCTION, MEASURED IN LB",LB,"587,000,000"
2019,MONTHLY,DEC,WASHINGTON,WA,53,"MILK - PRODUCTION, MEASURED IN LB",LB,"564,000,000"
2019,MONTHLY,FEB,WASHINGTON,WA,53,"MILK - PRODUCTION, MEASURED IN LB",LB,"505,000,000"
2019,MONTHLY,JAN,WASHINGTON,WA,53,"MILK - PRODUCTION, MEASURED IN LB",LB,"573,000,000"
2019,MONTHLY,JAN THRU MAR,WASHINGTON,WA,53,"MILK - PRODUCTION, MEASURED IN LB",LB,"1,640,000,000"
2019,MONTHLY,JUL,WASHINGTON,WA,53,"MILK - PRODUCTION, MEASURED IN LB",LB,"596,000,000"
2019,MONTHLY,JUL THRU SEP,WASHINGTON,WA,53,"MILK - PRODUCTION, MEASURED IN LB",LB,"1,746,000,000"
2019,MONTHLY,JUN,WASHINGTON,WA,53,"MILK - PRODUCTION, MEASURED IN LB",LB,"570,000,000"
2019,MONTHLY,MAR,WASHINGTON,WA,53,"MILK - PRODUCTION, MEASURED IN LB",LB,"562,000,000"
2019,MONTHLY,MAY,WASHINGTON,WA,53,"MILK - PRODUCTION, MEASURED IN LB",LB,"588,000,000"
2019,MONTHLY,NOV,WASHINGTON,WA,53,"MILK - PRODUCTION, MEASURED IN LB",LB,"542,000,000"
2019,MONTHLY,OCT,WASHINGTON,WA,53,"MILK - PRODUCTION, MEASURED IN LB",LB,"569,000,000"
2019,MONTHLY,OCT THRU DEC,WASHINGTON,WA,53,"MILK - PRODUCTION, MEASURED IN LB",LB,"1,675,000,000"
2019,MONTHLY,SEP,WASHINGTON,WA,53,"MILK - PRODUCTION, MEASURED IN LB",LB,"563,000,000"
2019,MONTHLY,APR,WISCONSIN,WI,55,"MILK - PRODUCTION, MEASURED IN LB",LB,"2,538,000,000"
2019,MONTHLY,APR THRU JUN,WISCONSIN,WI,55,"MILK - PRODUCTION, MEASURED IN LB",LB,"7,784,000,000"
2019,MONTHLY,AUG,WISCONSIN,WI,55,"MILK - PRODUCTION, MEASURED IN LB",LB,"2,623,000,000"
2019,MONTHLY,DEC,WISCONSIN,WI,55,"MILK - PRODUCTION, MEASURED IN LB",LB,"2,530,000,000"
2019,MONTHLY,FEB,WISCONSIN,WI,55,"MILK - PRODUCTION, MEASURED IN LB",LB,"2,362,000,000"
2019,MONTHLY,JAN,WISCONSIN,WI,55,"MILK - PRODUCTION, MEASURED IN LB",LB,"2,616,000,000"
2019,MONTHLY,JAN THRU MAR,WISCONSIN,WI,55,"MILK - PRODUCTION, MEASURED IN LB",LB,"7,588,000,000"
2019,MONTHLY,JUL,WISCONSIN,WI,55,"MILK - PRODUCTION, MEASURED IN LB",LB,"2,599,000,000"
2019,MONTHLY,JUL THRU SEP,WISCONSIN,WI,55,"MILK - PRODUCTION, MEASURED IN LB",LB,"7,722,000,000"
2019,MONTHLY,JUN,WISCONSIN,WI,55,"MILK - PRODUCTION, MEASURED IN LB",LB,"2,587,000,000"
2019,MONTHLY,MAR,WISCONSIN,WI,55,"MILK - PRODUCTION, MEASURED IN LB",LB,"2,610,000,000"
2019,MONTHLY,MAY,WISCONSIN,WI,55,"MILK - PRODUCTION, MEASURED IN LB",LB,"2,659,000,000"
2019,MONTHLY,NOV,WISCONSIN,WI,55,"MILK - PRODUCTION, MEASURED IN LB",LB,"2,421,000,000"
2019,MONTHLY,OCT,WISCONSIN,WI,55,"MILK - PRODUCTION, MEASURED IN LB",LB,"2,543,000,000"
2019,MONTHLY,OCT THRU DEC,WISCONSIN,WI,55,"MILK - PRODUCTION, MEASURED IN LB",LB,"7,494,000,000"
2019,MONTHLY,SEP,WISCONSIN,WI,55,"MILK - PRODUCTION, MEASURED IN LB",LB,"2,500,000,000"
2019,MONTHLY,APR THRU JUN,WEST VIRGINIA,WV,54,"MILK - PRODUCTION, MEASURED IN LB",LB,"23,000,000"
2019,MONTHLY,JAN THRU MAR,WEST VIRGINIA,WV,54,"MILK - PRODUCTION, MEASURED IN LB",LB,"24,000,000"
2019,MONTHLY,JUL THRU SEP,WEST VIRGINIA,WV,54,"MILK - PRODUCTION, MEASURED IN LB",LB,"22,000,000"
2019,MONTHLY,OCT THRU DEC,WEST VIRGINIA,WV,54,"MILK - PRODUCTION, MEASURED IN LB",LB,"21,000,000"
2019,MONTHLY,APR THRU JUN,WYOMING,WY,56,"MILK - PRODUCTION, MEASURED IN LB",LB,"36,500,000"
2019,MONTHLY,JAN THRU MAR,WYOMING,WY,56,"MILK - PRODUCTION, MEASURED IN LB",LB,"35,900,000"
2019,MONTHLY,JUL THRU SEP,WYOMING,WY,56,"MILK - PRODUCTION, MEASURED IN LB",LB,"37,000,000"
2019,MONTHLY,OCT THRU DEC,WYOMING,WY,56,"MILK - PRODUCTION, MEASURED IN LB",LB,"37,200,000"
2020,MONTHLY,APR THRU JUN,ALABAMA,AL,01,"MILK - PRODUCTION, MEASURED IN LB",LB,"12,000,000"
2020,MONTHLY,JAN THRU MAR,ALABAMA,AL,01,"MILK - PRODUCTION, MEASURED IN LB",LB,"13,000,000"
2020,MONTHLY,JUL THRU SEP,ALABAMA,AL,01,"MILK - PRODUCTION, MEASURED IN LB",LB,"9,000,000"
2020,MONTHLY,OCT THRU DEC,ALABAMA,AL,01,"MILK - PRODUCTION, MEASURED IN LB",LB,"10,000,000"
2020,MONTHLY,APR THRU JUN,ARKANSAS,AR,05,"MILK - PRODUCTION, MEASURED IN LB",LB,"18,000,000"
2020,MONTHLY,JAN THRU MAR,ARKANSAS,AR,05,"MILK - PRODUCTION, MEASURED IN LB",LB,"18,000,000"
2020,MONTHLY,JUL THRU SEP,ARKANSAS,AR,05,"MILK - PRODUCTION, MEASURED IN LB",LB,"14,000,000"
2020,MONTHLY,OCT THRU DEC,ARKANSAS,AR,05,"MILK - PRODUCTION, MEASURED IN LB",LB,"14,000,000"
2020,MONTHLY,APR,ARIZONA,AZ,04,"MILK - PRODUCTION, MEASURED IN LB",LB,"431,000,000"
2020,MONTHLY,APR THRU JUN,ARIZONA,AZ,04,"MILK - PRODUCTION, MEASURED IN LB",LB,"1,263,000,000"
2020,MONTHLY,AUG,ARIZONA,AZ,04,"MILK - PRODUCTION, MEASURED IN LB",LB,"370,000,000"
2020,MONTHLY,DEC,ARIZONA,AZ,04,"MILK - PRODUCTION, MEASURED IN LB",LB,"417,000,000"
2020,MONTHLY,FEB,ARIZONA,AZ,04,"MILK - PRODUCTION, MEASURED IN LB",LB,"416,000,000"
2020,MONTHLY,JAN,ARIZONA,AZ,04,"MILK - PRODUCTION, MEASURED IN LB",LB,"419,000,000"
2020,MONTHLY,JAN THRU MAR,ARIZONA,AZ,04,"MILK - PRODUCTION, MEASURED IN LB",LB,"1,292,000,000"
2020,MONTHLY,JUL,ARIZONA,AZ,04,"MILK - PRODUCTION, MEASURED IN LB",LB,"387,000,000"
2020,MONTHLY,JUL THRU SEP,ARIZONA,AZ,04,"MILK - PRODUCTION, MEASURED IN LB",LB,"1,126,000,000"
2020,MONTHLY,JUN,ARIZONA,AZ,04,"MILK - PRODUCTION, MEASURED IN LB",LB,"403,000,000"
2020,MONTHLY,MAR,ARIZONA,AZ,04,"MILK - PRODUCTION, MEASURED IN LB",LB,"457,000,000"
2020,MONTHLY,MAY,ARIZONA,AZ,04,"MILK - PRODUCTION, MEASURED IN LB",LB,"429,000,000"
2020,MONTHLY,NOV,ARIZONA,AZ,04,"MILK - PRODUCTION, MEASURED IN LB",LB,"391,000,000"
2020,MONTHLY,OCT,ARIZONA,AZ,04,"MILK - PRODUCTION, MEASURED IN LB",LB,"400,000,000"
2020,MONTHLY,OCT THRU DEC,ARIZONA,AZ,04,"MILK - PRODUCTION, MEASURED IN LB",LB,"1,208,000,000"
2020,MONTHLY,SEP,ARIZONA,AZ,04,"MILK - PRODUCTION, MEASURED IN LB",LB,"369,000,000"
2020,MONTHLY,APR,CALIFORNIA,CA,06,"MILK - PRODUCTION, MEASURED IN LB",LB,"3,498,000,000"
2020,MONTHLY,APR THRU JUN,CALIFORNIA,CA,06,"MILK - PRODUCTION, MEASURED IN LB",LB,"10,410,000,000"
2020,MONTHLY,AUG,CALIFORNIA,CA,06,"MILK - PRODUCTION, MEASURED IN LB",LB,"3,365,000,000"
2020,MONTHLY,DEC,CALIFORNIA,CA,06,"MILK - PRODUCTION, MEASURED IN LB",LB,"3,500,000,000"
2020,MONTHLY,FEB,CALIFORNIA,CA,06,"MILK - PRODUCTION, MEASURED IN LB",LB,"3,381,000,000"
2020,MONTHLY,JAN,CALIFORNIA,CA,06,"MILK - PRODUCTION, MEASURED IN LB",LB,"3,528,000,000"
2020,MONTHLY,JAN THRU MAR,CALIFORNIA,CA,06,"MILK - PRODUCTION, MEASURED IN LB",LB,"10,583,000,000"
2020,MONTHLY,JUL,CALIFORNIA,CA,06,"MILK - PRODUCTION, MEASURED IN LB",LB,"3,451,000,000"
2020,MONTHLY,JUL THRU SEP,CALIFORNIA,CA,06,"MILK - PRODUCTION, MEASURED IN LB",LB,"10,093,000,000"
2020,MONTHLY,JUN,CALIFORNIA,CA,06,"MILK - PRODUCTION, MEASURED IN LB",LB,"3,347,000,000"
2020,MONTHLY,MAR,CALIFORNIA,CA,06,"MILK - PRODUCTION, MEASURED IN LB",LB,"3,674,000,000"
2020,MONTHLY,MAY,CALIFORNIA,CA,06,"MILK - PRODUCTION, MEASURED IN LB",LB,"3,565,000,000"
2020,MONTHLY,NOV,CALIFORNIA,CA,06,"MILK - PRODUCTION, MEASURED IN LB",LB,"3,345,000,000"
2020,MONTHLY,OCT,CALIFORNIA,CA,06,"MILK - PRODUCTION, MEASURED IN LB",LB,"3,380,000,000"
2020,MONTHLY,OCT THRU DEC,CALIFORNIA,CA,06,"MILK - PRODUCTION, MEASURED IN LB",LB,"10,225,000,000"
2020,MONTHLY,SEP,CALIFORNIA,CA,06,"MILK - PRODUCTION, MEASURED IN LB",LB,"3,277,000,000"
2020,MONTHLY,APR,COLORADO,CO,08,"MILK - PRODUCTION, MEASURED IN LB",LB,"419,000,000"
2020,MONTHLY,APR THRU JUN,COLORADO,CO,08,"MILK - PRODUCTION, MEASURED IN LB",LB,"1,278,000,000"
2020,MONTHLY,AUG,COLORADO,CO,08,"MILK - PRODUCTION, MEASURED IN LB",LB,"441,000,000"
2020,MONTHLY,DEC,COLORADO,CO,08,"MILK - PRODUCTION, MEASURED IN LB",LB,"443,000,000"
2020,MONTHLY,FEB,COLORADO,CO,08,"MILK - PRODUCTION, MEASURED IN LB",LB,"399,000,000"
2020,MONTHLY,JAN,COLORADO,CO,08,"MILK - PRODUCTION, MEASURED IN LB",LB,"422,000,000"
2020,MONTHLY,JAN THRU MAR,COLORADO,CO,08,"MILK - PRODUCTION, MEASURED IN LB",LB,"1,253,000,000"
2020,MONTHLY,JUL,COLORADO,CO,08,"MILK - PRODUCTION, MEASURED IN LB",LB,"443,000,000"
2020,MONTHLY,JUL THRU SEP,COLORADO,CO,08,"MILK - PRODUCTION, MEASURED IN LB",LB,"1,313,000,000"
2020,MONTHLY,JUN,COLORADO,CO,08,"MILK - PRODUCTION, MEASURED IN LB",LB,"424,000,000"
2020,MONTHLY,MAR,COLORADO,CO,08,"MILK - PRODUCTION, MEASURED IN LB",LB,"432,000,000"
2020,MONTHLY,MAY,COLORADO,CO,08,"MILK - PRODUCTION, MEASURED IN LB",LB,"435,000,000"
2020,MONTHLY,NOV,COLORADO,CO,08,"MILK - PRODUCTION, MEASURED IN LB",LB,"424,000,000"
2020,MONTHLY,OCT,COLORADO,CO,08,"MILK - PRODUCTION, MEASURED IN LB",LB,"439,000,000"
2020,MONTHLY,OCT THRU DEC,COLORADO,CO,08,"MILK - PRODUCTION, MEASURED IN LB",LB,"1,306,000,000"
2020,MONTHLY,SEP,COLORADO,CO,08,"MILK - PRODUCTION, MEASURED IN LB",LB,"429,000,000"
2020,MONTHLY,APR THRU JUN,CONNECTICUT,CT,09,"MILK - PRODUCTION, MEASURED IN LB",LB,"109,000,000"
2020,MONTHLY,JAN THRU MAR,CONNECTICUT,CT,09,"MILK - PRODUCTION, MEASURED IN LB",LB,"115,000,000"
2020,MONTHLY,JUL THRU SEP,CONNECTICUT,CT,09,"MILK - PRODUCTION, MEASURED IN LB",LB,"106,000,000"
2020,MONTHLY,OCT THRU DEC,CONNECTICUT,CT,09,"MILK - PRODUCTION, MEASURED IN LB",LB,"108,000,000"
2020,MONTHLY,APR THRU JUN,DELAWARE,DE,10,"MILK - PRODUCTION, MEASURED IN LB",LB,"18,700,000"
2020,MONTHLY,JAN THRU MAR,DELAWARE,DE,10,"MILK - PRODUCTION, MEASURED IN LB",LB,"19,000,000"
2020,MONTHLY,JUL THRU SEP,DELAWARE,DE,10,"MILK - PRODUCTION, MEASURED IN LB",LB,"16,400,000"
2020,MONTHLY,OCT THRU DEC,DELAWARE,DE,10,"MILK - PRODUCTION, MEASURED IN LB",LB,"16,400,000"
2020,MONTHLY,APR,FLORIDA,FL,12,"MILK - PRODUCTION, MEASURED IN LB",LB,"208,000,000"
2020,MONTHLY,APR THRU JUN,FLORIDA,FL,12,"MILK - PRODUCTION, MEASURED IN LB",LB,"593,000,000"
2020,MONTHLY,AUG,FLORIDA,FL,12,"MILK - PRODUCTION, MEASURED IN LB",LB,"174,000,000"
2020,MONTHLY,DEC,FLORIDA,FL,12,"MILK - PRODUCTION, MEASURED IN LB",LB,"190,000,000"
2020,MONTHLY,FEB,FLORIDA,FL,12,"MILK - PRODUCTION, MEASURED IN LB",LB,"205,000,000"
2020,MONTHLY,JAN,FLORIDA,FL,12,"MILK - PRODUCTION, MEASURED IN LB",LB,"215,000,000"
2020,MONTHLY,JAN THRU MAR,FLORIDA,FL,12,"MILK - PRODUCTION, MEASURED IN LB",LB,"639,000,000"
2020,MONTHLY,JUL,FLORIDA,FL,12,"MILK - PRODUCTION, MEASURED IN LB",LB,"183,000,000"
2020,MONTHLY,JUL THRU SEP,FLORIDA,FL,12,"MILK - PRODUCTION, MEASURED IN LB",LB,"519,000,000"
2020,MONTHLY,JUN,FLORIDA,FL,12,"MILK - PRODUCTION, MEASURED IN LB",LB,"186,000,000"
2020,MONTHLY,MAR,FLORIDA,FL,12,"MILK - PRODUCTION, MEASURED IN LB",LB,"219,000,000"
2020,MONTHLY,MAY,FLORIDA,FL,12,"MILK - PRODUCTION, MEASURED IN LB",LB,"199,000,000"
2020,MONTHLY,NOV,FLORIDA,FL,12,"MILK - PRODUCTION, MEASURED IN LB",LB,"174,000,000"
2020,MONTHLY,OCT,FLORIDA,FL,12,"MILK - PRODUCTION, MEASURED IN LB",LB,"171,000,000"
2020,MONTHLY,OCT THRU DEC,FLORIDA,FL,12,"MILK - PRODUCTION, MEASURED IN LB",LB,"535,000,000"
2020,MONTHLY,SEP,FLORIDA,FL,12,"MILK - PRODUCTION, MEASURED IN LB",LB,"162,000,000"
2020,MONTHLY,APR,GEORGIA,GA,13,"MILK - PRODUCTION, MEASURED IN LB",LB,"154,000,000"
2020,MONTHLY,APR THRU JUN,GEORGIA,GA,13,"MILK - PRODUCTION, MEASURED IN LB",LB,"449,000,000"
2020,MONTHLY,AUG,GEORGIA,GA,13,"MILK - PRODUCTION, MEASURED IN LB",LB,"136,000,000"
2020,MONTHLY,DEC,GEORGIA,GA,13,"MILK - PRODUCTION, MEASURED IN LB",LB,"154,000,000"
2020,MONTHLY,FEB,GEORGIA,GA,13,"MILK - PRODUCTION, MEASURED IN LB",LB,"152,000,000"
2020,MONTHLY,JAN,GEORGIA,GA,13,"MILK - PRODUCTION, MEASURED IN LB",LB,"159,000,000"
2020,MONTHLY,JAN THRU MAR,GEORGIA,GA,13,"MILK - PRODUCTION, MEASURED IN LB",LB,"474,000,000"
2020,MONTHLY,JUL,GEORGIA,GA,13,"MILK - PRODUCTION, MEASURED IN LB",LB,"142,000,000"
2020,MONTHLY,JUL THRU SEP,GEORGIA,GA,13,"MILK - PRODUCTION, MEASURED IN LB",LB,"410,000,000"
2020,MONTHLY,JUN,GEORGIA,GA,13,"MILK - PRODUCTION, MEASURED IN LB",LB,"143,000,000"
2020,MONTHLY,MAR,GEORGIA,GA,13,"MILK - PRODUCTION, MEASURED IN LB",LB,"163,000,000"
2020,MONTHLY,MAY,GEORGIA,GA,13,"MILK - PRODUCTION, MEASURED IN LB",LB,"152,000,000"
2020,MONTHLY,NOV,GEORGIA,GA,13,"MILK - PRODUCTION, MEASURED IN LB",LB,"142,000,000"
2020,MONTHLY,OCT,GEORGIA,GA,13,"MILK - PRODUCTION, MEASURED IN LB",LB,"141,000,000"
2020,MONTHLY,OCT THRU DEC,GEORGIA,GA,13,"MILK - PRODUCTION, MEASURED IN LB",LB,"437,000,000"
2020,MONTHLY,SEP,GEORGIA,GA,13,"MILK - PRODUCTION, MEASURED IN LB",LB,"132,000,000"
2020,MONTHLY,APR,IOWA,IA,19,"MILK - PRODUCTION, MEASURED IN LB",LB,"445,000,000"
2020,MONTHLY,APR THRU JUN,IOWA,IA,19,"MILK - PRODUCTION, MEASURED IN LB",LB,"1,341,000,000"
2020,MONTHLY,AUG,IOWA,IA,19,"MILK - PRODUCTION, MEASURED IN LB",LB,"451,000,000"
2020,MONTHLY,DEC,IOWA,IA,19,"MILK - PRODUCTION, MEASURED IN LB",LB,"461,000,000"
2020,MONTHLY,FEB,IOWA,IA,19,"MILK - PRODUCTION, MEASURED IN LB",LB,"429,000,000"
2020,MONTHLY,JAN,IOWA,IA,19,"MILK - PRODUCTION, MEASURED IN LB",LB,"454,000,000"
2020,MONTHLY,JAN THRU MAR,IOWA,IA,19,"MILK - PRODUCTION, MEASURED IN LB",LB,"1,346,000,000"
2020,MONTHLY,JUL,IOWA,IA,19,"MILK - PRODUCTION, MEASURED IN LB",LB,"445,000,000"
2020,MONTHLY,JUL THRU SEP,IOWA,IA,19,"MILK - PRODUCTION, MEASURED IN LB",LB,"1,335,000,000"
2020,MONTHLY,JUN,IOWA,IA,19,"MILK - PRODUCTION, MEASURED IN LB",LB,"441,000,000"
2020,MONTHLY,MAR,IOWA,IA,19,"MILK - PRODUCTION, MEASURED IN LB",LB,"463,000,000"
2020,MONTHLY,MAY,IOWA,IA,19,"MILK - PRODUCTION, MEASURED IN LB",LB,"455,000,000"
2020,MONTHLY,NOV,IOWA,IA,19,"MILK - PRODUCTION, MEASURED IN LB",LB,"439,000,000"
2020,MONTHLY,OCT,IOWA,IA,19,"MILK - PRODUCTION, MEASURED IN LB",LB,"452,000,000"
2020,MONTHLY,OCT THRU DEC,IOWA,IA,19,"MILK - PRODUCTION, MEASURED IN LB",LB,"1,352,000,000"
2020,MONTHLY,SEP,IOWA,IA,19,"MILK - PRODUCTION, MEASURED IN LB",LB,"439,000,000"
2020,MONTHLY,APR,IDAHO,ID,16,"MILK - PRODUCTION, MEASURED IN LB",LB,"1,348,000,000"
2020,MONTHLY,APR THRU JUN,IDAHO,ID,16,"MILK - PRODUCTION, MEASURED IN LB",LB,"4,087,000,000"
2020,MONTHLY,AUG,IDAHO,ID,16,"MILK - PRODUCTION, MEASURED IN LB",LB,"1,413,000,000"
2020,MONTHLY,DEC,IDAHO,ID,16,"MILK - PRODUCTION, MEASURED IN LB",LB,"1,328,000,000"
2020,MONTHLY,FEB,IDAHO,ID,16,"MILK - PRODUCTION, MEASURED IN LB",LB,"1,267,000,000"
2020,MONTHLY,JAN,IDAHO,ID,16,"MILK - PRODUCTION, MEASURED IN LB",LB,"1,351,000,000"
2020,MONTHLY,JAN THRU MAR,IDAHO,ID,16,"MILK - PRODUCTION, MEASURED IN LB",LB,"3,999,000,000"
2020,MONTHLY,JUL,IDAHO,ID,16,"MILK - PRODUCTION, MEASURED IN LB",LB,"1,425,000,000"
2020,MONTHLY,JUL THRU SEP,IDAHO,ID,16,"MILK - PRODUCTION, MEASURED IN LB",LB,"4,176,000,000"
2020,MONTHLY,JUN,IDAHO,ID,16,"MILK - PRODUCTION, MEASURED IN LB",LB,"1,347,000,000"
2020,MONTHLY,MAR,IDAHO,ID,16,"MILK - PRODUCTION, MEASURED IN LB",LB,"1,381,000,000"
2020,MONTHLY,MAY,IDAHO,ID,16,"MILK - PRODUCTION, MEASURED IN LB",LB,"1,392,000,000"
2020,MONTHLY,NOV,IDAHO,ID,16,"MILK - PRODUCTION, MEASURED IN LB",LB,"1,295,000,000"
2020,MONTHLY,OCT,IDAHO,ID,16,"MILK - PRODUCTION, MEASURED IN LB",LB,"1,355,000,000"
2020,MONTHLY,OCT THRU DEC,IDAHO,ID,16,"MILK - PRODUCTION, MEASURED IN LB",LB,"3,978,000,000"
2020,MONTHLY,SEP,IDAHO,ID,16,"MILK - PRODUCTION, MEASURED IN LB",LB,"1,338,000,000"
2020,MONTHLY,APR,ILLINOIS,IL,17,"MILK - PRODUCTION, MEASURED IN LB",LB,"154,000,000"
2020,MONTHLY,APR THRU JUN,ILLINOIS,IL,17,"MILK - PRODUCTION, MEASURED IN LB",LB,"458,000,000"
2020,MONTHLY,AUG,ILLINOIS,IL,17,"MILK - PRODUCTION, MEASURED IN LB",LB,"144,000,000"
2020,MONTHLY,DEC,ILLINOIS,IL,17,"MILK - PRODUCTION, MEASURED IN LB",LB,"153,000,000"
2020,MONTHLY,FEB,ILLINOIS,IL,17,"MILK - PRODUCTION, MEASURED IN LB",LB,"148,000,000"
2020,MONTHLY,JAN,ILLINOIS,IL,17,"MILK - PRODUCTION, MEASURED IN LB",LB,"155,000,000"
2020,MONTHLY,JAN THRU MAR,ILLINOIS,IL,17,"MILK - PRODUCTION, MEASURED IN LB",LB,"463,000,000"
2020,MONTHLY,JUL,ILLINOIS,IL,17,"MILK - PRODUCTION, MEASURED IN LB",LB,"145,000,000"
2020,MONTHLY,JUL THRU SEP,ILLINOIS,IL,17,"MILK - PRODUCTION, MEASURED IN LB",LB,"427,000,000"
2020,MONTHLY,JUN,ILLINOIS,IL,17,"MILK - PRODUCTION, MEASURED IN LB",LB,"149,000,000"
2020,MONTHLY,MAR,ILLINOIS,IL,17,"MILK - PRODUCTION, MEASURED IN LB",LB,"160,000,000"
2020,MONTHLY,MAY,ILLINOIS,IL,17,"MILK - PRODUCTION, MEASURED IN LB",LB,"155,000,000"
2020,MONTHLY,NOV,ILLINOIS,IL,17,"MILK - PRODUCTION, MEASURED IN LB",LB,"144,000,000"
2020,MONTHLY,OCT,ILLINOIS,IL,17,"MILK - PRODUCTION, MEASURED IN LB",LB,"146,000,000"
2020,MONTHLY,OCT THRU DEC,ILLINOIS,IL,17,"MILK - PRODUCTION, MEASURED IN LB",LB,"443,000,000"
2020,MONTHLY,SEP,ILLINOIS,IL,17,"MILK - PRODUCTION, MEASURED IN LB",LB,"138,000,000"
2020,MONTHLY,APR,INDIANA,IN,18,"MILK - PRODUCTION, MEASURED IN LB",LB,"350,000,000"
2020,MONTHLY,APR THRU JUN,INDIANA,IN,18,"MILK - PRODUCTION, MEASURED IN LB",LB,"1,067,000,000"
2020,MONTHLY,AUG,INDIANA,IN,18,"MILK - PRODUCTION, MEASURED IN LB",LB,"372,000,000"
2020,MONTHLY,DEC,INDIANA,IN,18,"MILK - PRODUCTION, MEASURED IN LB",LB,"384,000,000"
2020,MONTHLY,FEB,INDIANA,IN,18,"MILK - PRODUCTION, MEASURED IN LB",LB,"329,000,000"
2020,MONTHLY,JAN,INDIANA,IN,18,"MILK - PRODUCTION, MEASURED IN LB",LB,"347,000,000"
2020,MONTHLY,JAN THRU MAR,INDIANA,IN,18,"MILK - PRODUCTION, MEASURED IN LB",LB,"1,036,000,000"
2020,MONTHLY,JUL,INDIANA,IN,18,"MILK - PRODUCTION, MEASURED IN LB",LB,"367,000,000"
2020,MONTHLY,JUL THRU SEP,INDIANA,IN,18,"MILK - PRODUCTION, MEASURED IN LB",LB,"1,109,000,000"
2020,MONTHLY,JUN,INDIANA,IN,18,"MILK - PRODUCTION, MEASURED IN LB",LB,"360,000,000"
2020,MONTHLY,MAR,INDIANA,IN,18,"MILK - PRODUCTION, MEASURED IN LB",LB,"360,000,000"
2020,MONTHLY,MAY,INDIANA,IN,18,"MILK - PRODUCTION, MEASURED IN LB",LB,"357,000,000"
2020,MONTHLY,NOV,INDIANA,IN,18,"MILK - PRODUCTION, MEASURED IN LB",LB,"358,000,000"
2020,MONTHLY,OCT,INDIANA,IN,18,"MILK - PRODUCTION, MEASURED IN LB",LB,"380,000,000"
2020,MONTHLY,OCT THRU DEC,INDIANA,IN,18,"MILK - PRODUCTION, MEASURED IN LB",LB,"1,122,000,000"
2020,MONTHLY,SEP,INDIANA,IN,18,"MILK - PRODUCTION, MEASURED IN LB",LB,"370,000,000"
2020,MONTHLY,APR,KANSAS,KS,20,"MILK - PRODUCTION, MEASURED IN LB",LB,"331,000,000"
2020,MONTHLY,APR THRU JUN,KANSAS,KS,20,"MILK - PRODUCTION, MEASURED IN LB",LB,"984,000,000"
2020,MONTHLY,AUG,KANSAS,KS,20,"MILK - PRODUCTION, MEASURED IN LB",LB,"339,000,000"
2020,MONTHLY,DEC,KANSAS,KS,20,"MILK - PRODUCTION, MEASURED IN LB",LB,"345,000,000"
2020,MONTHLY,FEB,KANSAS,KS,20,"MILK - PRODUCTION, MEASURED IN LB",LB,"322,000,000"
2020,MONTHLY,JAN,KANSAS,KS,20,"MILK - PRODUCTION, MEASURED IN LB",LB,"344,000,000"
2020,MONTHLY,JAN THRU MAR,KANSAS,KS,20,"MILK - PRODUCTION, MEASURED IN LB",LB,"1,017,000,000"
2020,MONTHLY,JUL,KANSAS,KS,20,"MILK - PRODUCTION, MEASURED IN LB",LB,"335,000,000"
2020,MONTHLY,JUL THRU SEP,KANSAS,KS,20,"MILK - PRODUCTION, MEASURED IN LB",LB,"1,002,000,000"
2020,MONTHLY,JUN,KANSAS,KS,20,"MILK - PRODUCTION, MEASURED IN LB",LB,"322,000,000"
2020,MONTHLY,MAR,KANSAS,KS,20,"MILK - PRODUCTION, MEASURED IN LB",LB,"351,000,000"
2020,MONTHLY,MAY,KANSAS,KS,20,"MILK - PRODUCTION, MEASURED IN LB",LB,"331,000,000"
2020,MONTHLY,NOV,KANSAS,KS,20,"MILK - PRODUCTION, MEASURED IN LB",LB,"337,000,000"
2020,MONTHLY,OCT,KANSAS,KS,20,"MILK - PRODUCTION, MEASURED IN LB",LB,"341,000,000"
2020,MONTHLY,OCT THRU DEC,KANSAS,KS,20,"MILK - PRODUCTION, MEASURED IN LB",LB,"1,023,000,000"
2020,MONTHLY,SEP,KANSAS,KS,20,"MILK - PRODUCTION, MEASURED IN LB",LB,"328,000,000"
2020,MONTHLY,APR THRU JUN,KENTUCKY,KY,21,"MILK - PRODUCTION, MEASURED IN LB",LB,"253,000,000"
2020,MONTHLY,JAN THRU MAR,KENTUCKY,KY,21,"MILK - PRODUCTION, MEASURED IN LB",LB,"251,000,000"
2020,MONTHLY,JUL THRU SEP,KENTUCKY,KY,21,"MILK - PRODUCTION, MEASURED IN LB",LB,"216,000,000"
2020,MONTHLY,OCT THRU DEC,KENTUCKY,KY,21,"MILK - PRODUCTION, MEASURED IN LB",LB,"219,000,000"
2020,MONTHLY,APR THRU JUN,LOUISIANA,LA,22,"MILK - PRODUCTION, MEASURED IN LB",LB,"37,000,000"
2020,MONTHLY,JAN THRU MAR,LOUISIANA,LA,22,"MILK - PRODUCTION, MEASURED IN LB",LB,"39,000,000"
2020,MONTHLY,JUL THRU SEP,LOUISIANA,LA,22,"MILK - PRODUCTION, MEASURED IN LB",LB,"27,000,000"
2020,MONTHLY,OCT THRU DEC,LOUISIANA,LA,22,"MILK - PRODUCTION, MEASURED IN LB",LB,"31,000,000"
2020,MONTHLY,APR THRU JUN,MASSACHUSETTS,MA,25,"MILK - PRODUCTION, MEASURED IN LB",LB,"50,000,000"
2020,MONTHLY,JAN THRU MAR,MASSACHUSETTS,MA,25,"MILK - PRODUCTION, MEASURED IN LB",LB,"52,000,000"
2020,MONTHLY,JUL THRU SEP,MASSACHUSETTS,MA,25,"MILK - PRODUCTION, MEASURED IN LB",LB,"49,000,000"
2020,MONTHLY,OCT THRU DEC,MASSACHUSETTS,MA,25,"MILK - PRODUCTION, MEASURED IN LB",LB,"49,000,000"
2020,MONTHLY,APR THRU JUN,MARYLAND,MD,24,"MILK - PRODUCTION, MEASURED IN LB",LB,"224,000,000"
2020,MONTHLY,JAN THRU MAR,MARYLAND,MD,24,"MILK - PRODUCTION, MEASURED IN LB",LB,"226,000,000"
2020,MONTHLY,JUL THRU SEP,MARYLAND,MD,24,"MILK - PRODUCTION, MEASURED IN LB",LB,"210,000,000"
2020,MONTHLY,OCT THRU DEC,MARYLAND,MD,24,"MILK - PRODUCTION, MEASURED IN LB",LB,"221,000,000"
2020,MONTHLY,APR THRU JUN,MAINE,ME,23,"MILK - PRODUCTION, MEASURED IN LB",LB,"151,000,000"
2020,MONTHLY,JAN THRU MAR,MAINE,ME,23,"MILK - PRODUCTION, MEASURED IN LB",LB,"151,000,000"
2020,MONTHLY,JUL THRU SEP,MAINE,ME,23,"MILK - PRODUCTION, MEASURED IN LB",LB,"147,000,000"
2020,MONTHLY,OCT THRU DEC,MAINE,ME,23,"MILK - PRODUCTION, MEASURED IN LB",LB,"142,000,000"
2020,MONTHLY,APR,MICHIGAN,MI,26,"MILK - PRODUCTION, MEASURED IN LB",LB,"965,000,000"
2020,MONTHLY,APR THRU JUN,MICHIGAN,MI,26,"MILK - PRODUCTION, MEASURED IN LB",LB,"2,926,000,000"
2020,MONTHLY,AUG,MICHIGAN,MI,26,"MILK - PRODUCTION, MEASURED IN LB",LB,"991,000,000"
2020,MONTHLY,DEC,MICHIGAN,MI,26,"MILK - PRODUCTION, MEASURED IN LB",LB,"997,000,000"
2020,MONTHLY,FEB,MICHIGAN,MI,26,"MILK - PRODUCTION, MEASURED IN LB",LB,"918,000,000"
2020,MONTHLY,JAN,MICHIGAN,MI,26,"MILK - PRODUCTION, MEASURED IN LB",LB,"974,000,000"
2020,MONTHLY,JAN THRU MAR,MICHIGAN,MI,26,"MILK - PRODUCTION, MEASURED IN LB",LB,"2,889,000,000"
2020,MONTHLY,JUL,MICHIGAN,MI,26,"MILK - PRODUCTION, MEASURED IN LB",LB,"989,000,000"
2020,MONTHLY,JUL THRU SEP,MICHIGAN,MI,26,"MILK - PRODUCTION, MEASURED IN LB",LB,"2,935,000,000"
2020,MONTHLY,JUN,MICHIGAN,MI,26,"MILK - PRODUCTION, MEASURED IN LB",LB,"972,000,000"
2020,MONTHLY,MAR,MICHIGAN,MI,26,"MILK - PRODUCTION, MEASURED IN LB",LB,"997,000,000"
2020,MONTHLY,MAY,MICHIGAN,MI,26,"MILK - PRODUCTION, MEASURED IN LB",LB,"989,000,000"
2020,MONTHLY,NOV,MICHIGAN,MI,26,"MILK - PRODUCTION, MEASURED IN LB",LB,"948,000,000"
2020,MONTHLY,OCT,MICHIGAN,MI,26,"MILK - PRODUCTION, MEASURED IN LB",LB,"972,000,000"
2020,MONTHLY,OCT THRU DEC,MICHIGAN,MI,26,"MILK - PRODUCTION, MEASURED IN LB",LB,"2,917,000,000"
2020,MONTHLY,SEP,MICHIGAN,MI,26,"MILK - PRODUCTION, MEASURED IN LB",LB,"955,000,000"
2020,MONTHLY,APR,MINNESOTA,MN,27,"MILK - PRODUCTION, MEASURED IN LB",LB,"823,000,000"
2020,MONTHLY,APR THRU JUN,MINNESOTA,MN,27,"MILK - PRODUCTION, MEASURED IN LB",LB,"2,524,000,000"
2020,MONTHLY,AUG,MINNESOTA,MN,27,"MILK - PRODUCTION, MEASURED IN LB",LB,"874,000,000"
2020,MONTHLY,DEC,MINNESOTA,MN,27,"MILK - PRODUCTION, MEASURED IN LB",LB,"886,000,000"
2020,MONTHLY,FEB,MINNESOTA,MN,27,"MILK - PRODUCTION, MEASURED IN LB",LB,"792,000,000"
2020,MONTHLY,JAN,MINNESOTA,MN,27,"MILK - PRODUCTION, MEASURED IN LB",LB,"839,000,000"
2020,MONTHLY,JAN THRU MAR,MINNESOTA,MN,27,"MILK - PRODUCTION, MEASURED IN LB",LB,"2,481,000,000"
2020,MONTHLY,JUL,MINNESOTA,MN,27,"MILK - PRODUCTION, MEASURED IN LB",LB,"863,000,000"
2020,MONTHLY,JUL THRU SEP,MINNESOTA,MN,27,"MILK - PRODUCTION, MEASURED IN LB",LB,"2,578,000,000"
2020,MONTHLY,JUN,MINNESOTA,MN,27,"MILK - PRODUCTION, MEASURED IN LB",LB,"846,000,000"
2020,MONTHLY,MAR,MINNESOTA,MN,27,"MILK - PRODUCTION, MEASURED IN LB",LB,"850,000,000"
2020,MONTHLY,MAY,MINNESOTA,MN,27,"MILK - PRODUCTION, MEASURED IN LB",LB,"855,000,000"
2020,MONTHLY,NOV,MINNESOTA,MN,27,"MILK - PRODUCTION, MEASURED IN LB",LB,"834,000,000"
2020,MONTHLY,OCT,MINNESOTA,MN,27,"MILK - PRODUCTION, MEASURED IN LB",LB,"863,000,000"
2020,MONTHLY,OCT THRU DEC,MINNESOTA,MN,27,"MILK - PRODUCTION, MEASURED IN LB",LB,"2,583,000,000"
2020,MONTHLY,SEP,MINNESOTA,MN,27,"MILK - PRODUCTION, MEASURED IN LB",LB,"841,000,000"
2020,MONTHLY,APR THRU JUN,MISSOURI,MO,29,"MILK - PRODUCTION, MEASURED IN LB",LB,"301,000,000"
2020,MONTHLY,JAN THRU MAR,MISSOURI,MO,29,"MILK - PRODUCTION, MEASURED IN LB",LB,"275,000,000"
2020,MONTHLY,JUL THRU SEP,MISSOURI,MO,29,"MILK - PRODUCTION, MEASURED IN LB",LB,"255,000,000"
2020,MONTHLY,OCT THRU DEC,MISSOURI,MO,29,"MILK - PRODUCTION, MEASURED IN LB",LB,"256,000,000"
2020,MONTHLY,APR THRU JUN,MISSISSIPPI,MS,28,"MILK - PRODUCTION, MEASURED IN LB",LB,"36,000,000"
2020,MONTHLY,JAN THRU MAR,MISSISSIPPI,MS,28,"MILK - PRODUCTION, MEASURED IN LB",LB,"37,000,000"
2020,MONTHLY,JUL THRU SEP,MISSISSIPPI,MS,28,"MILK - PRODUCTION, MEASURED IN LB",LB,"28,000,000"
2020,MONTHLY,OCT THRU DEC,MISSISSIPPI,MS,28,"MILK - PRODUCTION, MEASURED IN LB",LB,"30,000,000"
2020,MONTHLY,APR THRU JUN,MONTANA,MT,30,"MILK - PRODUCTION, MEASURED IN LB",LB,"64,000,000"
2020,MONTHLY,JAN THRU MAR,MONTANA,MT,30,"MILK - PRODUCTION, MEASURED IN LB",LB,"64,000,000"
2020,MONTHLY,JUL THRU SEP,MONTANA,MT,30,"MILK - PRODUCTION, MEASURED IN LB",LB,"64,000,000"
2020,MONTHLY,OCT THRU DEC,MONTANA,MT,30,"MILK - PRODUCTION, MEASURED IN LB",LB,"62,000,000"
2020,MONTHLY,APR THRU JUN,NORTH CAROLINA,NC,37,"MILK - PRODUCTION, MEASURED IN LB",LB,"229,000,000"
2020,MONTHLY,JAN THRU MAR,NORTH CAROLINA,NC,37,"MILK - PRODUCTION, MEASURED IN LB",LB,"239,000,000"
2020,MONTHLY,JUL THRU SEP,NORTH CAROLINA,NC,37,"MILK - PRODUCTION, MEASURED IN LB",LB,"210,000,000"
2020,MONTHLY,OCT THRU DEC,NORTH CAROLINA,NC,37,"MILK - PRODUCTION, MEASURED IN LB",LB,"217,000,000"
2020,MONTHLY,APR THRU JUN,NORTH DAKOTA,ND,38,"MILK - PRODUCTION, MEASURED IN LB",LB,"82,000,000"
2020,MONTHLY,JAN THRU MAR,NORTH DAKOTA,ND,38,"MILK - PRODUCTION, MEASURED IN LB",LB,"80,000,000"
2020,MONTHLY,JUL THRU SEP,NORTH DAKOTA,ND,38,"MILK - PRODUCTION, MEASURED IN LB",LB,"84,000,000"
2020,MONTHLY,OCT THRU DEC,NORTH DAKOTA,ND,38,"MILK - PRODUCTION, MEASURED IN LB",LB,"82,000,000"
2020,MONTHLY,APR THRU JUN,NEBRASKA,NE,31,"MILK - PRODUCTION, MEASURED IN LB",LB,"364,000,000"
2020,MONTHLY,JAN THRU MAR,NEBRASKA,NE,31,"MILK - PRODUCTION, MEASURED IN LB",LB,"367,000,000"
2020,MONTHLY,JUL THRU SEP,NEBRASKA,NE,31,"MILK - PRODUCTION, MEASURED IN LB",LB,"360,000,000"
2020,MONTHLY,OCT THRU DEC,NEBRASKA,NE,31,"MILK - PRODUCTION, MEASURED IN LB",LB,"369,000,000"
2020,MONTHLY,APR THRU JUN,NEW HAMPSHIRE,NH,33,"MILK - PRODUCTION, MEASURED IN LB",LB,"59,000,000"
2020,MONTHLY,JAN THRU MAR,NEW HAMPSHIRE,NH,33,"MILK - PRODUCTION, MEASURED IN LB",LB,"62,000,000"
2020,MONTHLY,JUL THRU SEP,NEW HAMPSHIRE,NH,33,"MILK - PRODUCTION, MEASURED IN LB",LB,"58,000,000"
2020,MONTHLY,OCT THRU DEC,NEW HAMPSHIRE,NH,33,"MILK - PRODUCTION, MEASURED IN LB",LB,"57,000,000"
2020,MONTHLY,APR THRU JUN,NEW JERSEY,NJ,34,"MILK - PRODUCTION, MEASURED IN LB",LB,"26,000,000"
2020,MONTHLY,JAN THRU MAR,NEW JERSEY,NJ,34,"MILK - PRODUCTION, MEASURED IN LB",LB,"27,000,000"
2020,MONTHLY,JUL THRU SEP,NEW JERSEY,NJ,34,"MILK - PRODUCTION, MEASURED IN LB",LB,"24,000,000"
2020,MONTHLY,OCT THRU DEC,NEW JERSEY,NJ,34,"MILK - PRODUCTION, MEASURED IN LB",LB,"24,000,000"
2020,MONTHLY,APR,NEW MEXICO,NM,35,"MILK - PRODUCTION, MEASURED IN LB",LB,"693,000,000"
2020,MONTHLY,APR THRU JUN,NEW MEXICO,NM,35,"MILK - PRODUCTION, MEASURED IN LB",LB,"2,006,000,000"
2020,MONTHLY,AUG,NEW MEXICO,NM,35,"MILK - PRODUCTION, MEASURED IN LB",LB,"670,000,000"
2020,MONTHLY,DEC,NEW MEXICO,NM,35,"MILK - PRODUCTION, MEASURED IN LB",LB,"708,000,000"
2020,MONTHLY,FEB,NEW MEXICO,NM,35,"MILK - PRODUCTION, MEASURED IN LB",LB,"674,000,000"
2020,MONTHLY,JAN,NEW MEXICO,NM,35,"MILK - PRODUCTION, MEASURED IN LB",LB,"711,000,000"
2020,MONTHLY,JAN THRU MAR,NEW MEXICO,NM,35,"MILK - PRODUCTION, MEASURED IN LB",LB,"2,114,000,000"
2020,MONTHLY,JUL,NEW MEXICO,NM,35,"MILK - PRODUCTION, MEASURED IN LB",LB,"657,000,000"
2020,MONTHLY,JUL THRU SEP,NEW MEXICO,NM,35,"MILK - PRODUCTION, MEASURED IN LB",LB,"1,989,000,000"
2020,MONTHLY,JUN,NEW MEXICO,NM,35,"MILK - PRODUCTION, MEASURED IN LB",LB,"647,000,000"
2020,MONTHLY,MAR,NEW MEXICO,NM,35,"MILK - PRODUCTION, MEASURED IN LB",LB,"729,000,000"
2020,MONTHLY,MAY,NEW MEXICO,NM,35,"MILK - PRODUCTION, MEASURED IN LB",LB,"666,000,000"
2020,MONTHLY,NOV,NEW MEXICO,NM,35,"MILK - PRODUCTION, MEASURED IN LB",LB,"666,000,000"
2020,MONTHLY,OCT,NEW MEXICO,NM,35,"MILK - PRODUCTION, MEASURED IN LB",LB,"686,000,000"
2020,MONTHLY,OCT THRU DEC,NEW MEXICO,NM,35,"MILK - PRODUCTION, MEASURED IN LB",LB,"2,060,000,000"
2020,MONTHLY,SEP,NEW MEXICO,NM,35,"MILK - PRODUCTION, MEASURED IN LB",LB,"662,000,000"
2020,MONTHLY,APR THRU JUN,NEVADA,NV,32,"MILK - PRODUCTION, MEASURED IN LB",LB,"195,000,000"
2020,MONTHLY,JAN THRU MAR,NEVADA,NV,32,"MILK - PRODUCTION, MEASURED IN LB",LB,"187,000,000"
2020,MONTHLY,JUL THRU SEP,NEVADA,NV,32,"MILK - PRODUCTION, MEASURED IN LB",LB,"202,000,000"
2020,MONTHLY,OCT THRU DEC,NEVADA,NV,32,"MILK - PRODUCTION, MEASURED IN LB",LB,"201,000,000"
2020,MONTHLY,APR,NEW YORK,NY,36,"MILK - PRODUCTION, MEASURED IN LB",LB,"1,271,000,000"
2020,MONTHLY,APR THRU JUN,NEW YORK,NY,36,"MILK - PRODUCTION, MEASURED IN LB",LB,"3,841,000,000"
2020,MONTHLY,AUG,NEW YORK,NY,36,"MILK - PRODUCTION, MEASURED IN LB",LB,"1,293,000,000"
2020,MONTHLY,DEC,NEW YORK,NY,36,"MILK - PRODUCTION, MEASURED IN LB",LB,"1,293,000,000"
2020,MONTHLY,FEB,NEW YORK,NY,36,"MILK - PRODUCTION, MEASURED IN LB",LB,"1,218,000,000"
2020,MONTHLY,JAN,NEW YORK,NY,36,"MILK - PRODUCTION, MEASURED IN LB",LB,"1,288,000,000"
2020,MONTHLY,JAN THRU MAR,NEW YORK,NY,36,"MILK - PRODUCTION, MEASURED IN LB",LB,"3,827,000,000"
2020,MONTHLY,JUL,NEW YORK,NY,36,"MILK - PRODUCTION, MEASURED IN LB",LB,"1,293,000,000"
2020,MONTHLY,JUL THRU SEP,NEW YORK,NY,36,"MILK - PRODUCTION, MEASURED IN LB",LB,"3,825,000,000"
2020,MONTHLY,JUN,NEW YORK,NY,36,"MILK - PRODUCTION, MEASURED IN LB",LB,"1,271,000,000"
2020,MONTHLY,MAR,NEW YORK,NY,36,"MILK - PRODUCTION, MEASURED IN LB",LB,"1,321,000,000"
2020,MONTHLY,MAY,NEW YORK,NY,36,"MILK - PRODUCTION, MEASURED IN LB",LB,"1,299,000,000"
2020,MONTHLY,NOV,NEW YORK,NY,36,"MILK - PRODUCTION, MEASURED IN LB",LB,"1,239,000,000"
2020,MONTHLY,OCT,NEW YORK,NY,36,"MILK - PRODUCTION, MEASURED IN LB",LB,"1,271,000,000"
2020,MONTHLY,OCT THRU DEC,NEW YORK,NY,36,"MILK - PRODUCTION, MEASURED IN LB",LB,"3,803,000,000"
2020,MONTHLY,SEP,NEW YORK,NY,36,"MILK - PRODUCTION, MEASURED IN LB",LB,"1,239,000,000"
2020,MONTHLY,APR,OHIO,OH,39,"MILK - PRODUCTION, MEASURED IN LB",LB,"466,000,000"
2020,MONTHLY,APR THRU JUN,OHIO,OH,39,"MILK - PRODUCTION, MEASURED IN LB",LB,"1,408,000,000"
2020,MONTHLY,AUG,OHIO,OH,39,"MILK - PRODUCTION, MEASURED IN LB",LB,"474,000,000"
2020,MONTHLY,DEC,OHIO,OH,39,"MILK - PRODUCTION, MEASURED IN LB",LB,"476,000,000"
2020,MONTHLY,FEB,OHIO,OH,39,"MILK - PRODUCTION, MEASURED IN LB",LB,"445,000,000"
2020,MONTHLY,JAN,OHIO,OH,39,"MILK - PRODUCTION, MEASURED IN LB",LB,"469,000,000"
2020,MONTHLY,JAN THRU MAR,OHIO,OH,39,"MILK - PRODUCTION, MEASURED IN LB",LB,"1,395,000,000"
2020,MONTHLY,JUL,OHIO,OH,39,"MILK - PRODUCTION, MEASURED IN LB",LB,"475,000,000"
2020,MONTHLY,JUL THRU SEP,OHIO,OH,39,"MILK - PRODUCTION, MEASURED IN LB",LB,"1,405,000,000"
2020,MONTHLY,JUN,OHIO,OH,39,"MILK - PRODUCTION, MEASURED IN LB",LB,"466,000,000"
2020,MONTHLY,MAR,OHIO,OH,39,"MILK - PRODUCTION, MEASURED IN LB",LB,"481,000,000"
2020,MONTHLY,MAY,OHIO,OH,39,"MILK - PRODUCTION, MEASURED IN LB",LB,"476,000,000"
2020,MONTHLY,NOV,OHIO,OH,39,"MILK - PRODUCTION, MEASURED IN LB",LB,"452,000,000"
2020,MONTHLY,OCT,OHIO,OH,39,"MILK - PRODUCTION, MEASURED IN LB",LB,"473,000,000"
2020,MONTHLY,OCT THRU DEC,OHIO,OH,39,"MILK - PRODUCTION, MEASURED IN LB",LB,"1,401,000,000"
2020,MONTHLY,SEP,OHIO,OH,39,"MILK - PRODUCTION, MEASURED IN LB",LB,"456,000,000"
2020,MONTHLY,APR THRU JUN,OKLAHOMA,OK,40,"MILK - PRODUCTION, MEASURED IN LB",LB,"194,000,000"
2020,MONTHLY,JAN THRU MAR,OKLAHOMA,OK,40,"MILK - PRODUCTION, MEASURED IN LB",LB,"200,000,000"
2020,MONTHLY,JUL THRU SEP,OKLAHOMA,OK,40,"MILK - PRODUCTION, MEASURED IN LB",LB,"165,000,000"
2020,MONTHLY,OCT THRU DEC,OKLAHOMA,OK,40,"MILK - PRODUCTION, MEASURED IN LB",LB,"172,000,000"
2020,MONTHLY,APR,OREGON,OR,41,"MILK - PRODUCTION, MEASURED IN LB",LB,"221,000,000"
2020,MONTHLY,APR THRU JUN,OREGON,OR,41,"MILK - PRODUCTION, MEASURED IN LB",LB,"669,000,000"
2020,MONTHLY,AUG,OREGON,OR,41,"MILK - PRODUCTION, MEASURED IN LB",LB,"222,000,000"
2020,MONTHLY,DEC,OREGON,OR,41,"MILK - PRODUCTION, MEASURED IN LB",LB,"217,000,000"
2020,MONTHLY,FEB,OREGON,OR,41,"MILK - PRODUCTION, MEASURED IN LB",LB,"211,000,000"
2020,MONTHLY,JAN,OREGON,OR,41,"MILK - PRODUCTION, MEASURED IN LB",LB,"223,000,000"
2020,MONTHLY,JAN THRU MAR,OREGON,OR,41,"MILK - PRODUCTION, MEASURED IN LB",LB,"661,000,000"
2020,MONTHLY,JUL,OREGON,OR,41,"MILK - PRODUCTION, MEASURED IN LB",LB,"226,000,000"
2020,MONTHLY,JUL THRU SEP,OREGON,OR,41,"MILK - PRODUCTION, MEASURED IN LB",LB,"662,000,000"
2020,MONTHLY,JUN,OREGON,OR,41,"MILK - PRODUCTION, MEASURED IN LB",LB,"220,000,000"
2020,MONTHLY,MAR,OREGON,OR,41,"MILK - PRODUCTION, MEASURED IN LB",LB,"227,000,000"
2020,MONTHLY,MAY,OREGON,OR,41,"MILK - PRODUCTION, MEASURED IN LB",LB,"228,000,000"
2020,MONTHLY,NOV,OREGON,OR,41,"MILK - PRODUCTION, MEASURED IN LB",LB,"209,000,000"
2020,MONTHLY,OCT,OREGON,OR,41,"MILK - PRODUCTION, MEASURED IN LB",LB,"219,000,000"
2020,MONTHLY,OCT THRU DEC,OREGON,OR,41,"MILK - PRODUCTION, MEASURED IN LB",LB,"645,000,000"
2020,MONTHLY,SEP,OREGON,OR,41,"MILK - PRODUCTION, MEASURED IN LB",LB,"214,000,000"
2020,MONTHLY,APR THRU JUN,OTHER STATES,OT,98,"MILK - PRODUCTION, MEASURED IN LB",LB,"1,200,000"
2020,MONTHLY,JAN THRU MAR,OTHER STATES,OT,98,"MILK - PRODUCTION, MEASURED IN LB",LB,"1,400,000"
2020,MONTHLY,JUL THRU SEP,OTHER STATES,OT,98,"MILK - PRODUCTION, MEASURED IN LB",LB,"900,000"
2020,MONTHLY,OCT THRU DEC,OTHER STATES,OT,98,"MILK - PRODUCTION, MEASURED IN LB",LB,"1,300,000"
2020,MONTHLY,APR,PENNSYLVANIA,PA,42,"MILK - PRODUCTION, MEASURED IN LB",LB,"883,000,000"
2020,MONTHLY,APR THRU JUN,PENNSYLVANIA,PA,42,"MILK - PRODUCTION, MEASURED IN LB",LB,"2,623,000,000"
2020,MONTHLY,AUG,PENNSYLVANIA,PA,42,"MILK - PRODUCTION, MEASURED IN LB",LB,"841,000,000"
2020,MONTHLY,DEC,PENNSYLVANIA,PA,42,"MILK - PRODUCTION, MEASURED IN LB",LB,"856,000,000"
2020,MONTHLY,FEB,PENNSYLVANIA,PA,42,"MILK - PRODUCTION, MEASURED IN LB",LB,"833,000,000"
2020,MONTHLY,JAN,PENNSYLVANIA,PA,42,"MILK - PRODUCTION, MEASURED IN LB",LB,"869,000,000"
2020,MONTHLY,JAN THRU MAR,PENNSYLVANIA,PA,42,"MILK - PRODUCTION, MEASURED IN LB",LB,"2,602,000,000"
2020,MONTHLY,JUL,PENNSYLVANIA,PA,42,"MILK - PRODUCTION, MEASURED IN LB",LB,"865,000,000"
2020,MONTHLY,JUL THRU SEP,PENNSYLVANIA,PA,42,"MILK - PRODUCTION, MEASURED IN LB",LB,"2,521,000,000"
2020,MONTHLY,JUN,PENNSYLVANIA,PA,42,"MILK - PRODUCTION, MEASURED IN LB",LB,"856,000,000"
2020,MONTHLY,MAR,PENNSYLVANIA,PA,42,"MILK - PRODUCTION, MEASURED IN LB",LB,"900,000,000"
2020,MONTHLY,MAY,PENNSYLVANIA,PA,42,"MILK - PRODUCTION, MEASURED IN LB",LB,"884,000,000"
2020,MONTHLY,NOV,PENNSYLVANIA,PA,42,"MILK - PRODUCTION, MEASURED IN LB",LB,"829,000,000"
2020,MONTHLY,OCT,PENNSYLVANIA,PA,42,"MILK - PRODUCTION, MEASURED IN LB",LB,"848,000,000"
2020,MONTHLY,OCT THRU DEC,PENNSYLVANIA,PA,42,"MILK - PRODUCTION, MEASURED IN LB",LB,"2,533,000,000"
2020,MONTHLY,SEP,PENNSYLVANIA,PA,42,"MILK - PRODUCTION, MEASURED IN LB",LB,"815,000,000"
2020,MONTHLY,APR THRU JUN,RHODE ISLAND,RI,44,"MILK - PRODUCTION, MEASURED IN LB",LB,"2,700,000"
2020,MONTHLY,JAN THRU MAR,RHODE ISLAND,RI,44,"MILK - PRODUCTION, MEASURED IN LB",LB,"2,700,000"
2020,MONTHLY,JUL THRU SEP,RHODE ISLAND,RI,44,"MILK - PRODUCTION, MEASURED IN LB",LB,"2,800,000"
2020,MONTHLY,OCT THRU DEC,RHODE ISLAND,RI,44,"MILK - PRODUCTION, MEASURED IN LB",LB,"2,700,000"
2020,MONTHLY,APR THRU JUN,SOUTH CAROLINA,SC,45,"MILK - PRODUCTION, MEASURED IN LB",LB,"50,000,000"
2020,MONTHLY,JAN THRU MAR,SOUTH CAROLINA,SC,45,"MILK - PRODUCTION, MEASURED IN LB",LB,"55,000,000"
2020,MONTHLY,JUL THRU SEP,SOUTH CAROLINA,SC,45,"MILK - PRODUCTION, MEASURED IN LB",LB,"39,000,000"
2020,MONTHLY,OCT THRU DEC,SOUTH CAROLINA,SC,45,"MILK - PRODUCTION, MEASURED IN LB",LB,"43,000,000"
2020,MONTHLY,APR,SOUTH DAKOTA,SD,46,"MILK - PRODUCTION, MEASURED IN LB",LB,"247,000,000"
2020,MONTHLY,APR THRU JUN,SOUTH DAKOTA,SD,46,"MILK - PRODUCTION, MEASURED IN LB",LB,"765,000,000"
2020,MONTHLY,AUG,SOUTH DAKOTA,SD,46,"MILK - PRODUCTION, MEASURED IN LB",LB,"272,000,000"
2020,MONTHLY,DEC,SOUTH DAKOTA,SD,46,"MILK - PRODUCTION, MEASURED IN LB",LB,"275,000,000"
2020,MONTHLY,FEB,SOUTH DAKOTA,SD,46,"MILK - PRODUCTION, MEASURED IN LB",LB,"237,000,000"
2020,MONTHLY,JAN,SOUTH DAKOTA,SD,46,"MILK - PRODUCTION, MEASURED IN LB",LB,"250,000,000"
2020,MONTHLY,JAN THRU MAR,SOUTH DAKOTA,SD,46,"MILK - PRODUCTION, MEASURED IN LB",LB,"740,000,000"
2020,MONTHLY,JUL,SOUTH DAKOTA,SD,46,"MILK - PRODUCTION, MEASURED IN LB",LB,"264,000,000"
2020,MONTHLY,JUL THRU SEP,SOUTH DAKOTA,SD,46,"MILK - PRODUCTION, MEASURED IN LB",LB,"803,000,000"
2020,MONTHLY,JUN,SOUTH DAKOTA,SD,46,"MILK - PRODUCTION, MEASURED IN LB",LB,"258,000,000"
2020,MONTHLY,MAR,SOUTH DAKOTA,SD,46,"MILK - PRODUCTION, MEASURED IN LB",LB,"253,000,000"
2020,MONTHLY,MAY,SOUTH DAKOTA,SD,46,"MILK - PRODUCTION, MEASURED IN LB",LB,"260,000,000"
2020,MONTHLY,NOV,SOUTH DAKOTA,SD,46,"MILK - PRODUCTION, MEASURED IN LB",LB,"263,000,000"
2020,MONTHLY,OCT,SOUTH DAKOTA,SD,46,"MILK - PRODUCTION, MEASURED IN LB",LB,"274,000,000"
2020,MONTHLY,OCT THRU DEC,SOUTH DAKOTA,SD,46,"MILK - PRODUCTION, MEASURED IN LB",LB,"812,000,000"
2020,MONTHLY,SEP,SOUTH DAKOTA,SD,46,"MILK - PRODUCTION, MEASURED IN LB",LB,"267,000,000"
2020,MONTHLY,APR THRU JUN,TENNESSEE,TN,47,"MILK - PRODUCTION, MEASURED IN LB",LB,"142,000,000"
2020,MONTHLY,JAN THRU MAR,TENNESSEE,TN,47,"MILK - PRODUCTION, MEASURED IN LB",LB,"145,000,000"
2020,MONTHLY,JUL THRU SEP,TENNESSEE,TN,47,"MILK - PRODUCTION, MEASURED IN LB",LB,"126,000,000"
2020,MONTHLY,OCT THRU DEC,TENNESSEE,TN,47,"MILK - PRODUCTION, MEASURED IN LB",LB,"129,000,000"
2020,MONTHLY,APR,TEXAS,TX,48,"MILK - PRODUCTION, MEASURED IN LB",LB,"1,233,000,000"
2020,MONTHLY,APR THRU JUN,TEXAS,TX,48,"MILK - PRODUCTION, MEASURED IN LB",LB,"3,655,000,000"
2020,MONTHLY,AUG,TEXAS,TX,48,"MILK - PRODUCTION, MEASURED IN LB",LB,"1,233,000,000"
2020,MONTHLY,DEC,TEXAS,TX,48,"MILK - PRODUCTION, MEASURED IN LB",LB,"1,307,000,000"
2020,MONTHLY,FEB,TEXAS,TX,48,"MILK - PRODUCTION, MEASURED IN LB",LB,"1,173,000,000"
2020,MONTHLY,JAN,TEXAS,TX,48,"MILK - PRODUCTION, MEASURED IN LB",LB,"1,255,000,000"
2020,MONTHLY,JAN THRU MAR,TEXAS,TX,48,"MILK - PRODUCTION, MEASURED IN LB",LB,"3,714,000,000"
2020,MONTHLY,JUL,TEXAS,TX,48,"MILK - PRODUCTION, MEASURED IN LB",LB,"1,218,000,000"
2020,MONTHLY,JUL THRU SEP,TEXAS,TX,48,"MILK - PRODUCTION, MEASURED IN LB",LB,"3,662,000,000"
2020,MONTHLY,JUN,TEXAS,TX,48,"MILK - PRODUCTION, MEASURED IN LB",LB,"1,198,000,000"
2020,MONTHLY,MAR,TEXAS,TX,48,"MILK - PRODUCTION, MEASURED IN LB",LB,"1,286,000,000"
2020,MONTHLY,MAY,TEXAS,TX,48,"MILK - PRODUCTION, MEASURED IN LB",LB,"1,224,000,000"
2020,MONTHLY,NOV,TEXAS,TX,48,"MILK - PRODUCTION, MEASURED IN LB",LB,"1,243,000,000"
2020,MONTHLY,OCT,TEXAS,TX,48,"MILK - PRODUCTION, MEASURED IN LB",LB,"1,274,000,000"
2020,MONTHLY,OCT THRU DEC,TEXAS,TX,48,"MILK - PRODUCTION, MEASURED IN LB",LB,"3,824,000,000"
2020,MONTHLY,SEP,TEXAS,TX,48,"MILK - PRODUCTION, MEASURED IN LB",LB,"1,211,000,000"
2020,MONTHLY,APR,US TOTAL,US,99,"MILK - PRODUCTION, MEASURED IN LB",LB,"18,666,000,000"
2020,MONTHLY,APR THRU JUN,US TOTAL,US,99,"MILK - PRODUCTION, MEASURED IN LB",LB,"56,042,000,000"
2020,MONTHLY,AUG,US TOTAL,US,99,"MILK - PRODUCTION, MEASURED IN LB",LB,"18,629,000,000"
2020,MONTHLY,DEC,US TOTAL,US,99,"MILK - PRODUCTION, MEASURED IN LB",LB,"18,963,000,000"
2020,MONTHLY,FEB,US TOTAL,US,99,"MILK - PRODUCTION, MEASURED IN LB",LB,"17,900,000,000"
2020,MONTHLY,JAN,US TOTAL,US,99,"MILK - PRODUCTION, MEASURED IN LB",LB,"18,876,000,000"
2020,MONTHLY,JAN THRU MAR,US TOTAL,US,99,"MILK - PRODUCTION, MEASURED IN LB",LB,"56,170,000,000"
2020,MONTHLY,JUL,US TOTAL,US,99,"MILK - PRODUCTION, MEASURED IN LB",LB,"18,738,000,000"
2020,MONTHLY,JUL THRU SEP,US TOTAL,US,99,"MILK - PRODUCTION, MEASURED IN LB",LB,"55,399,000,000"
2020,MONTHLY,JUN,US TOTAL,US,99,"MILK - PRODUCTION, MEASURED IN LB",LB,"18,396,000,000"
2020,MONTHLY,MAR,US TOTAL,US,99,"MILK - PRODUCTION, MEASURED IN LB",LB,"19,394,000,000"
2020,MONTHLY,MAY,US TOTAL,US,99,"MILK - PRODUCTION, MEASURED IN LB",LB,"18,980,000,000"
2020,MONTHLY,NOV,US TOTAL,US,99,"MILK - PRODUCTION, MEASURED IN LB",LB,"18,107,000,000"
2020,MONTHLY,OCT,US TOTAL,US,99,"MILK - PRODUCTION, MEASURED IN LB",LB,"18,601,000,000"
2020,MONTHLY,OCT THRU DEC,US TOTAL,US,99,"MILK - PRODUCTION, MEASURED IN LB",LB,"55,671,000,000"
2020,MONTHLY,SEP,US TOTAL,US,99,"MILK - PRODUCTION, MEASURED IN LB",LB,"18,032,000,000"
2020,MONTHLY,APR,UTAH,UT,49,"MILK - PRODUCTION, MEASURED IN LB",LB,"187,000,000"
2020,MONTHLY,APR THRU JUN,UTAH,UT,49,"MILK - PRODUCTION, MEASURED IN LB",LB,"567,000,000"
2020,MONTHLY,AUG,UTAH,UT,49,"MILK - PRODUCTION, MEASURED IN LB",LB,"188,000,000"
2020,MONTHLY,DEC,UTAH,UT,49,"MILK - PRODUCTION, MEASURED IN LB",LB,"187,000,000"
2020,MONTHLY,FEB,UTAH,UT,49,"MILK - PRODUCTION, MEASURED IN LB",LB,"177,000,000"
2020,MONTHLY,JAN,UTAH,UT,49,"MILK - PRODUCTION, MEASURED IN LB",LB,"186,000,000"
2020,MONTHLY,JAN THRU MAR,UTAH,UT,49,"MILK - PRODUCTION, MEASURED IN LB",LB,"555,000,000"
2020,MONTHLY,JUL,UTAH,UT,49,"MILK - PRODUCTION, MEASURED IN LB",LB,"189,000,000"
2020,MONTHLY,JUL THRU SEP,UTAH,UT,49,"MILK - PRODUCTION, MEASURED IN LB",LB,"557,000,000"
2020,MONTHLY,JUN,UTAH,UT,49,"MILK - PRODUCTION, MEASURED IN LB",LB,"188,000,000"
2020,MONTHLY,MAR,UTAH,UT,49,"MILK - PRODUCTION, MEASURED IN LB",LB,"192,000,000"
2020,MONTHLY,MAY,UTAH,UT,49,"MILK - PRODUCTION, MEASURED IN LB",LB,"192,000,000"
2020,MONTHLY,NOV,UTAH,UT,49,"MILK - PRODUCTION, MEASURED IN LB",LB,"179,000,000"
2020,MONTHLY,OCT,UTAH,UT,49,"MILK - PRODUCTION, MEASURED IN LB",LB,"185,000,000"
2020,MONTHLY,OCT THRU DEC,UTAH,UT,49,"MILK - PRODUCTION, MEASURED IN LB",LB,"551,000,000"
2020,MONTHLY,SEP,UTAH,UT,49,"MILK - PRODUCTION, MEASURED IN LB",LB,"180,000,000"
2020,MONTHLY,APR,VIRGINIA,VA,51,"MILK - PRODUCTION, MEASURED IN LB",LB,"132,000,000"
2020,MONTHLY,APR THRU JUN,VIRGINIA,VA,51,"MILK - PRODUCTION, MEASURED IN LB",LB,"391,000,000"
2020,MONTHLY,AUG,VIRGINIA,VA,51,"MILK - PRODUCTION, MEASURED IN LB",LB,"121,000,000"
2020,MONTHLY,DEC,VIRGINIA,VA,51,"MILK - PRODUCTION, MEASURED IN LB",LB,"128,000,000"
2020,MONTHLY,FEB,VIRGINIA,VA,51,"MILK - PRODUCTION, MEASURED IN LB",LB,"127,000,000"
2020,MONTHLY,JAN,VIRGINIA,VA,51,"MILK - PRODUCTION, MEASURED IN LB",LB,"134,000,000"
2020,MONTHLY,JAN THRU MAR,VIRGINIA,VA,51,"MILK - PRODUCTION, MEASURED IN LB",LB,"398,000,000"
2020,MONTHLY,JUL,VIRGINIA,VA,51,"MILK - PRODUCTION, MEASURED IN LB",LB,"123,000,000"
2020,MONTHLY,JUL THRU SEP,VIRGINIA,VA,51,"MILK - PRODUCTION, MEASURED IN LB",LB,"361,000,000"
2020,MONTHLY,JUN,VIRGINIA,VA,51,"MILK - PRODUCTION, MEASURED IN LB",LB,"126,000,000"
2020,MONTHLY,MAR,VIRGINIA,VA,51,"MILK - PRODUCTION, MEASURED IN LB",LB,"137,000,000"
2020,MONTHLY,MAY,VIRGINIA,VA,51,"MILK - PRODUCTION, MEASURED IN LB",LB,"133,000,000"
2020,MONTHLY,NOV,VIRGINIA,VA,51,"MILK - PRODUCTION, MEASURED IN LB",LB,"121,000,000"
2020,MONTHLY,OCT,VIRGINIA,VA,51,"MILK - PRODUCTION, MEASURED IN LB",LB,"123,000,000"
2020,MONTHLY,OCT THRU DEC,VIRGINIA,VA,51,"MILK - PRODUCTION, MEASURED IN LB",LB,"372,000,000"
2020,MONTHLY,SEP,VIRGINIA,VA,51,"MILK - PRODUCTION, MEASURED IN LB",LB,"117,000,000"
2020,MONTHLY,APR,VERMONT,VT,50,"MILK - PRODUCTION, MEASURED IN LB",LB,"223,000,000"
2020,MONTHLY,APR THRU JUN,VERMONT,VT,50,"MILK - PRODUCTION, MEASURED IN LB",LB,"657,000,000"
2020,MONTHLY,AUG,VERMONT,VT,50,"MILK - PRODUCTION, MEASURED IN LB",LB,"215,000,000"
2020,MONTHLY,DEC,VERMONT,VT,50,"MILK - PRODUCTION, MEASURED IN LB",LB,"217,000,000"
2020,MONTHLY,FEB,VERMONT,VT,50,"MILK - PRODUCTION, MEASURED IN LB",LB,"214,000,000"
2020,MONTHLY,JAN,VERMONT,VT,50,"MILK - PRODUCTION, MEASURED IN LB",LB,"226,000,000"
2020,MONTHLY,JAN THRU MAR,VERMONT,VT,50,"MILK - PRODUCTION, MEASURED IN LB",LB,"672,000,000"
2020,MONTHLY,JUL,VERMONT,VT,50,"MILK - PRODUCTION, MEASURED IN LB",LB,"216,000,000"
2020,MONTHLY,JUL THRU SEP,VERMONT,VT,50,"MILK - PRODUCTION, MEASURED IN LB",LB,"638,000,000"
2020,MONTHLY,JUN,VERMONT,VT,50,"MILK - PRODUCTION, MEASURED IN LB",LB,"215,000,000"
2020,MONTHLY,MAR,VERMONT,VT,50,"MILK - PRODUCTION, MEASURED IN LB",LB,"232,000,000"
2020,MONTHLY,MAY,VERMONT,VT,50,"MILK - PRODUCTION, MEASURED IN LB",LB,"219,000,000"
2020,MONTHLY,NOV,VERMONT,VT,50,"MILK - PRODUCTION, MEASURED IN LB",LB,"207,000,000"
2020,MONTHLY,OCT,VERMONT,VT,50,"MILK - PRODUCTION, MEASURED IN LB",LB,"212,000,000"
2020,MONTHLY,OCT THRU DEC,VERMONT,VT,50,"MILK - PRODUCTION, MEASURED IN LB",LB,"636,000,000"
2020,MONTHLY,SEP,VERMONT,VT,50,"MILK - PRODUCTION, MEASURED IN LB",LB,"207,000,000"
2020,MONTHLY,APR,WASHINGTON,WA,53,"MILK - PRODUCTION, MEASURED IN LB",LB,"568,000,000"
2020,MONTHLY,APR THRU JUN,WASHINGTON,WA,53,"MILK - PRODUCTION, MEASURED IN LB",LB,"1,719,000,000"
2020,MONTHLY,AUG,WASHINGTON,WA,53,"MILK - PRODUCTION, MEASURED IN LB",LB,"579,000,000"
2020,MONTHLY,DEC,WASHINGTON,WA,53,"MILK - PRODUCTION, MEASURED IN LB",LB,"559,000,000"
2020,MONTHLY,FEB,WASHINGTON,WA,53,"MILK - PRODUCTION, MEASURED IN LB",LB,"544,000,000"
2020,MONTHLY,JAN,WASHINGTON,WA,53,"MILK - PRODUCTION, MEASURED IN LB",LB,"577,000,000"
2020,MONTHLY,JAN THRU MAR,WASHINGTON,WA,53,"MILK - PRODUCTION, MEASURED IN LB",LB,"1,701,000,000"
2020,MONTHLY,JUL,WASHINGTON,WA,53,"MILK - PRODUCTION, MEASURED IN LB",LB,"594,000,000"
2020,MONTHLY,JUL THRU SEP,WASHINGTON,WA,53,"MILK - PRODUCTION, MEASURED IN LB",LB,"1,732,000,000"
2020,MONTHLY,JUN,WASHINGTON,WA,53,"MILK - PRODUCTION, MEASURED IN LB",LB,"564,000,000"
2020,MONTHLY,MAR,WASHINGTON,WA,53,"MILK - PRODUCTION, MEASURED IN LB",LB,"580,000,000"
2020,MONTHLY,MAY,WASHINGTON,WA,53,"MILK - PRODUCTION, MEASURED IN LB",LB,"587,000,000"
2020,MONTHLY,NOV,WASHINGTON,WA,53,"MILK - PRODUCTION, MEASURED IN LB",LB,"538,000,000"
2020,MONTHLY,OCT,WASHINGTON,WA,53,"MILK - PRODUCTION, MEASURED IN LB",LB,"568,000,000"
2020,MONTHLY,OCT THRU DEC,WASHINGTON,WA,53,"MILK - PRODUCTION, MEASURED IN LB",LB,"1,665,000,000"
2020,MONTHLY,SEP,WASHINGTON,WA,53,"MILK - PRODUCTION, MEASURED IN LB",LB,"559,000,000"
2020,MONTHLY,APR,WISCONSIN,WI,55,"MILK - PRODUCTION, MEASURED IN LB",LB,"2,520,000,000"
2020,MONTHLY,APR THRU JUN,WISCONSIN,WI,55,"MILK - PRODUCTION, MEASURED IN LB",LB,"7,673,000,000"
2020,MONTHLY,AUG,WISCONSIN,WI,55,"MILK - PRODUCTION, MEASURED IN LB",LB,"2,615,000,000"
2020,MONTHLY,DEC,WISCONSIN,WI,55,"MILK - PRODUCTION, MEASURED IN LB",LB,"2,621,000,000"
2020,MONTHLY,FEB,WISCONSIN,WI,55,"MILK - PRODUCTION, MEASURED IN LB",LB,"2,432,000,000"
2020,MONTHLY,JAN,WISCONSIN,WI,55,"MILK - PRODUCTION, MEASURED IN LB",LB,"2,577,000,000"
2020,MONTHLY,JAN THRU MAR,WISCONSIN,WI,55,"MILK - PRODUCTION, MEASURED IN LB",LB,"7,630,000,000"
2020,MONTHLY,JUL,WISCONSIN,WI,55,"MILK - PRODUCTION, MEASURED IN LB",LB,"2,602,000,000"
2020,MONTHLY,JUL THRU SEP,WISCONSIN,WI,55,"MILK - PRODUCTION, MEASURED IN LB",LB,"7,735,000,000"
2020,MONTHLY,JUN,WISCONSIN,WI,55,"MILK - PRODUCTION, MEASURED IN LB",LB,"2,564,000,000"
2020,MONTHLY,MAR,WISCONSIN,WI,55,"MILK - PRODUCTION, MEASURED IN LB",LB,"2,621,000,000"
2020,MONTHLY,MAY,WISCONSIN,WI,55,"MILK - PRODUCTION, MEASURED IN LB",LB,"2,589,000,000"
2020,MONTHLY,NOV,WISCONSIN,WI,55,"MILK - PRODUCTION, MEASURED IN LB",LB,"2,507,000,000"
2020,MONTHLY,OCT,WISCONSIN,WI,55,"MILK - PRODUCTION, MEASURED IN LB",LB,"2,583,000,000"
2020,MONTHLY,OCT THRU DEC,WISCONSIN,WI,55,"MILK - PRODUCTION, MEASURED IN LB",LB,"7,711,000,000"
2020,MONTHLY,SEP,WISCONSIN,WI,55,"MILK - PRODUCTION, MEASURED IN LB",LB,"2,518,000,000"
2020,MONTHLY,APR THRU JUN,WEST VIRGINIA,WV,54,"MILK - PRODUCTION, MEASURED IN LB",LB,"23,000,000"
2020,MONTHLY,JAN THRU MAR,WEST VIRGINIA,WV,54,"MILK - PRODUCTION, MEASURED IN LB",LB,"23,000,000"
2020,MONTHLY,JUL THRU SEP,WEST VIRGINIA,WV,54,"MILK - PRODUCTION, MEASURED IN LB",LB,"22,000,000"
2020,MONTHLY,OCT THRU DEC,WEST VIRGINIA,WV,54,"MILK - PRODUCTION, MEASURED IN LB",LB,"21,000,000"
2020,MONTHLY,APR THRU JUN,WYOMING,WY,56,"MILK - PRODUCTION, MEASURED IN LB",LB,"46,500,000"
2020,MONTHLY,JAN THRU MAR,WYOMING,WY,56,"MILK - PRODUCTION, MEASURED IN LB",LB,"40,000,000"
2020,MONTHLY,JUL THRU SEP,WYOMING,WY,56,"MILK - PRODUCTION, MEASURED IN LB",LB,"50,500,000"
2020,MONTHLY,OCT THRU DEC,WYOMING,WY,56,"MILK - PRODUCTION, MEASURED IN LB",LB,"51,800,000"
2021,MONTHLY,APR THRU JUN,ALABAMA,AL,01,"MILK - PRODUCTION, MEASURED IN LB",LB,"11,000,000"
2021,MONTHLY,JAN THRU MAR,ALABAMA,AL,01,"MILK - PRODUCTION, MEASURED IN LB",LB,"12,000,000"
2021,MONTHLY,JUL THRU SEP,ALABAMA,AL,01,"MILK - PRODUCTION, MEASURED IN LB",LB,"8,000,000"
2021,MONTHLY,OCT THRU DEC,ALABAMA,AL,01,"MILK - PRODUCTION, MEASURED IN LB",LB,"8,000,000"
2021,MONTHLY,APR THRU JUN,ARKANSAS,AR,05,"MILK - PRODUCTION, MEASURED IN LB",LB,"17,000,000"
2021,MONTHLY,JAN THRU MAR,ARKANSAS,AR,05,"MILK - PRODUCTION, MEASURED IN LB",LB,"18,000,000"
2021,MONTHLY,JUL THRU SEP,ARKANSAS,AR,05,"MILK - PRODUCTION, MEASURED IN LB",LB,"13,000,000"
2021,MONTHLY,OCT THRU DEC,ARKANSAS,AR,05,"MILK - PRODUCTION, MEASURED IN LB",LB,"13,000,000"
2021,MONTHLY,APR,ARIZONA,AZ,04,"MILK - PRODUCTION, MEASURED IN LB",LB,"439,000,000"
2021,MONTHLY,APR THRU JUN,ARIZONA,AZ,04,"MILK - PRODUCTION, MEASURED IN LB",LB,"1,287,000,000"
2021,MONTHLY,AUG,ARIZONA,AZ,04,"MILK - PRODUCTION, MEASURED IN LB",LB,"358,000,000"
2021,MONTHLY,DEC,ARIZONA,AZ,04,"MILK - PRODUCTION, MEASURED IN LB",LB,"405,000,000"
2021,MONTHLY,FEB,ARIZONA,AZ,04,"MILK - PRODUCTION, MEASURED IN LB",LB,"400,000,000"
2021,MONTHLY,JAN,ARIZONA,AZ,04,"MILK - PRODUCTION, MEASURED IN LB",LB,"432,000,000"
2021,MONTHLY,JAN THRU MAR,ARIZONA,AZ,04,"MILK - PRODUCTION, MEASURED IN LB",LB,"1,284,000,000"
2021,MONTHLY,JUL,ARIZONA,AZ,04,"MILK - PRODUCTION, MEASURED IN LB",LB,"377,000,000"
2021,MONTHLY,JUL THRU SEP,ARIZONA,AZ,04,"MILK - PRODUCTION, MEASURED IN LB",LB,"1,082,000,000"
2021,MONTHLY,JUN,ARIZONA,AZ,04,"MILK - PRODUCTION, MEASURED IN LB",LB,"405,000,000"
2021,MONTHLY,MAR,ARIZONA,AZ,04,"MILK - PRODUCTION, MEASURED IN LB",LB,"452,000,000"
2021,MONTHLY,MAY,ARIZONA,AZ,04,"MILK - PRODUCTION, MEASURED IN LB",LB,"443,000,000"
2021,MONTHLY,NOV,ARIZONA,AZ,04,"MILK - PRODUCTION, MEASURED IN LB",LB,"380,000,000"
2021,MONTHLY,OCT,ARIZONA,AZ,04,"MILK - PRODUCTION, MEASURED IN LB",LB,"380,000,000"
2021,MONTHLY,OCT THRU DEC,ARIZONA,AZ,04,"MILK - PRODUCTION, MEASURED IN LB",LB,"1,165,000,000"
2021,MONTHLY,SEP,ARIZONA,AZ,04,"MILK - PRODUCTION, MEASURED IN LB",LB,"347,000,000"
2021,MONTHLY,APR,CALIFORNIA,CA,06,"MILK - PRODUCTION, MEASURED IN LB",LB,"3,644,000,000"
2021,MONTHLY,APR THRU JUN,CALIFORNIA,CA,06,"MILK - PRODUCTION, MEASURED IN LB",LB,"10,821,000,000"
2021,MONTHLY,AUG,CALIFORNIA,CA,06,"MILK - PRODUCTION, MEASURED IN LB",LB,"3,386,000,000"
2021,MONTHLY,DEC,CALIFORNIA,CA,06,"MILK - PRODUCTION, MEASURED IN LB",LB,"3,492,000,000"
2021,MONTHLY,FEB,CALIFORNIA,CA,06,"MILK - PRODUCTION, MEASURED IN LB",LB,"3,328,000,000"
2021,MONTHLY,JAN,CALIFORNIA,CA,06,"MILK - PRODUCTION, MEASURED IN LB",LB,"3,603,000,000"
2021,MONTHLY,JAN THRU MAR,CALIFORNIA,CA,06,"MILK - PRODUCTION, MEASURED IN LB",LB,"10,655,000,000"
2021,MONTHLY,JUL,CALIFORNIA,CA,06,"MILK - PRODUCTION, MEASURED IN LB",LB,"3,438,000,000"
2021,MONTHLY,JUL THRU SEP,CALIFORNIA,CA,06,"MILK - PRODUCTION, MEASURED IN LB",LB,"10,099,000,000"
2021,MONTHLY,JUN,CALIFORNIA,CA,06,"MILK - PRODUCTION, MEASURED IN LB",LB,"3,455,000,000"
2021,MONTHLY,MAR,CALIFORNIA,CA,06,"MILK - PRODUCTION, MEASURED IN LB",LB,"3,724,000,000"
2021,MONTHLY,MAY,CALIFORNIA,CA,06,"MILK - PRODUCTION, MEASURED IN LB",LB,"3,722,000,000"
2021,MONTHLY,NOV,CALIFORNIA,CA,06,"MILK - PRODUCTION, MEASURED IN LB",LB,"3,354,000,000"
2021,MONTHLY,OCT,CALIFORNIA,CA,06,"MILK - PRODUCTION, MEASURED IN LB",LB,"3,440,000,000"
2021,MONTHLY,OCT THRU DEC,CALIFORNIA,CA,06,"MILK - PRODUCTION, MEASURED IN LB",LB,"10,286,000,000"
2021,MONTHLY,SEP,CALIFORNIA,CA,06,"MILK - PRODUCTION, MEASURED IN LB",LB,"3,275,000,000"
2021,MONTHLY,APR,COLORADO,CO,08,"MILK - PRODUCTION, MEASURED IN LB",LB,"445,000,000"
2021,MONTHLY,APR THRU JUN,COLORADO,CO,08,"MILK - PRODUCTION, MEASURED IN LB",LB,"1,338,000,000"
2021,MONTHLY,AUG,COLORADO,CO,08,"MILK - PRODUCTION, MEASURED IN LB",LB,"445,000,000"
2021,MONTHLY,DEC,COLORADO,CO,08,"MILK - PRODUCTION, MEASURED IN LB",LB,"443,000,000"
2021,MONTHLY,FEB,COLORADO,CO,08,"MILK - PRODUCTION, MEASURED IN LB",LB,"406,000,000"
2021,MONTHLY,JAN,COLORADO,CO,08,"MILK - PRODUCTION, MEASURED IN LB",LB,"450,000,000"
2021,MONTHLY,JAN THRU MAR,COLORADO,CO,08,"MILK - PRODUCTION, MEASURED IN LB",LB,"1,311,000,000"
2021,MONTHLY,JUL,COLORADO,CO,08,"MILK - PRODUCTION, MEASURED IN LB",LB,"452,000,000"
2021,MONTHLY,JUL THRU SEP,COLORADO,CO,08,"MILK - PRODUCTION, MEASURED IN LB",LB,"1,322,000,000"
2021,MONTHLY,JUN,COLORADO,CO,08,"MILK - PRODUCTION, MEASURED IN LB",LB,"435,000,000"
2021,MONTHLY,MAR,COLORADO,CO,08,"MILK - PRODUCTION, MEASURED IN LB",LB,"455,000,000"
2021,MONTHLY,MAY,COLORADO,CO,08,"MILK - PRODUCTION, MEASURED IN LB",LB,"458,000,000"
2021,MONTHLY,NOV,COLORADO,CO,08,"MILK - PRODUCTION, MEASURED IN LB",LB,"425,000,000"
2021,MONTHLY,OCT,COLORADO,CO,08,"MILK - PRODUCTION, MEASURED IN LB",LB,"436,000,000"
2021,MONTHLY,OCT THRU DEC,COLORADO,CO,08,"MILK - PRODUCTION, MEASURED IN LB",LB,"1,304,000,000"
2021,MONTHLY,SEP,COLORADO,CO,08,"MILK - PRODUCTION, MEASURED IN LB",LB,"425,000,000"
2021,MONTHLY,APR THRU JUN,CONNECTICUT,CT,09,"MILK - PRODUCTION, MEASURED IN LB",LB,"113,000,000"
2021,MONTHLY,JAN THRU MAR,CONNECTICUT,CT,09,"MILK - PRODUCTION, MEASURED IN LB",LB,"112,000,000"
2021,MONTHLY,JUL THRU SEP,CONNECTICUT,CT,09,"MILK - PRODUCTION, MEASURED IN LB",LB,"105,000,000"
2021,MONTHLY,OCT THRU DEC,CONNECTICUT,CT,09,"MILK - PRODUCTION, MEASURED IN LB",LB,"105,000,000"
2021,MONTHLY,APR THRU JUN,DELAWARE,DE,10,"MILK - PRODUCTION, MEASURED IN LB",LB,"14,000,000"
2021,MONTHLY,JAN THRU MAR,DELAWARE,DE,10,"MILK - PRODUCTION, MEASURED IN LB",LB,"14,500,000"
2021,MONTHLY,JUL THRU SEP,DELAWARE,DE,10,"MILK - PRODUCTION, MEASURED IN LB",LB,"12,100,000"
2021,MONTHLY,OCT THRU DEC,DELAWARE,DE,10,"MILK - PRODUCTION, MEASURED IN LB",LB,"11,400,000"
2021,MONTHLY,APR,FLORIDA,FL,12,"MILK - PRODUCTION, MEASURED IN LB",LB,"199,000,000"
2021,MONTHLY,APR THRU JUN,FLORIDA,FL,12,"MILK - PRODUCTION, MEASURED IN LB",LB,"579,000,000"
2021,MONTHLY,AUG,FLORIDA,FL,12,"MILK - PRODUCTION, MEASURED IN LB",LB,"163,000,000"
2021,MONTHLY,DEC,FLORIDA,FL,12,"MILK - PRODUCTION, MEASURED IN LB",LB,"181,000,000"
2021,MONTHLY,FEB,FLORIDA,FL,12,"MILK - PRODUCTION, MEASURED IN LB",LB,"183,000,000"
2021,MONTHLY,JAN,FLORIDA,FL,12,"MILK - PRODUCTION, MEASURED IN LB",LB,"199,000,000"
2021,MONTHLY,JAN THRU MAR,FLORIDA,FL,12,"MILK - PRODUCTION, MEASURED IN LB",LB,"587,000,000"
2021,MONTHLY,JUL,FLORIDA,FL,12,"MILK - PRODUCTION, MEASURED IN LB",LB,"175,000,000"
2021,MONTHLY,JUL THRU SEP,FLORIDA,FL,12,"MILK - PRODUCTION, MEASURED IN LB",LB,"493,000,000"
2021,MONTHLY,JUN,FLORIDA,FL,12,"MILK - PRODUCTION, MEASURED IN LB",LB,"186,000,000"
2021,MONTHLY,MAR,FLORIDA,FL,12,"MILK - PRODUCTION, MEASURED IN LB",LB,"205,000,000"
2021,MONTHLY,MAY,FLORIDA,FL,12,"MILK - PRODUCTION, MEASURED IN LB",LB,"194,000,000"
2021,MONTHLY,NOV,FLORIDA,FL,12,"MILK - PRODUCTION, MEASURED IN LB",LB,"167,000,000"
2021,MONTHLY,OCT,FLORIDA,FL,12,"MILK - PRODUCTION, MEASURED IN LB",LB,"163,000,000"
2021,MONTHLY,OCT THRU DEC,FLORIDA,FL,12,"MILK - PRODUCTION, MEASURED IN LB",LB,"511,000,000"
2021,MONTHLY,SEP,FLORIDA,FL,12,"MILK - PRODUCTION, MEASURED IN LB",LB,"155,000,000"
2021,MONTHLY,APR,GEORGIA,GA,13,"MILK - PRODUCTION, MEASURED IN LB",LB,"157,000,000"
2021,MONTHLY,APR THRU JUN,GEORGIA,GA,13,"MILK - PRODUCTION, MEASURED IN LB",LB,"462,000,000"
2021,MONTHLY,AUG,GEORGIA,GA,13,"MILK - PRODUCTION, MEASURED IN LB",LB,"142,000,000"
2021,MONTHLY,DEC,GEORGIA,GA,13,"MILK - PRODUCTION, MEASURED IN LB",LB,"158,000,000"
2021,MONTHLY,FEB,GEORGIA,GA,13,"MILK - PRODUCTION, MEASURED IN LB",LB,"143,000,000"
2021,MONTHLY,JAN,GEORGIA,GA,13,"MILK - PRODUCTION, MEASURED IN LB",LB,"156,000,000"
2021,MONTHLY,JAN THRU MAR,GEORGIA,GA,13,"MILK - PRODUCTION, MEASURED IN LB",LB,"462,000,000"
2021,MONTHLY,JUL,GEORGIA,GA,13,"MILK - PRODUCTION, MEASURED IN LB",LB,"146,000,000"
2021,MONTHLY,JUL THRU SEP,GEORGIA,GA,13,"MILK - PRODUCTION, MEASURED IN LB",LB,"425,000,000"
2021,MONTHLY,JUN,GEORGIA,GA,13,"MILK - PRODUCTION, MEASURED IN LB",LB,"150,000,000"
2021,MONTHLY,MAR,GEORGIA,GA,13,"MILK - PRODUCTION, MEASURED IN LB",LB,"163,000,000"
2021,MONTHLY,MAY,GEORGIA,GA,13,"MILK - PRODUCTION, MEASURED IN LB",LB,"155,000,000"
2021,MONTHLY,NOV,GEORGIA,GA,13,"MILK - PRODUCTION, MEASURED IN LB",LB,"145,000,000"
2021,MONTHLY,OCT,GEORGIA,GA,13,"MILK - PRODUCTION, MEASURED IN LB",LB,"146,000,000"
2021,MONTHLY,OCT THRU DEC,GEORGIA,GA,13,"MILK - PRODUCTION, MEASURED IN LB",LB,"449,000,000"
2021,MONTHLY,SEP,GEORGIA,GA,13,"MILK - PRODUCTION, MEASURED IN LB",LB,"137,000,000"
2021,MONTHLY,APR,IOWA,IA,19,"MILK - PRODUCTION, MEASURED IN LB",LB,"465,000,000"
2021,MONTHLY,APR THRU JUN,IOWA,IA,19,"MILK - PRODUCTION, MEASURED IN LB",LB,"1,405,000,000"
2021,MONTHLY,AUG,IOWA,IA,19,"MILK - PRODUCTION, MEASURED IN LB",LB,"462,000,000"
2021,MONTHLY,DEC,IOWA,IA,19,"MILK - PRODUCTION, MEASURED IN LB",LB,"468,000,000"
2021,MONTHLY,FEB,IOWA,IA,19,"MILK - PRODUCTION, MEASURED IN LB",LB,"427,000,000"
2021,MONTHLY,JAN,IOWA,IA,19,"MILK - PRODUCTION, MEASURED IN LB",LB,"467,000,000"
2021,MONTHLY,JAN THRU MAR,IOWA,IA,19,"MILK - PRODUCTION, MEASURED IN LB",LB,"1,374,000,000"
2021,MONTHLY,JUL,IOWA,IA,19,"MILK - PRODUCTION, MEASURED IN LB",LB,"471,000,000"
2021,MONTHLY,JUL THRU SEP,IOWA,IA,19,"MILK - PRODUCTION, MEASURED IN LB",LB,"1,382,000,000"
2021,MONTHLY,JUN,IOWA,IA,19,"MILK - PRODUCTION, MEASURED IN LB",LB,"462,000,000"
2021,MONTHLY,MAR,IOWA,IA,19,"MILK - PRODUCTION, MEASURED IN LB",LB,"480,000,000"
2021,MONTHLY,MAY,IOWA,IA,19,"MILK - PRODUCTION, MEASURED IN LB",LB,"478,000,000"
2021,MONTHLY,NOV,IOWA,IA,19,"MILK - PRODUCTION, MEASURED IN LB",LB,"448,000,000"
2021,MONTHLY,OCT,IOWA,IA,19,"MILK - PRODUCTION, MEASURED IN LB",LB,"461,000,000"
2021,MONTHLY,OCT THRU DEC,IOWA,IA,19,"MILK - PRODUCTION, MEASURED IN LB",LB,"1,377,000,000"
2021,MONTHLY,SEP,IOWA,IA,19,"MILK - PRODUCTION, MEASURED IN LB",LB,"449,000,000"
2021,MONTHLY,APR,IDAHO,ID,16,"MILK - PRODUCTION, MEASURED IN LB",LB,"1,375,000,000"
2021,MONTHLY,APR THRU JUN,IDAHO,ID,16,"MILK - PRODUCTION, MEASURED IN LB",LB,"4,210,000,000"
2021,MONTHLY,AUG,IDAHO,ID,16,"MILK - PRODUCTION, MEASURED IN LB",LB,"1,413,000,000"
2021,MONTHLY,DEC,IDAHO,ID,16,"MILK - PRODUCTION, MEASURED IN LB",LB,"1,346,000,000"
2021,MONTHLY,FEB,IDAHO,ID,16,"MILK - PRODUCTION, MEASURED IN LB",LB,"1,245,000,000"
2021,MONTHLY,JAN,IDAHO,ID,16,"MILK - PRODUCTION, MEASURED IN LB",LB,"1,358,000,000"
2021,MONTHLY,JAN THRU MAR,IDAHO,ID,16,"MILK - PRODUCTION, MEASURED IN LB",LB,"3,995,000,000"
2021,MONTHLY,JUL,IDAHO,ID,16,"MILK - PRODUCTION, MEASURED IN LB",LB,"1,432,000,000"
2021,MONTHLY,JUL THRU SEP,IDAHO,ID,16,"MILK - PRODUCTION, MEASURED IN LB",LB,"4,193,000,000"
2021,MONTHLY,JUN,IDAHO,ID,16,"MILK - PRODUCTION, MEASURED IN LB",LB,"1,393,000,000"
2021,MONTHLY,MAR,IDAHO,ID,16,"MILK - PRODUCTION, MEASURED IN LB",LB,"1,392,000,000"
2021,MONTHLY,MAY,IDAHO,ID,16,"MILK - PRODUCTION, MEASURED IN LB",LB,"1,442,000,000"
2021,MONTHLY,NOV,IDAHO,ID,16,"MILK - PRODUCTION, MEASURED IN LB",LB,"1,309,000,000"
2021,MONTHLY,OCT,IDAHO,ID,16,"MILK - PRODUCTION, MEASURED IN LB",LB,"1,359,000,000"
2021,MONTHLY,OCT THRU DEC,IDAHO,ID,16,"MILK - PRODUCTION, MEASURED IN LB",LB,"4,014,000,000"
2021,MONTHLY,SEP,IDAHO,ID,16,"MILK - PRODUCTION, MEASURED IN LB",LB,"1,348,000,000"
2021,MONTHLY,APR,ILLINOIS,IL,17,"MILK - PRODUCTION, MEASURED IN LB",LB,"156,000,000"
2021,MONTHLY,APR THRU JUN,ILLINOIS,IL,17,"MILK - PRODUCTION, MEASURED IN LB",LB,"463,000,000"
2021,MONTHLY,AUG,ILLINOIS,IL,17,"MILK - PRODUCTION, MEASURED IN LB",LB,"141,000,000"
2021,MONTHLY,DEC,ILLINOIS,IL,17,"MILK - PRODUCTION, MEASURED IN LB",LB,"147,000,000"
2021,MONTHLY,FEB,ILLINOIS,IL,17,"MILK - PRODUCTION, MEASURED IN LB",LB,"142,000,000"
2021,MONTHLY,JAN,ILLINOIS,IL,17,"MILK - PRODUCTION, MEASURED IN LB",LB,"156,000,000"
2021,MONTHLY,JAN THRU MAR,ILLINOIS,IL,17,"MILK - PRODUCTION, MEASURED IN LB",LB,"458,000,000"
2021,MONTHLY,JUL,ILLINOIS,IL,17,"MILK - PRODUCTION, MEASURED IN LB",LB,"147,000,000"
2021,MONTHLY,JUL THRU SEP,ILLINOIS,IL,17,"MILK - PRODUCTION, MEASURED IN LB",LB,"424,000,000"
2021,MONTHLY,JUN,ILLINOIS,IL,17,"MILK - PRODUCTION, MEASURED IN LB",LB,"149,000,000"
2021,MONTHLY,MAR,ILLINOIS,IL,17,"MILK - PRODUCTION, MEASURED IN LB",LB,"160,000,000"
2021,MONTHLY,MAY,ILLINOIS,IL,17,"MILK - PRODUCTION, MEASURED IN LB",LB,"158,000,000"
2021,MONTHLY,NOV,ILLINOIS,IL,17,"MILK - PRODUCTION, MEASURED IN LB",LB,"139,000,000"
2021,MONTHLY,OCT,ILLINOIS,IL,17,"MILK - PRODUCTION, MEASURED IN LB",LB,"140,000,000"
2021,MONTHLY,OCT THRU DEC,ILLINOIS,IL,17,"MILK - PRODUCTION, MEASURED IN LB",LB,"426,000,000"
2021,MONTHLY,SEP,ILLINOIS,IL,17,"MILK - PRODUCTION, MEASURED IN LB",LB,"136,000,000"
2021,MONTHLY,APR,INDIANA,IN,18,"MILK - PRODUCTION, MEASURED IN LB",LB,"391,000,000"
2021,MONTHLY,APR THRU JUN,INDIANA,IN,18,"MILK - PRODUCTION, MEASURED IN LB",LB,"1,189,000,000"
2021,MONTHLY,AUG,INDIANA,IN,18,"MILK - PRODUCTION, MEASURED IN LB",LB,"372,000,000"
2021,MONTHLY,DEC,INDIANA,IN,18,"MILK - PRODUCTION, MEASURED IN LB",LB,"368,000,000"
2021,MONTHLY,FEB,INDIANA,IN,18,"MILK - PRODUCTION, MEASURED IN LB",LB,"351,000,000"
2021,MONTHLY,JAN,INDIANA,IN,18,"MILK - PRODUCTION, MEASURED IN LB",LB,"390,000,000"
2021,MONTHLY,JAN THRU MAR,INDIANA,IN,18,"MILK - PRODUCTION, MEASURED IN LB",LB,"1,142,000,000"
2021,MONTHLY,JUL,INDIANA,IN,18,"MILK - PRODUCTION, MEASURED IN LB",LB,"388,000,000"
2021,MONTHLY,JUL THRU SEP,INDIANA,IN,18,"MILK - PRODUCTION, MEASURED IN LB",LB,"1,119,000,000"
2021,MONTHLY,JUN,INDIANA,IN,18,"MILK - PRODUCTION, MEASURED IN LB",LB,"396,000,000"
2021,MONTHLY,MAR,INDIANA,IN,18,"MILK - PRODUCTION, MEASURED IN LB",LB,"401,000,000"
2021,MONTHLY,MAY,INDIANA,IN,18,"MILK - PRODUCTION, MEASURED IN LB",LB,"402,000,000"
2021,MONTHLY,NOV,INDIANA,IN,18,"MILK - PRODUCTION, MEASURED IN LB",LB,"352,000,000"
2021,MONTHLY,OCT,INDIANA,IN,18,"MILK - PRODUCTION, MEASURED IN LB",LB,"369,000,000"
2021,MONTHLY,OCT THRU DEC,INDIANA,IN,18,"MILK - PRODUCTION, MEASURED IN LB",LB,"1,089,000,000"
2021,MONTHLY,SEP,INDIANA,IN,18,"MILK - PRODUCTION, MEASURED IN LB",LB,"359,000,000"
2021,MONTHLY,APR,KANSAS,KS,20,"MILK - PRODUCTION, MEASURED IN LB",LB,"351,000,000"
2021,MONTHLY,APR THRU JUN,KANSAS,KS,20,"MILK - PRODUCTION, MEASURED IN LB",LB,"1,040,000,000"
2021,MONTHLY,AUG,KANSAS,KS,20,"MILK - PRODUCTION, MEASURED IN LB",LB,"337,000,000"
2021,MONTHLY,DEC,KANSAS,KS,20,"MILK - PRODUCTION, MEASURED IN LB",LB,"342,000,000"
2021,MONTHLY,FEB,KANSAS,KS,20,"MILK - PRODUCTION, MEASURED IN LB",LB,"324,000,000"
2021,MONTHLY,JAN,KANSAS,KS,20,"MILK - PRODUCTION, MEASURED IN LB",LB,"359,000,000"
2021,MONTHLY,JAN THRU MAR,KANSAS,KS,20,"MILK - PRODUCTION, MEASURED IN LB",LB,"1,047,000,000"
2021,MONTHLY,JUL,KANSAS,KS,20,"MILK - PRODUCTION, MEASURED IN LB",LB,"345,000,000"
2021,MONTHLY,JUL THRU SEP,KANSAS,KS,20,"MILK - PRODUCTION, MEASURED IN LB",LB,"1,008,000,000"
2021,MONTHLY,JUN,KANSAS,KS,20,"MILK - PRODUCTION, MEASURED IN LB",LB,"332,000,000"
2021,MONTHLY,MAR,KANSAS,KS,20,"MILK - PRODUCTION, MEASURED IN LB",LB,"364,000,000"
2021,MONTHLY,MAY,KANSAS,KS,20,"MILK - PRODUCTION, MEASURED IN LB",LB,"357,000,000"
2021,MONTHLY,NOV,KANSAS,KS,20,"MILK - PRODUCTION, MEASURED IN LB",LB,"326,000,000"
2021,MONTHLY,OCT,KANSAS,KS,20,"MILK - PRODUCTION, MEASURED IN LB",LB,"336,000,000"
2021,MONTHLY,OCT THRU DEC,KANSAS,KS,20,"MILK - PRODUCTION, MEASURED IN LB",LB,"1,004,000,000"
2021,MONTHLY,SEP,KANSAS,KS,20,"MILK - PRODUCTION, MEASURED IN LB",LB,"326,000,000"
2021,MONTHLY,APR THRU JUN,KENTUCKY,KY,21,"MILK - PRODUCTION, MEASURED IN LB",LB,"242,000,000"
2021,MONTHLY,JAN THRU MAR,KENTUCKY,KY,21,"MILK - PRODUCTION, MEASURED IN LB",LB,"239,000,000"
2021,MONTHLY,JUL THRU SEP,KENTUCKY,KY,21,"MILK - PRODUCTION, MEASURED IN LB",LB,"213,000,000"
2021,MONTHLY,OCT THRU DEC,KENTUCKY,KY,21,"MILK - PRODUCTION, MEASURED IN LB",LB,"214,000,000"
2021,MONTHLY,APR THRU JUN,LOUISIANA,LA,22,"MILK - PRODUCTION, MEASURED IN LB",LB,"35,000,000"
2021,MONTHLY,JAN THRU MAR,LOUISIANA,LA,22,"MILK - PRODUCTION, MEASURED IN LB",LB,"38,000,000"
2021,MONTHLY,JUL THRU SEP,LOUISIANA,LA,22,"MILK - PRODUCTION, MEASURED IN LB",LB,"25,000,000"
2021,MONTHLY,OCT THRU DEC,LOUISIANA,LA,22,"MILK - PRODUCTION, MEASURED IN LB",LB,"28,000,000"
2021,MONTHLY,APR THRU JUN,MASSACHUSETTS,MA,25,"MILK - PRODUCTION, MEASURED IN LB",LB,"51,000,000"
2021,MONTHLY,JAN THRU MAR,MASSACHUSETTS,MA,25,"MILK - PRODUCTION, MEASURED IN LB",LB,"50,000,000"
2021,MONTHLY,JUL THRU SEP,MASSACHUSETTS,MA,25,"MILK - PRODUCTION, MEASURED IN LB",LB,"48,000,000"
2021,MONTHLY,OCT THRU DEC,MASSACHUSETTS,MA,25,"MILK - PRODUCTION, MEASURED IN LB",LB,"46,000,000"
2021,MONTHLY,APR THRU JUN,MARYLAND,MD,24,"MILK - PRODUCTION, MEASURED IN LB",LB,"229,000,000"
2021,MONTHLY,JAN THRU MAR,MARYLAND,MD,24,"MILK - PRODUCTION, MEASURED IN LB",LB,"231,000,000"
2021,MONTHLY,JUL THRU SEP,MARYLAND,MD,24,"MILK - PRODUCTION, MEASURED IN LB",LB,"209,000,000"
2021,MONTHLY,OCT THRU DEC,MARYLAND,MD,24,"MILK - PRODUCTION, MEASURED IN LB",LB,"207,000,000"
2021,MONTHLY,APR THRU JUN,MAINE,ME,23,"MILK - PRODUCTION, MEASURED IN LB",LB,"149,000,000"
2021,MONTHLY,JAN THRU MAR,MAINE,ME,23,"MILK - PRODUCTION, MEASURED IN LB",LB,"145,000,000"
2021,MONTHLY,JUL THRU SEP,MAINE,ME,23,"MILK - PRODUCTION, MEASURED IN LB",LB,"141,000,000"
2021,MONTHLY,OCT THRU DEC,MAINE,ME,23,"MILK - PRODUCTION, MEASURED IN LB",LB,"136,000,000"
2021,MONTHLY,APR,MICHIGAN,MI,26,"MILK - PRODUCTION, MEASURED IN LB",LB,"1,010,000,000"
2021,MONTHLY,APR THRU JUN,MICHIGAN,MI,26,"MILK - PRODUCTION, MEASURED IN LB",LB,"3,055,000,000"
2021,MONTHLY,AUG,MICHIGAN,MI,26,"MILK - PRODUCTION, MEASURED IN LB",LB,"1,005,000,000"
2021,MONTHLY,DEC,MICHIGAN,MI,26,"MILK - PRODUCTION, MEASURED IN LB",LB,"972,000,000"
2021,MONTHLY,FEB,MICHIGAN,MI,26,"MILK - PRODUCTION, MEASURED IN LB",LB,"926,000,000"
2021,MONTHLY,JAN,MICHIGAN,MI,26,"MILK - PRODUCTION, MEASURED IN LB",LB,"1,010,000,000"
2021,MONTHLY,JAN THRU MAR,MICHIGAN,MI,26,"MILK - PRODUCTION, MEASURED IN LB",LB,"2,972,000,000"
2021,MONTHLY,JUL,MICHIGAN,MI,26,"MILK - PRODUCTION, MEASURED IN LB",LB,"1,030,000,000"
2021,MONTHLY,JUL THRU SEP,MICHIGAN,MI,26,"MILK - PRODUCTION, MEASURED IN LB",LB,"2,994,000,000"
2021,MONTHLY,JUN,MICHIGAN,MI,26,"MILK - PRODUCTION, MEASURED IN LB",LB,"1,008,000,000"
2021,MONTHLY,MAR,MICHIGAN,MI,26,"MILK - PRODUCTION, MEASURED IN LB",LB,"1,036,000,000"
2021,MONTHLY,MAY,MICHIGAN,MI,26,"MILK - PRODUCTION, MEASURED IN LB",LB,"1,037,000,000"
2021,MONTHLY,NOV,MICHIGAN,MI,26,"MILK - PRODUCTION, MEASURED IN LB",LB,"937,000,000"
2021,MONTHLY,OCT,MICHIGAN,MI,26,"MILK - PRODUCTION, MEASURED IN LB",LB,"981,000,000"
2021,MONTHLY,OCT THRU DEC,MICHIGAN,MI,26,"MILK - PRODUCTION, MEASURED IN LB",LB,"2,890,000,000"
2021,MONTHLY,SEP,MICHIGAN,MI,26,"MILK - PRODUCTION, MEASURED IN LB",LB,"959,000,000"
2021,MONTHLY,APR,MINNESOTA,MN,27,"MILK - PRODUCTION, MEASURED IN LB",LB,"875,000,000"
2021,MONTHLY,APR THRU JUN,MINNESOTA,MN,27,"MILK - PRODUCTION, MEASURED IN LB",LB,"2,656,000,000"
2021,MONTHLY,AUG,MINNESOTA,MN,27,"MILK - PRODUCTION, MEASURED IN LB",LB,"894,000,000"
2021,MONTHLY,DEC,MINNESOTA,MN,27,"MILK - PRODUCTION, MEASURED IN LB",LB,"876,000,000"
2021,MONTHLY,FEB,MINNESOTA,MN,27,"MILK - PRODUCTION, MEASURED IN LB",LB,"821,000,000"
2021,MONTHLY,JAN,MINNESOTA,MN,27,"MILK - PRODUCTION, MEASURED IN LB",LB,"892,000,000"
2021,MONTHLY,JAN THRU MAR,MINNESOTA,MN,27,"MILK - PRODUCTION, MEASURED IN LB",LB,"2,623,000,000"
2021,MONTHLY,JUL,MINNESOTA,MN,27,"MILK - PRODUCTION, MEASURED IN LB",LB,"899,000,000"
2021,MONTHLY,JUL THRU SEP,MINNESOTA,MN,27,"MILK - PRODUCTION, MEASURED IN LB",LB,"2,655,000,000"
2021,MONTHLY,JUN,MINNESOTA,MN,27,"MILK - PRODUCTION, MEASURED IN LB",LB,"875,000,000"
2021,MONTHLY,MAR,MINNESOTA,MN,27,"MILK - PRODUCTION, MEASURED IN LB",LB,"910,000,000"
2021,MONTHLY,MAY,MINNESOTA,MN,27,"MILK - PRODUCTION, MEASURED IN LB",LB,"906,000,000"
2021,MONTHLY,NOV,MINNESOTA,MN,27,"MILK - PRODUCTION, MEASURED IN LB",LB,"846,000,000"
2021,MONTHLY,OCT,MINNESOTA,MN,27,"MILK - PRODUCTION, MEASURED IN LB",LB,"881,000,000"
2021,MONTHLY,OCT THRU DEC,MINNESOTA,MN,27,"MILK - PRODUCTION, MEASURED IN LB",LB,"2,603,000,000"
2021,MONTHLY,SEP,MINNESOTA,MN,27,"MILK - PRODUCTION, MEASURED IN LB",LB,"862,000,000"
2021,MONTHLY,APR THRU JUN,MISSOURI,MO,29,"MILK - PRODUCTION, MEASURED IN LB",LB,"283,000,000"
2021,MONTHLY,JAN THRU MAR,MISSOURI,MO,29,"MILK - PRODUCTION, MEASURED IN LB",LB,"260,000,000"
2021,MONTHLY,JUL THRU SEP,MISSOURI,MO,29,"MILK - PRODUCTION, MEASURED IN LB",LB,"237,000,000"
2021,MONTHLY,OCT THRU DEC,MISSOURI,MO,29,"MILK - PRODUCTION, MEASURED IN LB",LB,"230,000,000"
2021,MONTHLY,APR THRU JUN,MISSISSIPPI,MS,28,"MILK - PRODUCTION, MEASURED IN LB",LB,"29,000,000"
2021,MONTHLY,JAN THRU MAR,MISSISSIPPI,MS,28,"MILK - PRODUCTION, MEASURED IN LB",LB,"32,000,000"
2021,MONTHLY,JUL THRU SEP,MISSISSIPPI,MS,28,"MILK - PRODUCTION, MEASURED IN LB",LB,"22,000,000"
2021,MONTHLY,OCT THRU DEC,MISSISSIPPI,MS,28,"MILK - PRODUCTION, MEASURED IN LB",LB,"23,000,000"
2021,MONTHLY,APR THRU JUN,MONTANA,MT,30,"MILK - PRODUCTION, MEASURED IN LB",LB,"62,000,000"
2021,MONTHLY,JAN THRU MAR,MONTANA,MT,30,"MILK - PRODUCTION, MEASURED IN LB",LB,"61,000,000"
2021,MONTHLY,JUL THRU SEP,MONTANA,MT,30,"MILK - PRODUCTION, MEASURED IN LB",LB,"61,000,000"
2021,MONTHLY,OCT THRU DEC,MONTANA,MT,30,"MILK - PRODUCTION, MEASURED IN LB",LB,"59,000,000"
2021,MONTHLY,APR THRU JUN,NORTH CAROLINA,NC,37,"MILK - PRODUCTION, MEASURED IN LB",LB,"239,000,000"
2021,MONTHLY,JAN THRU MAR,NORTH CAROLINA,NC,37,"MILK - PRODUCTION, MEASURED IN LB",LB,"239,000,000"
2021,MONTHLY,JUL THRU SEP,NORTH CAROLINA,NC,37,"MILK - PRODUCTION, MEASURED IN LB",LB,"217,000,000"
2021,MONTHLY,OCT THRU DEC,NORTH CAROLINA,NC,37,"MILK - PRODUCTION, MEASURED IN LB",LB,"222,000,000"
2021,MONTHLY,APR THRU JUN,NORTH DAKOTA,ND,38,"MILK - PRODUCTION, MEASURED IN LB",LB,"86,000,000"
2021,MONTHLY,JAN THRU MAR,NORTH DAKOTA,ND,38,"MILK - PRODUCTION, MEASURED IN LB",LB,"82,000,000"
2021,MONTHLY,JUL THRU SEP,NORTH DAKOTA,ND,38,"MILK - PRODUCTION, MEASURED IN LB",LB,"85,000,000"
2021,MONTHLY,OCT THRU DEC,NORTH DAKOTA,ND,38,"MILK - PRODUCTION, MEASURED IN LB",LB,"82,000,000"
2021,MONTHLY,APR THRU JUN,NEBRASKA,NE,31,"MILK - PRODUCTION, MEASURED IN LB",LB,"359,000,000"
2021,MONTHLY,JAN THRU MAR,NEBRASKA,NE,31,"MILK - PRODUCTION, MEASURED IN LB",LB,"363,000,000"
2021,MONTHLY,JUL THRU SEP,NEBRASKA,NE,31,"MILK - PRODUCTION, MEASURED IN LB",LB,"351,000,000"
2021,MONTHLY,OCT THRU DEC,NEBRASKA,NE,31,"MILK - PRODUCTION, MEASURED IN LB",LB,"351,000,000"
2021,MONTHLY,APR THRU JUN,NEW HAMPSHIRE,NH,33,"MILK - PRODUCTION, MEASURED IN LB",LB,"59,000,000"
2021,MONTHLY,JAN THRU MAR,NEW HAMPSHIRE,NH,33,"MILK - PRODUCTION, MEASURED IN LB",LB,"58,000,000"
2021,MONTHLY,JUL THRU SEP,NEW HAMPSHIRE,NH,33,"MILK - PRODUCTION, MEASURED IN LB",LB,"56,000,000"
2021,MONTHLY,OCT THRU DEC,NEW HAMPSHIRE,NH,33,"MILK - PRODUCTION, MEASURED IN LB",LB,"54,000,000"
2021,MONTHLY,APR THRU JUN,NEW JERSEY,NJ,34,"MILK - PRODUCTION, MEASURED IN LB",LB,"24,000,000"
2021,MONTHLY,JAN THRU MAR,NEW JERSEY,NJ,34,"MILK - PRODUCTION, MEASURED IN LB",LB,"24,000,000"
2021,MONTHLY,JUL THRU SEP,NEW JERSEY,NJ,34,"MILK - PRODUCTION, MEASURED IN LB",LB,"21,000,000"
2021,MONTHLY,OCT THRU DEC,NEW JERSEY,NJ,34,"MILK - PRODUCTION, MEASURED IN LB",LB,"21,000,000"
2021,MONTHLY,APR,NEW MEXICO,NM,35,"MILK - PRODUCTION, MEASURED IN LB",LB,"713,000,000"
2021,MONTHLY,APR THRU JUN,NEW MEXICO,NM,35,"MILK - PRODUCTION, MEASURED IN LB",LB,"2,078,000,000"
2021,MONTHLY,AUG,NEW MEXICO,NM,35,"MILK - PRODUCTION, MEASURED IN LB",LB,"606,000,000"
2021,MONTHLY,DEC,NEW MEXICO,NM,35,"MILK - PRODUCTION, MEASURED IN LB",LB,"602,000,000"
2021,MONTHLY,FEB,NEW MEXICO,NM,35,"MILK - PRODUCTION, MEASURED IN LB",LB,"657,000,000"
2021,MONTHLY,JAN,NEW MEXICO,NM,35,"MILK - PRODUCTION, MEASURED IN LB",LB,"721,000,000"
2021,MONTHLY,JAN THRU MAR,NEW MEXICO,NM,35,"MILK - PRODUCTION, MEASURED IN LB",LB,"2,099,000,000"
2021,MONTHLY,JUL,NEW MEXICO,NM,35,"MILK - PRODUCTION, MEASURED IN LB",LB,"638,000,000"
2021,MONTHLY,JUL THRU SEP,NEW MEXICO,NM,35,"MILK - PRODUCTION, MEASURED IN LB",LB,"1,822,000,000"
2021,MONTHLY,JUN,NEW MEXICO,NM,35,"MILK - PRODUCTION, MEASURED IN LB",LB,"665,000,000"
2021,MONTHLY,MAR,NEW MEXICO,NM,35,"MILK - PRODUCTION, MEASURED IN LB",LB,"721,000,000"
2021,MONTHLY,MAY,NEW MEXICO,NM,35,"MILK - PRODUCTION, MEASURED IN LB",LB,"700,000,000"
2021,MONTHLY,NOV,NEW MEXICO,NM,35,"MILK - PRODUCTION, MEASURED IN LB",LB,"578,000,000"
2021,MONTHLY,OCT,NEW MEXICO,NM,35,"MILK - PRODUCTION, MEASURED IN LB",LB,"602,000,000"
2021,MONTHLY,OCT THRU DEC,NEW MEXICO,NM,35,"MILK - PRODUCTION, MEASURED IN LB",LB,"1,782,000,000"
2021,MONTHLY,SEP,NEW MEXICO,NM,35,"MILK - PRODUCTION, MEASURED IN LB",LB,"578,000,000"
2021,MONTHLY,APR THRU JUN,NEVADA,NV,32,"MILK - PRODUCTION, MEASURED IN LB",LB,"213,000,000"
2021,MONTHLY,JAN THRU MAR,NEVADA,NV,32,"MILK - PRODUCTION, MEASURED IN LB",LB,"201,000,000"
2021,MONTHLY,JUL THRU SEP,NEVADA,NV,32,"MILK - PRODUCTION, MEASURED IN LB",LB,"213,000,000"
2021,MONTHLY,OCT THRU DEC,NEVADA,NV,32,"MILK - PRODUCTION, MEASURED IN LB",LB,"202,000,000"
2021,MONTHLY,APR,NEW YORK,NY,36,"MILK - PRODUCTION, MEASURED IN LB",LB,"1,315,000,000"
2021,MONTHLY,APR THRU JUN,NEW YORK,NY,36,"MILK - PRODUCTION, MEASURED IN LB",LB,"3,987,000,000"
2021,MONTHLY,AUG,NEW YORK,NY,36,"MILK - PRODUCTION, MEASURED IN LB",LB,"1,303,000,000"
2021,MONTHLY,DEC,NEW YORK,NY,36,"MILK - PRODUCTION, MEASURED IN LB",LB,"1,287,000,000"
2021,MONTHLY,FEB,NEW YORK,NY,36,"MILK - PRODUCTION, MEASURED IN LB",LB,"1,193,000,000"
2021,MONTHLY,JAN,NEW YORK,NY,36,"MILK - PRODUCTION, MEASURED IN LB",LB,"1,313,000,000"
2021,MONTHLY,JAN THRU MAR,NEW YORK,NY,36,"MILK - PRODUCTION, MEASURED IN LB",LB,"3,846,000,000"
2021,MONTHLY,JUL,NEW YORK,NY,36,"MILK - PRODUCTION, MEASURED IN LB",LB,"1,336,000,000"
2021,MONTHLY,JUL THRU SEP,NEW YORK,NY,36,"MILK - PRODUCTION, MEASURED IN LB",LB,"3,895,000,000"
2021,MONTHLY,JUN,NEW YORK,NY,36,"MILK - PRODUCTION, MEASURED IN LB",LB,"1,314,000,000"
2021,MONTHLY,MAR,NEW YORK,NY,36,"MILK - PRODUCTION, MEASURED IN LB",LB,"1,340,000,000"
2021,MONTHLY,MAY,NEW YORK,NY,36,"MILK - PRODUCTION, MEASURED IN LB",LB,"1,358,000,000"
2021,MONTHLY,NOV,NEW YORK,NY,36,"MILK - PRODUCTION, MEASURED IN LB",LB,"1,238,000,000"
2021,MONTHLY,OCT,NEW YORK,NY,36,"MILK - PRODUCTION, MEASURED IN LB",LB,"1,287,000,000"
2021,MONTHLY,OCT THRU DEC,NEW YORK,NY,36,"MILK - PRODUCTION, MEASURED IN LB",LB,"3,812,000,000"
2021,MONTHLY,SEP,NEW YORK,NY,36,"MILK - PRODUCTION, MEASURED IN LB",LB,"1,256,000,000"
2021,MONTHLY,APR,OHIO,OH,39,"MILK - PRODUCTION, MEASURED IN LB",LB,"478,000,000"
2021,MONTHLY,APR THRU JUN,OHIO,OH,39,"MILK - PRODUCTION, MEASURED IN LB",LB,"1,447,000,000"
2021,MONTHLY,AUG,OHIO,OH,39,"MILK - PRODUCTION, MEASURED IN LB",LB,"477,000,000"
2021,MONTHLY,DEC,OHIO,OH,39,"MILK - PRODUCTION, MEASURED IN LB",LB,"461,000,000"
2021,MONTHLY,FEB,OHIO,OH,39,"MILK - PRODUCTION, MEASURED IN LB",LB,"442,000,000"
2021,MONTHLY,JAN,OHIO,OH,39,"MILK - PRODUCTION, MEASURED IN LB",LB,"482,000,000"
2021,MONTHLY,JAN THRU MAR,OHIO,OH,39,"MILK - PRODUCTION, MEASURED IN LB",LB,"1,421,000,000"
2021,MONTHLY,JUL,OHIO,OH,39,"MILK - PRODUCTION, MEASURED IN LB",LB,"486,000,000"
2021,MONTHLY,JUL THRU SEP,OHIO,OH,39,"MILK - PRODUCTION, MEASURED IN LB",LB,"1,410,000,000"
2021,MONTHLY,JUN,OHIO,OH,39,"MILK - PRODUCTION, MEASURED IN LB",LB,"478,000,000"
2021,MONTHLY,MAR,OHIO,OH,39,"MILK - PRODUCTION, MEASURED IN LB",LB,"497,000,000"
2021,MONTHLY,MAY,OHIO,OH,39,"MILK - PRODUCTION, MEASURED IN LB",LB,"491,000,000"
2021,MONTHLY,NOV,OHIO,OH,39,"MILK - PRODUCTION, MEASURED IN LB",LB,"443,000,000"
2021,MONTHLY,OCT,OHIO,OH,39,"MILK - PRODUCTION, MEASURED IN LB",LB,"462,000,000"
2021,MONTHLY,OCT THRU DEC,OHIO,OH,39,"MILK - PRODUCTION, MEASURED IN LB",LB,"1,366,000,000"
2021,MONTHLY,SEP,OHIO,OH,39,"MILK - PRODUCTION, MEASURED IN LB",LB,"447,000,000"
2021,MONTHLY,APR THRU JUN,OKLAHOMA,OK,40,"MILK - PRODUCTION, MEASURED IN LB",LB,"188,000,000"
2021,MONTHLY,JAN THRU MAR,OKLAHOMA,OK,40,"MILK - PRODUCTION, MEASURED IN LB",LB,"186,000,000"
2021,MONTHLY,JUL THRU SEP,OKLAHOMA,OK,40,"MILK - PRODUCTION, MEASURED IN LB",LB,"158,000,000"
2021,MONTHLY,OCT THRU DEC,OKLAHOMA,OK,40,"MILK - PRODUCTION, MEASURED IN LB",LB,"177,000,000"
2021,MONTHLY,APR,OREGON,OR,41,"MILK - PRODUCTION, MEASURED IN LB",LB,"221,000,000"
2021,MONTHLY,APR THRU JUN,OREGON,OR,41,"MILK - PRODUCTION, MEASURED IN LB",LB,"673,000,000"
2021,MONTHLY,AUG,OREGON,OR,41,"MILK - PRODUCTION, MEASURED IN LB",LB,"219,000,000"
2021,MONTHLY,DEC,OREGON,OR,41,"MILK - PRODUCTION, MEASURED IN LB",LB,"214,000,000"
2021,MONTHLY,FEB,OREGON,OR,41,"MILK - PRODUCTION, MEASURED IN LB",LB,"201,000,000"
2021,MONTHLY,JAN,OREGON,OR,41,"MILK - PRODUCTION, MEASURED IN LB",LB,"220,000,000"
2021,MONTHLY,JAN THRU MAR,OREGON,OR,41,"MILK - PRODUCTION, MEASURED IN LB",LB,"647,000,000"
2021,MONTHLY,JUL,OREGON,OR,41,"MILK - PRODUCTION, MEASURED IN LB",LB,"225,000,000"
2021,MONTHLY,JUL THRU SEP,OREGON,OR,41,"MILK - PRODUCTION, MEASURED IN LB",LB,"658,000,000"
2021,MONTHLY,JUN,OREGON,OR,41,"MILK - PRODUCTION, MEASURED IN LB",LB,"221,000,000"
2021,MONTHLY,MAR,OREGON,OR,41,"MILK - PRODUCTION, MEASURED IN LB",LB,"226,000,000"
2021,MONTHLY,MAY,OREGON,OR,41,"MILK - PRODUCTION, MEASURED IN LB",LB,"231,000,000"
2021,MONTHLY,NOV,OREGON,OR,41,"MILK - PRODUCTION, MEASURED IN LB",LB,"210,000,000"
2021,MONTHLY,OCT,OREGON,OR,41,"MILK - PRODUCTION, MEASURED IN LB",LB,"220,000,000"
2021,MONTHLY,OCT THRU DEC,OREGON,OR,41,"MILK - PRODUCTION, MEASURED IN LB",LB,"644,000,000"
2021,MONTHLY,SEP,OREGON,OR,41,"MILK - PRODUCTION, MEASURED IN LB",LB,"214,000,000"
2021,MONTHLY,APR THRU JUN,OTHER STATES,OT,98,"MILK - PRODUCTION, MEASURED IN LB",LB,"1,300,000"
2021,MONTHLY,JAN THRU MAR,OTHER STATES,OT,98,"MILK - PRODUCTION, MEASURED IN LB",LB,"1,700,000"
2021,MONTHLY,JUL THRU SEP,OTHER STATES,OT,98,"MILK - PRODUCTION, MEASURED IN LB",LB,"1,300,000"
2021,MONTHLY,OCT THRU DEC,OTHER STATES,OT,98,"MILK - PRODUCTION, MEASURED IN LB",LB,"1,200,000"
2021,MONTHLY,APR,PENNSYLVANIA,PA,42,"MILK - PRODUCTION, MEASURED IN LB",LB,"874,000,000"
2021,MONTHLY,APR THRU JUN,PENNSYLVANIA,PA,42,"MILK - PRODUCTION, MEASURED IN LB",LB,"2,613,000,000"
2021,MONTHLY,AUG,PENNSYLVANIA,PA,42,"MILK - PRODUCTION, MEASURED IN LB",LB,"831,000,000"
2021,MONTHLY,DEC,PENNSYLVANIA,PA,42,"MILK - PRODUCTION, MEASURED IN LB",LB,"834,000,000"
2021,MONTHLY,FEB,PENNSYLVANIA,PA,42,"MILK - PRODUCTION, MEASURED IN LB",LB,"798,000,000"
2021,MONTHLY,JAN,PENNSYLVANIA,PA,42,"MILK - PRODUCTION, MEASURED IN LB",LB,"874,000,000"
2021,MONTHLY,JAN THRU MAR,PENNSYLVANIA,PA,42,"MILK - PRODUCTION, MEASURED IN LB",LB,"2,565,000,000"
2021,MONTHLY,JUL,PENNSYLVANIA,PA,42,"MILK - PRODUCTION, MEASURED IN LB",LB,"853,000,000"
2021,MONTHLY,JUL THRU SEP,PENNSYLVANIA,PA,42,"MILK - PRODUCTION, MEASURED IN LB",LB,"2,483,000,000"
2021,MONTHLY,JUN,PENNSYLVANIA,PA,42,"MILK - PRODUCTION, MEASURED IN LB",LB,"846,000,000"
2021,MONTHLY,MAR,PENNSYLVANIA,PA,42,"MILK - PRODUCTION, MEASURED IN LB",LB,"893,000,000"
2021,MONTHLY,MAY,PENNSYLVANIA,PA,42,"MILK - PRODUCTION, MEASURED IN LB",LB,"893,000,000"
2021,MONTHLY,NOV,PENNSYLVANIA,PA,42,"MILK - PRODUCTION, MEASURED IN LB",LB,"801,000,000"
2021,MONTHLY,OCT,PENNSYLVANIA,PA,42,"MILK - PRODUCTION, MEASURED IN LB",LB,"818,000,000"
2021,MONTHLY,OCT THRU DEC,PENNSYLVANIA,PA,42,"MILK - PRODUCTION, MEASURED IN LB",LB,"2,453,000,000"
2021,MONTHLY,SEP,PENNSYLVANIA,PA,42,"MILK - PRODUCTION, MEASURED IN LB",LB,"799,000,000"
2021,MONTHLY,APR THRU JUN,RHODE ISLAND,RI,44,"MILK - PRODUCTION, MEASURED IN LB",LB,"2,600,000"
2021,MONTHLY,JAN THRU MAR,RHODE ISLAND,RI,44,"MILK - PRODUCTION, MEASURED IN LB",LB,"2,600,000"
2021,MONTHLY,JUL THRU SEP,RHODE ISLAND,RI,44,"MILK - PRODUCTION, MEASURED IN LB",LB,"2,500,000"
2021,MONTHLY,OCT THRU DEC,RHODE ISLAND,RI,44,"MILK - PRODUCTION, MEASURED IN LB",LB,"2,400,000"
2021,MONTHLY,APR THRU JUN,SOUTH CAROLINA,SC,45,"MILK - PRODUCTION, MEASURED IN LB",LB,"42,000,000"
2021,MONTHLY,JAN THRU MAR,SOUTH CAROLINA,SC,45,"MILK - PRODUCTION, MEASURED IN LB",LB,"45,000,000"
2021,MONTHLY,JUL THRU SEP,SOUTH CAROLINA,SC,45,"MILK - PRODUCTION, MEASURED IN LB",LB,"35,000,000"
2021,MONTHLY,OCT THRU DEC,SOUTH CAROLINA,SC,45,"MILK - PRODUCTION, MEASURED IN LB",LB,"39,000,000"
2021,MONTHLY,APR,SOUTH DAKOTA,SD,46,"MILK - PRODUCTION, MEASURED IN LB",LB,"287,000,000"
2021,MONTHLY,APR THRU JUN,SOUTH DAKOTA,SD,46,"MILK - PRODUCTION, MEASURED IN LB",LB,"889,000,000"
2021,MONTHLY,AUG,SOUTH DAKOTA,SD,46,"MILK - PRODUCTION, MEASURED IN LB",LB,"317,000,000"
2021,MONTHLY,DEC,SOUTH DAKOTA,SD,46,"MILK - PRODUCTION, MEASURED IN LB",LB,"326,000,000"
2021,MONTHLY,FEB,SOUTH DAKOTA,SD,46,"MILK - PRODUCTION, MEASURED IN LB",LB,"251,000,000"
2021,MONTHLY,JAN,SOUTH DAKOTA,SD,46,"MILK - PRODUCTION, MEASURED IN LB",LB,"278,000,000"
2021,MONTHLY,JAN THRU MAR,SOUTH DAKOTA,SD,46,"MILK - PRODUCTION, MEASURED IN LB",LB,"814,000,000"
2021,MONTHLY,JUL,SOUTH DAKOTA,SD,46,"MILK - PRODUCTION, MEASURED IN LB",LB,"313,000,000"
2021,MONTHLY,JUL THRU SEP,SOUTH DAKOTA,SD,46,"MILK - PRODUCTION, MEASURED IN LB",LB,"939,000,000"
2021,MONTHLY,JUN,SOUTH DAKOTA,SD,46,"MILK - PRODUCTION, MEASURED IN LB",LB,"300,000,000"
2021,MONTHLY,MAR,SOUTH DAKOTA,SD,46,"MILK - PRODUCTION, MEASURED IN LB",LB,"285,000,000"
2021,MONTHLY,MAY,SOUTH DAKOTA,SD,46,"MILK - PRODUCTION, MEASURED IN LB",LB,"302,000,000"
2021,MONTHLY,NOV,SOUTH DAKOTA,SD,46,"MILK - PRODUCTION, MEASURED IN LB",LB,"314,000,000"
2021,MONTHLY,OCT,SOUTH DAKOTA,SD,46,"MILK - PRODUCTION, MEASURED IN LB",LB,"320,000,000"
2021,MONTHLY,OCT THRU DEC,SOUTH DAKOTA,SD,46,"MILK - PRODUCTION, MEASURED IN LB",LB,"960,000,000"
2021,MONTHLY,SEP,SOUTH DAKOTA,SD,46,"MILK - PRODUCTION, MEASURED IN LB",LB,"309,000,000"
2021,MONTHLY,APR THRU JUN,TENNESSEE,TN,47,"MILK - PRODUCTION, MEASURED IN LB",LB,"136,000,000"
2021,MONTHLY,JAN THRU MAR,TENNESSEE,TN,47,"MILK - PRODUCTION, MEASURED IN LB",LB,"135,000,000"
2021,MONTHLY,JUL THRU SEP,TENNESSEE,TN,47,"MILK - PRODUCTION, MEASURED IN LB",LB,"119,000,000"
2021,MONTHLY,OCT THRU DEC,TENNESSEE,TN,47,"MILK - PRODUCTION, MEASURED IN LB",LB,"118,000,000"
2021,MONTHLY,APR,TEXAS,TX,48,"MILK - PRODUCTION, MEASURED IN LB",LB,"1,336,000,000"
2021,MONTHLY,APR THRU JUN,TEXAS,TX,48,"MILK - PRODUCTION, MEASURED IN LB",LB,"3,969,000,000"
2021,MONTHLY,AUG,TEXAS,TX,48,"MILK - PRODUCTION, MEASURED IN LB",LB,"1,272,000,000"
2021,MONTHLY,DEC,TEXAS,TX,48,"MILK - PRODUCTION, MEASURED IN LB",LB,"1,344,000,000"
2021,MONTHLY,FEB,TEXAS,TX,48,"MILK - PRODUCTION, MEASURED IN LB",LB,"1,206,000,000"
2021,MONTHLY,JAN,TEXAS,TX,48,"MILK - PRODUCTION, MEASURED IN LB",LB,"1,331,000,000"
2021,MONTHLY,JAN THRU MAR,TEXAS,TX,48,"MILK - PRODUCTION, MEASURED IN LB",LB,"3,884,000,000"
2021,MONTHLY,JUL,TEXAS,TX,48,"MILK - PRODUCTION, MEASURED IN LB",LB,"1,304,000,000"
2021,MONTHLY,JUL THRU SEP,TEXAS,TX,48,"MILK - PRODUCTION, MEASURED IN LB",LB,"3,817,000,000"
2021,MONTHLY,JUN,TEXAS,TX,48,"MILK - PRODUCTION, MEASURED IN LB",LB,"1,280,000,000"
2021,MONTHLY,MAR,TEXAS,TX,48,"MILK - PRODUCTION, MEASURED IN LB",LB,"1,347,000,000"
2021,MONTHLY,MAY,TEXAS,TX,48,"MILK - PRODUCTION, MEASURED IN LB",LB,"1,353,000,000"
2021,MONTHLY,NOV,TEXAS,TX,48,"MILK - PRODUCTION, MEASURED IN LB",LB,"1,269,000,000"
2021,MONTHLY,OCT,TEXAS,TX,48,"MILK - PRODUCTION, MEASURED IN LB",LB,"1,316,000,000"
2021,MONTHLY,OCT THRU DEC,TEXAS,TX,48,"MILK - PRODUCTION, MEASURED IN LB",LB,"3,929,000,000"
2021,MONTHLY,SEP,TEXAS,TX,48,"MILK - PRODUCTION, MEASURED IN LB",LB,"1,241,000,000"
2021,MONTHLY,APR,US TOTAL,US,99,"MILK - PRODUCTION, MEASURED IN LB",LB,"19,352,000,000"
2021,MONTHLY,APR THRU JUN,US TOTAL,US,99,"MILK - PRODUCTION, MEASURED IN LB",LB,"58,136,000,000"
2021,MONTHLY,AUG,US TOTAL,US,99,"MILK - PRODUCTION, MEASURED IN LB",LB,"18,716,000,000"
2021,MONTHLY,DEC,US TOTAL,US,99,"MILK - PRODUCTION, MEASURED IN LB",LB,"18,774,000,000"
2021,MONTHLY,FEB,US TOTAL,US,99,"MILK - PRODUCTION, MEASURED IN LB",LB,"17,693,000,000"
2021,MONTHLY,JAN,US TOTAL,US,99,"MILK - PRODUCTION, MEASURED IN LB",LB,"19,361,000,000"
2021,MONTHLY,JAN THRU MAR,US TOTAL,US,99,"MILK - PRODUCTION, MEASURED IN LB",LB,"56,854,000,000"
2021,MONTHLY,JUL,US TOTAL,US,99,"MILK - PRODUCTION, MEASURED IN LB",LB,"19,097,000,000"
2021,MONTHLY,JUL THRU SEP,US TOTAL,US,99,"MILK - PRODUCTION, MEASURED IN LB",LB,"55,833,000,000"
2021,MONTHLY,JUN,US TOTAL,US,99,"MILK - PRODUCTION, MEASURED IN LB",LB,"18,933,000,000"
2021,MONTHLY,MAR,US TOTAL,US,99,"MILK - PRODUCTION, MEASURED IN LB",LB,"19,800,000,000"
2021,MONTHLY,MAY,US TOTAL,US,99,"MILK - PRODUCTION, MEASURED IN LB",LB,"19,851,000,000"
2021,MONTHLY,NOV,US TOTAL,US,99,"MILK - PRODUCTION, MEASURED IN LB",LB,"18,017,000,000"
2021,MONTHLY,OCT,US TOTAL,US,99,"MILK - PRODUCTION, MEASURED IN LB",LB,"18,624,000,000"
2021,MONTHLY,OCT THRU DEC,US TOTAL,US,99,"MILK - PRODUCTION, MEASURED IN LB",LB,"55,415,000,000"
2021,MONTHLY,SEP,US TOTAL,US,99,"MILK - PRODUCTION, MEASURED IN LB",LB,"18,020,000,000"
2021,MONTHLY,APR,UTAH,UT,49,"MILK - PRODUCTION, MEASURED IN LB",LB,"187,000,000"
2021,MONTHLY,APR THRU JUN,UTAH,UT,49,"MILK - PRODUCTION, MEASURED IN LB",LB,"576,000,000"
2021,MONTHLY,AUG,UTAH,UT,49,"MILK - PRODUCTION, MEASURED IN LB",LB,"189,000,000"
2021,MONTHLY,DEC,UTAH,UT,49,"MILK - PRODUCTION, MEASURED IN LB",LB,"184,000,000"
2021,MONTHLY,FEB,UTAH,UT,49,"MILK - PRODUCTION, MEASURED IN LB",LB,"170,000,000"
2021,MONTHLY,JAN,UTAH,UT,49,"MILK - PRODUCTION, MEASURED IN LB",LB,"186,000,000"
2021,MONTHLY,JAN THRU MAR,UTAH,UT,49,"MILK - PRODUCTION, MEASURED IN LB",LB,"545,000,000"
2021,MONTHLY,JUL,UTAH,UT,49,"MILK - PRODUCTION, MEASURED IN LB",LB,"194,000,000"
2021,MONTHLY,JUL THRU SEP,UTAH,UT,49,"MILK - PRODUCTION, MEASURED IN LB",LB,"562,000,000"
2021,MONTHLY,JUN,UTAH,UT,49,"MILK - PRODUCTION, MEASURED IN LB",LB,"192,000,000"
2021,MONTHLY,MAR,UTAH,UT,49,"MILK - PRODUCTION, MEASURED IN LB",LB,"189,000,000"
2021,MONTHLY,MAY,UTAH,UT,49,"MILK - PRODUCTION, MEASURED IN LB",LB,"197,000,000"
2021,MONTHLY,NOV,UTAH,UT,49,"MILK - PRODUCTION, MEASURED IN LB",LB,"176,000,000"
2021,MONTHLY,OCT,UTAH,UT,49,"MILK - PRODUCTION, MEASURED IN LB",LB,"181,000,000"
2021,MONTHLY,OCT THRU DEC,UTAH,UT,49,"MILK - PRODUCTION, MEASURED IN LB",LB,"541,000,000"
2021,MONTHLY,SEP,UTAH,UT,49,"MILK - PRODUCTION, MEASURED IN LB",LB,"179,000,000"
2021,MONTHLY,APR,VIRGINIA,VA,51,"MILK - PRODUCTION, MEASURED IN LB",LB,"129,000,000"
2021,MONTHLY,APR THRU JUN,VIRGINIA,VA,51,"MILK - PRODUCTION, MEASURED IN LB",LB,"380,000,000"
2021,MONTHLY,AUG,VIRGINIA,VA,51,"MILK - PRODUCTION, MEASURED IN LB",LB,"117,000,000"
2021,MONTHLY,DEC,VIRGINIA,VA,51,"MILK - PRODUCTION, MEASURED IN LB",LB,"123,000,000"
2021,MONTHLY,FEB,VIRGINIA,VA,51,"MILK - PRODUCTION, MEASURED IN LB",LB,"118,000,000"
2021,MONTHLY,JAN,VIRGINIA,VA,51,"MILK - PRODUCTION, MEASURED IN LB",LB,"130,000,000"
2021,MONTHLY,JAN THRU MAR,VIRGINIA,VA,51,"MILK - PRODUCTION, MEASURED IN LB",LB,"381,000,000"
2021,MONTHLY,JUL,VIRGINIA,VA,51,"MILK - PRODUCTION, MEASURED IN LB",LB,"120,000,000"
2021,MONTHLY,JUL THRU SEP,VIRGINIA,VA,51,"MILK - PRODUCTION, MEASURED IN LB",LB,"351,000,000"
2021,MONTHLY,JUN,VIRGINIA,VA,51,"MILK - PRODUCTION, MEASURED IN LB",LB,"121,000,000"
2021,MONTHLY,MAR,VIRGINIA,VA,51,"MILK - PRODUCTION, MEASURED IN LB",LB,"133,000,000"
2021,MONTHLY,MAY,VIRGINIA,VA,51,"MILK - PRODUCTION, MEASURED IN LB",LB,"130,000,000"
2021,MONTHLY,NOV,VIRGINIA,VA,51,"MILK - PRODUCTION, MEASURED IN LB",LB,"117,000,000"
2021,MONTHLY,OCT,VIRGINIA,VA,51,"MILK - PRODUCTION, MEASURED IN LB",LB,"119,000,000"
2021,MONTHLY,OCT THRU DEC,VIRGINIA,VA,51,"MILK - PRODUCTION, MEASURED IN LB",LB,"359,000,000"
2021,MONTHLY,SEP,VIRGINIA,VA,51,"MILK - PRODUCTION, MEASURED IN LB",LB,"114,000,000"
2021,MONTHLY,APR,VERMONT,VT,50,"MILK - PRODUCTION, MEASURED IN LB",LB,"217,000,000"
2021,MONTHLY,APR THRU JUN,VERMONT,VT,50,"MILK - PRODUCTION, MEASURED IN LB",LB,"656,000,000"
2021,MONTHLY,AUG,VERMONT,VT,50,"MILK - PRODUCTION, MEASURED IN LB",LB,"214,000,000"
2021,MONTHLY,DEC,VERMONT,VT,50,"MILK - PRODUCTION, MEASURED IN LB",LB,"214,000,000"
2021,MONTHLY,FEB,VERMONT,VT,50,"MILK - PRODUCTION, MEASURED IN LB",LB,"199,000,000"
2021,MONTHLY,JAN,VERMONT,VT,50,"MILK - PRODUCTION, MEASURED IN LB",LB,"220,000,000"
2021,MONTHLY,JAN THRU MAR,VERMONT,VT,50,"MILK - PRODUCTION, MEASURED IN LB",LB,"642,000,000"
2021,MONTHLY,JUL,VERMONT,VT,50,"MILK - PRODUCTION, MEASURED IN LB",LB,"219,000,000"
2021,MONTHLY,JUL THRU SEP,VERMONT,VT,50,"MILK - PRODUCTION, MEASURED IN LB",LB,"640,000,000"
2021,MONTHLY,JUN,VERMONT,VT,50,"MILK - PRODUCTION, MEASURED IN LB",LB,"216,000,000"
2021,MONTHLY,MAR,VERMONT,VT,50,"MILK - PRODUCTION, MEASURED IN LB",LB,"223,000,000"
2021,MONTHLY,MAY,VERMONT,VT,50,"MILK - PRODUCTION, MEASURED IN LB",LB,"223,000,000"
2021,MONTHLY,NOV,VERMONT,VT,50,"MILK - PRODUCTION, MEASURED IN LB",LB,"204,000,000"
2021,MONTHLY,OCT,VERMONT,VT,50,"MILK - PRODUCTION, MEASURED IN LB",LB,"211,000,000"
2021,MONTHLY,OCT THRU DEC,VERMONT,VT,50,"MILK - PRODUCTION, MEASURED IN LB",LB,"629,000,000"
2021,MONTHLY,SEP,VERMONT,VT,50,"MILK - PRODUCTION, MEASURED IN LB",LB,"207,000,000"
2021,MONTHLY,APR,WASHINGTON,WA,53,"MILK - PRODUCTION, MEASURED IN LB",LB,"559,000,000"
2021,MONTHLY,APR THRU JUN,WASHINGTON,WA,53,"MILK - PRODUCTION, MEASURED IN LB",LB,"1,687,000,000"
2021,MONTHLY,AUG,WASHINGTON,WA,53,"MILK - PRODUCTION, MEASURED IN LB",LB,"542,000,000"
2021,MONTHLY,DEC,WASHINGTON,WA,53,"MILK - PRODUCTION, MEASURED IN LB",LB,"519,000,000"
2021,MONTHLY,FEB,WASHINGTON,WA,53,"MILK - PRODUCTION, MEASURED IN LB",LB,"514,000,000"
2021,MONTHLY,JAN,WASHINGTON,WA,53,"MILK - PRODUCTION, MEASURED IN LB",LB,"566,000,000"
2021,MONTHLY,JAN THRU MAR,WASHINGTON,WA,53,"MILK - PRODUCTION, MEASURED IN LB",LB,"1,653,000,000"
2021,MONTHLY,JUL,WASHINGTON,WA,53,"MILK - PRODUCTION, MEASURED IN LB",LB,"550,000,000"
2021,MONTHLY,JUL THRU SEP,WASHINGTON,WA,53,"MILK - PRODUCTION, MEASURED IN LB",LB,"1,613,000,000"
2021,MONTHLY,JUN,WASHINGTON,WA,53,"MILK - PRODUCTION, MEASURED IN LB",LB,"549,000,000"
2021,MONTHLY,MAR,WASHINGTON,WA,53,"MILK - PRODUCTION, MEASURED IN LB",LB,"573,000,000"
2021,MONTHLY,MAY,WASHINGTON,WA,53,"MILK - PRODUCTION, MEASURED IN LB",LB,"579,000,000"
2021,MONTHLY,NOV,WASHINGTON,WA,53,"MILK - PRODUCTION, MEASURED IN LB",LB,"503,000,000"
2021,MONTHLY,OCT,WASHINGTON,WA,53,"MILK - PRODUCTION, MEASURED IN LB",LB,"529,000,000"
2021,MONTHLY,OCT THRU DEC,WASHINGTON,WA,53,"MILK - PRODUCTION, MEASURED IN LB",LB,"1,551,000,000"
2021,MONTHLY,SEP,WASHINGTON,WA,53,"MILK - PRODUCTION, MEASURED IN LB",LB,"521,000,000"
2021,MONTHLY,APR,WISCONSIN,WI,55,"MILK - PRODUCTION, MEASURED IN LB",LB,"2,644,000,000"
2021,MONTHLY,APR THRU JUN,WISCONSIN,WI,55,"MILK - PRODUCTION, MEASURED IN LB",LB,"8,016,000,000"
2021,MONTHLY,AUG,WISCONSIN,WI,55,"MILK - PRODUCTION, MEASURED IN LB",LB,"2,697,000,000"
2021,MONTHLY,DEC,WISCONSIN,WI,55,"MILK - PRODUCTION, MEASURED IN LB",LB,"2,646,000,000"
2021,MONTHLY,FEB,WISCONSIN,WI,55,"MILK - PRODUCTION, MEASURED IN LB",LB,"2,433,000,000"
2021,MONTHLY,JAN,WISCONSIN,WI,55,"MILK - PRODUCTION, MEASURED IN LB",LB,"2,675,000,000"
2021,MONTHLY,JAN THRU MAR,WISCONSIN,WI,55,"MILK - PRODUCTION, MEASURED IN LB",LB,"7,826,000,000"
2021,MONTHLY,JUL,WISCONSIN,WI,55,"MILK - PRODUCTION, MEASURED IN LB",LB,"2,729,000,000"
2021,MONTHLY,JUL THRU SEP,WISCONSIN,WI,55,"MILK - PRODUCTION, MEASURED IN LB",LB,"8,020,000,000"
2021,MONTHLY,JUN,WISCONSIN,WI,55,"MILK - PRODUCTION, MEASURED IN LB",LB,"2,639,000,000"
2021,MONTHLY,MAR,WISCONSIN,WI,55,"MILK - PRODUCTION, MEASURED IN LB",LB,"2,718,000,000"
2021,MONTHLY,MAY,WISCONSIN,WI,55,"MILK - PRODUCTION, MEASURED IN LB",LB,"2,733,000,000"
2021,MONTHLY,NOV,WISCONSIN,WI,55,"MILK - PRODUCTION, MEASURED IN LB",LB,"2,548,000,000"
2021,MONTHLY,OCT,WISCONSIN,WI,55,"MILK - PRODUCTION, MEASURED IN LB",LB,"2,652,000,000"
2021,MONTHLY,OCT THRU DEC,WISCONSIN,WI,55,"MILK - PRODUCTION, MEASURED IN LB",LB,"7,846,000,000"
2021,MONTHLY,SEP,WISCONSIN,WI,55,"MILK - PRODUCTION, MEASURED IN LB",LB,"2,594,000,000"
2021,MONTHLY,APR THRU JUN,WEST VIRGINIA,WV,54,"MILK - PRODUCTION, MEASURED IN LB",LB,"19,000,000"
2021,MONTHLY,JAN THRU MAR,WEST VIRGINIA,WV,54,"MILK - PRODUCTION, MEASURED IN LB",LB,"19,000,000"
2021,MONTHLY,JUL THRU SEP,WEST VIRGINIA,WV,54,"MILK - PRODUCTION, MEASURED IN LB",LB,"18,000,000"
2021,MONTHLY,OCT THRU DEC,WEST VIRGINIA,WV,54,"MILK - PRODUCTION, MEASURED IN LB",LB,"19,000,000"
2021,MONTHLY,APR THRU JUN,WYOMING,WY,56,"MILK - PRODUCTION, MEASURED IN LB",LB,"55,700,000"
2021,MONTHLY,JAN THRU MAR,WYOMING,WY,56,"MILK - PRODUCTION, MEASURED IN LB",LB,"52,000,000"
2021,MONTHLY,JUL THRU SEP,WYOMING,WY,56,"MILK - PRODUCTION, MEASURED IN LB",LB,"56,400,000"
2021,MONTHLY,OCT THRU DEC,WYOMING,WY,56,"MILK - PRODUCTION, MEASURED IN LB",LB,"56,200,000"
2022,MONTHLY,APR THRU JUN,ALABAMA,AL,01,"MILK - PRODUCTION, MEASURED IN LB",LB,"9,000,000"
2022,MONTHLY,JAN THRU MAR,ALABAMA,AL,01,"MILK - PRODUCTION, MEASURED IN LB",LB,"10,000,000"
2022,MONTHLY,JUL THRU SEP,ALABAMA,AL,01,"MILK - PRODUCTION, MEASURED IN LB",LB,"7,000,000"
2022,MONTHLY,OCT THRU DEC,ALABAMA,AL,01,"MILK - PRODUCTION, MEASURED IN LB",LB,"6,000,000"
2022,MONTHLY,APR THRU JUN,ARKANSAS,AR,05,"MILK - PRODUCTION, MEASURED IN LB",LB,"13,000,000"
2022,MONTHLY,JAN THRU MAR,ARKANSAS,AR,05,"MILK - PRODUCTION, MEASURED IN LB",LB,"13,000,000"
2022,MONTHLY,JUL THRU SEP,ARKANSAS,AR,05,"MILK - PRODUCTION, MEASURED IN LB",LB,"9,000,000"
2022,MONTHLY,OCT THRU DEC,ARKANSAS,AR,05,"MILK - PRODUCTION, MEASURED IN LB",LB,"10,000,000"
2022,MONTHLY,APR,ARIZONA,AZ,04,"MILK - PRODUCTION, MEASURED IN LB",LB,"433,000,000"
2022,MONTHLY,APR THRU JUN,ARIZONA,AZ,04,"MILK - PRODUCTION, MEASURED IN LB",LB,"1,264,000,000"
2022,MONTHLY,AUG,ARIZONA,AZ,04,"MILK - PRODUCTION, MEASURED IN LB",LB,"361,000,000"
2022,MONTHLY,DEC,ARIZONA,AZ,04,"MILK - PRODUCTION, MEASURED IN LB",LB,"407,000,000"
2022,MONTHLY,FEB,ARIZONA,AZ,04,"MILK - PRODUCTION, MEASURED IN LB",LB,"394,000,000"
2022,MONTHLY,JAN,ARIZONA,AZ,04,"MILK - PRODUCTION, MEASURED IN LB",LB,"410,000,000"
2022,MONTHLY,JAN THRU MAR,ARIZONA,AZ,04,"MILK - PRODUCTION, MEASURED IN LB",LB,"1,256,000,000"
2022,MONTHLY,JUL,ARIZONA,AZ,04,"MILK - PRODUCTION, MEASURED IN LB",LB,"375,000,000"
2022,MONTHLY,JUL THRU SEP,ARIZONA,AZ,04,"MILK - PRODUCTION, MEASURED IN LB",LB,"1,085,000,000"
2022,MONTHLY,JUN,ARIZONA,AZ,04,"MILK - PRODUCTION, MEASURED IN LB",LB,"398,000,000"
2022,MONTHLY,MAR,ARIZONA,AZ,04,"MILK - PRODUCTION, MEASURED IN LB",LB,"452,000,000"
2022,MONTHLY,MAY,ARIZONA,AZ,04,"MILK - PRODUCTION, MEASURED IN LB",LB,"433,000,000"
2022,MONTHLY,NOV,ARIZONA,AZ,04,"MILK - PRODUCTION, MEASURED IN LB",LB,"383,000,000"
2022,MONTHLY,OCT,ARIZONA,AZ,04,"MILK - PRODUCTION, MEASURED IN LB",LB,"377,000,000"
2022,MONTHLY,OCT THRU DEC,ARIZONA,AZ,04,"MILK - PRODUCTION, MEASURED IN LB",LB,"1,167,000,000"
2022,MONTHLY,SEP,ARIZONA,AZ,04,"MILK - PRODUCTION, MEASURED IN LB",LB,"349,000,000"
2022,MONTHLY,APR,CALIFORNIA,CA,06,"MILK - PRODUCTION, MEASURED IN LB",LB,"3,610,000,000"
2022,MONTHLY,APR THRU JUN,CALIFORNIA,CA,06,"MILK - PRODUCTION, MEASURED IN LB",LB,"10,752,000,000"
2022,MONTHLY,AUG,CALIFORNIA,CA,06,"MILK - PRODUCTION, MEASURED IN LB",LB,"3,464,000,000"
2022,MONTHLY,DEC,CALIFORNIA,CA,06,"MILK - PRODUCTION, MEASURED IN LB",LB,"3,483,000,000"
2022,MONTHLY,FEB,CALIFORNIA,CA,06,"MILK - PRODUCTION, MEASURED IN LB",LB,"3,309,000,000"
2022,MONTHLY,JAN,CALIFORNIA,CA,06,"MILK - PRODUCTION, MEASURED IN LB",LB,"3,535,000,000"
2022,MONTHLY,JAN THRU MAR,CALIFORNIA,CA,06,"MILK - PRODUCTION, MEASURED IN LB",LB,"10,566,000,000"
2022,MONTHLY,JUL,CALIFORNIA,CA,06,"MILK - PRODUCTION, MEASURED IN LB",LB,"3,524,000,000"
2022,MONTHLY,JUL THRU SEP,CALIFORNIA,CA,06,"MILK - PRODUCTION, MEASURED IN LB",LB,"10,265,000,000"
2022,MONTHLY,JUN,CALIFORNIA,CA,06,"MILK - PRODUCTION, MEASURED IN LB",LB,"3,472,000,000"
2022,MONTHLY,MAR,CALIFORNIA,CA,06,"MILK - PRODUCTION, MEASURED IN LB",LB,"3,722,000,000"
2022,MONTHLY,MAY,CALIFORNIA,CA,06,"MILK - PRODUCTION, MEASURED IN LB",LB,"3,670,000,000"
2022,MONTHLY,NOV,CALIFORNIA,CA,06,"MILK - PRODUCTION, MEASURED IN LB",LB,"3,328,000,000"
2022,MONTHLY,OCT,CALIFORNIA,CA,06,"MILK - PRODUCTION, MEASURED IN LB",LB,"3,406,000,000"
2022,MONTHLY,OCT THRU DEC,CALIFORNIA,CA,06,"MILK - PRODUCTION, MEASURED IN LB",LB,"10,217,000,000"
2022,MONTHLY,SEP,CALIFORNIA,CA,06,"MILK - PRODUCTION, MEASURED IN LB",LB,"3,277,000,000"
2022,MONTHLY,APR,COLORADO,CO,08,"MILK - PRODUCTION, MEASURED IN LB",LB,"441,000,000"
2022,MONTHLY,APR THRU JUN,COLORADO,CO,08,"MILK - PRODUCTION, MEASURED IN LB",LB,"1,347,000,000"
2022,MONTHLY,AUG,COLORADO,CO,08,"MILK - PRODUCTION, MEASURED IN LB",LB,"456,000,000"
2022,MONTHLY,DEC,COLORADO,CO,08,"MILK - PRODUCTION, MEASURED IN LB",LB,"443,000,000"
2022,MONTHLY,FEB,COLORADO,CO,08,"MILK - PRODUCTION, MEASURED IN LB",LB,"402,000,000"
2022,MONTHLY,JAN,COLORADO,CO,08,"MILK - PRODUCTION, MEASURED IN LB",LB,"445,000,000"
2022,MONTHLY,JAN THRU MAR,COLORADO,CO,08,"MILK - PRODUCTION, MEASURED IN LB",LB,"1,300,000,000"
2022,MONTHLY,JUL,COLORADO,CO,08,"MILK - PRODUCTION, MEASURED IN LB",LB,"457,000,000"
2022,MONTHLY,JUL THRU SEP,COLORADO,CO,08,"MILK - PRODUCTION, MEASURED IN LB",LB,"1,352,000,000"
2022,MONTHLY,JUN,COLORADO,CO,08,"MILK - PRODUCTION, MEASURED IN LB",LB,"446,000,000"
2022,MONTHLY,MAR,COLORADO,CO,08,"MILK - PRODUCTION, MEASURED IN LB",LB,"453,000,000"
2022,MONTHLY,MAY,COLORADO,CO,08,"MILK - PRODUCTION, MEASURED IN LB",LB,"460,000,000"
2022,MONTHLY,NOV,COLORADO,CO,08,"MILK - PRODUCTION, MEASURED IN LB",LB,"427,000,000"
2022,MONTHLY,OCT,COLORADO,CO,08,"MILK - PRODUCTION, MEASURED IN LB",LB,"445,000,000"
2022,MONTHLY,OCT THRU DEC,COLORADO,CO,08,"MILK - PRODUCTION, MEASURED IN LB",LB,"1,315,000,000"
2022,MONTHLY,SEP,COLORADO,CO,08,"MILK - PRODUCTION, MEASURED IN LB",LB,"439,000,000"
2022,MONTHLY,APR THRU JUN,CONNECTICUT,CT,09,"MILK - PRODUCTION, MEASURED IN LB",LB,"111,000,000"
2022,MONTHLY,JAN THRU MAR,CONNECTICUT,CT,09,"MILK - PRODUCTION, MEASURED IN LB",LB,"108,000,000"
2022,MONTHLY,JUL THRU SEP,CONNECTICUT,CT,09,"MILK - PRODUCTION, MEASURED IN LB",LB,"106,000,000"
2022,MONTHLY,OCT THRU DEC,CONNECTICUT,CT,09,"MILK - PRODUCTION, MEASURED IN LB",LB,"105,000,000"
2022,MONTHLY,APR THRU JUN,DELAWARE,DE,10,"MILK - PRODUCTION, MEASURED IN LB",LB,"12,900,000"
2022,MONTHLY,JAN THRU MAR,DELAWARE,DE,10,"MILK - PRODUCTION, MEASURED IN LB",LB,"13,000,000"
2022,MONTHLY,JUL THRU SEP,DELAWARE,DE,10,"MILK - PRODUCTION, MEASURED IN LB",LB,"11,000,000"
2022,MONTHLY,OCT THRU DEC,DELAWARE,DE,10,"MILK - PRODUCTION, MEASURED IN LB",LB,"11,200,000"
2022,MONTHLY,APR,FLORIDA,FL,12,"MILK - PRODUCTION, MEASURED IN LB",LB,"174,000,000"
2022,MONTHLY,APR THRU JUN,FLORIDA,FL,12,"MILK - PRODUCTION, MEASURED IN LB",LB,"516,000,000"
2022,MONTHLY,AUG,FLORIDA,FL,12,"MILK - PRODUCTION, MEASURED IN LB",LB,"147,000,000"
2022,MONTHLY,DEC,FLORIDA,FL,12,"MILK - PRODUCTION, MEASURED IN LB",LB,"157,000,000"
2022,MONTHLY,FEB,FLORIDA,FL,12,"MILK - PRODUCTION, MEASURED IN LB",LB,"163,000,000"
2022,MONTHLY,JAN,FLORIDA,FL,12,"MILK - PRODUCTION, MEASURED IN LB",LB,"183,000,000"
2022,MONTHLY,JAN THRU MAR,FLORIDA,FL,12,"MILK - PRODUCTION, MEASURED IN LB",LB,"529,000,000"
2022,MONTHLY,JUL,FLORIDA,FL,12,"MILK - PRODUCTION, MEASURED IN LB",LB,"154,000,000"
2022,MONTHLY,JUL THRU SEP,FLORIDA,FL,12,"MILK - PRODUCTION, MEASURED IN LB",LB,"434,000,000"
2022,MONTHLY,JUN,FLORIDA,FL,12,"MILK - PRODUCTION, MEASURED IN LB",LB,"162,000,000"
2022,MONTHLY,MAR,FLORIDA,FL,12,"MILK - PRODUCTION, MEASURED IN LB",LB,"183,000,000"
2022,MONTHLY,MAY,FLORIDA,FL,12,"MILK - PRODUCTION, MEASURED IN LB",LB,"180,000,000"
2022,MONTHLY,NOV,FLORIDA,FL,12,"MILK - PRODUCTION, MEASURED IN LB",LB,"145,000,000"
2022,MONTHLY,OCT,FLORIDA,FL,12,"MILK - PRODUCTION, MEASURED IN LB",LB,"146,000,000"
2022,MONTHLY,OCT THRU DEC,FLORIDA,FL,12,"MILK - PRODUCTION, MEASURED IN LB",LB,"448,000,000"
2022,MONTHLY,SEP,FLORIDA,FL,12,"MILK - PRODUCTION, MEASURED IN LB",LB,"133,000,000"
2022,MONTHLY,APR,GEORGIA,GA,13,"MILK - PRODUCTION, MEASURED IN LB",LB,"176,000,000"
2022,MONTHLY,APR THRU JUN,GEORGIA,GA,13,"MILK - PRODUCTION, MEASURED IN LB",LB,"519,000,000"
2022,MONTHLY,AUG,GEORGIA,GA,13,"MILK - PRODUCTION, MEASURED IN LB",LB,"163,000,000"
2022,MONTHLY,DEC,GEORGIA,GA,13,"MILK - PRODUCTION, MEASURED IN LB",LB,"175,000,000"
2022,MONTHLY,FEB,GEORGIA,GA,13,"MILK - PRODUCTION, MEASURED IN LB",LB,"162,000,000"
2022,MONTHLY,JAN,GEORGIA,GA,13,"MILK - PRODUCTION, MEASURED IN LB",LB,"174,000,000"
2022,MONTHLY,JAN THRU MAR,GEORGIA,GA,13,"MILK - PRODUCTION, MEASURED IN LB",LB,"519,000,000"
2022,MONTHLY,JUL,GEORGIA,GA,13,"MILK - PRODUCTION, MEASURED IN LB",LB,"167,000,000"
2022,MONTHLY,JUL THRU SEP,GEORGIA,GA,13,"MILK - PRODUCTION, MEASURED IN LB",LB,"486,000,000"
2022,MONTHLY,JUN,GEORGIA,GA,13,"MILK - PRODUCTION, MEASURED IN LB",LB,"166,000,000"
2022,MONTHLY,MAR,GEORGIA,GA,13,"MILK - PRODUCTION, MEASURED IN LB",LB,"183,000,000"
2022,MONTHLY,MAY,GEORGIA,GA,13,"MILK - PRODUCTION, MEASURED IN LB",LB,"177,000,000"
2022,MONTHLY,NOV,GEORGIA,GA,13,"MILK - PRODUCTION, MEASURED IN LB",LB,"162,000,000"
2022,MONTHLY,OCT,GEORGIA,GA,13,"MILK - PRODUCTION, MEASURED IN LB",LB,"167,000,000"
2022,MONTHLY,OCT THRU DEC,GEORGIA,GA,13,"MILK - PRODUCTION, MEASURED IN LB",LB,"504,000,000"
2022,MONTHLY,SEP,GEORGIA,GA,13,"MILK - PRODUCTION, MEASURED IN LB",LB,"156,000,000"
2022,MONTHLY,APR,IOWA,IA,19,"MILK - PRODUCTION, MEASURED IN LB",LB,"477,000,000"
2022,MONTHLY,APR THRU JUN,IOWA,IA,19,"MILK - PRODUCTION, MEASURED IN LB",LB,"1,454,000,000"
2022,MONTHLY,AUG,IOWA,IA,19,"MILK - PRODUCTION, MEASURED IN LB",LB,"493,000,000"
2022,MONTHLY,DEC,IOWA,IA,19,"MILK - PRODUCTION, MEASURED IN LB",LB,"494,000,000"
2022,MONTHLY,FEB,IOWA,IA,19,"MILK - PRODUCTION, MEASURED IN LB",LB,"432,000,000"
2022,MONTHLY,JAN,IOWA,IA,19,"MILK - PRODUCTION, MEASURED IN LB",LB,"471,000,000"
2022,MONTHLY,JAN THRU MAR,IOWA,IA,19,"MILK - PRODUCTION, MEASURED IN LB",LB,"1,390,000,000"
2022,MONTHLY,JUL,IOWA,IA,19,"MILK - PRODUCTION, MEASURED IN LB",LB,"491,000,000"
2022,MONTHLY,JUL THRU SEP,IOWA,IA,19,"MILK - PRODUCTION, MEASURED IN LB",LB,"1,460,000,000"
2022,MONTHLY,JUN,IOWA,IA,19,"MILK - PRODUCTION, MEASURED IN LB",LB,"480,000,000"
2022,MONTHLY,MAR,IOWA,IA,19,"MILK - PRODUCTION, MEASURED IN LB",LB,"487,000,000"
2022,MONTHLY,MAY,IOWA,IA,19,"MILK - PRODUCTION, MEASURED IN LB",LB,"497,000,000"
2022,MONTHLY,NOV,IOWA,IA,19,"MILK - PRODUCTION, MEASURED IN LB",LB,"478,000,000"
2022,MONTHLY,OCT,IOWA,IA,19,"MILK - PRODUCTION, MEASURED IN LB",LB,"494,000,000"
2022,MONTHLY,OCT THRU DEC,IOWA,IA,19,"MILK - PRODUCTION, MEASURED IN LB",LB,"1,466,000,000"
2022,MONTHLY,SEP,IOWA,IA,19,"MILK - PRODUCTION, MEASURED IN LB",LB,"476,000,000"
2022,MONTHLY,APR,IDAHO,ID,16,"MILK - PRODUCTION, MEASURED IN LB",LB,"1,378,000,000"
2022,MONTHLY,APR THRU JUN,IDAHO,ID,16,"MILK - PRODUCTION, MEASURED IN LB",LB,"4,220,000,000"
2022,MONTHLY,AUG,IDAHO,ID,16,"MILK - PRODUCTION, MEASURED IN LB",LB,"1,449,000,000"
2022,MONTHLY,DEC,IDAHO,ID,16,"MILK - PRODUCTION, MEASURED IN LB",LB,"1,378,000,000"
2022,MONTHLY,FEB,IDAHO,ID,16,"MILK - PRODUCTION, MEASURED IN LB",LB,"1,242,000,000"
2022,MONTHLY,JAN,IDAHO,ID,16,"MILK - PRODUCTION, MEASURED IN LB",LB,"1,366,000,000"
2022,MONTHLY,JAN THRU MAR,IDAHO,ID,16,"MILK - PRODUCTION, MEASURED IN LB",LB,"4,005,000,000"
2022,MONTHLY,JUL,IDAHO,ID,16,"MILK - PRODUCTION, MEASURED IN LB",LB,"1,462,000,000"
2022,MONTHLY,JUL THRU SEP,IDAHO,ID,16,"MILK - PRODUCTION, MEASURED IN LB",LB,"4,300,000,000"
2022,MONTHLY,JUN,IDAHO,ID,16,"MILK - PRODUCTION, MEASURED IN LB",LB,"1,405,000,000"
2022,MONTHLY,MAR,IDAHO,ID,16,"MILK - PRODUCTION, MEASURED IN LB",LB,"1,397,000,000"
2022,MONTHLY,MAY,IDAHO,ID,16,"MILK - PRODUCTION, MEASURED IN LB",LB,"1,437,000,000"
2022,MONTHLY,NOV,IDAHO,ID,16,"MILK - PRODUCTION, MEASURED IN LB",LB,"1,322,000,000"
2022,MONTHLY,OCT,IDAHO,ID,16,"MILK - PRODUCTION, MEASURED IN LB",LB,"1,403,000,000"
2022,MONTHLY,OCT THRU DEC,IDAHO,ID,16,"MILK - PRODUCTION, MEASURED IN LB",LB,"4,103,000,000"
2022,MONTHLY,SEP,IDAHO,ID,16,"MILK - PRODUCTION, MEASURED IN LB",LB,"1,389,000,000"
2022,MONTHLY,APR,ILLINOIS,IL,17,"MILK - PRODUCTION, MEASURED IN LB",LB,"150,000,000"
2022,MONTHLY,APR THRU JUN,ILLINOIS,IL,17,"MILK - PRODUCTION, MEASURED IN LB",LB,"446,000,000"
2022,MONTHLY,AUG,ILLINOIS,IL,17,"MILK - PRODUCTION, MEASURED IN LB",LB,"138,000,000"
2022,MONTHLY,DEC,ILLINOIS,IL,17,"MILK - PRODUCTION, MEASURED IN LB",LB,"142,000,000"
2022,MONTHLY,FEB,ILLINOIS,IL,17,"MILK - PRODUCTION, MEASURED IN LB",LB,"138,000,000"
2022,MONTHLY,JAN,ILLINOIS,IL,17,"MILK - PRODUCTION, MEASURED IN LB",LB,"149,000,000"
2022,MONTHLY,JAN THRU MAR,ILLINOIS,IL,17,"MILK - PRODUCTION, MEASURED IN LB",LB,"442,000,000"
2022,MONTHLY,JUL,ILLINOIS,IL,17,"MILK - PRODUCTION, MEASURED IN LB",LB,"142,000,000"
2022,MONTHLY,JUL THRU SEP,ILLINOIS,IL,17,"MILK - PRODUCTION, MEASURED IN LB",LB,"412,000,000"
2022,MONTHLY,JUN,ILLINOIS,IL,17,"MILK - PRODUCTION, MEASURED IN LB",LB,"143,000,000"
2022,MONTHLY,MAR,ILLINOIS,IL,17,"MILK - PRODUCTION, MEASURED IN LB",LB,"155,000,000"
2022,MONTHLY,MAY,ILLINOIS,IL,17,"MILK - PRODUCTION, MEASURED IN LB",LB,"153,000,000"
2022,MONTHLY,NOV,ILLINOIS,IL,17,"MILK - PRODUCTION, MEASURED IN LB",LB,"135,000,000"
2022,MONTHLY,OCT,ILLINOIS,IL,17,"MILK - PRODUCTION, MEASURED IN LB",LB,"137,000,000"
2022,MONTHLY,OCT THRU DEC,ILLINOIS,IL,17,"MILK - PRODUCTION, MEASURED IN LB",LB,"414,000,000"
2022,MONTHLY,SEP,ILLINOIS,IL,17,"MILK - PRODUCTION, MEASURED IN LB",LB,"132,000,000"
2022,MONTHLY,APR,INDIANA,IN,18,"MILK - PRODUCTION, MEASURED IN LB",LB,"370,000,000"
2022,MONTHLY,APR THRU JUN,INDIANA,IN,18,"MILK - PRODUCTION, MEASURED IN LB",LB,"1,111,000,000"
2022,MONTHLY,AUG,INDIANA,IN,18,"MILK - PRODUCTION, MEASURED IN LB",LB,"360,000,000"
2022,MONTHLY,DEC,INDIANA,IN,18,"MILK - PRODUCTION, MEASURED IN LB",LB,"374,000,000"
2022,MONTHLY,FEB,INDIANA,IN,18,"MILK - PRODUCTION, MEASURED IN LB",LB,"336,000,000"
2022,MONTHLY,JAN,INDIANA,IN,18,"MILK - PRODUCTION, MEASURED IN LB",LB,"373,000,000"
2022,MONTHLY,JAN THRU MAR,INDIANA,IN,18,"MILK - PRODUCTION, MEASURED IN LB",LB,"1,089,000,000"
2022,MONTHLY,JUL,INDIANA,IN,18,"MILK - PRODUCTION, MEASURED IN LB",LB,"364,000,000"
2022,MONTHLY,JUL THRU SEP,INDIANA,IN,18,"MILK - PRODUCTION, MEASURED IN LB",LB,"1,076,000,000"
2022,MONTHLY,JUN,INDIANA,IN,18,"MILK - PRODUCTION, MEASURED IN LB",LB,"363,000,000"
2022,MONTHLY,MAR,INDIANA,IN,18,"MILK - PRODUCTION, MEASURED IN LB",LB,"380,000,000"
2022,MONTHLY,MAY,INDIANA,IN,18,"MILK - PRODUCTION, MEASURED IN LB",LB,"378,000,000"
2022,MONTHLY,NOV,INDIANA,IN,18,"MILK - PRODUCTION, MEASURED IN LB",LB,"357,000,000"
2022,MONTHLY,OCT,INDIANA,IN,18,"MILK - PRODUCTION, MEASURED IN LB",LB,"364,000,000"
2022,MONTHLY,OCT THRU DEC,INDIANA,IN,18,"MILK - PRODUCTION, MEASURED IN LB",LB,"1,095,000,000"
2022,MONTHLY,SEP,INDIANA,IN,18,"MILK - PRODUCTION, MEASURED IN LB",LB,"352,000,000"
2022,MONTHLY,APR,KANSAS,KS,20,"MILK - PRODUCTION, MEASURED IN LB",LB,"343,000,000"
2022,MONTHLY,APR THRU JUN,KANSAS,KS,20,"MILK - PRODUCTION, MEASURED IN LB",LB,"1,046,000,000"
2022,MONTHLY,AUG,KANSAS,KS,20,"MILK - PRODUCTION, MEASURED IN LB",LB,"348,000,000"
2022,MONTHLY,DEC,KANSAS,KS,20,"MILK - PRODUCTION, MEASURED IN LB",LB,"351,000,000"
2022,MONTHLY,FEB,KANSAS,KS,20,"MILK - PRODUCTION, MEASURED IN LB",LB,"315,000,000"
2022,MONTHLY,JAN,KANSAS,KS,20,"MILK - PRODUCTION, MEASURED IN LB",LB,"346,000,000"
2022,MONTHLY,JAN THRU MAR,KANSAS,KS,20,"MILK - PRODUCTION, MEASURED IN LB",LB,"1,013,000,000"
2022,MONTHLY,JUL,KANSAS,KS,20,"MILK - PRODUCTION, MEASURED IN LB",LB,"348,000,000"
2022,MONTHLY,JUL THRU SEP,KANSAS,KS,20,"MILK - PRODUCTION, MEASURED IN LB",LB,"1,038,000,000"
2022,MONTHLY,JUN,KANSAS,KS,20,"MILK - PRODUCTION, MEASURED IN LB",LB,"343,000,000"
2022,MONTHLY,MAR,KANSAS,KS,20,"MILK - PRODUCTION, MEASURED IN LB",LB,"352,000,000"
2022,MONTHLY,MAY,KANSAS,KS,20,"MILK - PRODUCTION, MEASURED IN LB",LB,"360,000,000"
2022,MONTHLY,NOV,KANSAS,KS,20,"MILK - PRODUCTION, MEASURED IN LB",LB,"341,000,000"
2022,MONTHLY,OCT,KANSAS,KS,20,"MILK - PRODUCTION, MEASURED IN LB",LB,"353,000,000"
2022,MONTHLY,OCT THRU DEC,KANSAS,KS,20,"MILK - PRODUCTION, MEASURED IN LB",LB,"1,045,000,000"
2022,MONTHLY,SEP,KANSAS,KS,20,"MILK - PRODUCTION, MEASURED IN LB",LB,"342,000,000"
2022,MONTHLY,APR THRU JUN,KENTUCKY,KY,21,"MILK - PRODUCTION, MEASURED IN LB",LB,"251,000,000"
2022,MONTHLY,JAN THRU MAR,KENTUCKY,KY,21,"MILK - PRODUCTION, MEASURED IN LB",LB,"233,000,000"
2022,MONTHLY,JUL THRU SEP,KENTUCKY,KY,21,"MILK - PRODUCTION, MEASURED IN LB",LB,"220,000,000"
2022,MONTHLY,OCT THRU DEC,KENTUCKY,KY,21,"MILK - PRODUCTION, MEASURED IN LB",LB,"222,000,000"
2022,MONTHLY,APR THRU JUN,LOUISIANA,LA,22,"MILK - PRODUCTION, MEASURED IN LB",LB,"32,000,000"
2022,MONTHLY,JAN THRU MAR,LOUISIANA,LA,22,"MILK - PRODUCTION, MEASURED IN LB",LB,"33,000,000"
2022,MONTHLY,JUL THRU SEP,LOUISIANA,LA,22,"MILK - PRODUCTION, MEASURED IN LB",LB,"22,000,000"
2022,MONTHLY,OCT THRU DEC,LOUISIANA,LA,22,"MILK - PRODUCTION, MEASURED IN LB",LB,"25,000,000"
2022,MONTHLY,APR THRU JUN,MASSACHUSETTS,MA,25,"MILK - PRODUCTION, MEASURED IN LB",LB,"49,000,000"
2022,MONTHLY,JAN THRU MAR,MASSACHUSETTS,MA,25,"MILK - PRODUCTION, MEASURED IN LB",LB,"48,000,000"
2022,MONTHLY,JUL THRU SEP,MASSACHUSETTS,MA,25,"MILK - PRODUCTION, MEASURED IN LB",LB,"47,000,000"
2022,MONTHLY,OCT THRU DEC,MASSACHUSETTS,MA,25,"MILK - PRODUCTION, MEASURED IN LB",LB,"44,000,000"
2022,MONTHLY,APR THRU JUN,MARYLAND,MD,24,"MILK - PRODUCTION, MEASURED IN LB",LB,"216,000,000"
2022,MONTHLY,JAN THRU MAR,MARYLAND,MD,24,"MILK - PRODUCTION, MEASURED IN LB",LB,"218,000,000"
2022,MONTHLY,JUL THRU SEP,MARYLAND,MD,24,"MILK - PRODUCTION, MEASURED IN LB",LB,"203,000,000"
2022,MONTHLY,OCT THRU DEC,MARYLAND,MD,24,"MILK - PRODUCTION, MEASURED IN LB",LB,"205,000,000"
2022,MONTHLY,APR THRU JUN,MAINE,ME,23,"MILK - PRODUCTION, MEASURED IN LB",LB,"144,000,000"
2022,MONTHLY,JAN THRU MAR,MAINE,ME,23,"MILK - PRODUCTION, MEASURED IN LB",LB,"137,000,000"
2022,MONTHLY,JUL THRU SEP,MAINE,ME,23,"MILK - PRODUCTION, MEASURED IN LB",LB,"139,000,000"
2022,MONTHLY,OCT THRU DEC,MAINE,ME,23,"MILK - PRODUCTION, MEASURED IN LB",LB,"134,000,000"
2022,MONTHLY,APR,MICHIGAN,MI,26,"MILK - PRODUCTION, MEASURED IN LB",LB,"978,000,000"
2022,MONTHLY,APR THRU JUN,MICHIGAN,MI,26,"MILK - PRODUCTION, MEASURED IN LB",LB,"2,968,000,000"
2022,MONTHLY,AUG,MICHIGAN,MI,26,"MILK - PRODUCTION, MEASURED IN LB",LB,"991,000,000"
2022,MONTHLY,DEC,MICHIGAN,MI,26,"MILK - PRODUCTION, MEASURED IN LB",LB,"996,000,000"
2022,MONTHLY,FEB,MICHIGAN,MI,26,"MILK - PRODUCTION, MEASURED IN LB",LB,"899,000,000"
2022,MONTHLY,JAN,MICHIGAN,MI,26,"MILK - PRODUCTION, MEASURED IN LB",LB,"983,000,000"
2022,MONTHLY,JAN THRU MAR,MICHIGAN,MI,26,"MILK - PRODUCTION, MEASURED IN LB",LB,"2,888,000,000"
2022,MONTHLY,JUL,MICHIGAN,MI,26,"MILK - PRODUCTION, MEASURED IN LB",LB,"997,000,000"
2022,MONTHLY,JUL THRU SEP,MICHIGAN,MI,26,"MILK - PRODUCTION, MEASURED IN LB",LB,"2,945,000,000"
2022,MONTHLY,JUN,MICHIGAN,MI,26,"MILK - PRODUCTION, MEASURED IN LB",LB,"974,000,000"
2022,MONTHLY,MAR,MICHIGAN,MI,26,"MILK - PRODUCTION, MEASURED IN LB",LB,"1,006,000,000"
2022,MONTHLY,MAY,MICHIGAN,MI,26,"MILK - PRODUCTION, MEASURED IN LB",LB,"1,016,000,000"
2022,MONTHLY,NOV,MICHIGAN,MI,26,"MILK - PRODUCTION, MEASURED IN LB",LB,"957,000,000"
2022,MONTHLY,OCT,MICHIGAN,MI,26,"MILK - PRODUCTION, MEASURED IN LB",LB,"983,000,000"
2022,MONTHLY,OCT THRU DEC,MICHIGAN,MI,26,"MILK - PRODUCTION, MEASURED IN LB",LB,"2,936,000,000"
2022,MONTHLY,SEP,MICHIGAN,MI,26,"MILK - PRODUCTION, MEASURED IN LB",LB,"957,000,000"
2022,MONTHLY,APR,MINNESOTA,MN,27,"MILK - PRODUCTION, MEASURED IN LB",LB,"861,000,000"
2022,MONTHLY,APR THRU JUN,MINNESOTA,MN,27,"MILK - PRODUCTION, MEASURED IN LB",LB,"2,627,000,000"
2022,MONTHLY,AUG,MINNESOTA,MN,27,"MILK - PRODUCTION, MEASURED IN LB",LB,"899,000,000"
2022,MONTHLY,DEC,MINNESOTA,MN,27,"MILK - PRODUCTION, MEASURED IN LB",LB,"878,000,000"
2022,MONTHLY,FEB,MINNESOTA,MN,27,"MILK - PRODUCTION, MEASURED IN LB",LB,"804,000,000"
2022,MONTHLY,JAN,MINNESOTA,MN,27,"MILK - PRODUCTION, MEASURED IN LB",LB,"882,000,000"
2022,MONTHLY,JAN THRU MAR,MINNESOTA,MN,27,"MILK - PRODUCTION, MEASURED IN LB",LB,"2,581,000,000"
2022,MONTHLY,JUL,MINNESOTA,MN,27,"MILK - PRODUCTION, MEASURED IN LB",LB,"901,000,000"
2022,MONTHLY,JUL THRU SEP,MINNESOTA,MN,27,"MILK - PRODUCTION, MEASURED IN LB",LB,"2,658,000,000"
2022,MONTHLY,JUN,MINNESOTA,MN,27,"MILK - PRODUCTION, MEASURED IN LB",LB,"871,000,000"
2022,MONTHLY,MAR,MINNESOTA,MN,27,"MILK - PRODUCTION, MEASURED IN LB",LB,"895,000,000"
2022,MONTHLY,MAY,MINNESOTA,MN,27,"MILK - PRODUCTION, MEASURED IN LB",LB,"895,000,000"
2022,MONTHLY,NOV,MINNESOTA,MN,27,"MILK - PRODUCTION, MEASURED IN LB",LB,"849,000,000"
2022,MONTHLY,OCT,MINNESOTA,MN,27,"MILK - PRODUCTION, MEASURED IN LB",LB,"879,000,000"
2022,MONTHLY,OCT THRU DEC,MINNESOTA,MN,27,"MILK - PRODUCTION, MEASURED IN LB",LB,"2,606,000,000"
2022,MONTHLY,SEP,MINNESOTA,MN,27,"MILK - PRODUCTION, MEASURED IN LB",LB,"858,000,000"
2022,MONTHLY,APR THRU JUN,MISSOURI,MO,29,"MILK - PRODUCTION, MEASURED IN LB",LB,"263,000,000"
2022,MONTHLY,JAN THRU MAR,MISSOURI,MO,29,"MILK - PRODUCTION, MEASURED IN LB",LB,"238,000,000"
2022,MONTHLY,JUL THRU SEP,MISSOURI,MO,29,"MILK - PRODUCTION, MEASURED IN LB",LB,"222,000,000"
2022,MONTHLY,OCT THRU DEC,MISSOURI,MO,29,"MILK - PRODUCTION, MEASURED IN LB",LB,"218,000,000"
2022,MONTHLY,APR THRU JUN,MISSISSIPPI,MS,28,"MILK - PRODUCTION, MEASURED IN LB",LB,"26,000,000"
2022,MONTHLY,JAN THRU MAR,MISSISSIPPI,MS,28,"MILK - PRODUCTION, MEASURED IN LB",LB,"26,000,000"
2022,MONTHLY,JUL THRU SEP,MISSISSIPPI,MS,28,"MILK - PRODUCTION, MEASURED IN LB",LB,"19,000,000"
2022,MONTHLY,OCT THRU DEC,MISSISSIPPI,MS,28,"MILK - PRODUCTION, MEASURED IN LB",LB,"19,000,000"
2022,MONTHLY,APR THRU JUN,MONTANA,MT,30,"MILK - PRODUCTION, MEASURED IN LB",LB,"57,000,000"
2022,MONTHLY,JAN THRU MAR,MONTANA,MT,30,"MILK - PRODUCTION, MEASURED IN LB",LB,"57,000,000"
2022,MONTHLY,JUL THRU SEP,MONTANA,MT,30,"MILK - PRODUCTION, MEASURED IN LB",LB,"56,000,000"
2022,MONTHLY,OCT THRU DEC,MONTANA,MT,30,"MILK - PRODUCTION, MEASURED IN LB",LB,"53,000,000"
2022,MONTHLY,APR THRU JUN,NORTH CAROLINA,NC,37,"MILK - PRODUCTION, MEASURED IN LB",LB,"239,000,000"
2022,MONTHLY,JAN THRU MAR,NORTH CAROLINA,NC,37,"MILK - PRODUCTION, MEASURED IN LB",LB,"238,000,000"
2022,MONTHLY,JUL THRU SEP,NORTH CAROLINA,NC,37,"MILK - PRODUCTION, MEASURED IN LB",LB,"215,000,000"
2022,MONTHLY,OCT THRU DEC,NORTH CAROLINA,NC,37,"MILK - PRODUCTION, MEASURED IN LB",LB,"220,000,000"
2022,MONTHLY,APR THRU JUN,NORTH DAKOTA,ND,38,"MILK - PRODUCTION, MEASURED IN LB",LB,"81,000,000"
2022,MONTHLY,JAN THRU MAR,NORTH DAKOTA,ND,38,"MILK - PRODUCTION, MEASURED IN LB",LB,"80,000,000"
2022,MONTHLY,JUL THRU SEP,NORTH DAKOTA,ND,38,"MILK - PRODUCTION, MEASURED IN LB",LB,"81,000,000"
2022,MONTHLY,OCT THRU DEC,NORTH DAKOTA,ND,38,"MILK - PRODUCTION, MEASURED IN LB",LB,"77,000,000"
2022,MONTHLY,APR THRU JUN,NEBRASKA,NE,31,"MILK - PRODUCTION, MEASURED IN LB",LB,"359,000,000"
2022,MONTHLY,JAN THRU MAR,NEBRASKA,NE,31,"MILK - PRODUCTION, MEASURED IN LB",LB,"352,000,000"
2022,MONTHLY,JUL THRU SEP,NEBRASKA,NE,31,"MILK - PRODUCTION, MEASURED IN LB",LB,"349,000,000"
2022,MONTHLY,OCT THRU DEC,NEBRASKA,NE,31,"MILK - PRODUCTION, MEASURED IN LB",LB,"356,000,000"
2022,MONTHLY,APR THRU JUN,NEW HAMPSHIRE,NH,33,"MILK - PRODUCTION, MEASURED IN LB",LB,"57,000,000"
2022,MONTHLY,JAN THRU MAR,NEW HAMPSHIRE,NH,33,"MILK - PRODUCTION, MEASURED IN LB",LB,"56,000,000"
2022,MONTHLY,JUL THRU SEP,NEW HAMPSHIRE,NH,33,"MILK - PRODUCTION, MEASURED IN LB",LB,"54,000,000"
2022,MONTHLY,OCT THRU DEC,NEW HAMPSHIRE,NH,33,"MILK - PRODUCTION, MEASURED IN LB",LB,"52,000,000"
2022,MONTHLY,APR THRU JUN,NEW JERSEY,NJ,34,"MILK - PRODUCTION, MEASURED IN LB",LB,"23,000,000"
2022,MONTHLY,JAN THRU MAR,NEW JERSEY,NJ,34,"MILK - PRODUCTION, MEASURED IN LB",LB,"23,000,000"
2022,MONTHLY,JUL THRU SEP,NEW JERSEY,NJ,34,"MILK - PRODUCTION, MEASURED IN LB",LB,"21,000,000"
2022,MONTHLY,OCT THRU DEC,NEW JERSEY,NJ,34,"MILK - PRODUCTION, MEASURED IN LB",LB,"21,000,000"
2022,MONTHLY,APR,NEW MEXICO,NM,35,"MILK - PRODUCTION, MEASURED IN LB",LB,"621,000,000"
2022,MONTHLY,APR THRU JUN,NEW MEXICO,NM,35,"MILK - PRODUCTION, MEASURED IN LB",LB,"1,845,000,000"
2022,MONTHLY,AUG,NEW MEXICO,NM,35,"MILK - PRODUCTION, MEASURED IN LB",LB,"585,000,000"
2022,MONTHLY,DEC,NEW MEXICO,NM,35,"MILK - PRODUCTION, MEASURED IN LB",LB,"575,000,000"
2022,MONTHLY,FEB,NEW MEXICO,NM,35,"MILK - PRODUCTION, MEASURED IN LB",LB,"571,000,000"
2022,MONTHLY,JAN,NEW MEXICO,NM,35,"MILK - PRODUCTION, MEASURED IN LB",LB,"634,000,000"
2022,MONTHLY,JAN THRU MAR,NEW MEXICO,NM,35,"MILK - PRODUCTION, MEASURED IN LB",LB,"1,858,000,000"
2022,MONTHLY,JUL,NEW MEXICO,NM,35,"MILK - PRODUCTION, MEASURED IN LB",LB,"593,000,000"
2022,MONTHLY,JUL THRU SEP,NEW MEXICO,NM,35,"MILK - PRODUCTION, MEASURED IN LB",LB,"1,737,000,000"
2022,MONTHLY,JUN,NEW MEXICO,NM,35,"MILK - PRODUCTION, MEASURED IN LB",LB,"592,000,000"
2022,MONTHLY,MAR,NEW MEXICO,NM,35,"MILK - PRODUCTION, MEASURED IN LB",LB,"653,000,000"
2022,MONTHLY,MAY,NEW MEXICO,NM,35,"MILK - PRODUCTION, MEASURED IN LB",LB,"632,000,000"
2022,MONTHLY,NOV,NEW MEXICO,NM,35,"MILK - PRODUCTION, MEASURED IN LB",LB,"553,000,000"
2022,MONTHLY,OCT,NEW MEXICO,NM,35,"MILK - PRODUCTION, MEASURED IN LB",LB,"577,000,000"
2022,MONTHLY,OCT THRU DEC,NEW MEXICO,NM,35,"MILK - PRODUCTION, MEASURED IN LB",LB,"1,705,000,000"
2022,MONTHLY,SEP,NEW MEXICO,NM,35,"MILK - PRODUCTION, MEASURED IN LB",LB,"559,000,000"
2022,MONTHLY,APR THRU JUN,NEVADA,NV,32,"MILK - PRODUCTION, MEASURED IN LB",LB,"199,000,000"
2022,MONTHLY,JAN THRU MAR,NEVADA,NV,32,"MILK - PRODUCTION, MEASURED IN LB",LB,"202,000,000"
2022,MONTHLY,JUL THRU SEP,NEVADA,NV,32,"MILK - PRODUCTION, MEASURED IN LB",LB,"201,000,000"
2022,MONTHLY,OCT THRU DEC,NEVADA,NV,32,"MILK - PRODUCTION, MEASURED IN LB",LB,"192,000,000"
2022,MONTHLY,APR,NEW YORK,NY,36,"MILK - PRODUCTION, MEASURED IN LB",LB,"1,305,000,000"
2022,MONTHLY,APR THRU JUN,NEW YORK,NY,36,"MILK - PRODUCTION, MEASURED IN LB",LB,"3,980,000,000"
2022,MONTHLY,AUG,NEW YORK,NY,36,"MILK - PRODUCTION, MEASURED IN LB",LB,"1,320,000,000"
2022,MONTHLY,DEC,NEW YORK,NY,36,"MILK - PRODUCTION, MEASURED IN LB",LB,"1,317,000,000"
2022,MONTHLY,FEB,NEW YORK,NY,36,"MILK - PRODUCTION, MEASURED IN LB",LB,"1,187,000,000"
2022,MONTHLY,JAN,NEW YORK,NY,36,"MILK - PRODUCTION, MEASURED IN LB",LB,"1,296,000,000"
2022,MONTHLY,JAN THRU MAR,NEW YORK,NY,36,"MILK - PRODUCTION, MEASURED IN LB",LB,"3,816,000,000"
2022,MONTHLY,JUL,NEW YORK,NY,36,"MILK - PRODUCTION, MEASURED IN LB",LB,"1,336,000,000"
2022,MONTHLY,JUL THRU SEP,NEW YORK,NY,36,"MILK - PRODUCTION, MEASURED IN LB",LB,"3,933,000,000"
2022,MONTHLY,JUN,NEW YORK,NY,36,"MILK - PRODUCTION, MEASURED IN LB",LB,"1,311,000,000"
2022,MONTHLY,MAR,NEW YORK,NY,36,"MILK - PRODUCTION, MEASURED IN LB",LB,"1,333,000,000"
2022,MONTHLY,MAY,NEW YORK,NY,36,"MILK - PRODUCTION, MEASURED IN LB",LB,"1,364,000,000"
2022,MONTHLY,NOV,NEW YORK,NY,36,"MILK - PRODUCTION, MEASURED IN LB",LB,"1,279,000,000"
2022,MONTHLY,OCT,NEW YORK,NY,36,"MILK - PRODUCTION, MEASURED IN LB",LB,"1,321,000,000"
2022,MONTHLY,OCT THRU DEC,NEW YORK,NY,36,"MILK - PRODUCTION, MEASURED IN LB",LB,"3,917,000,000"
2022,MONTHLY,SEP,NEW YORK,NY,36,"MILK - PRODUCTION, MEASURED IN LB",LB,"1,277,000,000"
2022,MONTHLY,APR,OHIO,OH,39,"MILK - PRODUCTION, MEASURED IN LB",LB,"467,000,000"
2022,MONTHLY,APR THRU JUN,OHIO,OH,39,"MILK - PRODUCTION, MEASURED IN LB",LB,"1,409,000,000"
2022,MONTHLY,AUG,OHIO,OH,39,"MILK - PRODUCTION, MEASURED IN LB",LB,"465,000,000"
2022,MONTHLY,DEC,OHIO,OH,39,"MILK - PRODUCTION, MEASURED IN LB",LB,"466,000,000"
2022,MONTHLY,FEB,OHIO,OH,39,"MILK - PRODUCTION, MEASURED IN LB",LB,"427,000,000"
2022,MONTHLY,JAN,OHIO,OH,39,"MILK - PRODUCTION, MEASURED IN LB",LB,"463,000,000"
2022,MONTHLY,JAN THRU MAR,OHIO,OH,39,"MILK - PRODUCTION, MEASURED IN LB",LB,"1,370,000,000"
2022,MONTHLY,JUL,OHIO,OH,39,"MILK - PRODUCTION, MEASURED IN LB",LB,"467,000,000"
2022,MONTHLY,JUL THRU SEP,OHIO,OH,39,"MILK - PRODUCTION, MEASURED IN LB",LB,"1,375,000,000"
2022,MONTHLY,JUN,OHIO,OH,39,"MILK - PRODUCTION, MEASURED IN LB",LB,"458,000,000"
2022,MONTHLY,MAR,OHIO,OH,39,"MILK - PRODUCTION, MEASURED IN LB",LB,"480,000,000"
2022,MONTHLY,MAY,OHIO,OH,39,"MILK - PRODUCTION, MEASURED IN LB",LB,"484,000,000"
2022,MONTHLY,NOV,OHIO,OH,39,"MILK - PRODUCTION, MEASURED IN LB",LB,"448,000,000"
2022,MONTHLY,OCT,OHIO,OH,39,"MILK - PRODUCTION, MEASURED IN LB",LB,"458,000,000"
2022,MONTHLY,OCT THRU DEC,OHIO,OH,39,"MILK - PRODUCTION, MEASURED IN LB",LB,"1,372,000,000"
2022,MONTHLY,SEP,OHIO,OH,39,"MILK - PRODUCTION, MEASURED IN LB",LB,"443,000,000"
2022,MONTHLY,APR THRU JUN,OKLAHOMA,OK,40,"MILK - PRODUCTION, MEASURED IN LB",LB,"186,000,000"
2022,MONTHLY,JAN THRU MAR,OKLAHOMA,OK,40,"MILK - PRODUCTION, MEASURED IN LB",LB,"189,000,000"
2022,MONTHLY,JUL THRU SEP,OKLAHOMA,OK,40,"MILK - PRODUCTION, MEASURED IN LB",LB,"163,000,000"
2022,MONTHLY,OCT THRU DEC,OKLAHOMA,OK,40,"MILK - PRODUCTION, MEASURED IN LB",LB,"178,000,000"
2022,MONTHLY,APR,OREGON,OR,41,"MILK - PRODUCTION, MEASURED IN LB",LB,"226,000,000"
2022,MONTHLY,APR THRU JUN,OREGON,OR,41,"MILK - PRODUCTION, MEASURED IN LB",LB,"682,000,000"
2022,MONTHLY,AUG,OREGON,OR,41,"MILK - PRODUCTION, MEASURED IN LB",LB,"220,000,000"
2022,MONTHLY,DEC,OREGON,OR,41,"MILK - PRODUCTION, MEASURED IN LB",LB,"212,000,000"
2022,MONTHLY,FEB,OREGON,OR,41,"MILK - PRODUCTION, MEASURED IN LB",LB,"206,000,000"
2022,MONTHLY,JAN,OREGON,OR,41,"MILK - PRODUCTION, MEASURED IN LB",LB,"219,000,000"
2022,MONTHLY,JAN THRU MAR,OREGON,OR,41,"MILK - PRODUCTION, MEASURED IN LB",LB,"657,000,000"
2022,MONTHLY,JUL,OREGON,OR,41,"MILK - PRODUCTION, MEASURED IN LB",LB,"227,000,000"
2022,MONTHLY,JUL THRU SEP,OREGON,OR,41,"MILK - PRODUCTION, MEASURED IN LB",LB,"661,000,000"
2022,MONTHLY,JUN,OREGON,OR,41,"MILK - PRODUCTION, MEASURED IN LB",LB,"223,000,000"
2022,MONTHLY,MAR,OREGON,OR,41,"MILK - PRODUCTION, MEASURED IN LB",LB,"232,000,000"
2022,MONTHLY,MAY,OREGON,OR,41,"MILK - PRODUCTION, MEASURED IN LB",LB,"233,000,000"
2022,MONTHLY,NOV,OREGON,OR,41,"MILK - PRODUCTION, MEASURED IN LB",LB,"205,000,000"
2022,MONTHLY,OCT,OREGON,OR,41,"MILK - PRODUCTION, MEASURED IN LB",LB,"218,000,000"
2022,MONTHLY,OCT THRU DEC,OREGON,OR,41,"MILK - PRODUCTION, MEASURED IN LB",LB,"635,000,000"
2022,MONTHLY,SEP,OREGON,OR,41,"MILK - PRODUCTION, MEASURED IN LB",LB,"214,000,000"
2022,MONTHLY,APR THRU JUN,OTHER STATES,OT,98,"MILK - PRODUCTION, MEASURED IN LB",LB,"1,300,000"
2022,MONTHLY,JAN THRU MAR,OTHER STATES,OT,98,"MILK - PRODUCTION, MEASURED IN LB",LB,"1,300,000"
2022,MONTHLY,JUL THRU SEP,OTHER STATES,OT,98,"MILK - PRODUCTION, MEASURED IN LB",LB,"1,300,000"
2022,MONTHLY,OCT THRU DEC,OTHER STATES,OT,98,"MILK - PRODUCTION, MEASURED IN LB",LB,"1,100,000"
2022,MONTHLY,APR,PENNSYLVANIA,PA,42,"MILK - PRODUCTION, MEASURED IN LB",LB,"855,000,000"
2022,MONTHLY,APR THRU JUN,PENNSYLVANIA,PA,42,"MILK - PRODUCTION, MEASURED IN LB",LB,"2,572,000,000"
2022,MONTHLY,AUG,PENNSYLVANIA,PA,42,"MILK - PRODUCTION, MEASURED IN LB",LB,"821,000,000"
2022,MONTHLY,DEC,PENNSYLVANIA,PA,42,"MILK - PRODUCTION, MEASURED IN LB",LB,"828,000,000"
2022,MONTHLY,FEB,PENNSYLVANIA,PA,42,"MILK - PRODUCTION, MEASURED IN LB",LB,"782,000,000"
2022,MONTHLY,JAN,PENNSYLVANIA,PA,42,"MILK - PRODUCTION, MEASURED IN LB",LB,"847,000,000"
2022,MONTHLY,JAN THRU MAR,PENNSYLVANIA,PA,42,"MILK - PRODUCTION, MEASURED IN LB",LB,"2,502,000,000"
2022,MONTHLY,JUL,PENNSYLVANIA,PA,42,"MILK - PRODUCTION, MEASURED IN LB",LB,"836,000,000"
2022,MONTHLY,JUL THRU SEP,PENNSYLVANIA,PA,42,"MILK - PRODUCTION, MEASURED IN LB",LB,"2,443,000,000"
2022,MONTHLY,JUN,PENNSYLVANIA,PA,42,"MILK - PRODUCTION, MEASURED IN LB",LB,"834,000,000"
2022,MONTHLY,MAR,PENNSYLVANIA,PA,42,"MILK - PRODUCTION, MEASURED IN LB",LB,"873,000,000"
2022,MONTHLY,MAY,PENNSYLVANIA,PA,42,"MILK - PRODUCTION, MEASURED IN LB",LB,"883,000,000"
2022,MONTHLY,NOV,PENNSYLVANIA,PA,42,"MILK - PRODUCTION, MEASURED IN LB",LB,"794,000,000"
2022,MONTHLY,OCT,PENNSYLVANIA,PA,42,"MILK - PRODUCTION, MEASURED IN LB",LB,"810,000,000"
2022,MONTHLY,OCT THRU DEC,PENNSYLVANIA,PA,42,"MILK - PRODUCTION, MEASURED IN LB",LB,"2,432,000,000"
2022,MONTHLY,SEP,PENNSYLVANIA,PA,42,"MILK - PRODUCTION, MEASURED IN LB",LB,"786,000,000"
2022,MONTHLY,APR THRU JUN,RHODE ISLAND,RI,44,"MILK - PRODUCTION, MEASURED IN LB",LB,"2,600,000"
2022,MONTHLY,JAN THRU MAR,RHODE ISLAND,RI,44,"MILK - PRODUCTION, MEASURED IN LB",LB,"2,500,000"
2022,MONTHLY,JUL THRU SEP,RHODE ISLAND,RI,44,"MILK - PRODUCTION, MEASURED IN LB",LB,"2,500,000"
2022,MONTHLY,OCT THRU DEC,RHODE ISLAND,RI,44,"MILK - PRODUCTION, MEASURED IN LB",LB,"2,400,000"
2022,MONTHLY,APR THRU JUN,SOUTH CAROLINA,SC,45,"MILK - PRODUCTION, MEASURED IN LB",LB,"44,000,000"
2022,MONTHLY,JAN THRU MAR,SOUTH CAROLINA,SC,45,"MILK - PRODUCTION, MEASURED IN LB",LB,"44,000,000"
2022,MONTHLY,JUL THRU SEP,SOUTH CAROLINA,SC,45,"MILK - PRODUCTION, MEASURED IN LB",LB,"35,000,000"
2022,MONTHLY,OCT THRU DEC,SOUTH CAROLINA,SC,45,"MILK - PRODUCTION, MEASURED IN LB",LB,"38,000,000"
2022,MONTHLY,APR,SOUTH DAKOTA,SD,46,"MILK - PRODUCTION, MEASURED IN LB",LB,"336,000,000"
2022,MONTHLY,APR THRU JUN,SOUTH DAKOTA,SD,46,"MILK - PRODUCTION, MEASURED IN LB",LB,"1,036,000,000"
2022,MONTHLY,AUG,SOUTH DAKOTA,SD,46,"MILK - PRODUCTION, MEASURED IN LB",LB,"368,000,000"
2022,MONTHLY,DEC,SOUTH DAKOTA,SD,46,"MILK - PRODUCTION, MEASURED IN LB",LB,"355,000,000"
2022,MONTHLY,FEB,SOUTH DAKOTA,SD,46,"MILK - PRODUCTION, MEASURED IN LB",LB,"306,000,000"
2022,MONTHLY,JAN,SOUTH DAKOTA,SD,46,"MILK - PRODUCTION, MEASURED IN LB",LB,"330,000,000"
2022,MONTHLY,JAN THRU MAR,SOUTH DAKOTA,SD,46,"MILK - PRODUCTION, MEASURED IN LB",LB,"980,000,000"
2022,MONTHLY,JUL,SOUTH DAKOTA,SD,46,"MILK - PRODUCTION, MEASURED IN LB",LB,"361,000,000"
2022,MONTHLY,JUL THRU SEP,SOUTH DAKOTA,SD,46,"MILK - PRODUCTION, MEASURED IN LB",LB,"1,084,000,000"
2022,MONTHLY,JUN,SOUTH DAKOTA,SD,46,"MILK - PRODUCTION, MEASURED IN LB",LB,"347,000,000"
2022,MONTHLY,MAR,SOUTH DAKOTA,SD,46,"MILK - PRODUCTION, MEASURED IN LB",LB,"344,000,000"
2022,MONTHLY,MAY,SOUTH DAKOTA,SD,46,"MILK - PRODUCTION, MEASURED IN LB",LB,"353,000,000"
2022,MONTHLY,NOV,SOUTH DAKOTA,SD,46,"MILK - PRODUCTION, MEASURED IN LB",LB,"344,000,000"
2022,MONTHLY,OCT,SOUTH DAKOTA,SD,46,"MILK - PRODUCTION, MEASURED IN LB",LB,"362,000,000"
2022,MONTHLY,OCT THRU DEC,SOUTH DAKOTA,SD,46,"MILK - PRODUCTION, MEASURED IN LB",LB,"1,061,000,000"
2022,MONTHLY,SEP,SOUTH DAKOTA,SD,46,"MILK - PRODUCTION, MEASURED IN LB",LB,"355,000,000"
2022,MONTHLY,APR THRU JUN,TENNESSEE,TN,47,"MILK - PRODUCTION, MEASURED IN LB",LB,"130,000,000"
2022,MONTHLY,JAN THRU MAR,TENNESSEE,TN,47,"MILK - PRODUCTION, MEASURED IN LB",LB,"126,000,000"
2022,MONTHLY,JUL THRU SEP,TENNESSEE,TN,47,"MILK - PRODUCTION, MEASURED IN LB",LB,"120,000,000"
2022,MONTHLY,OCT THRU DEC,TENNESSEE,TN,47,"MILK - PRODUCTION, MEASURED IN LB",LB,"117,000,000"
2022,MONTHLY,APR,TEXAS,TX,48,"MILK - PRODUCTION, MEASURED IN LB",LB,"1,395,000,000"
2022,MONTHLY,APR THRU JUN,TEXAS,TX,48,"MILK - PRODUCTION, MEASURED IN LB",LB,"4,199,000,000"
2022,MONTHLY,AUG,TEXAS,TX,48,"MILK - PRODUCTION, MEASURED IN LB",LB,"1,385,000,000"
2022,MONTHLY,DEC,TEXAS,TX,48,"MILK - PRODUCTION, MEASURED IN LB",LB,"1,388,000,000"
2022,MONTHLY,FEB,TEXAS,TX,48,"MILK - PRODUCTION, MEASURED IN LB",LB,"1,257,000,000"
2022,MONTHLY,JAN,TEXAS,TX,48,"MILK - PRODUCTION, MEASURED IN LB",LB,"1,378,000,000"
2022,MONTHLY,JAN THRU MAR,TEXAS,TX,48,"MILK - PRODUCTION, MEASURED IN LB",LB,"4,072,000,000"
2022,MONTHLY,JUL,TEXAS,TX,48,"MILK - PRODUCTION, MEASURED IN LB",LB,"1,381,000,000"
2022,MONTHLY,JUL THRU SEP,TEXAS,TX,48,"MILK - PRODUCTION, MEASURED IN LB",LB,"4,109,000,000"
2022,MONTHLY,JUN,TEXAS,TX,48,"MILK - PRODUCTION, MEASURED IN LB",LB,"1,371,000,000"
2022,MONTHLY,MAR,TEXAS,TX,48,"MILK - PRODUCTION, MEASURED IN LB",LB,"1,437,000,000"
2022,MONTHLY,MAY,TEXAS,TX,48,"MILK - PRODUCTION, MEASURED IN LB",LB,"1,433,000,000"
2022,MONTHLY,NOV,TEXAS,TX,48,"MILK - PRODUCTION, MEASURED IN LB",LB,"1,348,000,000"
2022,MONTHLY,OCT,TEXAS,TX,48,"MILK - PRODUCTION, MEASURED IN LB",LB,"1,415,000,000"
2022,MONTHLY,OCT THRU DEC,TEXAS,TX,48,"MILK - PRODUCTION, MEASURED IN LB",LB,"4,151,000,000"
2022,MONTHLY,SEP,TEXAS,TX,48,"MILK - PRODUCTION, MEASURED IN LB",LB,"1,343,000,000"
2022,MONTHLY,APR,US TOTAL,US,99,"MILK - PRODUCTION, MEASURED IN LB",LB,"19,143,000,000"
2022,MONTHLY,APR THRU JUN,US TOTAL,US,99,"MILK - PRODUCTION, MEASURED IN LB",LB,"57,811,000,000"
2022,MONTHLY,AUG,US TOTAL,US,99,"MILK - PRODUCTION, MEASURED IN LB",LB,"18,998,000,000"
2022,MONTHLY,DEC,US TOTAL,US,99,"MILK - PRODUCTION, MEASURED IN LB",LB,"18,895,000,000"
2022,MONTHLY,FEB,US TOTAL,US,99,"MILK - PRODUCTION, MEASURED IN LB",LB,"17,523,000,000"
2022,MONTHLY,JAN,US TOTAL,US,99,"MILK - PRODUCTION, MEASURED IN LB",LB,"19,055,000,000"
2022,MONTHLY,JAN THRU MAR,US TOTAL,US,99,"MILK - PRODUCTION, MEASURED IN LB",LB,"56,289,000,000"
2022,MONTHLY,JUL,US TOTAL,US,99,"MILK - PRODUCTION, MEASURED IN LB",LB,"19,184,000,000"
2022,MONTHLY,JUL THRU SEP,US TOTAL,US,99,"MILK - PRODUCTION, MEASURED IN LB",LB,"56,418,000,000"
2022,MONTHLY,JUN,US TOTAL,US,99,"MILK - PRODUCTION, MEASURED IN LB",LB,"18,917,000,000"
2022,MONTHLY,MAR,US TOTAL,US,99,"MILK - PRODUCTION, MEASURED IN LB",LB,"19,711,000,000"
2022,MONTHLY,MAY,US TOTAL,US,99,"MILK - PRODUCTION, MEASURED IN LB",LB,"19,751,000,000"
2022,MONTHLY,NOV,US TOTAL,US,99,"MILK - PRODUCTION, MEASURED IN LB",LB,"18,191,000,000"
2022,MONTHLY,OCT,US TOTAL,US,99,"MILK - PRODUCTION, MEASURED IN LB",LB,"18,812,000,000"
2022,MONTHLY,OCT THRU DEC,US TOTAL,US,99,"MILK - PRODUCTION, MEASURED IN LB",LB,"55,898,000,000"
2022,MONTHLY,SEP,US TOTAL,US,99,"MILK - PRODUCTION, MEASURED IN LB",LB,"18,236,000,000"
2022,MONTHLY,APR,UTAH,UT,49,"MILK - PRODUCTION, MEASURED IN LB",LB,"183,000,000"
2022,MONTHLY,APR THRU JUN,UTAH,UT,49,"MILK - PRODUCTION, MEASURED IN LB",LB,"561,000,000"
2022,MONTHLY,AUG,UTAH,UT,49,"MILK - PRODUCTION, MEASURED IN LB",LB,"186,000,000"
2022,MONTHLY,DEC,UTAH,UT,49,"MILK - PRODUCTION, MEASURED IN LB",LB,"177,000,000"
2022,MONTHLY,FEB,UTAH,UT,49,"MILK - PRODUCTION, MEASURED IN LB",LB,"166,000,000"
2022,MONTHLY,JAN,UTAH,UT,49,"MILK - PRODUCTION, MEASURED IN LB",LB,"182,000,000"
2022,MONTHLY,JAN THRU MAR,UTAH,UT,49,"MILK - PRODUCTION, MEASURED IN LB",LB,"533,000,000"
2022,MONTHLY,JUL,UTAH,UT,49,"MILK - PRODUCTION, MEASURED IN LB",LB,"190,000,000"
2022,MONTHLY,JUL THRU SEP,UTAH,UT,49,"MILK - PRODUCTION, MEASURED IN LB",LB,"551,000,000"
2022,MONTHLY,JUN,UTAH,UT,49,"MILK - PRODUCTION, MEASURED IN LB",LB,"187,000,000"
2022,MONTHLY,MAR,UTAH,UT,49,"MILK - PRODUCTION, MEASURED IN LB",LB,"185,000,000"
2022,MONTHLY,MAY,UTAH,UT,49,"MILK - PRODUCTION, MEASURED IN LB",LB,"191,000,000"
2022,MONTHLY,NOV,UTAH,UT,49,"MILK - PRODUCTION, MEASURED IN LB",LB,"170,000,000"
2022,MONTHLY,OCT,UTAH,UT,49,"MILK - PRODUCTION, MEASURED IN LB",LB,"178,000,000"
2022,MONTHLY,OCT THRU DEC,UTAH,UT,49,"MILK - PRODUCTION, MEASURED IN LB",LB,"525,000,000"
2022,MONTHLY,SEP,UTAH,UT,49,"MILK - PRODUCTION, MEASURED IN LB",LB,"175,000,000"
2022,MONTHLY,APR,VIRGINIA,VA,51,"MILK - PRODUCTION, MEASURED IN LB",LB,"126,000,000"
2022,MONTHLY,APR THRU JUN,VIRGINIA,VA,51,"MILK - PRODUCTION, MEASURED IN LB",LB,"369,000,000"
2022,MONTHLY,AUG,VIRGINIA,VA,51,"MILK - PRODUCTION, MEASURED IN LB",LB,"116,000,000"
2022,MONTHLY,DEC,VIRGINIA,VA,51,"MILK - PRODUCTION, MEASURED IN LB",LB,"115,000,000"
2022,MONTHLY,FEB,VIRGINIA,VA,51,"MILK - PRODUCTION, MEASURED IN LB",LB,"115,000,000"
2022,MONTHLY,JAN,VIRGINIA,VA,51,"MILK - PRODUCTION, MEASURED IN LB",LB,"125,000,000"
2022,MONTHLY,JAN THRU MAR,VIRGINIA,VA,51,"MILK - PRODUCTION, MEASURED IN LB",LB,"368,000,000"
2022,MONTHLY,JUL,VIRGINIA,VA,51,"MILK - PRODUCTION, MEASURED IN LB",LB,"117,000,000"
2022,MONTHLY,JUL THRU SEP,VIRGINIA,VA,51,"MILK - PRODUCTION, MEASURED IN LB",LB,"344,000,000"
2022,MONTHLY,JUN,VIRGINIA,VA,51,"MILK - PRODUCTION, MEASURED IN LB",LB,"116,000,000"
2022,MONTHLY,MAR,VIRGINIA,VA,51,"MILK - PRODUCTION, MEASURED IN LB",LB,"128,000,000"
2022,MONTHLY,MAY,VIRGINIA,VA,51,"MILK - PRODUCTION, MEASURED IN LB",LB,"127,000,000"
2022,MONTHLY,NOV,VIRGINIA,VA,51,"MILK - PRODUCTION, MEASURED IN LB",LB,"113,000,000"
2022,MONTHLY,OCT,VIRGINIA,VA,51,"MILK - PRODUCTION, MEASURED IN LB",LB,"115,000,000"
2022,MONTHLY,OCT THRU DEC,VIRGINIA,VA,51,"MILK - PRODUCTION, MEASURED IN LB",LB,"343,000,000"
2022,MONTHLY,SEP,VIRGINIA,VA,51,"MILK - PRODUCTION, MEASURED IN LB",LB,"111,000,000"
2022,MONTHLY,APR,VERMONT,VT,50,"MILK - PRODUCTION, MEASURED IN LB",LB,"215,000,000"
2022,MONTHLY,APR THRU JUN,VERMONT,VT,50,"MILK - PRODUCTION, MEASURED IN LB",LB,"649,000,000"
2022,MONTHLY,AUG,VERMONT,VT,50,"MILK - PRODUCTION, MEASURED IN LB",LB,"214,000,000"
2022,MONTHLY,DEC,VERMONT,VT,50,"MILK - PRODUCTION, MEASURED IN LB",LB,"214,000,000"
2022,MONTHLY,FEB,VERMONT,VT,50,"MILK - PRODUCTION, MEASURED IN LB",LB,"198,000,000"
2022,MONTHLY,JAN,VERMONT,VT,50,"MILK - PRODUCTION, MEASURED IN LB",LB,"216,000,000"
2022,MONTHLY,JAN THRU MAR,VERMONT,VT,50,"MILK - PRODUCTION, MEASURED IN LB",LB,"635,000,000"
2022,MONTHLY,JUL,VERMONT,VT,50,"MILK - PRODUCTION, MEASURED IN LB",LB,"216,000,000"
2022,MONTHLY,JUL THRU SEP,VERMONT,VT,50,"MILK - PRODUCTION, MEASURED IN LB",LB,"637,000,000"
2022,MONTHLY,JUN,VERMONT,VT,50,"MILK - PRODUCTION, MEASURED IN LB",LB,"212,000,000"
2022,MONTHLY,MAR,VERMONT,VT,50,"MILK - PRODUCTION, MEASURED IN LB",LB,"221,000,000"
2022,MONTHLY,MAY,VERMONT,VT,50,"MILK - PRODUCTION, MEASURED IN LB",LB,"222,000,000"
2022,MONTHLY,NOV,VERMONT,VT,50,"MILK - PRODUCTION, MEASURED IN LB",LB,"207,000,000"
2022,MONTHLY,OCT,VERMONT,VT,50,"MILK - PRODUCTION, MEASURED IN LB",LB,"212,000,000"
2022,MONTHLY,OCT THRU DEC,VERMONT,VT,50,"MILK - PRODUCTION, MEASURED IN LB",LB,"633,000,000"
2022,MONTHLY,SEP,VERMONT,VT,50,"MILK - PRODUCTION, MEASURED IN LB",LB,"207,000,000"
2022,MONTHLY,APR,WASHINGTON,WA,53,"MILK - PRODUCTION, MEASURED IN LB",LB,"526,000,000"
2022,MONTHLY,APR THRU JUN,WASHINGTON,WA,53,"MILK - PRODUCTION, MEASURED IN LB",LB,"1,591,000,000"
2022,MONTHLY,AUG,WASHINGTON,WA,53,"MILK - PRODUCTION, MEASURED IN LB",LB,"519,000,000"
2022,MONTHLY,DEC,WASHINGTON,WA,53,"MILK - PRODUCTION, MEASURED IN LB",LB,"502,000,000"
2022,MONTHLY,FEB,WASHINGTON,WA,53,"MILK - PRODUCTION, MEASURED IN LB",LB,"490,000,000"
2022,MONTHLY,JAN,WASHINGTON,WA,53,"MILK - PRODUCTION, MEASURED IN LB",LB,"527,000,000"
2022,MONTHLY,JAN THRU MAR,WASHINGTON,WA,53,"MILK - PRODUCTION, MEASURED IN LB",LB,"1,568,000,000"
2022,MONTHLY,JUL,WASHINGTON,WA,53,"MILK - PRODUCTION, MEASURED IN LB",LB,"532,000,000"
2022,MONTHLY,JUL THRU SEP,WASHINGTON,WA,53,"MILK - PRODUCTION, MEASURED IN LB",LB,"1,568,000,000"
2022,MONTHLY,JUN,WASHINGTON,WA,53,"MILK - PRODUCTION, MEASURED IN LB",LB,"525,000,000"
2022,MONTHLY,MAR,WASHINGTON,WA,53,"MILK - PRODUCTION, MEASURED IN LB",LB,"551,000,000"
2022,MONTHLY,MAY,WASHINGTON,WA,53,"MILK - PRODUCTION, MEASURED IN LB",LB,"540,000,000"
2022,MONTHLY,NOV,WASHINGTON,WA,53,"MILK - PRODUCTION, MEASURED IN LB",LB,"490,000,000"
2022,MONTHLY,OCT,WASHINGTON,WA,53,"MILK - PRODUCTION, MEASURED IN LB",LB,"520,000,000"
2022,MONTHLY,OCT THRU DEC,WASHINGTON,WA,53,"MILK - PRODUCTION, MEASURED IN LB",LB,"1,512,000,000"
2022,MONTHLY,SEP,WASHINGTON,WA,53,"MILK - PRODUCTION, MEASURED IN LB",LB,"517,000,000"
2022,MONTHLY,APR,WISCONSIN,WI,55,"MILK - PRODUCTION, MEASURED IN LB",LB,"2,641,000,000"
2022,MONTHLY,APR THRU JUN,WISCONSIN,WI,55,"MILK - PRODUCTION, MEASURED IN LB",LB,"8,062,000,000"
2022,MONTHLY,AUG,WISCONSIN,WI,55,"MILK - PRODUCTION, MEASURED IN LB",LB,"2,728,000,000"
2022,MONTHLY,DEC,WISCONSIN,WI,55,"MILK - PRODUCTION, MEASURED IN LB",LB,"2,661,000,000"
2022,MONTHLY,FEB,WISCONSIN,WI,55,"MILK - PRODUCTION, MEASURED IN LB",LB,"2,438,000,000"
2022,MONTHLY,JAN,WISCONSIN,WI,55,"MILK - PRODUCTION, MEASURED IN LB",LB,"2,667,000,000"
2022,MONTHLY,JAN THRU MAR,WISCONSIN,WI,55,"MILK - PRODUCTION, MEASURED IN LB",LB,"7,829,000,000"
2022,MONTHLY,JUL,WISCONSIN,WI,55,"MILK - PRODUCTION, MEASURED IN LB",LB,"2,735,000,000"
2022,MONTHLY,JUL THRU SEP,WISCONSIN,WI,55,"MILK - PRODUCTION, MEASURED IN LB",LB,"8,081,000,000"
2022,MONTHLY,JUN,WISCONSIN,WI,55,"MILK - PRODUCTION, MEASURED IN LB",LB,"2,671,000,000"
2022,MONTHLY,MAR,WISCONSIN,WI,55,"MILK - PRODUCTION, MEASURED IN LB",LB,"2,724,000,000"
2022,MONTHLY,MAY,WISCONSIN,WI,55,"MILK - PRODUCTION, MEASURED IN LB",LB,"2,750,000,000"
2022,MONTHLY,NOV,WISCONSIN,WI,55,"MILK - PRODUCTION, MEASURED IN LB",LB,"2,580,000,000"
2022,MONTHLY,OCT,WISCONSIN,WI,55,"MILK - PRODUCTION, MEASURED IN LB",LB,"2,669,000,000"
2022,MONTHLY,OCT THRU DEC,WISCONSIN,WI,55,"MILK - PRODUCTION, MEASURED IN LB",LB,"7,910,000,000"
2022,MONTHLY,SEP,WISCONSIN,WI,55,"MILK - PRODUCTION, MEASURED IN LB",LB,"2,618,000,000"
2022,MONTHLY,APR THRU JUN,WEST VIRGINIA,WV,54,"MILK - PRODUCTION, MEASURED IN LB",LB,"20,000,000"
2022,MONTHLY,JAN THRU MAR,WEST VIRGINIA,WV,54,"MILK - PRODUCTION, MEASURED IN LB",LB,"19,000,000"
2022,MONTHLY,JUL THRU SEP,WEST VIRGINIA,WV,54,"MILK - PRODUCTION, MEASURED IN LB",LB,"18,000,000"
2022,MONTHLY,OCT THRU DEC,WEST VIRGINIA,WV,54,"MILK - PRODUCTION, MEASURED IN LB",LB,"18,000,000"
2022,MONTHLY,APR THRU JUN,WYOMING,WY,56,"MILK - PRODUCTION, MEASURED IN LB",LB,"60,300,000"
2022,MONTHLY,JAN THRU MAR,WYOMING,WY,56,"MILK - PRODUCTION, MEASURED IN LB",LB,"56,100,000"
2022,MONTHLY,JUL THRU SEP,WYOMING,WY,56,"MILK - PRODUCTION, MEASURED IN LB",LB,"62,200,000"
2022,MONTHLY,OCT THRU DEC,WYOMING,WY,56,"MILK - PRODUCTION, MEASURED IN LB",LB,"61,000,000"
2023,MONTHLY,APR THRU JUN,ALABAMA,AL,01,"MILK - PRODUCTION, MEASURED IN LB",LB,"7,500,000"
2023,MONTHLY,JAN THRU MAR,ALABAMA,AL,01,"MILK - PRODUCTION, MEASURED IN LB",LB,"9,000,000"
2023,MONTHLY,JUL THRU SEP,ALABAMA,AL,01,"MILK - PRODUCTION, MEASURED IN LB",LB,"5,000,000"
2023,MONTHLY,OCT THRU DEC,ALABAMA,AL,01,"MILK - PRODUCTION, MEASURED IN LB",LB,"5,500,000"
2023,MONTHLY,APR THRU JUN,ARKANSAS,AR,05,"MILK - PRODUCTION, MEASURED IN LB",LB,"9,500,000"
2023,MONTHLY,JAN THRU MAR,ARKANSAS,AR,05,"MILK - PRODUCTION, MEASURED IN LB",LB,"10,000,000"
2023,MONTHLY,JUL THRU SEP,ARKANSAS,AR,05,"MILK - PRODUCTION, MEASURED IN LB",LB,"7,000,000"
2023,MONTHLY,OCT THRU DEC,ARKANSAS,AR,05,"MILK - PRODUCTION, MEASURED IN LB",LB,"6,500,000"
2023,MONTHLY,APR,ARIZONA,AZ,04,"MILK - PRODUCTION, MEASURED IN LB",LB,"428,000,000"
2023,MONTHLY,APR THRU JUN,ARIZONA,AZ,04,"MILK - PRODUCTION, MEASURED IN LB",LB,"1,268,000,000"
2023,MONTHLY,AUG,ARIZONA,AZ,04,"MILK - PRODUCTION, MEASURED IN LB",LB,"372,000,000"
2023,MONTHLY,DEC,ARIZONA,AZ,04,"MILK - PRODUCTION, MEASURED IN LB",LB,"412,000,000"
2023,MONTHLY,FEB,ARIZONA,AZ,04,"MILK - PRODUCTION, MEASURED IN LB",LB,"388,000,000"
2023,MONTHLY,JAN,ARIZONA,AZ,04,"MILK - PRODUCTION, MEASURED IN LB",LB,"410,000,000"
2023,MONTHLY,JAN THRU MAR,ARIZONA,AZ,04,"MILK - PRODUCTION, MEASURED IN LB",LB,"1,238,000,000"
2023,MONTHLY,JUL,ARIZONA,AZ,04,"MILK - PRODUCTION, MEASURED IN LB",LB,"378,000,000"
2023,MONTHLY,JUL THRU SEP,ARIZONA,AZ,04,"MILK - PRODUCTION, MEASURED IN LB",LB,"1,119,000,000"
2023,MONTHLY,JUN,ARIZONA,AZ,04,"MILK - PRODUCTION, MEASURED IN LB",LB,"406,000,000"
2023,MONTHLY,MAR,ARIZONA,AZ,04,"MILK - PRODUCTION, MEASURED IN LB",LB,"440,000,000"
2023,MONTHLY,MAY,ARIZONA,AZ,04,"MILK - PRODUCTION, MEASURED IN LB",LB,"434,000,000"
2023,MONTHLY,NOV,ARIZONA,AZ,04,"MILK - PRODUCTION, MEASURED IN LB",LB,"390,000,000"
2023,MONTHLY,OCT,ARIZONA,AZ,04,"MILK - PRODUCTION, MEASURED IN LB",LB,"394,000,000"
2023,MONTHLY,OCT THRU DEC,ARIZONA,AZ,04,"MILK - PRODUCTION, MEASURED IN LB",LB,"1,196,000,000"
2023,MONTHLY,SEP,ARIZONA,AZ,04,"MILK - PRODUCTION, MEASURED IN LB",LB,"369,000,000"
2023,MONTHLY,APR,CALIFORNIA,CA,06,"MILK - PRODUCTION, MEASURED IN LB",LB,"3,537,000,000"
2023,MONTHLY,APR THRU JUN,CALIFORNIA,CA,06,"MILK - PRODUCTION, MEASURED IN LB",LB,"10,600,000,000"
2023,MONTHLY,AUG,CALIFORNIA,CA,06,"MILK - PRODUCTION, MEASURED IN LB",LB,"3,306,000,000"
2023,MONTHLY,DEC,CALIFORNIA,CA,06,"MILK - PRODUCTION, MEASURED IN LB",LB,"3,444,000,000"
2023,MONTHLY,FEB,CALIFORNIA,CA,06,"MILK - PRODUCTION, MEASURED IN LB",LB,"3,273,000,000"
2023,MONTHLY,JAN,CALIFORNIA,CA,06,"MILK - PRODUCTION, MEASURED IN LB",LB,"3,533,000,000"
2023,MONTHLY,JAN THRU MAR,CALIFORNIA,CA,06,"MILK - PRODUCTION, MEASURED IN LB",LB,"10,446,000,000"
2023,MONTHLY,JUL,CALIFORNIA,CA,06,"MILK - PRODUCTION, MEASURED IN LB",LB,"3,325,000,000"
2023,MONTHLY,JUL THRU SEP,CALIFORNIA,CA,06,"MILK - PRODUCTION, MEASURED IN LB",LB,"9,841,000,000"
2023,MONTHLY,JUN,CALIFORNIA,CA,06,"MILK - PRODUCTION, MEASURED IN LB",LB,"3,419,000,000"
2023,MONTHLY,MAR,CALIFORNIA,CA,06,"MILK - PRODUCTION, MEASURED IN LB",LB,"3,640,000,000"
2023,MONTHLY,MAY,CALIFORNIA,CA,06,"MILK - PRODUCTION, MEASURED IN LB",LB,"3,644,000,000"
2023,MONTHLY,NOV,CALIFORNIA,CA,06,"MILK - PRODUCTION, MEASURED IN LB",LB,"3,258,000,000"
2023,MONTHLY,OCT,CALIFORNIA,CA,06,"MILK - PRODUCTION, MEASURED IN LB",LB,"3,311,000,000"
2023,MONTHLY,OCT THRU DEC,CALIFORNIA,CA,06,"MILK - PRODUCTION, MEASURED IN LB",LB,"10,013,000,000"
2023,MONTHLY,SEP,CALIFORNIA,CA,06,"MILK - PRODUCTION, MEASURED IN LB",LB,"3,210,000,000"
2023,MONTHLY,APR,COLORADO,CO,08,"MILK - PRODUCTION, MEASURED IN LB",LB,"444,000,000"
2023,MONTHLY,APR THRU JUN,COLORADO,CO,08,"MILK - PRODUCTION, MEASURED IN LB",LB,"1,342,000,000"
2023,MONTHLY,AUG,COLORADO,CO,08,"MILK - PRODUCTION, MEASURED IN LB",LB,"436,000,000"
2023,MONTHLY,DEC,COLORADO,CO,08,"MILK - PRODUCTION, MEASURED IN LB",LB,"431,000,000"
2023,MONTHLY,FEB,COLORADO,CO,08,"MILK - PRODUCTION, MEASURED IN LB",LB,"401,000,000"
2023,MONTHLY,JAN,COLORADO,CO,08,"MILK - PRODUCTION, MEASURED IN LB",LB,"441,000,000"
2023,MONTHLY,JAN THRU MAR,COLORADO,CO,08,"MILK - PRODUCTION, MEASURED IN LB",LB,"1,295,000,000"
2023,MONTHLY,JUL,COLORADO,CO,08,"MILK - PRODUCTION, MEASURED IN LB",LB,"441,000,000"
2023,MONTHLY,JUL THRU SEP,COLORADO,CO,08,"MILK - PRODUCTION, MEASURED IN LB",LB,"1,298,000,000"
2023,MONTHLY,JUN,COLORADO,CO,08,"MILK - PRODUCTION, MEASURED IN LB",LB,"438,000,000"
2023,MONTHLY,MAR,COLORADO,CO,08,"MILK - PRODUCTION, MEASURED IN LB",LB,"453,000,000"
2023,MONTHLY,MAY,COLORADO,CO,08,"MILK - PRODUCTION, MEASURED IN LB",LB,"460,000,000"
2023,MONTHLY,NOV,COLORADO,CO,08,"MILK - PRODUCTION, MEASURED IN LB",LB,"415,000,000"
2023,MONTHLY,OCT,COLORADO,CO,08,"MILK - PRODUCTION, MEASURED IN LB",LB,"431,000,000"
2023,MONTHLY,OCT THRU DEC,COLORADO,CO,08,"MILK - PRODUCTION, MEASURED IN LB",LB,"1,277,000,000"
2023,MONTHLY,SEP,COLORADO,CO,08,"MILK - PRODUCTION, MEASURED IN LB",LB,"421,000,000"
2023,MONTHLY,APR THRU JUN,CONNECTICUT,CT,09,"MILK - PRODUCTION, MEASURED IN LB",LB,"109,000,000"
2023,MONTHLY,JAN THRU MAR,CONNECTICUT,CT,09,"MILK - PRODUCTION, MEASURED IN LB",LB,"109,000,000"
2023,MONTHLY,JUL THRU SEP,CONNECTICUT,CT,09,"MILK - PRODUCTION, MEASURED IN LB",LB,"105,000,000"
2023,MONTHLY,OCT THRU DEC,CONNECTICUT,CT,09,"MILK - PRODUCTION, MEASURED IN LB",LB,"104,000,000"
2023,MONTHLY,APR THRU JUN,DELAWARE,DE,10,"MILK - PRODUCTION, MEASURED IN LB",LB,"12,700,000"
2023,MONTHLY,JAN THRU MAR,DELAWARE,DE,10,"MILK - PRODUCTION, MEASURED IN LB",LB,"12,800,000"
2023,MONTHLY,JUL THRU SEP,DELAWARE,DE,10,"MILK - PRODUCTION, MEASURED IN LB",LB,"11,200,000"
2023,MONTHLY,OCT THRU DEC,DELAWARE,DE,10,"MILK - PRODUCTION, MEASURED IN LB",LB,"11,400,000"
2023,MONTHLY,APR,FLORIDA,FL,12,"MILK - PRODUCTION, MEASURED IN LB",LB,"181,000,000"
2023,MONTHLY,APR THRU JUN,FLORIDA,FL,12,"MILK - PRODUCTION, MEASURED IN LB",LB,"543,000,000"
2023,MONTHLY,AUG,FLORIDA,FL,12,"MILK - PRODUCTION, MEASURED IN LB",LB,"159,000,000"
2023,MONTHLY,DEC,FLORIDA,FL,12,"MILK - PRODUCTION, MEASURED IN LB",LB,"167,000,000"
2023,MONTHLY,FEB,FLORIDA,FL,12,"MILK - PRODUCTION, MEASURED IN LB",LB,"171,000,000"
2023,MONTHLY,JAN,FLORIDA,FL,12,"MILK - PRODUCTION, MEASURED IN LB",LB,"180,000,000"
2023,MONTHLY,JAN THRU MAR,FLORIDA,FL,12,"MILK - PRODUCTION, MEASURED IN LB",LB,"542,000,000"
2023,MONTHLY,JUL,FLORIDA,FL,12,"MILK - PRODUCTION, MEASURED IN LB",LB,"166,000,000"
2023,MONTHLY,JUL THRU SEP,FLORIDA,FL,12,"MILK - PRODUCTION, MEASURED IN LB",LB,"476,000,000"
2023,MONTHLY,JUN,FLORIDA,FL,12,"MILK - PRODUCTION, MEASURED IN LB",LB,"176,000,000"
2023,MONTHLY,MAR,FLORIDA,FL,12,"MILK - PRODUCTION, MEASURED IN LB",LB,"191,000,000"
2023,MONTHLY,MAY,FLORIDA,FL,12,"MILK - PRODUCTION, MEASURED IN LB",LB,"186,000,000"
2023,MONTHLY,NOV,FLORIDA,FL,12,"MILK - PRODUCTION, MEASURED IN LB",LB,"160,000,000"
2023,MONTHLY,OCT,FLORIDA,FL,12,"MILK - PRODUCTION, MEASURED IN LB",LB,"158,000,000"
2023,MONTHLY,OCT THRU DEC,FLORIDA,FL,12,"MILK - PRODUCTION, MEASURED IN LB",LB,"485,000,000"
2023,MONTHLY,SEP,FLORIDA,FL,12,"MILK - PRODUCTION, MEASURED IN LB",LB,"151,000,000"
2023,MONTHLY,APR,GEORGIA,GA,13,"MILK - PRODUCTION, MEASURED IN LB",LB,"168,000,000"
2023,MONTHLY,APR THRU JUN,GEORGIA,GA,13,"MILK - PRODUCTION, MEASURED IN LB",LB,"495,000,000"
2023,MONTHLY,AUG,GEORGIA,GA,13,"MILK - PRODUCTION, MEASURED IN LB",LB,"155,000,000"
2023,MONTHLY,DEC,GEORGIA,GA,13,"MILK - PRODUCTION, MEASURED IN LB",LB,"160,000,000"
2023,MONTHLY,FEB,GEORGIA,GA,13,"MILK - PRODUCTION, MEASURED IN LB",LB,"159,000,000"
2023,MONTHLY,JAN,GEORGIA,GA,13,"MILK - PRODUCTION, MEASURED IN LB",LB,"173,000,000"
2023,MONTHLY,JAN THRU MAR,GEORGIA,GA,13,"MILK - PRODUCTION, MEASURED IN LB",LB,"508,000,000"
2023,MONTHLY,JUL,GEORGIA,GA,13,"MILK - PRODUCTION, MEASURED IN LB",LB,"157,000,000"
2023,MONTHLY,JUL THRU SEP,GEORGIA,GA,13,"MILK - PRODUCTION, MEASURED IN LB",LB,"460,000,000"
2023,MONTHLY,JUN,GEORGIA,GA,13,"MILK - PRODUCTION, MEASURED IN LB",LB,"159,000,000"
2023,MONTHLY,MAR,GEORGIA,GA,13,"MILK - PRODUCTION, MEASURED IN LB",LB,"176,000,000"
2023,MONTHLY,MAY,GEORGIA,GA,13,"MILK - PRODUCTION, MEASURED IN LB",LB,"168,000,000"
2023,MONTHLY,NOV,GEORGIA,GA,13,"MILK - PRODUCTION, MEASURED IN LB",LB,"154,000,000"
2023,MONTHLY,OCT,GEORGIA,GA,13,"MILK - PRODUCTION, MEASURED IN LB",LB,"157,000,000"
2023,MONTHLY,OCT THRU DEC,GEORGIA,GA,13,"MILK - PRODUCTION, MEASURED IN LB",LB,"471,000,000"
2023,MONTHLY,SEP,GEORGIA,GA,13,"MILK - PRODUCTION, MEASURED IN LB",LB,"148,000,000"
2023,MONTHLY,APR,IOWA,IA,19,"MILK - PRODUCTION, MEASURED IN LB",LB,"494,000,000"
2023,MONTHLY,APR THRU JUN,IOWA,IA,19,"MILK - PRODUCTION, MEASURED IN LB",LB,"1,503,000,000"
2023,MONTHLY,AUG,IOWA,IA,19,"MILK - PRODUCTION, MEASURED IN LB",LB,"496,000,000"
2023,MONTHLY,DEC,IOWA,IA,19,"MILK - PRODUCTION, MEASURED IN LB",LB,"492,000,000"
2023,MONTHLY,FEB,IOWA,IA,19,"MILK - PRODUCTION, MEASURED IN LB",LB,"460,000,000"
2023,MONTHLY,JAN,IOWA,IA,19,"MILK - PRODUCTION, MEASURED IN LB",LB,"503,000,000"
2023,MONTHLY,JAN THRU MAR,IOWA,IA,19,"MILK - PRODUCTION, MEASURED IN LB",LB,"1,474,000,000"
2023,MONTHLY,JUL,IOWA,IA,19,"MILK - PRODUCTION, MEASURED IN LB",LB,"508,000,000"
2023,MONTHLY,JUL THRU SEP,IOWA,IA,19,"MILK - PRODUCTION, MEASURED IN LB",LB,"1,486,000,000"
2023,MONTHLY,JUN,IOWA,IA,19,"MILK - PRODUCTION, MEASURED IN LB",LB,"497,000,000"
2023,MONTHLY,MAR,IOWA,IA,19,"MILK - PRODUCTION, MEASURED IN LB",LB,"511,000,000"
2023,MONTHLY,MAY,IOWA,IA,19,"MILK - PRODUCTION, MEASURED IN LB",LB,"512,000,000"
2023,MONTHLY,NOV,IOWA,IA,19,"MILK - PRODUCTION, MEASURED IN LB",LB,"476,000,000"
2023,MONTHLY,OCT,IOWA,IA,19,"MILK - PRODUCTION, MEASURED IN LB",LB,"492,000,000"
2023,MONTHLY,OCT THRU DEC,IOWA,IA,19,"MILK - PRODUCTION, MEASURED IN LB",LB,"1,460,000,000"
2023,MONTHLY,SEP,IOWA,IA,19,"MILK - PRODUCTION, MEASURED IN LB",LB,"482,000,000"
2023,MONTHLY,APR,IDAHO,ID,16,"MILK - PRODUCTION, MEASURED IN LB",LB,"1,408,000,000"
2023,MONTHLY,APR THRU JUN,IDAHO,ID,16,"MILK - PRODUCTION, MEASURED IN LB",LB,"4,329,000,000"
2023,MONTHLY,AUG,IDAHO,ID,16,"MILK - PRODUCTION, MEASURED IN LB",LB,"1,449,000,000"
2023,MONTHLY,DEC,IDAHO,ID,16,"MILK - PRODUCTION, MEASURED IN LB",LB,"1,366,000,000"
2023,MONTHLY,FEB,IDAHO,ID,16,"MILK - PRODUCTION, MEASURED IN LB",LB,"1,293,000,000"
2023,MONTHLY,JAN,IDAHO,ID,16,"MILK - PRODUCTION, MEASURED IN LB",LB,"1,408,000,000"
2023,MONTHLY,JAN THRU MAR,IDAHO,ID,16,"MILK - PRODUCTION, MEASURED IN LB",LB,"4,146,000,000"
2023,MONTHLY,JUL,IDAHO,ID,16,"MILK - PRODUCTION, MEASURED IN LB",LB,"1,462,000,000"
2023,MONTHLY,JUL THRU SEP,IDAHO,ID,16,"MILK - PRODUCTION, MEASURED IN LB",LB,"4,284,000,000"
2023,MONTHLY,JUN,IDAHO,ID,16,"MILK - PRODUCTION, MEASURED IN LB",LB,"1,437,000,000"
2023,MONTHLY,MAR,IDAHO,ID,16,"MILK - PRODUCTION, MEASURED IN LB",LB,"1,445,000,000"
2023,MONTHLY,MAY,IDAHO,ID,16,"MILK - PRODUCTION, MEASURED IN LB",LB,"1,484,000,000"
2023,MONTHLY,NOV,IDAHO,ID,16,"MILK - PRODUCTION, MEASURED IN LB",LB,"1,323,000,000"
2023,MONTHLY,OCT,IDAHO,ID,16,"MILK - PRODUCTION, MEASURED IN LB",LB,"1,379,000,000"
2023,MONTHLY,OCT THRU DEC,IDAHO,ID,16,"MILK - PRODUCTION, MEASURED IN LB",LB,"4,068,000,000"
2023,MONTHLY,SEP,IDAHO,ID,16,"MILK - PRODUCTION, MEASURED IN LB",LB,"1,373,000,000"
2023,MONTHLY,APR,ILLINOIS,IL,17,"MILK - PRODUCTION, MEASURED IN LB",LB,"147,000,000"
2023,MONTHLY,APR THRU JUN,ILLINOIS,IL,17,"MILK - PRODUCTION, MEASURED IN LB",LB,"443,000,000"
2023,MONTHLY,AUG,ILLINOIS,IL,17,"MILK - PRODUCTION, MEASURED IN LB",LB,"136,000,000"
2023,MONTHLY,DEC,ILLINOIS,IL,17,"MILK - PRODUCTION, MEASURED IN LB",LB,"144,000,000"
2023,MONTHLY,FEB,ILLINOIS,IL,17,"MILK - PRODUCTION, MEASURED IN LB",LB,"135,000,000"
2023,MONTHLY,JAN,ILLINOIS,IL,17,"MILK - PRODUCTION, MEASURED IN LB",LB,"146,000,000"
2023,MONTHLY,JAN THRU MAR,ILLINOIS,IL,17,"MILK - PRODUCTION, MEASURED IN LB",LB,"433,000,000"
2023,MONTHLY,JUL,ILLINOIS,IL,17,"MILK - PRODUCTION, MEASURED IN LB",LB,"143,000,000"
2023,MONTHLY,JUL THRU SEP,ILLINOIS,IL,17,"MILK - PRODUCTION, MEASURED IN LB",LB,"414,000,000"
2023,MONTHLY,JUN,ILLINOIS,IL,17,"MILK - PRODUCTION, MEASURED IN LB",LB,"145,000,000"
2023,MONTHLY,MAR,ILLINOIS,IL,17,"MILK - PRODUCTION, MEASURED IN LB",LB,"152,000,000"
2023,MONTHLY,MAY,ILLINOIS,IL,17,"MILK - PRODUCTION, MEASURED IN LB",LB,"151,000,000"
2023,MONTHLY,NOV,ILLINOIS,IL,17,"MILK - PRODUCTION, MEASURED IN LB",LB,"136,000,000"
2023,MONTHLY,OCT,ILLINOIS,IL,17,"MILK - PRODUCTION, MEASURED IN LB",LB,"138,000,000"
2023,MONTHLY,OCT THRU DEC,ILLINOIS,IL,17,"MILK - PRODUCTION, MEASURED IN LB",LB,"418,000,000"
2023,MONTHLY,SEP,ILLINOIS,IL,17,"MILK - PRODUCTION, MEASURED IN LB",LB,"135,000,000"
2023,MONTHLY,APR,INDIANA,IN,18,"MILK - PRODUCTION, MEASURED IN LB",LB,"380,000,000"
2023,MONTHLY,APR THRU JUN,INDIANA,IN,18,"MILK - PRODUCTION, MEASURED IN LB",LB,"1,151,000,000"
2023,MONTHLY,AUG,INDIANA,IN,18,"MILK - PRODUCTION, MEASURED IN LB",LB,"374,000,000"
2023,MONTHLY,DEC,INDIANA,IN,18,"MILK - PRODUCTION, MEASURED IN LB",LB,"379,000,000"
2023,MONTHLY,FEB,INDIANA,IN,18,"MILK - PRODUCTION, MEASURED IN LB",LB,"349,000,000"
2023,MONTHLY,JAN,INDIANA,IN,18,"MILK - PRODUCTION, MEASURED IN LB",LB,"382,000,000"
2023,MONTHLY,JAN THRU MAR,INDIANA,IN,18,"MILK - PRODUCTION, MEASURED IN LB",LB,"1,124,000,000"
2023,MONTHLY,JUL,INDIANA,IN,18,"MILK - PRODUCTION, MEASURED IN LB",LB,"381,000,000"
2023,MONTHLY,JUL THRU SEP,INDIANA,IN,18,"MILK - PRODUCTION, MEASURED IN LB",LB,"1,120,000,000"
2023,MONTHLY,JUN,INDIANA,IN,18,"MILK - PRODUCTION, MEASURED IN LB",LB,"380,000,000"
2023,MONTHLY,MAR,INDIANA,IN,18,"MILK - PRODUCTION, MEASURED IN LB",LB,"393,000,000"
2023,MONTHLY,MAY,INDIANA,IN,18,"MILK - PRODUCTION, MEASURED IN LB",LB,"391,000,000"
2023,MONTHLY,NOV,INDIANA,IN,18,"MILK - PRODUCTION, MEASURED IN LB",LB,"364,000,000"
2023,MONTHLY,OCT,INDIANA,IN,18,"MILK - PRODUCTION, MEASURED IN LB",LB,"375,000,000"
2023,MONTHLY,OCT THRU DEC,INDIANA,IN,18,"MILK - PRODUCTION, MEASURED IN LB",LB,"1,118,000,000"
2023,MONTHLY,SEP,INDIANA,IN,18,"MILK - PRODUCTION, MEASURED IN LB",LB,"365,000,000"
2023,MONTHLY,APR,KANSAS,KS,20,"MILK - PRODUCTION, MEASURED IN LB",LB,"360,000,000"
2023,MONTHLY,APR THRU JUN,KANSAS,KS,20,"MILK - PRODUCTION, MEASURED IN LB",LB,"1,070,000,000"
2023,MONTHLY,AUG,KANSAS,KS,20,"MILK - PRODUCTION, MEASURED IN LB",LB,"333,000,000"
2023,MONTHLY,DEC,KANSAS,KS,20,"MILK - PRODUCTION, MEASURED IN LB",LB,"348,000,000"
2023,MONTHLY,FEB,KANSAS,KS,20,"MILK - PRODUCTION, MEASURED IN LB",LB,"329,000,000"
2023,MONTHLY,JAN,KANSAS,KS,20,"MILK - PRODUCTION, MEASURED IN LB",LB,"357,000,000"
2023,MONTHLY,JAN THRU MAR,KANSAS,KS,20,"MILK - PRODUCTION, MEASURED IN LB",LB,"1,058,000,000"
2023,MONTHLY,JUL,KANSAS,KS,20,"MILK - PRODUCTION, MEASURED IN LB",LB,"335,000,000"
2023,MONTHLY,JUL THRU SEP,KANSAS,KS,20,"MILK - PRODUCTION, MEASURED IN LB",LB,"1,004,000,000"
2023,MONTHLY,JUN,KANSAS,KS,20,"MILK - PRODUCTION, MEASURED IN LB",LB,"342,000,000"
2023,MONTHLY,MAR,KANSAS,KS,20,"MILK - PRODUCTION, MEASURED IN LB",LB,"372,000,000"
2023,MONTHLY,MAY,KANSAS,KS,20,"MILK - PRODUCTION, MEASURED IN LB",LB,"368,000,000"
2023,MONTHLY,NOV,KANSAS,KS,20,"MILK - PRODUCTION, MEASURED IN LB",LB,"342,000,000"
2023,MONTHLY,OCT,KANSAS,KS,20,"MILK - PRODUCTION, MEASURED IN LB",LB,"353,000,000"
2023,MONTHLY,OCT THRU DEC,KANSAS,KS,20,"MILK - PRODUCTION, MEASURED IN LB",LB,"1,043,000,000"
2023,MONTHLY,SEP,KANSAS,KS,20,"MILK - PRODUCTION, MEASURED IN LB",LB,"336,000,000"
2023,MONTHLY,APR THRU JUN,KENTUCKY,KY,21,"MILK - PRODUCTION, MEASURED IN LB",LB,"244,000,000"
2023,MONTHLY,JAN THRU MAR,KENTUCKY,KY,21,"MILK - PRODUCTION, MEASURED IN LB",LB,"245,000,000"
2023,MONTHLY,JUL THRU SEP,KENTUCKY,KY,21,"MILK - PRODUCTION, MEASURED IN LB",LB,"215,000,000"
2023,MONTHLY,OCT THRU DEC,KENTUCKY,KY,21,"MILK - PRODUCTION, MEASURED IN LB",LB,"211,000,000"
2023,MONTHLY,APR THRU JUN,LOUISIANA,LA,22,"MILK - PRODUCTION, MEASURED IN LB",LB,"29,000,000"
2023,MONTHLY,JAN THRU MAR,LOUISIANA,LA,22,"MILK - PRODUCTION, MEASURED IN LB",LB,"30,000,000"
2023,MONTHLY,JUL THRU SEP,LOUISIANA,LA,22,"MILK - PRODUCTION, MEASURED IN LB",LB,"20,000,000"
2023,MONTHLY,OCT THRU DEC,LOUISIANA,LA,22,"MILK - PRODUCTION, MEASURED IN LB",LB,"22,000,000"
2023,MONTHLY,APR THRU JUN,MASSACHUSETTS,MA,25,"MILK - PRODUCTION, MEASURED IN LB",LB,"47,000,000"
2023,MONTHLY,JAN THRU MAR,MASSACHUSETTS,MA,25,"MILK - PRODUCTION, MEASURED IN LB",LB,"45,000,000"
2023,MONTHLY,JUL THRU SEP,MASSACHUSETTS,MA,25,"MILK - PRODUCTION, MEASURED IN LB",LB,"45,000,000"
2023,MONTHLY,OCT THRU DEC,MASSACHUSETTS,MA,25,"MILK - PRODUCTION, MEASURED IN LB",LB,"43,000,000"
2023,MONTHLY,APR THRU JUN,MARYLAND,MD,24,"MILK - PRODUCTION, MEASURED IN LB",LB,"216,000,000"
2023,MONTHLY,JAN THRU MAR,MARYLAND,MD,24,"MILK - PRODUCTION, MEASURED IN LB",LB,"213,000,000"
2023,MONTHLY,JUL THRU SEP,MARYLAND,MD,24,"MILK - PRODUCTION, MEASURED IN LB",LB,"207,000,000"
2023,MONTHLY,OCT THRU DEC,MARYLAND,MD,24,"MILK - PRODUCTION, MEASURED IN LB",LB,"210,000,000"
2023,MONTHLY,APR THRU JUN,MAINE,ME,23,"MILK - PRODUCTION, MEASURED IN LB",LB,"142,000,000"
2023,MONTHLY,JAN THRU MAR,MAINE,ME,23,"MILK - PRODUCTION, MEASURED IN LB",LB,"135,000,000"
2023,MONTHLY,JUL THRU SEP,MAINE,ME,23,"MILK - PRODUCTION, MEASURED IN LB",LB,"136,000,000"
2023,MONTHLY,OCT THRU DEC,MAINE,ME,23,"MILK - PRODUCTION, MEASURED IN LB",LB,"129,000,000"
2023,MONTHLY,APR,MICHIGAN,MI,26,"MILK - PRODUCTION, MEASURED IN LB",LB,"1,007,000,000"
2023,MONTHLY,APR THRU JUN,MICHIGAN,MI,26,"MILK - PRODUCTION, MEASURED IN LB",LB,"3,065,000,000"
2023,MONTHLY,AUG,MICHIGAN,MI,26,"MILK - PRODUCTION, MEASURED IN LB",LB,"1,023,000,000"
2023,MONTHLY,DEC,MICHIGAN,MI,26,"MILK - PRODUCTION, MEASURED IN LB",LB,"1,003,000,000"
2023,MONTHLY,FEB,MICHIGAN,MI,26,"MILK - PRODUCTION, MEASURED IN LB",LB,"929,000,000"
2023,MONTHLY,JAN,MICHIGAN,MI,26,"MILK - PRODUCTION, MEASURED IN LB",LB,"1,020,000,000"
2023,MONTHLY,JAN THRU MAR,MICHIGAN,MI,26,"MILK - PRODUCTION, MEASURED IN LB",LB,"2,984,000,000"
2023,MONTHLY,JUL,MICHIGAN,MI,26,"MILK - PRODUCTION, MEASURED IN LB",LB,"1,036,000,000"
2023,MONTHLY,JUL THRU SEP,MICHIGAN,MI,26,"MILK - PRODUCTION, MEASURED IN LB",LB,"3,036,000,000"
2023,MONTHLY,JUN,MICHIGAN,MI,26,"MILK - PRODUCTION, MEASURED IN LB",LB,"1,012,000,000"
2023,MONTHLY,MAR,MICHIGAN,MI,26,"MILK - PRODUCTION, MEASURED IN LB",LB,"1,035,000,000"
2023,MONTHLY,MAY,MICHIGAN,MI,26,"MILK - PRODUCTION, MEASURED IN LB",LB,"1,046,000,000"
2023,MONTHLY,NOV,MICHIGAN,MI,26,"MILK - PRODUCTION, MEASURED IN LB",LB,"964,000,000"
2023,MONTHLY,OCT,MICHIGAN,MI,26,"MILK - PRODUCTION, MEASURED IN LB",LB,"1,003,000,000"
2023,MONTHLY,OCT THRU DEC,MICHIGAN,MI,26,"MILK - PRODUCTION, MEASURED IN LB",LB,"2,970,000,000"
2023,MONTHLY,SEP,MICHIGAN,MI,26,"MILK - PRODUCTION, MEASURED IN LB",LB,"977,000,000"
2023,MONTHLY,APR,MINNESOTA,MN,27,"MILK - PRODUCTION, MEASURED IN LB",LB,"874,000,000"
2023,MONTHLY,APR THRU JUN,MINNESOTA,MN,27,"MILK - PRODUCTION, MEASURED IN LB",LB,"2,659,000,000"
2023,MONTHLY,AUG,MINNESOTA,MN,27,"MILK - PRODUCTION, MEASURED IN LB",LB,"887,000,000"
2023,MONTHLY,DEC,MINNESOTA,MN,27,"MILK - PRODUCTION, MEASURED IN LB",LB,"869,000,000"
2023,MONTHLY,FEB,MINNESOTA,MN,27,"MILK - PRODUCTION, MEASURED IN LB",LB,"817,000,000"
2023,MONTHLY,JAN,MINNESOTA,MN,27,"MILK - PRODUCTION, MEASURED IN LB",LB,"896,000,000"
2023,MONTHLY,JAN THRU MAR,MINNESOTA,MN,27,"MILK - PRODUCTION, MEASURED IN LB",LB,"2,616,000,000"
2023,MONTHLY,JUL,MINNESOTA,MN,27,"MILK - PRODUCTION, MEASURED IN LB",LB,"902,000,000"
2023,MONTHLY,JUL THRU SEP,MINNESOTA,MN,27,"MILK - PRODUCTION, MEASURED IN LB",LB,"2,648,000,000"
2023,MONTHLY,JUN,MINNESOTA,MN,27,"MILK - PRODUCTION, MEASURED IN LB",LB,"879,000,000"
2023,MONTHLY,MAR,MINNESOTA,MN,27,"MILK - PRODUCTION, MEASURED IN LB",LB,"903,000,000"
2023,MONTHLY,MAY,MINNESOTA,MN,27,"MILK - PRODUCTION, MEASURED IN LB",LB,"906,000,000"
2023,MONTHLY,NOV,MINNESOTA,MN,27,"MILK - PRODUCTION, MEASURED IN LB",LB,"833,000,000"
2023,MONTHLY,OCT,MINNESOTA,MN,27,"MILK - PRODUCTION, MEASURED IN LB",LB,"873,000,000"
2023,MONTHLY,OCT THRU DEC,MINNESOTA,MN,27,"MILK - PRODUCTION, MEASURED IN LB",LB,"2,575,000,000"
2023,MONTHLY,SEP,MINNESOTA,MN,27,"MILK - PRODUCTION, MEASURED IN LB",LB,"859,000,000"
2023,MONTHLY,APR THRU JUN,MISSOURI,MO,29,"MILK - PRODUCTION, MEASURED IN LB",LB,"240,000,000"
2023,MONTHLY,JAN THRU MAR,MISSOURI,MO,29,"MILK - PRODUCTION, MEASURED IN LB",LB,"223,000,000"
2023,MONTHLY,JUL THRU SEP,MISSOURI,MO,29,"MILK - PRODUCTION, MEASURED IN LB",LB,"203,000,000"
2023,MONTHLY,OCT THRU DEC,MISSOURI,MO,29,"MILK - PRODUCTION, MEASURED IN LB",LB,"201,000,000"
2023,MONTHLY,APR THRU JUN,MISSISSIPPI,MS,28,"MILK - PRODUCTION, MEASURED IN LB",LB,"20,000,000"
2023,MONTHLY,JAN THRU MAR,MISSISSIPPI,MS,28,"MILK - PRODUCTION, MEASURED IN LB",LB,"23,000,000"
2023,MONTHLY,JUL THRU SEP,MISSISSIPPI,MS,28,"MILK - PRODUCTION, MEASURED IN LB",LB,"15,000,000"
2023,MONTHLY,OCT THRU DEC,MISSISSIPPI,MS,28,"MILK - PRODUCTION, MEASURED IN LB",LB,"16,000,000"
2023,MONTHLY,APR THRU JUN,MONTANA,MT,30,"MILK - PRODUCTION, MEASURED IN LB",LB,"55,000,000"
2023,MONTHLY,JAN THRU MAR,MONTANA,MT,30,"MILK - PRODUCTION, MEASURED IN LB",LB,"53,000,000"
2023,MONTHLY,JUL THRU SEP,MONTANA,MT,30,"MILK - PRODUCTION, MEASURED IN LB",LB,"52,000,000"
2023,MONTHLY,OCT THRU DEC,MONTANA,MT,30,"MILK - PRODUCTION, MEASURED IN LB",LB,"50,000,000"
2023,MONTHLY,APR THRU JUN,NORTH CAROLINA,NC,37,"MILK - PRODUCTION, MEASURED IN LB",LB,"229,000,000"
2023,MONTHLY,JAN THRU MAR,NORTH CAROLINA,NC,37,"MILK - PRODUCTION, MEASURED IN LB",LB,"235,000,000"
2023,MONTHLY,JUL THRU SEP,NORTH CAROLINA,NC,37,"MILK - PRODUCTION, MEASURED IN LB",LB,"213,000,000"
2023,MONTHLY,OCT THRU DEC,NORTH CAROLINA,NC,37,"MILK - PRODUCTION, MEASURED IN LB",LB,"217,000,000"
2023,MONTHLY,APR THRU JUN,NORTH DAKOTA,ND,38,"MILK - PRODUCTION, MEASURED IN LB",LB,"71,000,000"
2023,MONTHLY,JAN THRU MAR,NORTH DAKOTA,ND,38,"MILK - PRODUCTION, MEASURED IN LB",LB,"73,000,000"
2023,MONTHLY,JUL THRU SEP,NORTH DAKOTA,ND,38,"MILK - PRODUCTION, MEASURED IN LB",LB,"66,000,000"
2023,MONTHLY,OCT THRU DEC,NORTH DAKOTA,ND,38,"MILK - PRODUCTION, MEASURED IN LB",LB,"60,000,000"
2023,MONTHLY,APR THRU JUN,NEBRASKA,NE,31,"MILK - PRODUCTION, MEASURED IN LB",LB,"345,000,000"
2023,MONTHLY,JAN THRU MAR,NEBRASKA,NE,31,"MILK - PRODUCTION, MEASURED IN LB",LB,"340,000,000"
2023,MONTHLY,JUL THRU SEP,NEBRASKA,NE,31,"MILK - PRODUCTION, MEASURED IN LB",LB,"329,000,000"
2023,MONTHLY,OCT THRU DEC,NEBRASKA,NE,31,"MILK - PRODUCTION, MEASURED IN LB",LB,"326,000,000"
2023,MONTHLY,APR THRU JUN,NEW HAMPSHIRE,NH,33,"MILK - PRODUCTION, MEASURED IN LB",LB,"53,000,000"
2023,MONTHLY,JAN THRU MAR,NEW HAMPSHIRE,NH,33,"MILK - PRODUCTION, MEASURED IN LB",LB,"53,000,000"
2023,MONTHLY,JUL THRU SEP,NEW HAMPSHIRE,NH,33,"MILK - PRODUCTION, MEASURED IN LB",LB,"51,000,000"
2023,MONTHLY,OCT THRU DEC,NEW HAMPSHIRE,NH,33,"MILK - PRODUCTION, MEASURED IN LB",LB,"50,000,000"
2023,MONTHLY,APR THRU JUN,NEW JERSEY,NJ,34,"MILK - PRODUCTION, MEASURED IN LB",LB,"22,000,000"
2023,MONTHLY,JAN THRU MAR,NEW JERSEY,NJ,34,"MILK - PRODUCTION, MEASURED IN LB",LB,"22,000,000"
2023,MONTHLY,JUL THRU SEP,NEW JERSEY,NJ,34,"MILK - PRODUCTION, MEASURED IN LB",LB,"21,000,000"
2023,MONTHLY,OCT THRU DEC,NEW JERSEY,NJ,34,"MILK - PRODUCTION, MEASURED IN LB",LB,"21,000,000"
2023,MONTHLY,APR,NEW MEXICO,NM,35,"MILK - PRODUCTION, MEASURED IN LB",LB,"602,000,000"
2023,MONTHLY,APR THRU JUN,NEW MEXICO,NM,35,"MILK - PRODUCTION, MEASURED IN LB",LB,"1,757,000,000"
2023,MONTHLY,AUG,NEW MEXICO,NM,35,"MILK - PRODUCTION, MEASURED IN LB",LB,"541,000,000"
2023,MONTHLY,DEC,NEW MEXICO,NM,35,"MILK - PRODUCTION, MEASURED IN LB",LB,"511,000,000"
2023,MONTHLY,FEB,NEW MEXICO,NM,35,"MILK - PRODUCTION, MEASURED IN LB",LB,"547,000,000"
2023,MONTHLY,JAN,NEW MEXICO,NM,35,"MILK - PRODUCTION, MEASURED IN LB",LB,"608,000,000"
2023,MONTHLY,JAN THRU MAR,NEW MEXICO,NM,35,"MILK - PRODUCTION, MEASURED IN LB",LB,"1,779,000,000"
2023,MONTHLY,JUL,NEW MEXICO,NM,35,"MILK - PRODUCTION, MEASURED IN LB",LB,"539,000,000"
2023,MONTHLY,JUL THRU SEP,NEW MEXICO,NM,35,"MILK - PRODUCTION, MEASURED IN LB",LB,"1,599,000,000"
2023,MONTHLY,JUN,NEW MEXICO,NM,35,"MILK - PRODUCTION, MEASURED IN LB",LB,"550,000,000"
2023,MONTHLY,MAR,NEW MEXICO,NM,35,"MILK - PRODUCTION, MEASURED IN LB",LB,"624,000,000"
2023,MONTHLY,MAY,NEW MEXICO,NM,35,"MILK - PRODUCTION, MEASURED IN LB",LB,"605,000,000"
2023,MONTHLY,NOV,NEW MEXICO,NM,35,"MILK - PRODUCTION, MEASURED IN LB",LB,"497,000,000"
2023,MONTHLY,OCT,NEW MEXICO,NM,35,"MILK - PRODUCTION, MEASURED IN LB",LB,"520,000,000"
2023,MONTHLY,OCT THRU DEC,NEW MEXICO,NM,35,"MILK - PRODUCTION, MEASURED IN LB",LB,"1,528,000,000"
2023,MONTHLY,SEP,NEW MEXICO,NM,35,"MILK - PRODUCTION, MEASURED IN LB",LB,"519,000,000"
2023,MONTHLY,APR THRU JUN,NEVADA,NV,32,"MILK - PRODUCTION, MEASURED IN LB",LB,"198,000,000"
2023,MONTHLY,JAN THRU MAR,NEVADA,NV,32,"MILK - PRODUCTION, MEASURED IN LB",LB,"184,000,000"
2023,MONTHLY,JUL THRU SEP,NEVADA,NV,32,"MILK - PRODUCTION, MEASURED IN LB",LB,"191,000,000"
2023,MONTHLY,OCT THRU DEC,NEVADA,NV,32,"MILK - PRODUCTION, MEASURED IN LB",LB,"188,000,000"
2023,MONTHLY,APR,NEW YORK,NY,36,"MILK - PRODUCTION, MEASURED IN LB",LB,"1,342,000,000"
2023,MONTHLY,APR THRU JUN,NEW YORK,NY,36,"MILK - PRODUCTION, MEASURED IN LB",LB,"4,105,000,000"
2023,MONTHLY,AUG,NEW YORK,NY,36,"MILK - PRODUCTION, MEASURED IN LB",LB,"1,377,000,000"
2023,MONTHLY,DEC,NEW YORK,NY,36,"MILK - PRODUCTION, MEASURED IN LB",LB,"1,329,000,000"
2023,MONTHLY,FEB,NEW YORK,NY,36,"MILK - PRODUCTION, MEASURED IN LB",LB,"1,229,000,000"
2023,MONTHLY,JAN,NEW YORK,NY,36,"MILK - PRODUCTION, MEASURED IN LB",LB,"1,345,000,000"
2023,MONTHLY,JAN THRU MAR,NEW YORK,NY,36,"MILK - PRODUCTION, MEASURED IN LB",LB,"3,941,000,000"
2023,MONTHLY,JUL,NEW YORK,NY,36,"MILK - PRODUCTION, MEASURED IN LB",LB,"1,380,000,000"
2023,MONTHLY,JUL THRU SEP,NEW YORK,NY,36,"MILK - PRODUCTION, MEASURED IN LB",LB,"4,061,000,000"
2023,MONTHLY,JUN,NEW YORK,NY,36,"MILK - PRODUCTION, MEASURED IN LB",LB,"1,358,000,000"
2023,MONTHLY,MAR,NEW YORK,NY,36,"MILK - PRODUCTION, MEASURED IN LB",LB,"1,367,000,000"
2023,MONTHLY,MAY,NEW YORK,NY,36,"MILK - PRODUCTION, MEASURED IN LB",LB,"1,405,000,000"
2023,MONTHLY,NOV,NEW YORK,NY,36,"MILK - PRODUCTION, MEASURED IN LB",LB,"1,285,000,000"
2023,MONTHLY,OCT,NEW YORK,NY,36,"MILK - PRODUCTION, MEASURED IN LB",LB,"1,339,000,000"
2023,MONTHLY,OCT THRU DEC,NEW YORK,NY,36,"MILK - PRODUCTION, MEASURED IN LB",LB,"3,953,000,000"
2023,MONTHLY,SEP,NEW YORK,NY,36,"MILK - PRODUCTION, MEASURED IN LB",LB,"1,304,000,000"
2023,MONTHLY,APR,OHIO,OH,39,"MILK - PRODUCTION, MEASURED IN LB",LB,"473,000,000"
2023,MONTHLY,APR THRU JUN,OHIO,OH,39,"MILK - PRODUCTION, MEASURED IN LB",LB,"1,436,000,000"
2023,MONTHLY,AUG,OHIO,OH,39,"MILK - PRODUCTION, MEASURED IN LB",LB,"478,000,000"
2023,MONTHLY,DEC,OHIO,OH,39,"MILK - PRODUCTION, MEASURED IN LB",LB,"477,000,000"
2023,MONTHLY,FEB,OHIO,OH,39,"MILK - PRODUCTION, MEASURED IN LB",LB,"436,000,000"
2023,MONTHLY,JAN,OHIO,OH,39,"MILK - PRODUCTION, MEASURED IN LB",LB,"473,000,000"
2023,MONTHLY,JAN THRU MAR,OHIO,OH,39,"MILK - PRODUCTION, MEASURED IN LB",LB,"1,399,000,000"
2023,MONTHLY,JUL,OHIO,OH,39,"MILK - PRODUCTION, MEASURED IN LB",LB,"481,000,000"
2023,MONTHLY,JUL THRU SEP,OHIO,OH,39,"MILK - PRODUCTION, MEASURED IN LB",LB,"1,417,000,000"
2023,MONTHLY,JUN,OHIO,OH,39,"MILK - PRODUCTION, MEASURED IN LB",LB,"473,000,000"
2023,MONTHLY,MAR,OHIO,OH,39,"MILK - PRODUCTION, MEASURED IN LB",LB,"490,000,000"
2023,MONTHLY,MAY,OHIO,OH,39,"MILK - PRODUCTION, MEASURED IN LB",LB,"490,000,000"
2023,MONTHLY,NOV,OHIO,OH,39,"MILK - PRODUCTION, MEASURED IN LB",LB,"459,000,000"
2023,MONTHLY,OCT,OHIO,OH,39,"MILK - PRODUCTION, MEASURED IN LB",LB,"470,000,000"
2023,MONTHLY,OCT THRU DEC,OHIO,OH,39,"MILK - PRODUCTION, MEASURED IN LB",LB,"1,406,000,000"
2023,MONTHLY,SEP,OHIO,OH,39,"MILK - PRODUCTION, MEASURED IN LB",LB,"458,000,000"
2023,MONTHLY,APR THRU JUN,OKLAHOMA,OK,40,"MILK - PRODUCTION, MEASURED IN LB",LB,"179,000,000"
2023,MONTHLY,JAN THRU MAR,OKLAHOMA,OK,40,"MILK - PRODUCTION, MEASURED IN LB",LB,"195,000,000"
2023,MONTHLY,JUL THRU SEP,OKLAHOMA,OK,40,"MILK - PRODUCTION, MEASURED IN LB",LB,"149,000,000"
2023,MONTHLY,OCT THRU DEC,OKLAHOMA,OK,40,"MILK - PRODUCTION, MEASURED IN LB",LB,"167,000,000"
2023,MONTHLY,APR,OREGON,OR,41,"MILK - PRODUCTION, MEASURED IN LB",LB,"221,000,000"
2023,MONTHLY,APR THRU JUN,OREGON,OR,41,"MILK - PRODUCTION, MEASURED IN LB",LB,"655,000,000"
2023,MONTHLY,AUG,OREGON,OR,41,"MILK - PRODUCTION, MEASURED IN LB",LB,"213,000,000"
2023,MONTHLY,DEC,OREGON,OR,41,"MILK - PRODUCTION, MEASURED IN LB",LB,"207,000,000"
2023,MONTHLY,FEB,OREGON,OR,41,"MILK - PRODUCTION, MEASURED IN LB",LB,"201,000,000"
2023,MONTHLY,JAN,OREGON,OR,41,"MILK - PRODUCTION, MEASURED IN LB",LB,"218,000,000"
2023,MONTHLY,JAN THRU MAR,OREGON,OR,41,"MILK - PRODUCTION, MEASURED IN LB",LB,"648,000,000"
2023,MONTHLY,JUL,OREGON,OR,41,"MILK - PRODUCTION, MEASURED IN LB",LB,"216,000,000"
2023,MONTHLY,JUL THRU SEP,OREGON,OR,41,"MILK - PRODUCTION, MEASURED IN LB",LB,"635,000,000"
2023,MONTHLY,JUN,OREGON,OR,41,"MILK - PRODUCTION, MEASURED IN LB",LB,"211,000,000"
2023,MONTHLY,MAR,OREGON,OR,41,"MILK - PRODUCTION, MEASURED IN LB",LB,"229,000,000"
2023,MONTHLY,MAY,OREGON,OR,41,"MILK - PRODUCTION, MEASURED IN LB",LB,"223,000,000"
2023,MONTHLY,NOV,OREGON,OR,41,"MILK - PRODUCTION, MEASURED IN LB",LB,"201,000,000"
2023,MONTHLY,OCT,OREGON,OR,41,"MILK - PRODUCTION, MEASURED IN LB",LB,"208,000,000"
2023,MONTHLY,OCT THRU DEC,OREGON,OR,41,"MILK - PRODUCTION, MEASURED IN LB",LB,"616,000,000"
2023,MONTHLY,SEP,OREGON,OR,41,"MILK - PRODUCTION, MEASURED IN LB",LB,"206,000,000"
2023,MONTHLY,APR THRU JUN,OTHER STATES,OT,98,"MILK - PRODUCTION, MEASURED IN LB",LB,"1,800,000"
2023,MONTHLY,JAN THRU MAR,OTHER STATES,OT,98,"MILK - PRODUCTION, MEASURED IN LB",LB,"1,500,000"
2023,MONTHLY,JUL THRU SEP,OTHER STATES,OT,98,"MILK - PRODUCTION, MEASURED IN LB",LB,"1,700,000"
2023,MONTHLY,OCT THRU DEC,OTHER STATES,OT,98,"MILK - PRODUCTION, MEASURED IN LB",LB,"1,700,000"
2023,MONTHLY,APR,PENNSYLVANIA,PA,42,"MILK - PRODUCTION, MEASURED IN LB",LB,"855,000,000"
2023,MONTHLY,APR THRU JUN,PENNSYLVANIA,PA,42,"MILK - PRODUCTION, MEASURED IN LB",LB,"2,544,000,000"
2023,MONTHLY,AUG,PENNSYLVANIA,PA,42,"MILK - PRODUCTION, MEASURED IN LB",LB,"818,000,000"
2023,MONTHLY,DEC,PENNSYLVANIA,PA,42,"MILK - PRODUCTION, MEASURED IN LB",LB,"821,000,000"
2023,MONTHLY,FEB,PENNSYLVANIA,PA,42,"MILK - PRODUCTION, MEASURED IN LB",LB,"781,000,000"
2023,MONTHLY,JAN,PENNSYLVANIA,PA,42,"MILK - PRODUCTION, MEASURED IN LB",LB,"848,000,000"
2023,MONTHLY,JAN THRU MAR,PENNSYLVANIA,PA,42,"MILK - PRODUCTION, MEASURED IN LB",LB,"2,500,000,000"
2023,MONTHLY,JUL,PENNSYLVANIA,PA,42,"MILK - PRODUCTION, MEASURED IN LB",LB,"818,000,000"
2023,MONTHLY,JUL THRU SEP,PENNSYLVANIA,PA,42,"MILK - PRODUCTION, MEASURED IN LB",LB,"2,414,000,000"
2023,MONTHLY,JUN,PENNSYLVANIA,PA,42,"MILK - PRODUCTION, MEASURED IN LB",LB,"825,000,000"
2023,MONTHLY,MAR,PENNSYLVANIA,PA,42,"MILK - PRODUCTION, MEASURED IN LB",LB,"871,000,000"
2023,MONTHLY,MAY,PENNSYLVANIA,PA,42,"MILK - PRODUCTION, MEASURED IN LB",LB,"864,000,000"
2023,MONTHLY,NOV,PENNSYLVANIA,PA,42,"MILK - PRODUCTION, MEASURED IN LB",LB,"783,000,000"
2023,MONTHLY,OCT,PENNSYLVANIA,PA,42,"MILK - PRODUCTION, MEASURED IN LB",LB,"797,000,000"
2023,MONTHLY,OCT THRU DEC,PENNSYLVANIA,PA,42,"MILK - PRODUCTION, MEASURED IN LB",LB,"2,401,000,000"
2023,MONTHLY,SEP,PENNSYLVANIA,PA,42,"MILK - PRODUCTION, MEASURED IN LB",LB,"778,000,000"
2023,MONTHLY,APR THRU JUN,RHODE ISLAND,RI,44,"MILK - PRODUCTION, MEASURED IN LB",LB,"2,500,000"
2023,MONTHLY,JAN THRU MAR,RHODE ISLAND,RI,44,"MILK - PRODUCTION, MEASURED IN LB",LB,"2,400,000"
2023,MONTHLY,JUL THRU SEP,RHODE ISLAND,RI,44,"MILK - PRODUCTION, MEASURED IN LB",LB,"2,400,000"
2023,MONTHLY,OCT THRU DEC,RHODE ISLAND,RI,44,"MILK - PRODUCTION, MEASURED IN LB",LB,"2,300,000"
2023,MONTHLY,APR THRU JUN,SOUTH CAROLINA,SC,45,"MILK - PRODUCTION, MEASURED IN LB",LB,"40,000,000"
2023,MONTHLY,JAN THRU MAR,SOUTH CAROLINA,SC,45,"MILK - PRODUCTION, MEASURED IN LB",LB,"41,000,000"
2023,MONTHLY,JUL THRU SEP,SOUTH CAROLINA,SC,45,"MILK - PRODUCTION, MEASURED IN LB",LB,"32,000,000"
2023,MONTHLY,OCT THRU DEC,SOUTH CAROLINA,SC,45,"MILK - PRODUCTION, MEASURED IN LB",LB,"35,000,000"
2023,MONTHLY,APR,SOUTH DAKOTA,SD,46,"MILK - PRODUCTION, MEASURED IN LB",LB,"358,000,000"
2023,MONTHLY,APR THRU JUN,SOUTH DAKOTA,SD,46,"MILK - PRODUCTION, MEASURED IN LB",LB,"1,114,000,000"
2023,MONTHLY,AUG,SOUTH DAKOTA,SD,46,"MILK - PRODUCTION, MEASURED IN LB",LB,"389,000,000"
2023,MONTHLY,DEC,SOUTH DAKOTA,SD,46,"MILK - PRODUCTION, MEASURED IN LB",LB,"392,000,000"
2023,MONTHLY,FEB,SOUTH DAKOTA,SD,46,"MILK - PRODUCTION, MEASURED IN LB",LB,"331,000,000"
2023,MONTHLY,JAN,SOUTH DAKOTA,SD,46,"MILK - PRODUCTION, MEASURED IN LB",LB,"360,000,000"
2023,MONTHLY,JAN THRU MAR,SOUTH DAKOTA,SD,46,"MILK - PRODUCTION, MEASURED IN LB",LB,"1,058,000,000"
2023,MONTHLY,JUL,SOUTH DAKOTA,SD,46,"MILK - PRODUCTION, MEASURED IN LB",LB,"391,000,000"
2023,MONTHLY,JUL THRU SEP,SOUTH DAKOTA,SD,46,"MILK - PRODUCTION, MEASURED IN LB",LB,"1,161,000,000"
2023,MONTHLY,JUN,SOUTH DAKOTA,SD,46,"MILK - PRODUCTION, MEASURED IN LB",LB,"375,000,000"
2023,MONTHLY,MAR,SOUTH DAKOTA,SD,46,"MILK - PRODUCTION, MEASURED IN LB",LB,"367,000,000"
2023,MONTHLY,MAY,SOUTH DAKOTA,SD,46,"MILK - PRODUCTION, MEASURED IN LB",LB,"381,000,000"
2023,MONTHLY,NOV,SOUTH DAKOTA,SD,46,"MILK - PRODUCTION, MEASURED IN LB",LB,"376,000,000"
2023,MONTHLY,OCT,SOUTH DAKOTA,SD,46,"MILK - PRODUCTION, MEASURED IN LB",LB,"387,000,000"
2023,MONTHLY,OCT THRU DEC,SOUTH DAKOTA,SD,46,"MILK - PRODUCTION, MEASURED IN LB",LB,"1,155,000,000"
2023,MONTHLY,SEP,SOUTH DAKOTA,SD,46,"MILK - PRODUCTION, MEASURED IN LB",LB,"381,000,000"
2023,MONTHLY,APR THRU JUN,TENNESSEE,TN,47,"MILK - PRODUCTION, MEASURED IN LB",LB,"119,000,000"
2023,MONTHLY,JAN THRU MAR,TENNESSEE,TN,47,"MILK - PRODUCTION, MEASURED IN LB",LB,"123,000,000"
2023,MONTHLY,JUL THRU SEP,TENNESSEE,TN,47,"MILK - PRODUCTION, MEASURED IN LB",LB,"111,000,000"
2023,MONTHLY,OCT THRU DEC,TENNESSEE,TN,47,"MILK - PRODUCTION, MEASURED IN LB",LB,"114,000,000"
2023,MONTHLY,APR,TEXAS,TX,48,"MILK - PRODUCTION, MEASURED IN LB",LB,"1,413,000,000"
2023,MONTHLY,APR THRU JUN,TEXAS,TX,48,"MILK - PRODUCTION, MEASURED IN LB",LB,"4,188,000,000"
2023,MONTHLY,AUG,TEXAS,TX,48,"MILK - PRODUCTION, MEASURED IN LB",LB,"1,340,000,000"
2023,MONTHLY,DEC,TEXAS,TX,48,"MILK - PRODUCTION, MEASURED IN LB",LB,"1,378,000,000"
2023,MONTHLY,FEB,TEXAS,TX,48,"MILK - PRODUCTION, MEASURED IN LB",LB,"1,326,000,000"
2023,MONTHLY,JAN,TEXAS,TX,48,"MILK - PRODUCTION, MEASURED IN LB",LB,"1,450,000,000"
2023,MONTHLY,JAN THRU MAR,TEXAS,TX,48,"MILK - PRODUCTION, MEASURED IN LB",LB,"4,281,000,000"
2023,MONTHLY,JUL,TEXAS,TX,48,"MILK - PRODUCTION, MEASURED IN LB",LB,"1,340,000,000"
2023,MONTHLY,JUL THRU SEP,TEXAS,TX,48,"MILK - PRODUCTION, MEASURED IN LB",LB,"4,010,000,000"
2023,MONTHLY,JUN,TEXAS,TX,48,"MILK - PRODUCTION, MEASURED IN LB",LB,"1,330,000,000"
2023,MONTHLY,MAR,TEXAS,TX,48,"MILK - PRODUCTION, MEASURED IN LB",LB,"1,505,000,000"
2023,MONTHLY,MAY,TEXAS,TX,48,"MILK - PRODUCTION, MEASURED IN LB",LB,"1,445,000,000"
2023,MONTHLY,NOV,TEXAS,TX,48,"MILK - PRODUCTION, MEASURED IN LB",LB,"1,327,000,000"
2023,MONTHLY,OCT,TEXAS,TX,48,"MILK - PRODUCTION, MEASURED IN LB",LB,"1,381,000,000"
2023,MONTHLY,OCT THRU DEC,TEXAS,TX,48,"MILK - PRODUCTION, MEASURED IN LB",LB,"4,086,000,000"
2023,MONTHLY,SEP,TEXAS,TX,48,"MILK - PRODUCTION, MEASURED IN LB",LB,"1,330,000,000"
2023,MONTHLY,APR,US TOTAL,US,99,"MILK - PRODUCTION, MEASURED IN LB",LB,"19,207,000,000"
2023,MONTHLY,APR THRU JUN,US TOTAL,US,99,"MILK - PRODUCTION, MEASURED IN LB",LB,"58,012,000,000"
2023,MONTHLY,AUG,US TOTAL,US,99,"MILK - PRODUCTION, MEASURED IN LB",LB,"18,817,000,000"
2023,MONTHLY,DEC,US TOTAL,US,99,"MILK - PRODUCTION, MEASURED IN LB",LB,"18,803,000,000"
2023,MONTHLY,FEB,US TOTAL,US,99,"MILK - PRODUCTION, MEASURED IN LB",LB,"17,723,000,000"
2023,MONTHLY,JAN,US TOTAL,US,99,"MILK - PRODUCTION, MEASURED IN LB",LB,"19,318,000,000"
2023,MONTHLY,JAN THRU MAR,US TOTAL,US,99,"MILK - PRODUCTION, MEASURED IN LB",LB,"56,856,000,000"
2023,MONTHLY,JUL,US TOTAL,US,99,"MILK - PRODUCTION, MEASURED IN LB",LB,"18,977,000,000"
2023,MONTHLY,JUL THRU SEP,US TOTAL,US,99,"MILK - PRODUCTION, MEASURED IN LB",LB,"55,965,000,000"
2023,MONTHLY,JUN,US TOTAL,US,99,"MILK - PRODUCTION, MEASURED IN LB",LB,"18,949,000,000"
2023,MONTHLY,MAR,US TOTAL,US,99,"MILK - PRODUCTION, MEASURED IN LB",LB,"19,815,000,000"
2023,MONTHLY,MAY,US TOTAL,US,99,"MILK - PRODUCTION, MEASURED IN LB",LB,"19,856,000,000"
2023,MONTHLY,NOV,US TOTAL,US,99,"MILK - PRODUCTION, MEASURED IN LB",LB,"18,042,000,000"
2023,MONTHLY,OCT,US TOTAL,US,99,"MILK - PRODUCTION, MEASURED IN LB",LB,"18,633,000,000"
2023,MONTHLY,OCT THRU DEC,US TOTAL,US,99,"MILK - PRODUCTION, MEASURED IN LB",LB,"55,478,000,000"
2023,MONTHLY,SEP,US TOTAL,US,99,"MILK - PRODUCTION, MEASURED IN LB",LB,"18,171,000,000"
2023,MONTHLY,APR,UTAH,UT,49,"MILK - PRODUCTION, MEASURED IN LB",LB,"174,000,000"
2023,MONTHLY,APR THRU JUN,UTAH,UT,49,"MILK - PRODUCTION, MEASURED IN LB",LB,"539,000,000"
2023,MONTHLY,AUG,UTAH,UT,49,"MILK - PRODUCTION, MEASURED IN LB",LB,"178,000,000"
2023,MONTHLY,DEC,UTAH,UT,49,"MILK - PRODUCTION, MEASURED IN LB",LB,"171,000,000"
2023,MONTHLY,FEB,UTAH,UT,49,"MILK - PRODUCTION, MEASURED IN LB",LB,"159,000,000"
2023,MONTHLY,JAN,UTAH,UT,49,"MILK - PRODUCTION, MEASURED IN LB",LB,"177,000,000"
2023,MONTHLY,JAN THRU MAR,UTAH,UT,49,"MILK - PRODUCTION, MEASURED IN LB",LB,"512,000,000"
2023,MONTHLY,JUL,UTAH,UT,49,"MILK - PRODUCTION, MEASURED IN LB",LB,"182,000,000"
2023,MONTHLY,JUL THRU SEP,UTAH,UT,49,"MILK - PRODUCTION, MEASURED IN LB",LB,"528,000,000"
2023,MONTHLY,JUN,UTAH,UT,49,"MILK - PRODUCTION, MEASURED IN LB",LB,"180,000,000"
2023,MONTHLY,MAR,UTAH,UT,49,"MILK - PRODUCTION, MEASURED IN LB",LB,"176,000,000"
2023,MONTHLY,MAY,UTAH,UT,49,"MILK - PRODUCTION, MEASURED IN LB",LB,"185,000,000"
2023,MONTHLY,NOV,UTAH,UT,49,"MILK - PRODUCTION, MEASURED IN LB",LB,"165,000,000"
2023,MONTHLY,OCT,UTAH,UT,49,"MILK - PRODUCTION, MEASURED IN LB",LB,"171,000,000"
2023,MONTHLY,OCT THRU DEC,UTAH,UT,49,"MILK - PRODUCTION, MEASURED IN LB",LB,"507,000,000"
2023,MONTHLY,SEP,UTAH,UT,49,"MILK - PRODUCTION, MEASURED IN LB",LB,"168,000,000"
2023,MONTHLY,APR,VIRGINIA,VA,51,"MILK - PRODUCTION, MEASURED IN LB",LB,"121,000,000"
2023,MONTHLY,APR THRU JUN,VIRGINIA,VA,51,"MILK - PRODUCTION, MEASURED IN LB",LB,"362,000,000"
2023,MONTHLY,AUG,VIRGINIA,VA,51,"MILK - PRODUCTION, MEASURED IN LB",LB,"118,000,000"
2023,MONTHLY,DEC,VIRGINIA,VA,51,"MILK - PRODUCTION, MEASURED IN LB",LB,"119,000,000"
2023,MONTHLY,FEB,VIRGINIA,VA,51,"MILK - PRODUCTION, MEASURED IN LB",LB,"112,000,000"
2023,MONTHLY,JAN,VIRGINIA,VA,51,"MILK - PRODUCTION, MEASURED IN LB",LB,"121,000,000"
2023,MONTHLY,JAN THRU MAR,VIRGINIA,VA,51,"MILK - PRODUCTION, MEASURED IN LB",LB,"358,000,000"
2023,MONTHLY,JUL,VIRGINIA,VA,51,"MILK - PRODUCTION, MEASURED IN LB",LB,"118,000,000"
2023,MONTHLY,JUL THRU SEP,VIRGINIA,VA,51,"MILK - PRODUCTION, MEASURED IN LB",LB,"350,000,000"
2023,MONTHLY,JUN,VIRGINIA,VA,51,"MILK - PRODUCTION, MEASURED IN LB",LB,"117,000,000"
2023,MONTHLY,MAR,VIRGINIA,VA,51,"MILK - PRODUCTION, MEASURED IN LB",LB,"125,000,000"
2023,MONTHLY,MAY,VIRGINIA,VA,51,"MILK - PRODUCTION, MEASURED IN LB",LB,"124,000,000"
2023,MONTHLY,NOV,VIRGINIA,VA,51,"MILK - PRODUCTION, MEASURED IN LB",LB,"114,000,000"
2023,MONTHLY,OCT,VIRGINIA,VA,51,"MILK - PRODUCTION, MEASURED IN LB",LB,"117,000,000"
2023,MONTHLY,OCT THRU DEC,VIRGINIA,VA,51,"MILK - PRODUCTION, MEASURED IN LB",LB,"350,000,000"
2023,MONTHLY,SEP,VIRGINIA,VA,51,"MILK - PRODUCTION, MEASURED IN LB",LB,"114,000,000"
2023,MONTHLY,APR,VERMONT,VT,50,"MILK - PRODUCTION, MEASURED IN LB",LB,"215,000,000"
2023,MONTHLY,APR THRU JUN,VERMONT,VT,50,"MILK - PRODUCTION, MEASURED IN LB",LB,"649,000,000"
2023,MONTHLY,AUG,VERMONT,VT,50,"MILK - PRODUCTION, MEASURED IN LB",LB,"216,000,000"
2023,MONTHLY,DEC,VERMONT,VT,50,"MILK - PRODUCTION, MEASURED IN LB",LB,"209,000,000"
2023,MONTHLY,FEB,VERMONT,VT,50,"MILK - PRODUCTION, MEASURED IN LB",LB,"196,000,000"
2023,MONTHLY,JAN,VERMONT,VT,50,"MILK - PRODUCTION, MEASURED IN LB",LB,"219,000,000"
2023,MONTHLY,JAN THRU MAR,VERMONT,VT,50,"MILK - PRODUCTION, MEASURED IN LB",LB,"634,000,000"
2023,MONTHLY,JUL,VERMONT,VT,50,"MILK - PRODUCTION, MEASURED IN LB",LB,"215,000,000"
2023,MONTHLY,JUL THRU SEP,VERMONT,VT,50,"MILK - PRODUCTION, MEASURED IN LB",LB,"634,000,000"
2023,MONTHLY,JUN,VERMONT,VT,50,"MILK - PRODUCTION, MEASURED IN LB",LB,"211,000,000"
2023,MONTHLY,MAR,VERMONT,VT,50,"MILK - PRODUCTION, MEASURED IN LB",LB,"219,000,000"
2023,MONTHLY,MAY,VERMONT,VT,50,"MILK - PRODUCTION, MEASURED IN LB",LB,"223,000,000"
2023,MONTHLY,NOV,VERMONT,VT,50,"MILK - PRODUCTION, MEASURED IN LB",LB,"201,000,000"
2023,MONTHLY,OCT,VERMONT,VT,50,"MILK - PRODUCTION, MEASURED IN LB",LB,"209,000,000"
2023,MONTHLY,OCT THRU DEC,VERMONT,VT,50,"MILK - PRODUCTION, MEASURED IN LB",LB,"619,000,000"
2023,MONTHLY,SEP,VERMONT,VT,50,"MILK - PRODUCTION, MEASURED IN LB",LB,"203,000,000"
2023,MONTHLY,APR,WASHINGTON,WA,53,"MILK - PRODUCTION, MEASURED IN LB",LB,"531,000,000"
2023,MONTHLY,APR THRU JUN,WASHINGTON,WA,53,"MILK - PRODUCTION, MEASURED IN LB",LB,"1,591,000,000"
2023,MONTHLY,AUG,WASHINGTON,WA,53,"MILK - PRODUCTION, MEASURED IN LB",LB,"527,000,000"
2023,MONTHLY,DEC,WASHINGTON,WA,53,"MILK - PRODUCTION, MEASURED IN LB",LB,"519,000,000"
2023,MONTHLY,FEB,WASHINGTON,WA,53,"MILK - PRODUCTION, MEASURED IN LB",LB,"479,000,000"
2023,MONTHLY,JAN,WASHINGTON,WA,53,"MILK - PRODUCTION, MEASURED IN LB",LB,"518,000,000"
2023,MONTHLY,JAN THRU MAR,WASHINGTON,WA,53,"MILK - PRODUCTION, MEASURED IN LB",LB,"1,538,000,000"
2023,MONTHLY,JUL,WASHINGTON,WA,53,"MILK - PRODUCTION, MEASURED IN LB",LB,"527,000,000"
2023,MONTHLY,JUL THRU SEP,WASHINGTON,WA,53,"MILK - PRODUCTION, MEASURED IN LB",LB,"1,567,000,000"
2023,MONTHLY,JUN,WASHINGTON,WA,53,"MILK - PRODUCTION, MEASURED IN LB",LB,"519,000,000"
2023,MONTHLY,MAR,WASHINGTON,WA,53,"MILK - PRODUCTION, MEASURED IN LB",LB,"541,000,000"
2023,MONTHLY,MAY,WASHINGTON,WA,53,"MILK - PRODUCTION, MEASURED IN LB",LB,"541,000,000"
2023,MONTHLY,NOV,WASHINGTON,WA,53,"MILK - PRODUCTION, MEASURED IN LB",LB,"495,000,000"
2023,MONTHLY,OCT,WASHINGTON,WA,53,"MILK - PRODUCTION, MEASURED IN LB",LB,"517,000,000"
2023,MONTHLY,OCT THRU DEC,WASHINGTON,WA,53,"MILK - PRODUCTION, MEASURED IN LB",LB,"1,531,000,000"
2023,MONTHLY,SEP,WASHINGTON,WA,53,"MILK - PRODUCTION, MEASURED IN LB",LB,"513,000,000"
2023,MONTHLY,APR,WISCONSIN,WI,55,"MILK - PRODUCTION, MEASURED IN LB",LB,"2,656,000,000"
2023,MONTHLY,APR THRU JUN,WISCONSIN,WI,55,"MILK - PRODUCTION, MEASURED IN LB",LB,"8,134,000,000"
2023,MONTHLY,AUG,WISCONSIN,WI,55,"MILK - PRODUCTION, MEASURED IN LB",LB,"2,735,000,000"
2023,MONTHLY,DEC,WISCONSIN,WI,55,"MILK - PRODUCTION, MEASURED IN LB",LB,"2,686,000,000"
2023,MONTHLY,FEB,WISCONSIN,WI,55,"MILK - PRODUCTION, MEASURED IN LB",LB,"2,457,000,000"
2023,MONTHLY,JAN,WISCONSIN,WI,55,"MILK - PRODUCTION, MEASURED IN LB",LB,"2,699,000,000"
2023,MONTHLY,JAN THRU MAR,WISCONSIN,WI,55,"MILK - PRODUCTION, MEASURED IN LB",LB,"7,891,000,000"
2023,MONTHLY,JUL,WISCONSIN,WI,55,"MILK - PRODUCTION, MEASURED IN LB",LB,"2,766,000,000"
2023,MONTHLY,JUL THRU SEP,WISCONSIN,WI,55,"MILK - PRODUCTION, MEASURED IN LB",LB,"8,136,000,000"
2023,MONTHLY,JUN,WISCONSIN,WI,55,"MILK - PRODUCTION, MEASURED IN LB",LB,"2,703,000,000"
2023,MONTHLY,MAR,WISCONSIN,WI,55,"MILK - PRODUCTION, MEASURED IN LB",LB,"2,735,000,000"
2023,MONTHLY,MAY,WISCONSIN,WI,55,"MILK - PRODUCTION, MEASURED IN LB",LB,"2,775,000,000"
2023,MONTHLY,NOV,WISCONSIN,WI,55,"MILK - PRODUCTION, MEASURED IN LB",LB,"2,584,000,000"
2023,MONTHLY,OCT,WISCONSIN,WI,55,"MILK - PRODUCTION, MEASURED IN LB",LB,"2,692,000,000"
2023,MONTHLY,OCT THRU DEC,WISCONSIN,WI,55,"MILK - PRODUCTION, MEASURED IN LB",LB,"7,962,000,000"
2023,MONTHLY,SEP,WISCONSIN,WI,55,"MILK - PRODUCTION, MEASURED IN LB",LB,"2,635,000,000"
2023,MONTHLY,APR THRU JUN,WEST VIRGINIA,WV,54,"MILK - PRODUCTION, MEASURED IN LB",LB,"17,000,000"
2023,MONTHLY,JAN THRU MAR,WEST VIRGINIA,WV,54,"MILK - PRODUCTION, MEASURED IN LB",LB,"17,000,000"
2023,MONTHLY,JUL THRU SEP,WEST VIRGINIA,WV,54,"MILK - PRODUCTION, MEASURED IN LB",LB,"16,500,000"
2023,MONTHLY,OCT THRU DEC,WEST VIRGINIA,WV,54,"MILK - PRODUCTION, MEASURED IN LB",LB,"16,500,000"
2023,MONTHLY,APR THRU JUN,WYOMING,WY,56,"MILK - PRODUCTION, MEASURED IN LB",LB,"60,800,000"
2023,MONTHLY,JAN THRU MAR,WYOMING,WY,56,"MILK - PRODUCTION, MEASURED IN LB",LB,"58,600,000"
2023,MONTHLY,JUL THRU SEP,WYOMING,WY,56,"MILK - PRODUCTION, MEASURED IN LB",LB,"62,500,000"
2023,MONTHLY,OCT THRU DEC,WYOMING,WY,56,"MILK - PRODUCTION, MEASURED IN LB",LB,"62,000,000"
2024,MONTHLY,APR THRU JUN,ALABAMA,AL,01,"MILK - PRODUCTION, MEASURED IN LB",LB,"7,500,000"
2024,MONTHLY,JAN THRU MAR,ALABAMA,AL,01,"MILK - PRODUCTION, MEASURED IN LB",LB,"8,500,000"
2024,MONTHLY,JUL THRU SEP,ALABAMA,AL,01,"MILK - PRODUCTION, MEASURED IN LB",LB,"5,500,000"
2024,MONTHLY,OCT THRU DEC,ALABAMA,AL,01,"MILK - PRODUCTION, MEASURED IN LB",LB,"6,500,000"
2024,MONTHLY,APR THRU JUN,ARKANSAS,AR,05,"MILK - PRODUCTION, MEASURED IN LB",LB,"7,000,000"
2024,MONTHLY,JAN THRU MAR,ARKANSAS,AR,05,"MILK - PRODUCTION, MEASURED IN LB",LB,"7,500,000"
2024,MONTHLY,JUL THRU SEP,ARKANSAS,AR,05,"MILK - PRODUCTION, MEASURED IN LB",LB,"6,000,000"
2024,MONTHLY,OCT THRU DEC,ARKANSAS,AR,05,"MILK - PRODUCTION, MEASURED IN LB",LB,"5,500,000"
2024,MONTHLY,APR,ARIZONA,AZ,04,"MILK - PRODUCTION, MEASURED IN LB",LB,"421,000,000"
2024,MONTHLY,APR THRU JUN,ARIZONA,AZ,04,"MILK - PRODUCTION, MEASURED IN LB",LB,"1,224,000,000"
2024,MONTHLY,AUG,ARIZONA,AZ,04,"MILK - PRODUCTION, MEASURED IN LB",LB,"357,000,000"
2024,MONTHLY,DEC,ARIZONA,AZ,04,"MILK - PRODUCTION, MEASURED IN LB",LB,"396,000,000"
2024,MONTHLY,FEB,ARIZONA,AZ,04,"MILK - PRODUCTION, MEASURED IN LB",LB,"400,000,000"
2024,MONTHLY,JAN,ARIZONA,AZ,04,"MILK - PRODUCTION, MEASURED IN LB",LB,"417,000,000"
2024,MONTHLY,JAN THRU MAR,ARIZONA,AZ,04,"MILK - PRODUCTION, MEASURED IN LB",LB,"1,257,000,000"
2024,MONTHLY,JUL,ARIZONA,AZ,04,"MILK - PRODUCTION, MEASURED IN LB",LB,"362,000,000"
2024,MONTHLY,JUL THRU SEP,ARIZONA,AZ,04,"MILK - PRODUCTION, MEASURED IN LB",LB,"1,074,000,000"
2024,MONTHLY,JUN,ARIZONA,AZ,04,"MILK - PRODUCTION, MEASURED IN LB",LB,"383,000,000"
2024,MONTHLY,MAR,ARIZONA,AZ,04,"MILK - PRODUCTION, MEASURED IN LB",LB,"440,000,000"
2024,MONTHLY,MAY,ARIZONA,AZ,04,"MILK - PRODUCTION, MEASURED IN LB",LB,"420,000,000"
2024,MONTHLY,NOV,ARIZONA,AZ,04,"MILK - PRODUCTION, MEASURED IN LB",LB,"369,000,000"
2024,MONTHLY,OCT,ARIZONA,AZ,04,"MILK - PRODUCTION, MEASURED IN LB",LB,"372,000,000"
2024,MONTHLY,OCT THRU DEC,ARIZONA,AZ,04,"MILK - PRODUCTION, MEASURED IN LB",LB,"1,137,000,000"
2024,MONTHLY,SEP,ARIZONA,AZ,04,"MILK - PRODUCTION, MEASURED IN LB",LB,"355,000,000"
2024,MONTHLY,APR,CALIFORNIA,CA,06,"MILK - PRODUCTION, MEASURED IN LB",LB,"3,529,000,000"
2024,MONTHLY,APR THRU JUN,CALIFORNIA,CA,06,"MILK - PRODUCTION, MEASURED IN LB",LB,"10,453,000,000"
2024,MONTHLY,AUG,CALIFORNIA,CA,06,"MILK - PRODUCTION, MEASURED IN LB",LB,"3,380,000,000"
2024,MONTHLY,DEC,CALIFORNIA,CA,06,"MILK - PRODUCTION, MEASURED IN LB",LB,"3,175,000,000"
2024,MONTHLY,FEB,CALIFORNIA,CA,06,"MILK - PRODUCTION, MEASURED IN LB",LB,"3,367,000,000"
2024,MONTHLY,JAN,CALIFORNIA,CA,06,"MILK - PRODUCTION, MEASURED IN LB",LB,"3,538,000,000"
2024,MONTHLY,JAN THRU MAR,CALIFORNIA,CA,06,"MILK - PRODUCTION, MEASURED IN LB",LB,"10,562,000,000"
2024,MONTHLY,JUL,CALIFORNIA,CA,06,"MILK - PRODUCTION, MEASURED IN LB",LB,"3,312,000,000"
2024,MONTHLY,JUL THRU SEP,CALIFORNIA,CA,06,"MILK - PRODUCTION, MEASURED IN LB",LB,"9,903,000,000"
2024,MONTHLY,JUN,CALIFORNIA,CA,06,"MILK - PRODUCTION, MEASURED IN LB",LB,"3,346,000,000"
2024,MONTHLY,MAR,CALIFORNIA,CA,06,"MILK - PRODUCTION, MEASURED IN LB",LB,"3,657,000,000"
2024,MONTHLY,MAY,CALIFORNIA,CA,06,"MILK - PRODUCTION, MEASURED IN LB",LB,"3,578,000,000"
2024,MONTHLY,NOV,CALIFORNIA,CA,06,"MILK - PRODUCTION, MEASURED IN LB",LB,"2,999,000,000"
2024,MONTHLY,OCT,CALIFORNIA,CA,06,"MILK - PRODUCTION, MEASURED IN LB",LB,"3,196,000,000"
2024,MONTHLY,OCT THRU DEC,CALIFORNIA,CA,06,"MILK - PRODUCTION, MEASURED IN LB",LB,"9,370,000,000"
2024,MONTHLY,SEP,CALIFORNIA,CA,06,"MILK - PRODUCTION, MEASURED IN LB",LB,"3,211,000,000"
2024,MONTHLY,APR,COLORADO,CO,08,"MILK - PRODUCTION, MEASURED IN LB",LB,"441,000,000"
2024,MONTHLY,APR THRU JUN,COLORADO,CO,08,"MILK - PRODUCTION, MEASURED IN LB",LB,"1,316,000,000"
2024,MONTHLY,AUG,COLORADO,CO,08,"MILK - PRODUCTION, MEASURED IN LB",LB,"441,000,000"
2024,MONTHLY,DEC,COLORADO,CO,08,"MILK - PRODUCTION, MEASURED IN LB",LB,"450,000,000"
2024,MONTHLY,FEB,COLORADO,CO,08,"MILK - PRODUCTION, MEASURED IN LB",LB,"416,000,000"
2024,MONTHLY,JAN,COLORADO,CO,08,"MILK - PRODUCTION, MEASURED IN LB",LB,"437,000,000"
2024,MONTHLY,JAN THRU MAR,COLORADO,CO,08,"MILK - PRODUCTION, MEASURED IN LB",LB,"1,307,000,000"
2024,MONTHLY,JUL,COLORADO,CO,08,"MILK - PRODUCTION, MEASURED IN LB",LB,"431,000,000"
2024,MONTHLY,JUL THRU SEP,COLORADO,CO,08,"MILK - PRODUCTION, MEASURED IN LB",LB,"1,304,000,000"
2024,MONTHLY,JUN,COLORADO,CO,08,"MILK - PRODUCTION, MEASURED IN LB",LB,"422,000,000"
2024,MONTHLY,MAR,COLORADO,CO,08,"MILK - PRODUCTION, MEASURED IN LB",LB,"454,000,000"
2024,MONTHLY,MAY,COLORADO,CO,08,"MILK - PRODUCTION, MEASURED IN LB",LB,"453,000,000"
2024,MONTHLY,NOV,COLORADO,CO,08,"MILK - PRODUCTION, MEASURED IN LB",LB,"429,000,000"
2024,MONTHLY,OCT,COLORADO,CO,08,"MILK - PRODUCTION, MEASURED IN LB",LB,"450,000,000"
2024,MONTHLY,OCT THRU DEC,COLORADO,CO,08,"MILK - PRODUCTION, MEASURED IN LB",LB,"1,329,000,000"
2024,MONTHLY,SEP,COLORADO,CO,08,"MILK - PRODUCTION, MEASURED IN LB",LB,"432,000,000"
2024,MONTHLY,APR THRU JUN,CONNECTICUT,CT,09,"MILK - PRODUCTION, MEASURED IN LB",LB,"108,000,000"
2024,MONTHLY,JAN THRU MAR,CONNECTICUT,CT,09,"MILK - PRODUCTION, MEASURED IN LB",LB,"107,000,000"
2024,MONTHLY,JUL THRU SEP,CONNECTICUT,CT,09,"MILK - PRODUCTION, MEASURED IN LB",LB,"105,000,000"
2024,MONTHLY,OCT THRU DEC,CONNECTICUT,CT,09,"MILK - PRODUCTION, MEASURED IN LB",LB,"104,000,000"
2024,MONTHLY,APR THRU JUN,DELAWARE,DE,10,"MILK - PRODUCTION, MEASURED IN LB",LB,"12,300,000"
2024,MONTHLY,JAN THRU MAR,DELAWARE,DE,10,"MILK - PRODUCTION, MEASURED IN LB",LB,"12,900,000"
2024,MONTHLY,JUL THRU SEP,DELAWARE,DE,10,"MILK - PRODUCTION, MEASURED IN LB",LB,"10,800,000"
2024,MONTHLY,OCT THRU DEC,DELAWARE,DE,10,"MILK - PRODUCTION, MEASURED IN LB",LB,"11,200,000"
2024,MONTHLY,APR,FLORIDA,FL,12,"MILK - PRODUCTION, MEASURED IN LB",LB,"191,000,000"
2024,MONTHLY,APR THRU JUN,FLORIDA,FL,12,"MILK - PRODUCTION, MEASURED IN LB",LB,"537,000,000"
2024,MONTHLY,AUG,FLORIDA,FL,12,"MILK - PRODUCTION, MEASURED IN LB",LB,"156,000,000"
2024,MONTHLY,DEC,FLORIDA,FL,12,"MILK - PRODUCTION, MEASURED IN LB",LB,"168,000,000"
2024,MONTHLY,FEB,FLORIDA,FL,12,"MILK - PRODUCTION, MEASURED IN LB",LB,"172,000,000"
2024,MONTHLY,JAN,FLORIDA,FL,12,"MILK - PRODUCTION, MEASURED IN LB",LB,"180,000,000"
2024,MONTHLY,JAN THRU MAR,FLORIDA,FL,12,"MILK - PRODUCTION, MEASURED IN LB",LB,"545,000,000"
2024,MONTHLY,JUL,FLORIDA,FL,12,"MILK - PRODUCTION, MEASURED IN LB",LB,"165,000,000"
2024,MONTHLY,JUL THRU SEP,FLORIDA,FL,12,"MILK - PRODUCTION, MEASURED IN LB",LB,"470,000,000"
2024,MONTHLY,JUN,FLORIDA,FL,12,"MILK - PRODUCTION, MEASURED IN LB",LB,"168,000,000"
2024,MONTHLY,MAR,FLORIDA,FL,12,"MILK - PRODUCTION, MEASURED IN LB",LB,"193,000,000"
2024,MONTHLY,MAY,FLORIDA,FL,12,"MILK - PRODUCTION, MEASURED IN LB",LB,"178,000,000"
2024,MONTHLY,NOV,FLORIDA,FL,12,"MILK - PRODUCTION, MEASURED IN LB",LB,"155,000,000"
2024,MONTHLY,OCT,FLORIDA,FL,12,"MILK - PRODUCTION, MEASURED IN LB",LB,"154,000,000"
2024,MONTHLY,OCT THRU DEC,FLORIDA,FL,12,"MILK - PRODUCTION, MEASURED IN LB",LB,"477,000,000"
2024,MONTHLY,SEP,FLORIDA,FL,12,"MILK - PRODUCTION, MEASURED IN LB",LB,"149,000,000"
2024,MONTHLY,APR,GEORGIA,GA,13,"MILK - PRODUCTION, MEASURED IN LB",LB,"166,000,000"
2024,MONTHLY,APR THRU JUN,GEORGIA,GA,13,"MILK - PRODUCTION, MEASURED IN LB",LB,"487,000,000"
2024,MONTHLY,AUG,GEORGIA,GA,13,"MILK - PRODUCTION, MEASURED IN LB",LB,"157,000,000"
2024,MONTHLY,DEC,GEORGIA,GA,13,"MILK - PRODUCTION, MEASURED IN LB",LB,"171,000,000"
2024,MONTHLY,FEB,GEORGIA,GA,13,"MILK - PRODUCTION, MEASURED IN LB",LB,"157,000,000"
2024,MONTHLY,JAN,GEORGIA,GA,13,"MILK - PRODUCTION, MEASURED IN LB",LB,"164,000,000"
2024,MONTHLY,JAN THRU MAR,GEORGIA,GA,13,"MILK - PRODUCTION, MEASURED IN LB",LB,"491,000,000"
2024,MONTHLY,JUL,GEORGIA,GA,13,"MILK - PRODUCTION, MEASURED IN LB",LB,"156,000,000"
2024,MONTHLY,JUL THRU SEP,GEORGIA,GA,13,"MILK - PRODUCTION, MEASURED IN LB",LB,"466,000,000"
2024,MONTHLY,JUN,GEORGIA,GA,13,"MILK - PRODUCTION, MEASURED IN LB",LB,"157,000,000"
2024,MONTHLY,MAR,GEORGIA,GA,13,"MILK - PRODUCTION, MEASURED IN LB",LB,"170,000,000"
2024,MONTHLY,MAY,GEORGIA,GA,13,"MILK - PRODUCTION, MEASURED IN LB",LB,"164,000,000"
2024,MONTHLY,NOV,GEORGIA,GA,13,"MILK - PRODUCTION, MEASURED IN LB",LB,"161,000,000"
2024,MONTHLY,OCT,GEORGIA,GA,13,"MILK - PRODUCTION, MEASURED IN LB",LB,"164,000,000"
2024,MONTHLY,OCT THRU DEC,GEORGIA,GA,13,"MILK - PRODUCTION, MEASURED IN LB",LB,"496,000,000"
2024,MONTHLY,SEP,GEORGIA,GA,13,"MILK - PRODUCTION, MEASURED IN LB",LB,"153,000,000"
2024,MONTHLY,APR,IOWA,IA,19,"MILK - PRODUCTION, MEASURED IN LB",LB,"509,000,000"
2024,MONTHLY,APR THRU JUN,IOWA,IA,19,"MILK - PRODUCTION, MEASURED IN LB",LB,"1,518,000,000"
2024,MONTHLY,AUG,IOWA,IA,19,"MILK - PRODUCTION, MEASURED IN LB",LB,"496,000,000"
2024,MONTHLY,DEC,IOWA,IA,19,"MILK - PRODUCTION, MEASURED IN LB",LB,"505,000,000"
2024,MONTHLY,FEB,IOWA,IA,19,"MILK - PRODUCTION, MEASURED IN LB",LB,"484,000,000"
2024,MONTHLY,JAN,IOWA,IA,19,"MILK - PRODUCTION, MEASURED IN LB",LB,"506,000,000"
2024,MONTHLY,JAN THRU MAR,IOWA,IA,19,"MILK - PRODUCTION, MEASURED IN LB",LB,"1,510,000,000"
2024,MONTHLY,JUL,IOWA,IA,19,"MILK - PRODUCTION, MEASURED IN LB",LB,"502,000,000"
2024,MONTHLY,JUL THRU SEP,IOWA,IA,19,"MILK - PRODUCTION, MEASURED IN LB",LB,"1,484,000,000"
2024,MONTHLY,JUN,IOWA,IA,19,"MILK - PRODUCTION, MEASURED IN LB",LB,"487,000,000"
2024,MONTHLY,MAR,IOWA,IA,19,"MILK - PRODUCTION, MEASURED IN LB",LB,"520,000,000"
2024,MONTHLY,MAY,IOWA,IA,19,"MILK - PRODUCTION, MEASURED IN LB",LB,"522,000,000"
2024,MONTHLY,NOV,IOWA,IA,19,"MILK - PRODUCTION, MEASURED IN LB",LB,"487,000,000"
2024,MONTHLY,OCT,IOWA,IA,19,"MILK - PRODUCTION, MEASURED IN LB",LB,"508,000,000"
2024,MONTHLY,OCT THRU DEC,IOWA,IA,19,"MILK - PRODUCTION, MEASURED IN LB",LB,"1,500,000,000"
2024,MONTHLY,SEP,IOWA,IA,19,"MILK - PRODUCTION, MEASURED IN LB",LB,"486,000,000"
2024,MONTHLY,APR,IDAHO,ID,16,"MILK - PRODUCTION, MEASURED IN LB",LB,"1,412,000,000"
2024,MONTHLY,APR THRU JUN,IDAHO,ID,16,"MILK - PRODUCTION, MEASURED IN LB",LB,"4,248,000,000"
2024,MONTHLY,AUG,IDAHO,ID,16,"MILK - PRODUCTION, MEASURED IN LB",LB,"1,478,000,000"
2024,MONTHLY,DEC,IDAHO,ID,16,"MILK - PRODUCTION, MEASURED IN LB",LB,"1,450,000,000"
2024,MONTHLY,FEB,IDAHO,ID,16,"MILK - PRODUCTION, MEASURED IN LB",LB,"1,310,000,000"
2024,MONTHLY,JAN,IDAHO,ID,16,"MILK - PRODUCTION, MEASURED IN LB",LB,"1,382,000,000"
2024,MONTHLY,JAN THRU MAR,IDAHO,ID,16,"MILK - PRODUCTION, MEASURED IN LB",LB,"4,125,000,000"
2024,MONTHLY,JUL,IDAHO,ID,16,"MILK - PRODUCTION, MEASURED IN LB",LB,"1,467,000,000"
2024,MONTHLY,JUL THRU SEP,IDAHO,ID,16,"MILK - PRODUCTION, MEASURED IN LB",LB,"4,360,000,000"
2024,MONTHLY,JUN,IDAHO,ID,16,"MILK - PRODUCTION, MEASURED IN LB",LB,"1,397,000,000"
2024,MONTHLY,MAR,IDAHO,ID,16,"MILK - PRODUCTION, MEASURED IN LB",LB,"1,433,000,000"
2024,MONTHLY,MAY,IDAHO,ID,16,"MILK - PRODUCTION, MEASURED IN LB",LB,"1,439,000,000"
2024,MONTHLY,NOV,IDAHO,ID,16,"MILK - PRODUCTION, MEASURED IN LB",LB,"1,391,000,000"
2024,MONTHLY,OCT,IDAHO,ID,16,"MILK - PRODUCTION, MEASURED IN LB",LB,"1,448,000,000"
2024,MONTHLY,OCT THRU DEC,IDAHO,ID,16,"MILK - PRODUCTION, MEASURED IN LB",LB,"4,289,000,000"
2024,MONTHLY,SEP,IDAHO,ID,16,"MILK - PRODUCTION, MEASURED IN LB",LB,"1,415,000,000"
2024,MONTHLY,APR,ILLINOIS,IL,17,"MILK - PRODUCTION, MEASURED IN LB",LB,"149,000,000"
2024,MONTHLY,APR THRU JUN,ILLINOIS,IL,17,"MILK - PRODUCTION, MEASURED IN LB",LB,"439,000,000"
2024,MONTHLY,AUG,ILLINOIS,IL,17,"MILK - PRODUCTION, MEASURED IN LB",LB,"134,000,000"
2024,MONTHLY,DEC,ILLINOIS,IL,17,"MILK - PRODUCTION, MEASURED IN LB",LB,"140,000,000"
2024,MONTHLY,FEB,ILLINOIS,IL,17,"MILK - PRODUCTION, MEASURED IN LB",LB,"141,000,000"
2024,MONTHLY,JAN,ILLINOIS,IL,17,"MILK - PRODUCTION, MEASURED IN LB",LB,"147,000,000"
2024,MONTHLY,JAN THRU MAR,ILLINOIS,IL,17,"MILK - PRODUCTION, MEASURED IN LB",LB,"442,000,000"
2024,MONTHLY,JUL,ILLINOIS,IL,17,"MILK - PRODUCTION, MEASURED IN LB",LB,"139,000,000"
2024,MONTHLY,JUL THRU SEP,ILLINOIS,IL,17,"MILK - PRODUCTION, MEASURED IN LB",LB,"404,000,000"
2024,MONTHLY,JUN,ILLINOIS,IL,17,"MILK - PRODUCTION, MEASURED IN LB",LB,"139,000,000"
2024,MONTHLY,MAR,ILLINOIS,IL,17,"MILK - PRODUCTION, MEASURED IN LB",LB,"154,000,000"
2024,MONTHLY,MAY,ILLINOIS,IL,17,"MILK - PRODUCTION, MEASURED IN LB",LB,"151,000,000"
2024,MONTHLY,NOV,ILLINOIS,IL,17,"MILK - PRODUCTION, MEASURED IN LB",LB,"134,000,000"
2024,MONTHLY,OCT,ILLINOIS,IL,17,"MILK - PRODUCTION, MEASURED IN LB",LB,"137,000,000"
2024,MONTHLY,OCT THRU DEC,ILLINOIS,IL,17,"MILK - PRODUCTION, MEASURED IN LB",LB,"411,000,000"
2024,MONTHLY,SEP,ILLINOIS,IL,17,"MILK - PRODUCTION, MEASURED IN LB",LB,"131,000,000"
2024,MONTHLY,APR,INDIANA,IN,18,"MILK - PRODUCTION, MEASURED IN LB",LB,"377,000,000"
2024,MONTHLY,APR THRU JUN,INDIANA,IN,18,"MILK - PRODUCTION, MEASURED IN LB",LB,"1,139,000,000"
2024,MONTHLY,AUG,INDIANA,IN,18,"MILK - PRODUCTION, MEASURED IN LB",LB,"375,000,000"
2024,MONTHLY,DEC,INDIANA,IN,18,"MILK - PRODUCTION, MEASURED IN LB",LB,"382,000,000"
2024,MONTHLY,FEB,INDIANA,IN,18,"MILK - PRODUCTION, MEASURED IN LB",LB,"355,000,000"
2024,MONTHLY,JAN,INDIANA,IN,18,"MILK - PRODUCTION, MEASURED IN LB",LB,"380,000,000"
2024,MONTHLY,JAN THRU MAR,INDIANA,IN,18,"MILK - PRODUCTION, MEASURED IN LB",LB,"1,124,000,000"
2024,MONTHLY,JUL,INDIANA,IN,18,"MILK - PRODUCTION, MEASURED IN LB",LB,"381,000,000"
2024,MONTHLY,JUL THRU SEP,INDIANA,IN,18,"MILK - PRODUCTION, MEASURED IN LB",LB,"1,121,000,000"
2024,MONTHLY,JUN,INDIANA,IN,18,"MILK - PRODUCTION, MEASURED IN LB",LB,"374,000,000"
2024,MONTHLY,MAR,INDIANA,IN,18,"MILK - PRODUCTION, MEASURED IN LB",LB,"389,000,000"
2024,MONTHLY,MAY,INDIANA,IN,18,"MILK - PRODUCTION, MEASURED IN LB",LB,"388,000,000"
2024,MONTHLY,NOV,INDIANA,IN,18,"MILK - PRODUCTION, MEASURED IN LB",LB,"374,000,000"
2024,MONTHLY,OCT,INDIANA,IN,18,"MILK - PRODUCTION, MEASURED IN LB",LB,"376,000,000"
2024,MONTHLY,OCT THRU DEC,INDIANA,IN,18,"MILK - PRODUCTION, MEASURED IN LB",LB,"1,132,000,000"
2024,MONTHLY,SEP,INDIANA,IN,18,"MILK - PRODUCTION, MEASURED IN LB",LB,"365,000,000"
2024,MONTHLY,APR,KANSAS,KS,20,"MILK - PRODUCTION, MEASURED IN LB",LB,"343,000,000"
2024,MONTHLY,APR THRU JUN,KANSAS,KS,20,"MILK - PRODUCTION, MEASURED IN LB",LB,"1,036,000,000"
2024,MONTHLY,AUG,KANSAS,KS,20,"MILK - PRODUCTION, MEASURED IN LB",LB,"357,000,000"
2024,MONTHLY,DEC,KANSAS,KS,20,"MILK - PRODUCTION, MEASURED IN LB",LB,"359,000,000"
2024,MONTHLY,FEB,KANSAS,KS,20,"MILK - PRODUCTION, MEASURED IN LB",LB,"337,000,000"
2024,MONTHLY,JAN,KANSAS,KS,20,"MILK - PRODUCTION, MEASURED IN LB",LB,"351,000,000"
2024,MONTHLY,JAN THRU MAR,KANSAS,KS,20,"MILK - PRODUCTION, MEASURED IN LB",LB,"1,053,000,000"
2024,MONTHLY,JUL,KANSAS,KS,20,"MILK - PRODUCTION, MEASURED IN LB",LB,"354,000,000"
2024,MONTHLY,JUL THRU SEP,KANSAS,KS,20,"MILK - PRODUCTION, MEASURED IN LB",LB,"1,066,000,000"
2024,MONTHLY,JUN,KANSAS,KS,20,"MILK - PRODUCTION, MEASURED IN LB",LB,"336,000,000"
2024,MONTHLY,MAR,KANSAS,KS,20,"MILK - PRODUCTION, MEASURED IN LB",LB,"365,000,000"
2024,MONTHLY,MAY,KANSAS,KS,20,"MILK - PRODUCTION, MEASURED IN LB",LB,"357,000,000"
2024,MONTHLY,NOV,KANSAS,KS,20,"MILK - PRODUCTION, MEASURED IN LB",LB,"349,000,000"
2024,MONTHLY,OCT,KANSAS,KS,20,"MILK - PRODUCTION, MEASURED IN LB",LB,"363,000,000"
2024,MONTHLY,OCT THRU DEC,KANSAS,KS,20,"MILK - PRODUCTION, MEASURED IN LB",LB,"1,071,000,000"
2024,MONTHLY,SEP,KANSAS,KS,20,"MILK - PRODUCTION, MEASURED IN LB",LB,"355,000,000"
2024,MONTHLY,APR THRU JUN,KENTUCKY,KY,21,"MILK - PRODUCTION, MEASURED IN LB",LB,"225,000,000"
2024,MONTHLY,JAN THRU MAR,KENTUCKY,KY,21,"MILK - PRODUCTION, MEASURED IN LB",LB,"223,000,000"
2024,MONTHLY,JUL THRU SEP,KENTUCKY,KY,21,"MILK - PRODUCTION, MEASURED IN LB",LB,"198,000,000"
2024,MONTHLY,OCT THRU DEC,KENTUCKY,KY,21,"MILK - PRODUCTION, MEASURED IN LB",LB,"200,000,000"
2024,MONTHLY,APR THRU JUN,LOUISIANA,LA,22,"MILK - PRODUCTION, MEASURED IN LB",LB,"26,000,000"
2024,MONTHLY,JAN THRU MAR,LOUISIANA,LA,22,"MILK - PRODUCTION, MEASURED IN LB",LB,"29,000,000"
2024,MONTHLY,JUL THRU SEP,LOUISIANA,LA,22,"MILK - PRODUCTION, MEASURED IN LB",LB,"18,000,000"
2024,MONTHLY,OCT THRU DEC,LOUISIANA,LA,22,"MILK - PRODUCTION, MEASURED IN LB",LB,"22,000,000"
2024,MONTHLY,APR THRU JUN,MASSACHUSETTS,MA,25,"MILK - PRODUCTION, MEASURED IN LB",LB,"47,000,000"
2024,MONTHLY,JAN THRU MAR,MASSACHUSETTS,MA,25,"MILK - PRODUCTION, MEASURED IN LB",LB,"44,000,000"
2024,MONTHLY,JUL THRU SEP,MASSACHUSETTS,MA,25,"MILK - PRODUCTION, MEASURED IN LB",LB,"45,000,000"
2024,MONTHLY,OCT THRU DEC,MASSACHUSETTS,MA,25,"MILK - PRODUCTION, MEASURED IN LB",LB,"44,000,000"
2024,MONTHLY,APR THRU JUN,MARYLAND,MD,24,"MILK - PRODUCTION, MEASURED IN LB",LB,"199,000,000"
2024,MONTHLY,JAN THRU MAR,MARYLAND,MD,24,"MILK - PRODUCTION, MEASURED IN LB",LB,"222,000,000"
2024,MONTHLY,JUL THRU SEP,MARYLAND,MD,24,"MILK - PRODUCTION, MEASURED IN LB",LB,"197,000,000"
2024,MONTHLY,OCT THRU DEC,MARYLAND,MD,24,"MILK - PRODUCTION, MEASURED IN LB",LB,"201,000,000"
2024,MONTHLY,APR THRU JUN,MAINE,ME,23,"MILK - PRODUCTION, MEASURED IN LB",LB,"142,000,000"
2024,MONTHLY,JAN THRU MAR,MAINE,ME,23,"MILK - PRODUCTION, MEASURED IN LB",LB,"134,000,000"
2024,MONTHLY,JUL THRU SEP,MAINE,ME,23,"MILK - PRODUCTION, MEASURED IN LB",LB,"136,000,000"
2024,MONTHLY,OCT THRU DEC,MAINE,ME,23,"MILK - PRODUCTION, MEASURED IN LB",LB,"133,000,000"
2024,MONTHLY,APR,MICHIGAN,MI,26,"MILK - PRODUCTION, MEASURED IN LB",LB,"1,012,000,000"
2024,MONTHLY,APR THRU JUN,MICHIGAN,MI,26,"MILK - PRODUCTION, MEASURED IN LB",LB,"3,046,000,000"
2024,MONTHLY,AUG,MICHIGAN,MI,26,"MILK - PRODUCTION, MEASURED IN LB",LB,"1,014,000,000"
2024,MONTHLY,DEC,MICHIGAN,MI,26,"MILK - PRODUCTION, MEASURED IN LB",LB,"1,028,000,000"
2024,MONTHLY,FEB,MICHIGAN,MI,26,"MILK - PRODUCTION, MEASURED IN LB",LB,"966,000,000"
2024,MONTHLY,JAN,MICHIGAN,MI,26,"MILK - PRODUCTION, MEASURED IN LB",LB,"1,018,000,000"
2024,MONTHLY,JAN THRU MAR,MICHIGAN,MI,26,"MILK - PRODUCTION, MEASURED IN LB",LB,"3,024,000,000"
2024,MONTHLY,JUL,MICHIGAN,MI,26,"MILK - PRODUCTION, MEASURED IN LB",LB,"1,029,000,000"
2024,MONTHLY,JUL THRU SEP,MICHIGAN,MI,26,"MILK - PRODUCTION, MEASURED IN LB",LB,"3,029,000,000"
2024,MONTHLY,JUN,MICHIGAN,MI,26,"MILK - PRODUCTION, MEASURED IN LB",LB,"994,000,000"
2024,MONTHLY,MAR,MICHIGAN,MI,26,"MILK - PRODUCTION, MEASURED IN LB",LB,"1,040,000,000"
2024,MONTHLY,MAY,MICHIGAN,MI,26,"MILK - PRODUCTION, MEASURED IN LB",LB,"1,040,000,000"
2024,MONTHLY,NOV,MICHIGAN,MI,26,"MILK - PRODUCTION, MEASURED IN LB",LB,"983,000,000"
2024,MONTHLY,OCT,MICHIGAN,MI,26,"MILK - PRODUCTION, MEASURED IN LB",LB,"1,023,000,000"
2024,MONTHLY,OCT THRU DEC,MICHIGAN,MI,26,"MILK - PRODUCTION, MEASURED IN LB",LB,"3,034,000,000"
2024,MONTHLY,SEP,MICHIGAN,MI,26,"MILK - PRODUCTION, MEASURED IN LB",LB,"986,000,000"
2024,MONTHLY,APR,MINNESOTA,MN,27,"MILK - PRODUCTION, MEASURED IN LB",LB,"867,000,000"
2024,MONTHLY,APR THRU JUN,MINNESOTA,MN,27,"MILK - PRODUCTION, MEASURED IN LB",LB,"2,625,000,000"
2024,MONTHLY,AUG,MINNESOTA,MN,27,"MILK - PRODUCTION, MEASURED IN LB",LB,"869,000,000"
2024,MONTHLY,DEC,MINNESOTA,MN,27,"MILK - PRODUCTION, MEASURED IN LB",LB,"869,000,000"
2024,MONTHLY,FEB,MINNESOTA,MN,27,"MILK - PRODUCTION, MEASURED IN LB",LB,"833,000,000"
2024,MONTHLY,JAN,MINNESOTA,MN,27,"MILK - PRODUCTION, MEASURED IN LB",LB,"878,000,000"
2024,MONTHLY,JAN THRU MAR,MINNESOTA,MN,27,"MILK - PRODUCTION, MEASURED IN LB",LB,"2,605,000,000"
2024,MONTHLY,JUL,MINNESOTA,MN,27,"MILK - PRODUCTION, MEASURED IN LB",LB,"875,000,000"
2024,MONTHLY,JUL THRU SEP,MINNESOTA,MN,27,"MILK - PRODUCTION, MEASURED IN LB",LB,"2,593,000,000"
2024,MONTHLY,JUN,MINNESOTA,MN,27,"MILK - PRODUCTION, MEASURED IN LB",LB,"857,000,000"
2024,MONTHLY,MAR,MINNESOTA,MN,27,"MILK - PRODUCTION, MEASURED IN LB",LB,"894,000,000"
2024,MONTHLY,MAY,MINNESOTA,MN,27,"MILK - PRODUCTION, MEASURED IN LB",LB,"901,000,000"
2024,MONTHLY,NOV,MINNESOTA,MN,27,"MILK - PRODUCTION, MEASURED IN LB",LB,"835,000,000"
2024,MONTHLY,OCT,MINNESOTA,MN,27,"MILK - PRODUCTION, MEASURED IN LB",LB,"869,000,000"
2024,MONTHLY,OCT THRU DEC,MINNESOTA,MN,27,"MILK - PRODUCTION, MEASURED IN LB",LB,"2,573,000,000"
2024,MONTHLY,SEP,MINNESOTA,MN,27,"MILK - PRODUCTION, MEASURED IN LB",LB,"849,000,000"
2024,MONTHLY,APR THRU JUN,MISSOURI,MO,29,"MILK - PRODUCTION, MEASURED IN LB",LB,"218,000,000"
2024,MONTHLY,JAN THRU MAR,MISSOURI,MO,29,"MILK - PRODUCTION, MEASURED IN LB",LB,"209,000,000"
2024,MONTHLY,JUL THRU SEP,MISSOURI,MO,29,"MILK - PRODUCTION, MEASURED IN LB",LB,"186,000,000"
2024,MONTHLY,OCT THRU DEC,MISSOURI,MO,29,"MILK - PRODUCTION, MEASURED IN LB",LB,"185,000,000"
2024,MONTHLY,APR THRU JUN,MISSISSIPPI,MS,28,"MILK - PRODUCTION, MEASURED IN LB",LB,"18,000,000"
2024,MONTHLY,JAN THRU MAR,MISSISSIPPI,MS,28,"MILK - PRODUCTION, MEASURED IN LB",LB,"19,000,000"
2024,MONTHLY,JUL THRU SEP,MISSISSIPPI,MS,28,"MILK - PRODUCTION, MEASURED IN LB",LB,"13,500,000"
2024,MONTHLY,OCT THRU DEC,MISSISSIPPI,MS,28,"MILK - PRODUCTION, MEASURED IN LB",LB,"14,500,000"
2024,MONTHLY,APR THRU JUN,MONTANA,MT,30,"MILK - PRODUCTION, MEASURED IN LB",LB,"50,000,000"
2024,MONTHLY,JAN THRU MAR,MONTANA,MT,30,"MILK - PRODUCTION, MEASURED IN LB",LB,"51,000,000"
2024,MONTHLY,JUL THRU SEP,MONTANA,MT,30,"MILK - PRODUCTION, MEASURED IN LB",LB,"49,000,000"
2024,MONTHLY,OCT THRU DEC,MONTANA,MT,30,"MILK - PRODUCTION, MEASURED IN LB",LB,"48,000,000"
2024,MONTHLY,APR THRU JUN,NORTH CAROLINA,NC,37,"MILK - PRODUCTION, MEASURED IN LB",LB,"225,000,000"
2024,MONTHLY,JAN THRU MAR,NORTH CAROLINA,NC,37,"MILK - PRODUCTION, MEASURED IN LB",LB,"228,000,000"
2024,MONTHLY,JUL THRU SEP,NORTH CAROLINA,NC,37,"MILK - PRODUCTION, MEASURED IN LB",LB,"201,000,000"
2024,MONTHLY,OCT THRU DEC,NORTH CAROLINA,NC,37,"MILK - PRODUCTION, MEASURED IN LB",LB,"203,000,000"
2024,MONTHLY,APR THRU JUN,NORTH DAKOTA,ND,38,"MILK - PRODUCTION, MEASURED IN LB",LB,"57,000,000"
2024,MONTHLY,JAN THRU MAR,NORTH DAKOTA,ND,38,"MILK - PRODUCTION, MEASURED IN LB",LB,"58,000,000"
2024,MONTHLY,JUL THRU SEP,NORTH DAKOTA,ND,38,"MILK - PRODUCTION, MEASURED IN LB",LB,"57,000,000"
2024,MONTHLY,OCT THRU DEC,NORTH DAKOTA,ND,38,"MILK - PRODUCTION, MEASURED IN LB",LB,"56,000,000"
2024,MONTHLY,APR THRU JUN,NEBRASKA,NE,31,"MILK - PRODUCTION, MEASURED IN LB",LB,"314,000,000"
2024,MONTHLY,JAN THRU MAR,NEBRASKA,NE,31,"MILK - PRODUCTION, MEASURED IN LB",LB,"315,000,000"
2024,MONTHLY,JUL THRU SEP,NEBRASKA,NE,31,"MILK - PRODUCTION, MEASURED IN LB",LB,"309,000,000"
2024,MONTHLY,OCT THRU DEC,NEBRASKA,NE,31,"MILK - PRODUCTION, MEASURED IN LB",LB,"309,000,000"
2024,MONTHLY,APR THRU JUN,NEW HAMPSHIRE,NH,33,"MILK - PRODUCTION, MEASURED IN LB",LB,"52,000,000"
2024,MONTHLY,JAN THRU MAR,NEW HAMPSHIRE,NH,33,"MILK - PRODUCTION, MEASURED IN LB",LB,"52,000,000"
2024,MONTHLY,JUL THRU SEP,NEW HAMPSHIRE,NH,33,"MILK - PRODUCTION, MEASURED IN LB",LB,"50,000,000"
2024,MONTHLY,OCT THRU DEC,NEW HAMPSHIRE,NH,33,"MILK - PRODUCTION, MEASURED IN LB",LB,"50,000,000"
2024,MONTHLY,APR THRU JUN,NEW JERSEY,NJ,34,"MILK - PRODUCTION, MEASURED IN LB",LB,"22,000,000"
2024,MONTHLY,JAN THRU MAR,NEW JERSEY,NJ,34,"MILK - PRODUCTION, MEASURED IN LB",LB,"22,000,000"
2024,MONTHLY,JUL THRU SEP,NEW JERSEY,NJ,34,"MILK - PRODUCTION, MEASURED IN LB",LB,"20,000,000"
2024,MONTHLY,OCT THRU DEC,NEW JERSEY,NJ,34,"MILK - PRODUCTION, MEASURED IN LB",LB,"20,000,000"
2024,MONTHLY,APR,NEW MEXICO,NM,35,"MILK - PRODUCTION, MEASURED IN LB",LB,"498,000,000"
2024,MONTHLY,APR THRU JUN,NEW MEXICO,NM,35,"MILK - PRODUCTION, MEASURED IN LB",LB,"1,495,000,000"
2024,MONTHLY,AUG,NEW MEXICO,NM,35,"MILK - PRODUCTION, MEASURED IN LB",LB,"480,000,000"
2024,MONTHLY,DEC,NEW MEXICO,NM,35,"MILK - PRODUCTION, MEASURED IN LB",LB,"494,000,000"
2024,MONTHLY,FEB,NEW MEXICO,NM,35,"MILK - PRODUCTION, MEASURED IN LB",LB,"493,000,000"
2024,MONTHLY,JAN,NEW MEXICO,NM,35,"MILK - PRODUCTION, MEASURED IN LB",LB,"511,000,000"
2024,MONTHLY,JAN THRU MAR,NEW MEXICO,NM,35,"MILK - PRODUCTION, MEASURED IN LB",LB,"1,532,000,000"
2024,MONTHLY,JUL,NEW MEXICO,NM,35,"MILK - PRODUCTION, MEASURED IN LB",LB,"491,000,000"
2024,MONTHLY,JUL THRU SEP,NEW MEXICO,NM,35,"MILK - PRODUCTION, MEASURED IN LB",LB,"1,444,000,000"
2024,MONTHLY,JUN,NEW MEXICO,NM,35,"MILK - PRODUCTION, MEASURED IN LB",LB,"481,000,000"
2024,MONTHLY,MAR,NEW MEXICO,NM,35,"MILK - PRODUCTION, MEASURED IN LB",LB,"528,000,000"
2024,MONTHLY,MAY,NEW MEXICO,NM,35,"MILK - PRODUCTION, MEASURED IN LB",LB,"516,000,000"
2024,MONTHLY,NOV,NEW MEXICO,NM,35,"MILK - PRODUCTION, MEASURED IN LB",LB,"470,000,000"
2024,MONTHLY,OCT,NEW MEXICO,NM,35,"MILK - PRODUCTION, MEASURED IN LB",LB,"497,000,000"
2024,MONTHLY,OCT THRU DEC,NEW MEXICO,NM,35,"MILK - PRODUCTION, MEASURED IN LB",LB,"1,461,000,000"
2024,MONTHLY,SEP,NEW MEXICO,NM,35,"MILK - PRODUCTION, MEASURED IN LB",LB,"473,000,000"
2024,MONTHLY,APR THRU JUN,NEVADA,NV,32,"MILK - PRODUCTION, MEASURED IN LB",LB,"195,000,000"
2024,MONTHLY,JAN THRU MAR,NEVADA,NV,32,"MILK - PRODUCTION, MEASURED IN LB",LB,"190,000,000"
2024,MONTHLY,JUL THRU SEP,NEVADA,NV,32,"MILK - PRODUCTION, MEASURED IN LB",LB,"196,000,000"
2024,MONTHLY,OCT THRU DEC,NEVADA,NV,32,"MILK - PRODUCTION, MEASURED IN LB",LB,"197,000,000"
2024,MONTHLY,APR,NEW YORK,NY,36,"MILK - PRODUCTION, MEASURED IN LB",LB,"1,355,000,000"
2024,MONTHLY,APR THRU JUN,NEW YORK,NY,36,"MILK - PRODUCTION, MEASURED IN LB",LB,"4,106,000,000"
2024,MONTHLY,AUG,NEW YORK,NY,36,"MILK - PRODUCTION, MEASURED IN LB",LB,"1,361,000,000"
2024,MONTHLY,DEC,NEW YORK,NY,36,"MILK - PRODUCTION, MEASURED IN LB",LB,"1,336,000,000"
2024,MONTHLY,FEB,NEW YORK,NY,36,"MILK - PRODUCTION, MEASURED IN LB",LB,"1,273,000,000"
2024,MONTHLY,JAN,NEW YORK,NY,36,"MILK - PRODUCTION, MEASURED IN LB",LB,"1,339,000,000"
2024,MONTHLY,JAN THRU MAR,NEW YORK,NY,36,"MILK - PRODUCTION, MEASURED IN LB",LB,"3,992,000,000"
2024,MONTHLY,JUL,NEW YORK,NY,36,"MILK - PRODUCTION, MEASURED IN LB",LB,"1,377,000,000"
2024,MONTHLY,JUL THRU SEP,NEW YORK,NY,36,"MILK - PRODUCTION, MEASURED IN LB",LB,"4,052,000,000"
2024,MONTHLY,JUN,NEW YORK,NY,36,"MILK - PRODUCTION, MEASURED IN LB",LB,"1,342,000,000"
2024,MONTHLY,MAR,NEW YORK,NY,36,"MILK - PRODUCTION, MEASURED IN LB",LB,"1,380,000,000"
2024,MONTHLY,MAY,NEW YORK,NY,36,"MILK - PRODUCTION, MEASURED IN LB",LB,"1,409,000,000"
2024,MONTHLY,NOV,NEW YORK,NY,36,"MILK - PRODUCTION, MEASURED IN LB",LB,"1,293,000,000"
2024,MONTHLY,OCT,NEW YORK,NY,36,"MILK - PRODUCTION, MEASURED IN LB",LB,"1,331,000,000"
2024,MONTHLY,OCT THRU DEC,NEW YORK,NY,36,"MILK - PRODUCTION, MEASURED IN LB",LB,"3,960,000,000"
2024,MONTHLY,SEP,NEW YORK,NY,36,"MILK - PRODUCTION, MEASURED IN LB",LB,"1,314,000,000"
2024,MONTHLY,APR,OHIO,OH,39,"MILK - PRODUCTION, MEASURED IN LB",LB,"479,000,000"
2024,MONTHLY,APR THRU JUN,OHIO,OH,39,"MILK - PRODUCTION, MEASURED IN LB",LB,"1,437,000,000"
2024,MONTHLY,AUG,OHIO,OH,39,"MILK - PRODUCTION, MEASURED IN LB",LB,"481,000,000"
2024,MONTHLY,DEC,OHIO,OH,39,"MILK - PRODUCTION, MEASURED IN LB",LB,"478,000,000"
2024,MONTHLY,FEB,OHIO,OH,39,"MILK - PRODUCTION, MEASURED IN LB",LB,"453,000,000"
2024,MONTHLY,JAN,OHIO,OH,39,"MILK - PRODUCTION, MEASURED IN LB",LB,"481,000,000"
2024,MONTHLY,JAN THRU MAR,OHIO,OH,39,"MILK - PRODUCTION, MEASURED IN LB",LB,"1,426,000,000"
2024,MONTHLY,JUL,OHIO,OH,39,"MILK - PRODUCTION, MEASURED IN LB",LB,"484,000,000"
2024,MONTHLY,JUL THRU SEP,OHIO,OH,39,"MILK - PRODUCTION, MEASURED IN LB",LB,"1,422,000,000"
2024,MONTHLY,JUN,OHIO,OH,39,"MILK - PRODUCTION, MEASURED IN LB",LB,"470,000,000"
2024,MONTHLY,MAR,OHIO,OH,39,"MILK - PRODUCTION, MEASURED IN LB",LB,"492,000,000"
2024,MONTHLY,MAY,OHIO,OH,39,"MILK - PRODUCTION, MEASURED IN LB",LB,"488,000,000"
2024,MONTHLY,NOV,OHIO,OH,39,"MILK - PRODUCTION, MEASURED IN LB",LB,"459,000,000"
2024,MONTHLY,OCT,OHIO,OH,39,"MILK - PRODUCTION, MEASURED IN LB",LB,"474,000,000"
2024,MONTHLY,OCT THRU DEC,OHIO,OH,39,"MILK - PRODUCTION, MEASURED IN LB",LB,"1,411,000,000"
2024,MONTHLY,SEP,OHIO,OH,39,"MILK - PRODUCTION, MEASURED IN LB",LB,"457,000,000"
2024,MONTHLY,APR THRU JUN,OKLAHOMA,OK,40,"MILK - PRODUCTION, MEASURED IN LB",LB,"191,000,000"
2024,MONTHLY,JAN THRU MAR,OKLAHOMA,OK,40,"MILK - PRODUCTION, MEASURED IN LB",LB,"188,000,000"
2024,MONTHLY,JUL THRU SEP,OKLAHOMA,OK,40,"MILK - PRODUCTION, MEASURED IN LB",LB,"176,000,000"
2024,MONTHLY,OCT THRU DEC,OKLAHOMA,OK,40,"MILK - PRODUCTION, MEASURED IN LB",LB,"189,000,000"
2024,MONTHLY,APR,OREGON,OR,41,"MILK - PRODUCTION, MEASURED IN LB",LB,"208,000,000"
2024,MONTHLY,APR THRU JUN,OREGON,OR,41,"MILK - PRODUCTION, MEASURED IN LB",LB,"633,000,000"
2024,MONTHLY,AUG,OREGON,OR,41,"MILK - PRODUCTION, MEASURED IN LB",LB,"211,000,000"
2024,MONTHLY,DEC,OREGON,OR,41,"MILK - PRODUCTION, MEASURED IN LB",LB,"200,000,000"
2024,MONTHLY,FEB,OREGON,OR,41,"MILK - PRODUCTION, MEASURED IN LB",LB,"192,000,000"
2024,MONTHLY,JAN,OREGON,OR,41,"MILK - PRODUCTION, MEASURED IN LB",LB,"199,000,000"
2024,MONTHLY,JAN THRU MAR,OREGON,OR,41,"MILK - PRODUCTION, MEASURED IN LB",LB,"602,000,000"
2024,MONTHLY,JUL,OREGON,OR,41,"MILK - PRODUCTION, MEASURED IN LB",LB,"211,000,000"
2024,MONTHLY,JUL THRU SEP,OREGON,OR,41,"MILK - PRODUCTION, MEASURED IN LB",LB,"624,000,000"
2024,MONTHLY,JUN,OREGON,OR,41,"MILK - PRODUCTION, MEASURED IN LB",LB,"208,000,000"
2024,MONTHLY,MAR,OREGON,OR,41,"MILK - PRODUCTION, MEASURED IN LB",LB,"211,000,000"
2024,MONTHLY,MAY,OREGON,OR,41,"MILK - PRODUCTION, MEASURED IN LB",LB,"217,000,000"
2024,MONTHLY,NOV,OREGON,OR,41,"MILK - PRODUCTION, MEASURED IN LB",LB,"195,000,000"
2024,MONTHLY,OCT,OREGON,OR,41,"MILK - PRODUCTION, MEASURED IN LB",LB,"208,000,000"
2024,MONTHLY,OCT THRU DEC,OREGON,OR,41,"MILK - PRODUCTION, MEASURED IN LB",LB,"603,000,000"
2024,MONTHLY,SEP,OREGON,OR,41,"MILK - PRODUCTION, MEASURED IN LB",LB,"202,000,000"
2024,MONTHLY,APR THRU JUN,OTHER STATES,OT,98,"MILK - PRODUCTION, MEASURED IN LB",LB,"2,100,000"
2024,MONTHLY,JAN THRU MAR,OTHER STATES,OT,98,"MILK - PRODUCTION, MEASURED IN LB",LB,"1,700,000"
2024,MONTHLY,JUL THRU SEP,OTHER STATES,OT,98,"MILK - PRODUCTION, MEASURED IN LB",LB,"2,100,000"
2024,MONTHLY,OCT THRU DEC,OTHER STATES,OT,98,"MILK - PRODUCTION, MEASURED IN LB",LB,"2,000,000"
2024,MONTHLY,APR,PENNSYLVANIA,PA,42,"MILK - PRODUCTION, MEASURED IN LB",LB,"839,000,000"
2024,MONTHLY,APR THRU JUN,PENNSYLVANIA,PA,42,"MILK - PRODUCTION, MEASURED IN LB",LB,"2,490,000,000"
2024,MONTHLY,AUG,PENNSYLVANIA,PA,42,"MILK - PRODUCTION, MEASURED IN LB",LB,"802,000,000"
2024,MONTHLY,DEC,PENNSYLVANIA,PA,42,"MILK - PRODUCTION, MEASURED IN LB",LB,"821,000,000"
2024,MONTHLY,FEB,PENNSYLVANIA,PA,42,"MILK - PRODUCTION, MEASURED IN LB",LB,"795,000,000"
2024,MONTHLY,JAN,PENNSYLVANIA,PA,42,"MILK - PRODUCTION, MEASURED IN LB",LB,"835,000,000"
2024,MONTHLY,JAN THRU MAR,PENNSYLVANIA,PA,42,"MILK - PRODUCTION, MEASURED IN LB",LB,"2,495,000,000"
2024,MONTHLY,JUL,PENNSYLVANIA,PA,42,"MILK - PRODUCTION, MEASURED IN LB",LB,"807,000,000"
2024,MONTHLY,JUL THRU SEP,PENNSYLVANIA,PA,42,"MILK - PRODUCTION, MEASURED IN LB",LB,"2,388,000,000"
2024,MONTHLY,JUN,PENNSYLVANIA,PA,42,"MILK - PRODUCTION, MEASURED IN LB",LB,"802,000,000"
2024,MONTHLY,MAR,PENNSYLVANIA,PA,42,"MILK - PRODUCTION, MEASURED IN LB",LB,"865,000,000"
2024,MONTHLY,MAY,PENNSYLVANIA,PA,42,"MILK - PRODUCTION, MEASURED IN LB",LB,"849,000,000"
2024,MONTHLY,NOV,PENNSYLVANIA,PA,42,"MILK - PRODUCTION, MEASURED IN LB",LB,"786,000,000"
2024,MONTHLY,OCT,PENNSYLVANIA,PA,42,"MILK - PRODUCTION, MEASURED IN LB",LB,"802,000,000"
2024,MONTHLY,OCT THRU DEC,PENNSYLVANIA,PA,42,"MILK - PRODUCTION, MEASURED IN LB",LB,"2,409,000,000"
2024,MONTHLY,SEP,PENNSYLVANIA,PA,42,"MILK - PRODUCTION, MEASURED IN LB",LB,"779,000,000"
2024,MONTHLY,APR THRU JUN,RHODE ISLAND,RI,44,"MILK - PRODUCTION, MEASURED IN LB",LB,"2,200,000"
2024,MONTHLY,JAN THRU MAR,RHODE ISLAND,RI,44,"MILK - PRODUCTION, MEASURED IN LB",LB,"2,300,000"
2024,MONTHLY,JUL THRU SEP,RHODE ISLAND,RI,44,"MILK - PRODUCTION, MEASURED IN LB",LB,"2,000,000"
2024,MONTHLY,OCT THRU DEC,RHODE ISLAND,RI,44,"MILK - PRODUCTION, MEASURED IN LB",LB,"2,100,000"
2024,MONTHLY,APR THRU JUN,SOUTH CAROLINA,SC,45,"MILK - PRODUCTION, MEASURED IN LB",LB,"39,000,000"
2024,MONTHLY,JAN THRU MAR,SOUTH CAROLINA,SC,45,"MILK - PRODUCTION, MEASURED IN LB",LB,"39,000,000"
2024,MONTHLY,JUL THRU SEP,SOUTH CAROLINA,SC,45,"MILK - PRODUCTION, MEASURED IN LB",LB,"32,000,000"
2024,MONTHLY,OCT THRU DEC,SOUTH CAROLINA,SC,45,"MILK - PRODUCTION, MEASURED IN LB",LB,"35,000,000"
2024,MONTHLY,APR,SOUTH DAKOTA,SD,46,"MILK - PRODUCTION, MEASURED IN LB",LB,"403,000,000"
2024,MONTHLY,APR THRU JUN,SOUTH DAKOTA,SD,46,"MILK - PRODUCTION, MEASURED IN LB",LB,"1,230,000,000"
2024,MONTHLY,AUG,SOUTH DAKOTA,SD,46,"MILK - PRODUCTION, MEASURED IN LB",LB,"426,000,000"
2024,MONTHLY,DEC,SOUTH DAKOTA,SD,46,"MILK - PRODUCTION, MEASURED IN LB",LB,"424,000,000"
2024,MONTHLY,FEB,SOUTH DAKOTA,SD,46,"MILK - PRODUCTION, MEASURED IN LB",LB,"383,000,000"
2024,MONTHLY,JAN,SOUTH DAKOTA,SD,46,"MILK - PRODUCTION, MEASURED IN LB",LB,"400,000,000"
2024,MONTHLY,JAN THRU MAR,SOUTH DAKOTA,SD,46,"MILK - PRODUCTION, MEASURED IN LB",LB,"1,196,000,000"
2024,MONTHLY,JUL,SOUTH DAKOTA,SD,46,"MILK - PRODUCTION, MEASURED IN LB",LB,"423,000,000"
2024,MONTHLY,JUL THRU SEP,SOUTH DAKOTA,SD,46,"MILK - PRODUCTION, MEASURED IN LB",LB,"1,265,000,000"
2024,MONTHLY,JUN,SOUTH DAKOTA,SD,46,"MILK - PRODUCTION, MEASURED IN LB",LB,"408,000,000"
2024,MONTHLY,MAR,SOUTH DAKOTA,SD,46,"MILK - PRODUCTION, MEASURED IN LB",LB,"413,000,000"
2024,MONTHLY,MAY,SOUTH DAKOTA,SD,46,"MILK - PRODUCTION, MEASURED IN LB",LB,"419,000,000"
2024,MONTHLY,NOV,SOUTH DAKOTA,SD,46,"MILK - PRODUCTION, MEASURED IN LB",LB,"409,000,000"
2024,MONTHLY,OCT,SOUTH DAKOTA,SD,46,"MILK - PRODUCTION, MEASURED IN LB",LB,"428,000,000"
2024,MONTHLY,OCT THRU DEC,SOUTH DAKOTA,SD,46,"MILK - PRODUCTION, MEASURED IN LB",LB,"1,261,000,000"
2024,MONTHLY,SEP,SOUTH DAKOTA,SD,46,"MILK - PRODUCTION, MEASURED IN LB",LB,"416,000,000"
2024,MONTHLY,APR THRU JUN,TENNESSEE,TN,47,"MILK - PRODUCTION, MEASURED IN LB",LB,"115,000,000"
2024,MONTHLY,JAN THRU MAR,TENNESSEE,TN,47,"MILK - PRODUCTION, MEASURED IN LB",LB,"118,000,000"
2024,MONTHLY,JUL THRU SEP,TENNESSEE,TN,47,"MILK - PRODUCTION, MEASURED IN LB",LB,"109,000,000"
2024,MONTHLY,OCT THRU DEC,TENNESSEE,TN,47,"MILK - PRODUCTION, MEASURED IN LB",LB,"107,000,000"
2024,MONTHLY,APR,TEXAS,TX,48,"MILK - PRODUCTION, MEASURED IN LB",LB,"1,366,000,000"
2024,MONTHLY,APR THRU JUN,TEXAS,TX,48,"MILK - PRODUCTION, MEASURED IN LB",LB,"4,180,000,000"
2024,MONTHLY,AUG,TEXAS,TX,48,"MILK - PRODUCTION, MEASURED IN LB",LB,"1,444,000,000"
2024,MONTHLY,DEC,TEXAS,TX,48,"MILK - PRODUCTION, MEASURED IN LB",LB,"1,482,000,000"
2024,MONTHLY,FEB,TEXAS,TX,48,"MILK - PRODUCTION, MEASURED IN LB",LB,"1,361,000,000"
2024,MONTHLY,JAN,TEXAS,TX,48,"MILK - PRODUCTION, MEASURED IN LB",LB,"1,394,000,000"
2024,MONTHLY,JAN THRU MAR,TEXAS,TX,48,"MILK - PRODUCTION, MEASURED IN LB",LB,"4,186,000,000"
2024,MONTHLY,JUL,TEXAS,TX,48,"MILK - PRODUCTION, MEASURED IN LB",LB,"1,422,000,000"
2024,MONTHLY,JUL THRU SEP,TEXAS,TX,48,"MILK - PRODUCTION, MEASURED IN LB",LB,"4,263,000,000"
2024,MONTHLY,JUN,TEXAS,TX,48,"MILK - PRODUCTION, MEASURED IN LB",LB,"1,372,000,000"
2024,MONTHLY,MAR,TEXAS,TX,48,"MILK - PRODUCTION, MEASURED IN LB",LB,"1,431,000,000"
2024,MONTHLY,MAY,TEXAS,TX,48,"MILK - PRODUCTION, MEASURED IN LB",LB,"1,442,000,000"
2024,MONTHLY,NOV,TEXAS,TX,48,"MILK - PRODUCTION, MEASURED IN LB",LB,"1,424,000,000"
2024,MONTHLY,OCT,TEXAS,TX,48,"MILK - PRODUCTION, MEASURED IN LB",LB,"1,502,000,000"
2024,MONTHLY,OCT THRU DEC,TEXAS,TX,48,"MILK - PRODUCTION, MEASURED IN LB",LB,"4,408,000,000"
2024,MONTHLY,SEP,TEXAS,TX,48,"MILK - PRODUCTION, MEASURED IN LB",LB,"1,397,000,000"
2024,MONTHLY,APR,US TOTAL,US,99,"MILK - PRODUCTION, MEASURED IN LB",LB,"19,093,000,000"
2024,MONTHLY,APR THRU JUN,US TOTAL,US,99,"MILK - PRODUCTION, MEASURED IN LB",LB,"57,342,000,000"
2024,MONTHLY,AUG,US TOTAL,US,99,"MILK - PRODUCTION, MEASURED IN LB",LB,"18,908,000,000"
2024,MONTHLY,DEC,US TOTAL,US,99,"MILK - PRODUCTION, MEASURED IN LB",LB,"18,749,000,000"
2024,MONTHLY,FEB,US TOTAL,US,99,"MILK - PRODUCTION, MEASURED IN LB",LB,"18,190,000,000"
2024,MONTHLY,JAN,US TOTAL,US,99,"MILK - PRODUCTION, MEASURED IN LB",LB,"19,087,000,000"
2024,MONTHLY,JAN THRU MAR,US TOTAL,US,99,"MILK - PRODUCTION, MEASURED IN LB",LB,"56,954,000,000"
2024,MONTHLY,JUL,US TOTAL,US,99,"MILK - PRODUCTION, MEASURED IN LB",LB,"18,921,000,000"
2024,MONTHLY,JUL THRU SEP,US TOTAL,US,99,"MILK - PRODUCTION, MEASURED IN LB",LB,"56,094,000,000"
2024,MONTHLY,JUN,US TOTAL,US,99,"MILK - PRODUCTION, MEASURED IN LB",LB,"18,621,000,000"
2024,MONTHLY,MAR,US TOTAL,US,99,"MILK - PRODUCTION, MEASURED IN LB",LB,"19,677,000,000"
2024,MONTHLY,MAY,US TOTAL,US,99,"MILK - PRODUCTION, MEASURED IN LB",LB,"19,628,000,000"
2024,MONTHLY,NOV,US TOTAL,US,99,"MILK - PRODUCTION, MEASURED IN LB",LB,"17,985,000,000"
2024,MONTHLY,OCT,US TOTAL,US,99,"MILK - PRODUCTION, MEASURED IN LB",LB,"18,765,000,000"
2024,MONTHLY,OCT THRU DEC,US TOTAL,US,99,"MILK - PRODUCTION, MEASURED IN LB",LB,"55,499,000,000"
2024,MONTHLY,SEP,US TOTAL,US,99,"MILK - PRODUCTION, MEASURED IN LB",LB,"18,265,000,000"
2024,MONTHLY,APR,UTAH,UT,49,"MILK - PRODUCTION, MEASURED IN LB",LB,"176,000,000"
2024,MONTHLY,APR THRU JUN,UTAH,UT,49,"MILK - PRODUCTION, MEASURED IN LB",LB,"541,000,000"
2024,MONTHLY,AUG,UTAH,UT,49,"MILK - PRODUCTION, MEASURED IN LB",LB,"182,000,000"
2024,MONTHLY,DEC,UTAH,UT,49,"MILK - PRODUCTION, MEASURED IN LB",LB,"176,000,000"
2024,MONTHLY,FEB,UTAH,UT,49,"MILK - PRODUCTION, MEASURED IN LB",LB,"164,000,000"
2024,MONTHLY,JAN,UTAH,UT,49,"MILK - PRODUCTION, MEASURED IN LB",LB,"174,000,000"
2024,MONTHLY,JAN THRU MAR,UTAH,UT,49,"MILK - PRODUCTION, MEASURED IN LB",LB,"516,000,000"
2024,MONTHLY,JUL,UTAH,UT,49,"MILK - PRODUCTION, MEASURED IN LB",LB,"185,000,000"
2024,MONTHLY,JUL THRU SEP,UTAH,UT,49,"MILK - PRODUCTION, MEASURED IN LB",LB,"541,000,000"
2024,MONTHLY,JUN,UTAH,UT,49,"MILK - PRODUCTION, MEASURED IN LB",LB,"180,000,000"
2024,MONTHLY,MAR,UTAH,UT,49,"MILK - PRODUCTION, MEASURED IN LB",LB,"178,000,000"
2024,MONTHLY,MAY,UTAH,UT,49,"MILK - PRODUCTION, MEASURED IN LB",LB,"185,000,000"
2024,MONTHLY,NOV,UTAH,UT,49,"MILK - PRODUCTION, MEASURED IN LB",LB,"170,000,000"
2024,MONTHLY,OCT,UTAH,UT,49,"MILK - PRODUCTION, MEASURED IN LB",LB,"176,000,000"
2024,MONTHLY,OCT THRU DEC,UTAH,UT,49,"MILK - PRODUCTION, MEASURED IN LB",LB,"522,000,000"
2024,MONTHLY,SEP,UTAH,UT,49,"MILK - PRODUCTION, MEASURED IN LB",LB,"174,000,000"
2024,MONTHLY,APR,VIRGINIA,VA,51,"MILK - PRODUCTION, MEASURED IN LB",LB,"122,000,000"
2024,MONTHLY,APR THRU JUN,VIRGINIA,VA,51,"MILK - PRODUCTION, MEASURED IN LB",LB,"357,000,000"
2024,MONTHLY,AUG,VIRGINIA,VA,51,"MILK - PRODUCTION, MEASURED IN LB",LB,"114,000,000"
2024,MONTHLY,DEC,VIRGINIA,VA,51,"MILK - PRODUCTION, MEASURED IN LB",LB,"117,000,000"
2024,MONTHLY,FEB,VIRGINIA,VA,51,"MILK - PRODUCTION, MEASURED IN LB",LB,"115,000,000"
2024,MONTHLY,JAN,VIRGINIA,VA,51,"MILK - PRODUCTION, MEASURED IN LB",LB,"121,000,000"
2024,MONTHLY,JAN THRU MAR,VIRGINIA,VA,51,"MILK - PRODUCTION, MEASURED IN LB",LB,"361,000,000"
2024,MONTHLY,JUL,VIRGINIA,VA,51,"MILK - PRODUCTION, MEASURED IN LB",LB,"114,000,000"
2024,MONTHLY,JUL THRU SEP,VIRGINIA,VA,51,"MILK - PRODUCTION, MEASURED IN LB",LB,"337,000,000"
2024,MONTHLY,JUN,VIRGINIA,VA,51,"MILK - PRODUCTION, MEASURED IN LB",LB,"113,000,000"
2024,MONTHLY,MAR,VIRGINIA,VA,51,"MILK - PRODUCTION, MEASURED IN LB",LB,"125,000,000"
2024,MONTHLY,MAY,VIRGINIA,VA,51,"MILK - PRODUCTION, MEASURED IN LB",LB,"122,000,000"
2024,MONTHLY,NOV,VIRGINIA,VA,51,"MILK - PRODUCTION, MEASURED IN LB",LB,"112,000,000"
2024,MONTHLY,OCT,VIRGINIA,VA,51,"MILK - PRODUCTION, MEASURED IN LB",LB,"113,000,000"
2024,MONTHLY,OCT THRU DEC,VIRGINIA,VA,51,"MILK - PRODUCTION, MEASURED IN LB",LB,"342,000,000"
2024,MONTHLY,SEP,VIRGINIA,VA,51,"MILK - PRODUCTION, MEASURED IN LB",LB,"109,000,000"
2024,MONTHLY,APR,VERMONT,VT,50,"MILK - PRODUCTION, MEASURED IN LB",LB,"207,000,000"
2024,MONTHLY,APR THRU JUN,VERMONT,VT,50,"MILK - PRODUCTION, MEASURED IN LB",LB,"627,000,000"
2024,MONTHLY,AUG,VERMONT,VT,50,"MILK - PRODUCTION, MEASURED IN LB",LB,"206,000,000"
2024,MONTHLY,DEC,VERMONT,VT,50,"MILK - PRODUCTION, MEASURED IN LB",LB,"208,000,000"
2024,MONTHLY,FEB,VERMONT,VT,50,"MILK - PRODUCTION, MEASURED IN LB",LB,"200,000,000"
2024,MONTHLY,JAN,VERMONT,VT,50,"MILK - PRODUCTION, MEASURED IN LB",LB,"211,000,000"
2024,MONTHLY,JAN THRU MAR,VERMONT,VT,50,"MILK - PRODUCTION, MEASURED IN LB",LB,"625,000,000"
2024,MONTHLY,JUL,VERMONT,VT,50,"MILK - PRODUCTION, MEASURED IN LB",LB,"207,000,000"
2024,MONTHLY,JUL THRU SEP,VERMONT,VT,50,"MILK - PRODUCTION, MEASURED IN LB",LB,"611,000,000"
2024,MONTHLY,JUN,VERMONT,VT,50,"MILK - PRODUCTION, MEASURED IN LB",LB,"205,000,000"
2024,MONTHLY,MAR,VERMONT,VT,50,"MILK - PRODUCTION, MEASURED IN LB",LB,"214,000,000"
2024,MONTHLY,MAY,VERMONT,VT,50,"MILK - PRODUCTION, MEASURED IN LB",LB,"215,000,000"
2024,MONTHLY,NOV,VERMONT,VT,50,"MILK - PRODUCTION, MEASURED IN LB",LB,"200,000,000"
2024,MONTHLY,OCT,VERMONT,VT,50,"MILK - PRODUCTION, MEASURED IN LB",LB,"208,000,000"
2024,MONTHLY,OCT THRU DEC,VERMONT,VT,50,"MILK - PRODUCTION, MEASURED IN LB",LB,"616,000,000"
2024,MONTHLY,SEP,VERMONT,VT,50,"MILK - PRODUCTION, MEASURED IN LB",LB,"198,000,000"
2024,MONTHLY,APR,WASHINGTON,WA,53,"MILK - PRODUCTION, MEASURED IN LB",LB,"532,000,000"
2024,MONTHLY,APR THRU JUN,WASHINGTON,WA,53,"MILK - PRODUCTION, MEASURED IN LB",LB,"1,604,000,000"
2024,MONTHLY,AUG,WASHINGTON,WA,53,"MILK - PRODUCTION, MEASURED IN LB",LB,"536,000,000"
2024,MONTHLY,DEC,WASHINGTON,WA,53,"MILK - PRODUCTION, MEASURED IN LB",LB,"500,000,000"
2024,MONTHLY,FEB,WASHINGTON,WA,53,"MILK - PRODUCTION, MEASURED IN LB",LB,"498,000,000"
2024,MONTHLY,JAN,WASHINGTON,WA,53,"MILK - PRODUCTION, MEASURED IN LB",LB,"523,000,000"
2024,MONTHLY,JAN THRU MAR,WASHINGTON,WA,53,"MILK - PRODUCTION, MEASURED IN LB",LB,"1,562,000,000"
2024,MONTHLY,JUL,WASHINGTON,WA,53,"MILK - PRODUCTION, MEASURED IN LB",LB,"532,000,000"
2024,MONTHLY,JUL THRU SEP,WASHINGTON,WA,53,"MILK - PRODUCTION, MEASURED IN LB",LB,"1,583,000,000"
2024,MONTHLY,JUN,WASHINGTON,WA,53,"MILK - PRODUCTION, MEASURED IN LB",LB,"525,000,000"
2024,MONTHLY,MAR,WASHINGTON,WA,53,"MILK - PRODUCTION, MEASURED IN LB",LB,"541,000,000"
2024,MONTHLY,MAY,WASHINGTON,WA,53,"MILK - PRODUCTION, MEASURED IN LB",LB,"547,000,000"
2024,MONTHLY,NOV,WASHINGTON,WA,53,"MILK - PRODUCTION, MEASURED IN LB",LB,"486,000,000"
2024,MONTHLY,OCT,WASHINGTON,WA,53,"MILK - PRODUCTION, MEASURED IN LB",LB,"518,000,000"
2024,MONTHLY,OCT THRU DEC,WASHINGTON,WA,53,"MILK - PRODUCTION, MEASURED IN LB",LB,"1,504,000,000"
2024,MONTHLY,SEP,WASHINGTON,WA,53,"MILK - PRODUCTION, MEASURED IN LB",LB,"515,000,000"
2024,MONTHLY,APR,WISCONSIN,WI,55,"MILK - PRODUCTION, MEASURED IN LB",LB,"2,709,000,000"
2024,MONTHLY,APR THRU JUN,WISCONSIN,WI,55,"MILK - PRODUCTION, MEASURED IN LB",LB,"8,225,000,000"
2024,MONTHLY,AUG,WISCONSIN,WI,55,"MILK - PRODUCTION, MEASURED IN LB",LB,"2,709,000,000"
2024,MONTHLY,DEC,WISCONSIN,WI,55,"MILK - PRODUCTION, MEASURED IN LB",LB,"2,669,000,000"
2024,MONTHLY,FEB,WISCONSIN,WI,55,"MILK - PRODUCTION, MEASURED IN LB",LB,"2,572,000,000"
2024,MONTHLY,JAN,WISCONSIN,WI,55,"MILK - PRODUCTION, MEASURED IN LB",LB,"2,711,000,000"
2024,MONTHLY,JAN THRU MAR,WISCONSIN,WI,55,"MILK - PRODUCTION, MEASURED IN LB",LB,"8,058,000,000"
2024,MONTHLY,JUL,WISCONSIN,WI,55,"MILK - PRODUCTION, MEASURED IN LB",LB,"2,752,000,000"
2024,MONTHLY,JUL THRU SEP,WISCONSIN,WI,55,"MILK - PRODUCTION, MEASURED IN LB",LB,"8,088,000,000"
2024,MONTHLY,JUN,WISCONSIN,WI,55,"MILK - PRODUCTION, MEASURED IN LB",LB,"2,692,000,000"
2024,MONTHLY,MAR,WISCONSIN,WI,55,"MILK - PRODUCTION, MEASURED IN LB",LB,"2,775,000,000"
2024,MONTHLY,MAY,WISCONSIN,WI,55,"MILK - PRODUCTION, MEASURED IN LB",LB,"2,824,000,000"
2024,MONTHLY,NOV,WISCONSIN,WI,55,"MILK - PRODUCTION, MEASURED IN LB",LB,"2,595,000,000"
2024,MONTHLY,OCT,WISCONSIN,WI,55,"MILK - PRODUCTION, MEASURED IN LB",LB,"2,697,000,000"
2024,MONTHLY,OCT THRU DEC,WISCONSIN,WI,55,"MILK - PRODUCTION, MEASURED IN LB",LB,"7,961,000,000"
2024,MONTHLY,SEP,WISCONSIN,WI,55,"MILK - PRODUCTION, MEASURED IN LB",LB,"2,627,000,000"
2024,MONTHLY,APR THRU JUN,WEST VIRGINIA,WV,54,"MILK - PRODUCTION, MEASURED IN LB",LB,"15,000,000"
2024,MONTHLY,JAN THRU MAR,WEST VIRGINIA,WV,54,"MILK - PRODUCTION, MEASURED IN LB",LB,"15,000,000"
2024,MONTHLY,JUL THRU SEP,WEST VIRGINIA,WV,54,"MILK - PRODUCTION, MEASURED IN LB",LB,"14,500,000"
2024,MONTHLY,OCT THRU DEC,WEST VIRGINIA,WV,54,"MILK - PRODUCTION, MEASURED IN LB",LB,"14,500,000"
2024,MONTHLY,APR THRU JUN,WYOMING,WY,56,"MILK - PRODUCTION, MEASURED IN LB",LB,"59,400,000"
2024,MONTHLY,JAN THRU MAR,WYOMING,WY,56,"MILK - PRODUCTION, MEASURED IN LB",LB,"62,000,000"
2024,MONTHLY,JUL THRU SEP,WYOMING,WY,56,"MILK - PRODUCTION, MEASURED IN LB",LB,"63,900,000"
2024,MONTHLY,OCT THRU DEC,WYOMING,WY,56,"MILK - PRODUCTION, MEASURED IN LB",LB,"62,900,000"
2025,MONTHLY,APR,ARIZONA,AZ,04,"MILK - PRODUCTION, MEASURED IN LB",LB,"417,000,000"
2025,MONTHLY,APR THRU JUN,ARIZONA,AZ,04,"MILK - PRODUCTION, MEASURED IN LB",LB,"1,224,000,000"
2025,MONTHLY,AUG,ARIZONA,AZ,04,"MILK - PRODUCTION, MEASURED IN LB",LB,"382,000,000"
2025,MONTHLY,DEC,ARIZONA,AZ,04,"MILK - PRODUCTION, MEASURED IN LB",LB,"408,000,000"
2025,MONTHLY,FEB,ARIZONA,AZ,04,"MILK - PRODUCTION, MEASURED IN LB",LB,"387,000,000"
2025,MONTHLY,JAN,ARIZONA,AZ,04,"MILK - PRODUCTION, MEASURED IN LB",LB,"412,000,000"
2025,MONTHLY,JAN THRU MAR,ARIZONA,AZ,04,"MILK - PRODUCTION, MEASURED IN LB",LB,"1,234,000,000"
2025,MONTHLY,JUL,ARIZONA,AZ,04,"MILK - PRODUCTION, MEASURED IN LB",LB,"382,000,000"
2025,MONTHLY,JUL THRU SEP,ARIZONA,AZ,04,"MILK - PRODUCTION, MEASURED IN LB",LB,"1,132,000,000"
2025,MONTHLY,JUN,ARIZONA,AZ,04,"MILK - PRODUCTION, MEASURED IN LB",LB,"390,000,000"
2025,MONTHLY,MAR,ARIZONA,AZ,04,"MILK - PRODUCTION, MEASURED IN LB",LB,"435,000,000"
2025,MONTHLY,MAY,ARIZONA,AZ,04,"MILK - PRODUCTION, MEASURED IN LB",LB,"417,000,000"
2025,MONTHLY,NOV,ARIZONA,AZ,04,"MILK - PRODUCTION, MEASURED IN LB",LB,"383,000,000"
2025,MONTHLY,OCT,ARIZONA,AZ,04,"MILK - PRODUCTION, MEASURED IN LB",LB,"383,000,000"
2025,MONTHLY,OCT THRU DEC,ARIZONA,AZ,04,"MILK - PRODUCTION, MEASURED IN LB",LB,"1,174,000,000"
2025,MONTHLY,SEP,ARIZONA,AZ,04,"MILK - PRODUCTION, MEASURED IN LB",LB,"368,000,000"
2025,MONTHLY,APR,CALIFORNIA,CA,06,"MILK - PRODUCTION, MEASURED IN LB",LB,"3,471,000,000"
2025,MONTHLY,APR THRU JUN,CALIFORNIA,CA,06,"MILK - PRODUCTION, MEASURED IN LB",LB,"10,465,000,000"
2025,MONTHLY,AUG,CALIFORNIA,CA,06,"MILK - PRODUCTION, MEASURED IN LB",LB,"3,413,000,000"
2025,MONTHLY,DEC,CALIFORNIA,CA,06,"MILK - PRODUCTION, MEASURED IN LB",LB,"3,458,000,000"
2025,MONTHLY,FEB,CALIFORNIA,CA,06,"MILK - PRODUCTION, MEASURED IN LB",LB,"3,162,000,000"
2025,MONTHLY,JAN,CALIFORNIA,CA,06,"MILK - PRODUCTION, MEASURED IN LB",LB,"3,352,000,000"
2025,MONTHLY,JAN THRU MAR,CALIFORNIA,CA,06,"MILK - PRODUCTION, MEASURED IN LB",LB,"10,079,000,000"
2025,MONTHLY,JUL,CALIFORNIA,CA,06,"MILK - PRODUCTION, MEASURED IN LB",LB,"3,507,000,000"
2025,MONTHLY,JUL THRU SEP,CALIFORNIA,CA,06,"MILK - PRODUCTION, MEASURED IN LB",LB,"10,209,000,000"
2025,MONTHLY,JUN,CALIFORNIA,CA,06,"MILK - PRODUCTION, MEASURED IN LB",LB,"3,429,000,000"
2025,MONTHLY,MAR,CALIFORNIA,CA,06,"MILK - PRODUCTION, MEASURED IN LB",LB,"3,565,000,000"
2025,MONTHLY,MAY,CALIFORNIA,CA,06,"MILK - PRODUCTION, MEASURED IN LB",LB,"3,565,000,000"
2025,MONTHLY,NOV,CALIFORNIA,CA,06,"MILK - PRODUCTION, MEASURED IN LB",LB,"3,330,000,000"
2025,MONTHLY,OCT,CALIFORNIA,CA,06,"MILK - PRODUCTION, MEASURED IN LB",LB,"3,409,000,000"
2025,MONTHLY,OCT THRU DEC,CALIFORNIA,CA,06,"MILK - PRODUCTION, MEASURED IN LB",LB,"10,197,000,000"
2025,MONTHLY,SEP,CALIFORNIA,CA,06,"MILK - PRODUCTION, MEASURED IN LB",LB,"3,289,000,000"
2025,MONTHLY,APR,COLORADO,CO,08,"MILK - PRODUCTION, MEASURED IN LB",LB,"454,000,000"
2025,MONTHLY,APR THRU JUN,COLORADO,CO,08,"MILK - PRODUCTION, MEASURED IN LB",LB,"1,378,000,000"
2025,MONTHLY,AUG,COLORADO,CO,08,"MILK - PRODUCTION, MEASURED IN LB",LB,"466,000,000"
2025,MONTHLY,DEC,COLORADO,CO,08,"MILK - PRODUCTION, MEASURED IN LB",LB,"459,000,000"
2025,MONTHLY,FEB,COLORADO,CO,08,"MILK - PRODUCTION, MEASURED IN LB",LB,"417,000,000"
2025,MONTHLY,JAN,COLORADO,CO,08,"MILK - PRODUCTION, MEASURED IN LB",LB,"454,000,000"
2025,MONTHLY,JAN THRU MAR,COLORADO,CO,08,"MILK - PRODUCTION, MEASURED IN LB",LB,"1,338,000,000"
2025,MONTHLY,JUL,COLORADO,CO,08,"MILK - PRODUCTION, MEASURED IN LB",LB,"468,000,000"
2025,MONTHLY,JUL THRU SEP,COLORADO,CO,08,"MILK - PRODUCTION, MEASURED IN LB",LB,"1,384,000,000"
2025,MONTHLY,JUN,COLORADO,CO,08,"MILK - PRODUCTION, MEASURED IN LB",LB,"455,000,000"
2025,MONTHLY,MAR,COLORADO,CO,08,"MILK - PRODUCTION, MEASURED IN LB",LB,"467,000,000"
2025,MONTHLY,MAY,COLORADO,CO,08,"MILK - PRODUCTION, MEASURED IN LB",LB,"469,000,000"
2025,MONTHLY,NOV,COLORADO,CO,08,"MILK - PRODUCTION, MEASURED IN LB",LB,"441,000,000"
2025,MONTHLY,OCT,COLORADO,CO,08,"MILK - PRODUCTION, MEASURED IN LB",LB,"459,000,000"
2025,MONTHLY,OCT THRU DEC,COLORADO,CO,08,"MILK - PRODUCTION, MEASURED IN LB",LB,"1,359,000,000"
2025,MONTHLY,SEP,COLORADO,CO,08,"MILK - PRODUCTION, MEASURED IN LB",LB,"450,000,000"
2025,MONTHLY,APR,FLORIDA,FL,12,"MILK - PRODUCTION, MEASURED IN LB",LB,"180,000,000"
2025,MONTHLY,APR THRU JUN,FLORIDA,FL,12,"MILK - PRODUCTION, MEASURED IN LB",LB,"541,000,000"
2025,MONTHLY,AUG,FLORIDA,FL,12,"MILK - PRODUCTION, MEASURED IN LB",LB,"162,000,000"
2025,MONTHLY,DEC,FLORIDA,FL,12,"MILK - PRODUCTION, MEASURED IN LB",LB,"174,000,000"
2025,MONTHLY,FEB,FLORIDA,FL,12,"MILK - PRODUCTION, MEASURED IN LB",LB,"167,000,000"
2025,MONTHLY,JAN,FLORIDA,FL,12,"MILK - PRODUCTION, MEASURED IN LB",LB,"179,000,000"
2025,MONTHLY,JAN THRU MAR,FLORIDA,FL,12,"MILK - PRODUCTION, MEASURED IN LB",LB,"533,000,000"
2025,MONTHLY,JUL,FLORIDA,FL,12,"MILK - PRODUCTION, MEASURED IN LB",LB,"171,000,000"
2025,MONTHLY,JUL THRU SEP,FLORIDA,FL,12,"MILK - PRODUCTION, MEASURED IN LB",LB,"493,000,000"
2025,MONTHLY,JUN,FLORIDA,FL,12,"MILK - PRODUCTION, MEASURED IN LB",LB,"175,000,000"
2025,MONTHLY,MAR,FLORIDA,FL,12,"MILK - PRODUCTION, MEASURED IN LB",LB,"187,000,000"
2025,MONTHLY,MAY,FLORIDA,FL,12,"MILK - PRODUCTION, MEASURED IN LB",LB,"186,000,000"
2025,MONTHLY,NOV,FLORIDA,FL,12,"MILK - PRODUCTION, MEASURED IN LB",LB,"162,000,000"
2025,MONTHLY,OCT,FLORIDA,FL,12,"MILK - PRODUCTION, MEASURED IN LB",LB,"164,000,000"
2025,MONTHLY,OCT THRU DEC,FLORIDA,FL,12,"MILK - PRODUCTION, MEASURED IN LB",LB,"500,000,000"
2025,MONTHLY,SEP,FLORIDA,FL,12,"MILK - PRODUCTION, MEASURED IN LB",LB,"160,000,000"
2025,MONTHLY,APR,GEORGIA,GA,13,"MILK - PRODUCTION, MEASURED IN LB",LB,"177,000,000"
2025,MONTHLY,APR THRU JUN,GEORGIA,GA,13,"MILK - PRODUCTION, MEASURED IN LB",LB,"528,000,000"
2025,MONTHLY,AUG,GEORGIA,GA,13,"MILK - PRODUCTION, MEASURED IN LB",LB,"172,000,000"
2025,MONTHLY,DEC,GEORGIA,GA,13,"MILK - PRODUCTION, MEASURED IN LB",LB,"183,000,000"
2025,MONTHLY,FEB,GEORGIA,GA,13,"MILK - PRODUCTION, MEASURED IN LB",LB,"163,000,000"
2025,MONTHLY,JAN,GEORGIA,GA,13,"MILK - PRODUCTION, MEASURED IN LB",LB,"174,000,000"
2025,MONTHLY,JAN THRU MAR,GEORGIA,GA,13,"MILK - PRODUCTION, MEASURED IN LB",LB,"518,000,000"
2025,MONTHLY,JUL,GEORGIA,GA,13,"MILK - PRODUCTION, MEASURED IN LB",LB,"174,000,000"
2025,MONTHLY,JUL THRU SEP,GEORGIA,GA,13,"MILK - PRODUCTION, MEASURED IN LB",LB,"514,000,000"
2025,MONTHLY,JUN,GEORGIA,GA,13,"MILK - PRODUCTION, MEASURED IN LB",LB,"171,000,000"
2025,MONTHLY,MAR,GEORGIA,GA,13,"MILK - PRODUCTION, MEASURED IN LB",LB,"181,000,000"
2025,MONTHLY,MAY,GEORGIA,GA,13,"MILK - PRODUCTION, MEASURED IN LB",LB,"180,000,000"
2025,MONTHLY,NOV,GEORGIA,GA,13,"MILK - PRODUCTION, MEASURED IN LB",LB,"172,000,000"
2025,MONTHLY,OCT,GEORGIA,GA,13,"MILK - PRODUCTION, MEASURED IN LB",LB,"176,000,000"
2025,MONTHLY,OCT THRU DEC,GEORGIA,GA,13,"MILK - PRODUCTION, MEASURED IN LB",LB,"531,000,000"
2025,MONTHLY,SEP,GEORGIA,GA,13,"MILK - PRODUCTION, MEASURED IN LB",LB,"168,000,000"
2025,MONTHLY,APR,IOWA,IA,19,"MILK - PRODUCTION, MEASURED IN LB",LB,"509,000,000"
2025,MONTHLY,APR THRU JUN,IOWA,IA,19,"MILK - PRODUCTION, MEASURED IN LB",LB,"1,535,000,000"
2025,MONTHLY,AUG,IOWA,IA,19,"MILK - PRODUCTION, MEASURED IN LB",LB,"504,000,000"
2025,MONTHLY,DEC,IOWA,IA,19,"MILK - PRODUCTION, MEASURED IN LB",LB,"510,000,000"
2025,MONTHLY,FEB,IOWA,IA,19,"MILK - PRODUCTION, MEASURED IN LB",LB,"466,000,000"
2025,MONTHLY,JAN,IOWA,IA,19,"MILK - PRODUCTION, MEASURED IN LB",LB,"510,000,000"
2025,MONTHLY,JAN THRU MAR,IOWA,IA,19,"MILK - PRODUCTION, MEASURED IN LB",LB,"1,497,000,000"
2025,MONTHLY,JUL,IOWA,IA,19,"MILK - PRODUCTION, MEASURED IN LB",LB,"508,000,000"
2025,MONTHLY,JUL THRU SEP,IOWA,IA,19,"MILK - PRODUCTION, MEASURED IN LB",LB,"1,508,000,000"
2025,MONTHLY,JUN,IOWA,IA,19,"MILK - PRODUCTION, MEASURED IN LB",LB,"499,000,000"
2025,MONTHLY,MAR,IOWA,IA,19,"MILK - PRODUCTION, MEASURED IN LB",LB,"521,000,000"
2025,MONTHLY,MAY,IOWA,IA,19,"MILK - PRODUCTION, MEASURED IN LB",LB,"527,000,000"
2025,MONTHLY,NOV,IOWA,IA,19,"MILK - PRODUCTION, MEASURED IN LB",LB,"491,000,000"
2025,MONTHLY,OCT,IOWA,IA,19,"MILK - PRODUCTION, MEASURED IN LB",LB,"512,000,000"
2025,MONTHLY,OCT THRU DEC,IOWA,IA,19,"MILK - PRODUCTION, MEASURED IN LB",LB,"1,513,000,000"
2025,MONTHLY,SEP,IOWA,IA,19,"MILK - PRODUCTION, MEASURED IN LB",LB,"496,000,000"
2025,MONTHLY,APR,IDAHO,ID,16,"MILK - PRODUCTION, MEASURED IN LB",LB,"1,500,000,000"
2025,MONTHLY,APR THRU JUN,IDAHO,ID,16,"MILK - PRODUCTION, MEASURED IN LB",LB,"4,606,000,000"
2025,MONTHLY,AUG,IDAHO,ID,16,"MILK - PRODUCTION, MEASURED IN LB",LB,"1,603,000,000"
2025,MONTHLY,DEC,IDAHO,ID,16,"MILK - PRODUCTION, MEASURED IN LB",LB,"1,530,000,000"
2025,MONTHLY,FEB,IDAHO,ID,16,"MILK - PRODUCTION, MEASURED IN LB",LB,"1,358,000,000"
2025,MONTHLY,JAN,IDAHO,ID,16,"MILK - PRODUCTION, MEASURED IN LB",LB,"1,491,000,000"
2025,MONTHLY,JAN THRU MAR,IDAHO,ID,16,"MILK - PRODUCTION, MEASURED IN LB",LB,"4,358,000,000"
2025,MONTHLY,JUL,IDAHO,ID,16,"MILK - PRODUCTION, MEASURED IN LB",LB,"1,612,000,000"
2025,MONTHLY,JUL THRU SEP,IDAHO,ID,16,"MILK - PRODUCTION, MEASURED IN LB",LB,"4,756,000,000"
2025,MONTHLY,JUN,IDAHO,ID,16,"MILK - PRODUCTION, MEASURED IN LB",LB,"1,537,000,000"
2025,MONTHLY,MAR,IDAHO,ID,16,"MILK - PRODUCTION, MEASURED IN LB",LB,"1,509,000,000"
2025,MONTHLY,MAY,IDAHO,ID,16,"MILK - PRODUCTION, MEASURED IN LB",LB,"1,569,000,000"
2025,MONTHLY,NOV,IDAHO,ID,16,"MILK - PRODUCTION, MEASURED IN LB",LB,"1,467,000,000"
2025,MONTHLY,OCT,IDAHO,ID,16,"MILK - PRODUCTION, MEASURED IN LB",LB,"1,541,000,000"
2025,MONTHLY,OCT THRU DEC,IDAHO,ID,16,"MILK - PRODUCTION, MEASURED IN LB",LB,"4,538,000,000"
2025,MONTHLY,SEP,IDAHO,ID,16,"MILK - PRODUCTION, MEASURED IN LB",LB,"1,541,000,000"
2025,MONTHLY,APR,ILLINOIS,IL,17,"MILK - PRODUCTION, MEASURED IN LB",LB,"143,000,000"
2025,MONTHLY,APR THRU JUN,ILLINOIS,IL,17,"MILK - PRODUCTION, MEASURED IN LB",LB,"428,000,000"
2025,MONTHLY,AUG,ILLINOIS,IL,17,"MILK - PRODUCTION, MEASURED IN LB",LB,"131,000,000"
2025,MONTHLY,DEC,ILLINOIS,IL,17,"MILK - PRODUCTION, MEASURED IN LB",LB,"139,000,000"
2025,MONTHLY,FEB,ILLINOIS,IL,17,"MILK - PRODUCTION, MEASURED IN LB",LB,"133,000,000"
2025,MONTHLY,JAN,ILLINOIS,IL,17,"MILK - PRODUCTION, MEASURED IN LB",LB,"144,000,000"
2025,MONTHLY,JAN THRU MAR,ILLINOIS,IL,17,"MILK - PRODUCTION, MEASURED IN LB",LB,"427,000,000"
2025,MONTHLY,JUL,ILLINOIS,IL,17,"MILK - PRODUCTION, MEASURED IN LB",LB,"134,000,000"
2025,MONTHLY,JUL THRU SEP,ILLINOIS,IL,17,"MILK - PRODUCTION, MEASURED IN LB",LB,"401,000,000"
2025,MONTHLY,JUN,ILLINOIS,IL,17,"MILK - PRODUCTION, MEASURED IN LB",LB,"137,000,000"
2025,MONTHLY,MAR,ILLINOIS,IL,17,"MILK - PRODUCTION, MEASURED IN LB",LB,"150,000,000"
2025,MONTHLY,MAY,ILLINOIS,IL,17,"MILK - PRODUCTION, MEASURED IN LB",LB,"148,000,000"
2025,MONTHLY,NOV,ILLINOIS,IL,17,"MILK - PRODUCTION, MEASURED IN LB",LB,"132,000,000"
2025,MONTHLY,OCT,ILLINOIS,IL,17,"MILK - PRODUCTION, MEASURED IN LB",LB,"136,000,000"
2025,MONTHLY,OCT THRU DEC,ILLINOIS,IL,17,"MILK - PRODUCTION, MEASURED IN LB",LB,"407,000,000"
2025,MONTHLY,SEP,ILLINOIS,IL,17,"MILK - PRODUCTION, MEASURED IN LB",LB,"136,000,000"
2025,MONTHLY,APR,INDIANA,IN,18,"MILK - PRODUCTION, MEASURED IN LB",LB,"378,000,000"
2025,MONTHLY,APR THRU JUN,INDIANA,IN,18,"MILK - PRODUCTION, MEASURED IN LB",LB,"1,161,000,000"
2025,MONTHLY,AUG,INDIANA,IN,18,"MILK - PRODUCTION, MEASURED IN LB",LB,"378,000,000"
2025,MONTHLY,DEC,INDIANA,IN,18,"MILK - PRODUCTION, MEASURED IN LB",LB,"394,000,000"
2025,MONTHLY,FEB,INDIANA,IN,18,"MILK - PRODUCTION, MEASURED IN LB",LB,"353,000,000"
2025,MONTHLY,JAN,INDIANA,IN,18,"MILK - PRODUCTION, MEASURED IN LB",LB,"388,000,000"
2025,MONTHLY,JAN THRU MAR,INDIANA,IN,18,"MILK - PRODUCTION, MEASURED IN LB",LB,"1,135,000,000"
2025,MONTHLY,JUL,INDIANA,IN,18,"MILK - PRODUCTION, MEASURED IN LB",LB,"380,000,000"
2025,MONTHLY,JUL THRU SEP,INDIANA,IN,18,"MILK - PRODUCTION, MEASURED IN LB",LB,"1,134,000,000"
2025,MONTHLY,JUN,INDIANA,IN,18,"MILK - PRODUCTION, MEASURED IN LB",LB,"380,000,000"
2025,MONTHLY,MAR,INDIANA,IN,18,"MILK - PRODUCTION, MEASURED IN LB",LB,"394,000,000"
2025,MONTHLY,MAY,INDIANA,IN,18,"MILK - PRODUCTION, MEASURED IN LB",LB,"403,000,000"
2025,MONTHLY,NOV,INDIANA,IN,18,"MILK - PRODUCTION, MEASURED IN LB",LB,"382,000,000"
2025,MONTHLY,OCT,INDIANA,IN,18,"MILK - PRODUCTION, MEASURED IN LB",LB,"390,000,000"
2025,MONTHLY,OCT THRU DEC,INDIANA,IN,18,"MILK - PRODUCTION, MEASURED IN LB",LB,"1,166,000,000"
2025,MONTHLY,SEP,INDIANA,IN,18,"MILK - PRODUCTION, MEASURED IN LB",LB,"376,000,000"
2025,MONTHLY,APR,KANSAS,KS,20,"MILK - PRODUCTION, MEASURED IN LB",LB,"396,000,000"
2025,MONTHLY,APR THRU JUN,KANSAS,KS,20,"MILK - PRODUCTION, MEASURED IN LB",LB,"1,223,000,000"
2025,MONTHLY,AUG,KANSAS,KS,20,"MILK - PRODUCTION, MEASURED IN LB",LB,"438,000,000"
2025,MONTHLY,DEC,KANSAS,KS,20,"MILK - PRODUCTION, MEASURED IN LB",LB,"453,000,000"
2025,MONTHLY,FEB,KANSAS,KS,20,"MILK - PRODUCTION, MEASURED IN LB",LB,"338,000,000"
2025,MONTHLY,JAN,KANSAS,KS,20,"MILK - PRODUCTION, MEASURED IN LB",LB,"368,000,000"
2025,MONTHLY,JAN THRU MAR,KANSAS,KS,20,"MILK - PRODUCTION, MEASURED IN LB",LB,"1,099,000,000"
2025,MONTHLY,JUL,KANSAS,KS,20,"MILK - PRODUCTION, MEASURED IN LB",LB,"428,000,000"
2025,MONTHLY,JUL THRU SEP,KANSAS,KS,20,"MILK - PRODUCTION, MEASURED IN LB",LB,"1,295,000,000"
2025,MONTHLY,JUN,KANSAS,KS,20,"MILK - PRODUCTION, MEASURED IN LB",LB,"407,000,000"
2025,MONTHLY,MAR,KANSAS,KS,20,"MILK - PRODUCTION, MEASURED IN LB",LB,"393,000,000"
2025,MONTHLY,MAY,KANSAS,KS,20,"MILK - PRODUCTION, MEASURED IN LB",LB,"420,000,000"
2025,MONTHLY,NOV,KANSAS,KS,20,"MILK - PRODUCTION, MEASURED IN LB",LB,"436,000,000"
2025,MONTHLY,OCT,KANSAS,KS,20,"MILK - PRODUCTION, MEASURED IN LB",LB,"446,000,000"
2025,MONTHLY,OCT THRU DEC,KANSAS,KS,20,"MILK - PRODUCTION, MEASURED IN LB",LB,"1,335,000,000"
2025,MONTHLY,SEP,KANSAS,KS,20,"MILK - PRODUCTION, MEASURED IN LB",LB,"429,000,000"
2025,MONTHLY,APR THRU JUN,KENTUCKY,KY,21,"MILK - PRODUCTION, MEASURED IN LB",LB,"215,000,000"
2025,MONTHLY,JAN THRU MAR,KENTUCKY,KY,21,"MILK - PRODUCTION, MEASURED IN LB",LB,"210,000,000"
2025,MONTHLY,JUL THRU SEP,KENTUCKY,KY,21,"MILK - PRODUCTION, MEASURED IN LB",LB,"184,000,000"
2025,MONTHLY,OCT THRU DEC,KENTUCKY,KY,21,"MILK - PRODUCTION, MEASURED IN LB",LB,"186,000,000"
2025,MONTHLY,APR THRU JUN,MARYLAND,MD,24,"MILK - PRODUCTION, MEASURED IN LB",LB,"210,000,000"
2025,MONTHLY,JAN THRU MAR,MARYLAND,MD,24,"MILK - PRODUCTION, MEASURED IN LB",LB,"206,000,000"
2025,MONTHLY,JUL THRU SEP,MARYLAND,MD,24,"MILK - PRODUCTION, MEASURED IN LB",LB,"193,000,000"
2025,MONTHLY,OCT THRU DEC,MARYLAND,MD,24,"MILK - PRODUCTION, MEASURED IN LB",LB,"195,000,000"
2025,MONTHLY,APR THRU JUN,MAINE,ME,23,"MILK - PRODUCTION, MEASURED IN LB",LB,"140,000,000"
2025,MONTHLY,JAN THRU MAR,MAINE,ME,23,"MILK - PRODUCTION, MEASURED IN LB",LB,"137,000,000"
2025,MONTHLY,JUL THRU SEP,MAINE,ME,23,"MILK - PRODUCTION, MEASURED IN LB",LB,"138,000,000"
2025,MONTHLY,OCT THRU DEC,MAINE,ME,23,"MILK - PRODUCTION, MEASURED IN LB",LB,"133,000,000"
2025,MONTHLY,APR,MICHIGAN,MI,26,"MILK - PRODUCTION, MEASURED IN LB",LB,"1,037,000,000"
2025,MONTHLY,APR THRU JUN,MICHIGAN,MI,26,"MILK - PRODUCTION, MEASURED IN LB",LB,"3,159,000,000"
2025,MONTHLY,AUG,MICHIGAN,MI,26,"MILK - PRODUCTION, MEASURED IN LB",LB,"1,065,000,000"
2025,MONTHLY,DEC,MICHIGAN,MI,26,"MILK - PRODUCTION, MEASURED IN LB",LB,"1,065,000,000"
2025,MONTHLY,FEB,MICHIGAN,MI,26,"MILK - PRODUCTION, MEASURED IN LB",LB,"948,000,000"
2025,MONTHLY,JAN,MICHIGAN,MI,26,"MILK - PRODUCTION, MEASURED IN LB",LB,"1,039,000,000"
2025,MONTHLY,JAN THRU MAR,MICHIGAN,MI,26,"MILK - PRODUCTION, MEASURED IN LB",LB,"3,051,000,000"
2025,MONTHLY,JUL,MICHIGAN,MI,26,"MILK - PRODUCTION, MEASURED IN LB",LB,"1,067,000,000"
2025,MONTHLY,JUL THRU SEP,MICHIGAN,MI,26,"MILK - PRODUCTION, MEASURED IN LB",LB,"3,174,000,000"
2025,MONTHLY,JUN,MICHIGAN,MI,26,"MILK - PRODUCTION, MEASURED IN LB",LB,"1,035,000,000"
2025,MONTHLY,MAR,MICHIGAN,MI,26,"MILK - PRODUCTION, MEASURED IN LB",LB,"1,064,000,000"
2025,MONTHLY,MAY,MICHIGAN,MI,26,"MILK - PRODUCTION, MEASURED IN LB",LB,"1,087,000,000"
2025,MONTHLY,NOV,MICHIGAN,MI,26,"MILK - PRODUCTION, MEASURED IN LB",LB,"1,028,000,000"
2025,MONTHLY,OCT,MICHIGAN,MI,26,"MILK - PRODUCTION, MEASURED IN LB",LB,"1,069,000,000"
2025,MONTHLY,OCT THRU DEC,MICHIGAN,MI,26,"MILK - PRODUCTION, MEASURED IN LB",LB,"3,162,000,000"
2025,MONTHLY,SEP,MICHIGAN,MI,26,"MILK - PRODUCTION, MEASURED IN LB",LB,"1,042,000,000"
2025,MONTHLY,APR,MINNESOTA,MN,27,"MILK - PRODUCTION, MEASURED IN LB",LB,"882,000,000"
2025,MONTHLY,APR THRU JUN,MINNESOTA,MN,27,"MILK - PRODUCTION, MEASURED IN LB",LB,"2,678,000,000"
2025,MONTHLY,AUG,MINNESOTA,MN,27,"MILK - PRODUCTION, MEASURED IN LB",LB,"902,000,000"
2025,MONTHLY,DEC,MINNESOTA,MN,27,"MILK - PRODUCTION, MEASURED IN LB",LB,"899,000,000"
2025,MONTHLY,FEB,MINNESOTA,MN,27,"MILK - PRODUCTION, MEASURED IN LB",LB,"803,000,000"
2025,MONTHLY,JAN,MINNESOTA,MN,27,"MILK - PRODUCTION, MEASURED IN LB",LB,"880,000,000"
2025,MONTHLY,JAN THRU MAR,MINNESOTA,MN,27,"MILK - PRODUCTION, MEASURED IN LB",LB,"2,585,000,000"
2025,MONTHLY,JUL,MINNESOTA,MN,27,"MILK - PRODUCTION, MEASURED IN LB",LB,"903,000,000"
2025,MONTHLY,JUL THRU SEP,MINNESOTA,MN,27,"MILK - PRODUCTION, MEASURED IN LB",LB,"2,680,000,000"
2025,MONTHLY,JUN,MINNESOTA,MN,27,"MILK - PRODUCTION, MEASURED IN LB",LB,"879,000,000"
2025,MONTHLY,MAR,MINNESOTA,MN,27,"MILK - PRODUCTION, MEASURED IN LB",LB,"902,000,000"
2025,MONTHLY,MAY,MINNESOTA,MN,27,"MILK - PRODUCTION, MEASURED IN LB",LB,"917,000,000"
2025,MONTHLY,NOV,MINNESOTA,MN,27,"MILK - PRODUCTION, MEASURED IN LB",LB,"869,000,000"
2025,MONTHLY,OCT,MINNESOTA,MN,27,"MILK - PRODUCTION, MEASURED IN LB",LB,"905,000,000"
2025,MONTHLY,OCT THRU DEC,MINNESOTA,MN,27,"MILK - PRODUCTION, MEASURED IN LB",LB,"2,673,000,000"
2025,MONTHLY,SEP,MINNESOTA,MN,27,"MILK - PRODUCTION, MEASURED IN LB",LB,"875,000,000"
2025,MONTHLY,APR THRU JUN,MISSOURI,MO,29,"MILK - PRODUCTION, MEASURED IN LB",LB,"204,000,000"
2025,MONTHLY,JAN THRU MAR,MISSOURI,MO,29,"MILK - PRODUCTION, MEASURED IN LB",LB,"191,000,000"
2025,MONTHLY,JUL THRU SEP,MISSOURI,MO,29,"MILK - PRODUCTION, MEASURED IN LB",LB,"177,000,000"
2025,MONTHLY,OCT THRU DEC,MISSOURI,MO,29,"MILK - PRODUCTION, MEASURED IN LB",LB,"180,000,000"
2025,MONTHLY,APR THRU JUN,NORTH CAROLINA,NC,37,"MILK - PRODUCTION, MEASURED IN LB",LB,"210,000,000"
2025,MONTHLY,JAN THRU MAR,NORTH CAROLINA,NC,37,"MILK - PRODUCTION, MEASURED IN LB",LB,"207,000,000"
2025,MONTHLY,JUL THRU SEP,NORTH CAROLINA,NC,37,"MILK - PRODUCTION, MEASURED IN LB",LB,"197,000,000"
2025,MONTHLY,OCT THRU DEC,NORTH CAROLINA,NC,37,"MILK - PRODUCTION, MEASURED IN LB",LB,"204,000,000"
2025,MONTHLY,APR THRU JUN,NEBRASKA,NE,31,"MILK - PRODUCTION, MEASURED IN LB",LB,"314,000,000"
2025,MONTHLY,JAN THRU MAR,NEBRASKA,NE,31,"MILK - PRODUCTION, MEASURED IN LB",LB,"307,000,000"
2025,MONTHLY,JUL THRU SEP,NEBRASKA,NE,31,"MILK - PRODUCTION, MEASURED IN LB",LB,"305,000,000"
2025,MONTHLY,OCT THRU DEC,NEBRASKA,NE,31,"MILK - PRODUCTION, MEASURED IN LB",LB,"309,000,000"
2025,MONTHLY,APR,NEW MEXICO,NM,35,"MILK - PRODUCTION, MEASURED IN LB",LB,"509,000,000"
2025,MONTHLY,APR THRU JUN,NEW MEXICO,NM,35,"MILK - PRODUCTION, MEASURED IN LB",LB,"1,510,000,000"
2025,MONTHLY,AUG,NEW MEXICO,NM,35,"MILK - PRODUCTION, MEASURED IN LB",LB,"480,000,000"
2025,MONTHLY,DEC,NEW MEXICO,NM,35,"MILK - PRODUCTION, MEASURED IN LB",LB,"472,000,000"
2025,MONTHLY,FEB,NEW MEXICO,NM,35,"MILK - PRODUCTION, MEASURED IN LB",LB,"474,000,000"
2025,MONTHLY,JAN,NEW MEXICO,NM,35,"MILK - PRODUCTION, MEASURED IN LB",LB,"505,000,000"
2025,MONTHLY,JAN THRU MAR,NEW MEXICO,NM,35,"MILK - PRODUCTION, MEASURED IN LB",LB,"1,517,000,000"
2025,MONTHLY,JUL,NEW MEXICO,NM,35,"MILK - PRODUCTION, MEASURED IN LB",LB,"487,000,000"
2025,MONTHLY,JUL THRU SEP,NEW MEXICO,NM,35,"MILK - PRODUCTION, MEASURED IN LB",LB,"1,434,000,000"
2025,MONTHLY,JUN,NEW MEXICO,NM,35,"MILK - PRODUCTION, MEASURED IN LB",LB,"484,000,000"
2025,MONTHLY,MAR,NEW MEXICO,NM,35,"MILK - PRODUCTION, MEASURED IN LB",LB,"538,000,000"
2025,MONTHLY,MAY,NEW MEXICO,NM,35,"MILK - PRODUCTION, MEASURED IN LB",LB,"517,000,000"
2025,MONTHLY,NOV,NEW MEXICO,NM,35,"MILK - PRODUCTION, MEASURED IN LB",LB,"456,000,000"
2025,MONTHLY,OCT,NEW MEXICO,NM,35,"MILK - PRODUCTION, MEASURED IN LB",LB,"475,000,000"
2025,MONTHLY,OCT THRU DEC,NEW MEXICO,NM,35,"MILK - PRODUCTION, MEASURED IN LB",LB,"1,403,000,000"
2025,MONTHLY,SEP,NEW MEXICO,NM,35,"MILK - PRODUCTION, MEASURED IN LB",LB,"467,000,000"
2025,MONTHLY,APR THRU JUN,NEVADA,NV,32,"MILK - PRODUCTION, MEASURED IN LB",LB,"215,000,000"
2025,MONTHLY,JAN THRU MAR,NEVADA,NV,32,"MILK - PRODUCTION, MEASURED IN LB",LB,"198,000,000"
2025,MONTHLY,JUL THRU SEP,NEVADA,NV,32,"MILK - PRODUCTION, MEASURED IN LB",LB,"217,000,000"
2025,MONTHLY,OCT THRU DEC,NEVADA,NV,32,"MILK - PRODUCTION, MEASURED IN LB",LB,"210,000,000"
2025,MONTHLY,APR,NEW YORK,NY,36,"MILK - PRODUCTION, MEASURED IN LB",LB,"1,375,000,000"
2025,MONTHLY,APR THRU JUN,NEW YORK,NY,36,"MILK - PRODUCTION, MEASURED IN LB",LB,"4,173,000,000"
2025,MONTHLY,AUG,NEW YORK,NY,36,"MILK - PRODUCTION, MEASURED IN LB",LB,"1,431,000,000"
2025,MONTHLY,DEC,NEW YORK,NY,36,"MILK - PRODUCTION, MEASURED IN LB",LB,"1,398,000,000"
2025,MONTHLY,FEB,NEW YORK,NY,36,"MILK - PRODUCTION, MEASURED IN LB",LB,"1,251,000,000"
2025,MONTHLY,JAN,NEW YORK,NY,36,"MILK - PRODUCTION, MEASURED IN LB",LB,"1,364,000,000"
2025,MONTHLY,JAN THRU MAR,NEW YORK,NY,36,"MILK - PRODUCTION, MEASURED IN LB",LB,"4,022,000,000"
2025,MONTHLY,JUL,NEW YORK,NY,36,"MILK - PRODUCTION, MEASURED IN LB",LB,"1,423,000,000"
2025,MONTHLY,JUL THRU SEP,NEW YORK,NY,36,"MILK - PRODUCTION, MEASURED IN LB",LB,"4,214,000,000"
2025,MONTHLY,JUN,NEW YORK,NY,36,"MILK - PRODUCTION, MEASURED IN LB",LB,"1,378,000,000"
2025,MONTHLY,MAR,NEW YORK,NY,36,"MILK - PRODUCTION, MEASURED IN LB",LB,"1,407,000,000"
2025,MONTHLY,MAY,NEW YORK,NY,36,"MILK - PRODUCTION, MEASURED IN LB",LB,"1,420,000,000"
2025,MONTHLY,NOV,NEW YORK,NY,36,"MILK - PRODUCTION, MEASURED IN LB",LB,"1,362,000,000"
2025,MONTHLY,OCT,NEW YORK,NY,36,"MILK - PRODUCTION, MEASURED IN LB",LB,"1,399,000,000"
2025,MONTHLY,OCT THRU DEC,NEW YORK,NY,36,"MILK - PRODUCTION, MEASURED IN LB",LB,"4,159,000,000"
2025,MONTHLY,SEP,NEW YORK,NY,36,"MILK - PRODUCTION, MEASURED IN LB",LB,"1,360,000,000"
2025,MONTHLY,APR,OHIO,OH,39,"MILK - PRODUCTION, MEASURED IN LB",LB,"480,000,000"
2025,MONTHLY,APR THRU JUN,OHIO,OH,39,"MILK - PRODUCTION, MEASURED IN LB",LB,"1,466,000,000"
2025,MONTHLY,AUG,OHIO,OH,39,"MILK - PRODUCTION, MEASURED IN LB",LB,"478,000,000"
2025,MONTHLY,DEC,OHIO,OH,39,"MILK - PRODUCTION, MEASURED IN LB",LB,"490,000,000"
2025,MONTHLY,FEB,OHIO,OH,39,"MILK - PRODUCTION, MEASURED IN LB",LB,"444,000,000"
2025,MONTHLY,JAN,OHIO,OH,39,"MILK - PRODUCTION, MEASURED IN LB",LB,"483,000,000"
2025,MONTHLY,JAN THRU MAR,OHIO,OH,39,"MILK - PRODUCTION, MEASURED IN LB",LB,"1,424,000,000"
2025,MONTHLY,JUL,OHIO,OH,39,"MILK - PRODUCTION, MEASURED IN LB",LB,"485,000,000"
2025,MONTHLY,JUL THRU SEP,OHIO,OH,39,"MILK - PRODUCTION, MEASURED IN LB",LB,"1,422,000,000"
2025,MONTHLY,JUN,OHIO,OH,39,"MILK - PRODUCTION, MEASURED IN LB",LB,"480,000,000"
2025,MONTHLY,MAR,OHIO,OH,39,"MILK - PRODUCTION, MEASURED IN LB",LB,"497,000,000"
2025,MONTHLY,MAY,OHIO,OH,39,"MILK - PRODUCTION, MEASURED IN LB",LB,"506,000,000"
2025,MONTHLY,NOV,OHIO,OH,39,"MILK - PRODUCTION, MEASURED IN LB",LB,"466,000,000"
2025,MONTHLY,OCT,OHIO,OH,39,"MILK - PRODUCTION, MEASURED IN LB",LB,"479,000,000"
2025,MONTHLY,OCT THRU DEC,OHIO,OH,39,"MILK - PRODUCTION, MEASURED IN LB",LB,"1,435,000,000"
2025,MONTHLY,SEP,OHIO,OH,39,"MILK - PRODUCTION, MEASURED IN LB",LB,"459,000,000"
2025,MONTHLY,APR THRU JUN,OKLAHOMA,OK,40,"MILK - PRODUCTION, MEASURED IN LB",LB,"206,000,000"
2025,MONTHLY,JAN THRU MAR,OKLAHOMA,OK,40,"MILK - PRODUCTION, MEASURED IN LB",LB,"206,000,000"
2025,MONTHLY,JUL THRU SEP,OKLAHOMA,OK,40,"MILK - PRODUCTION, MEASURED IN LB",LB,"190,000,000"
2025,MONTHLY,OCT THRU DEC,OKLAHOMA,OK,40,"MILK - PRODUCTION, MEASURED IN LB",LB,"202,000,000"
2025,MONTHLY,APR,OREGON,OR,41,"MILK - PRODUCTION, MEASURED IN LB",LB,"204,000,000"
2025,MONTHLY,APR THRU JUN,OREGON,OR,41,"MILK - PRODUCTION, MEASURED IN LB",LB,"625,000,000"
2025,MONTHLY,AUG,OREGON,OR,41,"MILK - PRODUCTION, MEASURED IN LB",LB,"221,000,000"
2025,MONTHLY,DEC,OREGON,OR,41,"MILK - PRODUCTION, MEASURED IN LB",LB,"207,000,000"
2025,MONTHLY,FEB,OREGON,OR,41,"MILK - PRODUCTION, MEASURED IN LB",LB,"188,000,000"
2025,MONTHLY,JAN,OREGON,OR,41,"MILK - PRODUCTION, MEASURED IN LB",LB,"206,000,000"
2025,MONTHLY,JAN THRU MAR,OREGON,OR,41,"MILK - PRODUCTION, MEASURED IN LB",LB,"604,000,000"
2025,MONTHLY,JUL,OREGON,OR,41,"MILK - PRODUCTION, MEASURED IN LB",LB,"218,000,000"
2025,MONTHLY,JUL THRU SEP,OREGON,OR,41,"MILK - PRODUCTION, MEASURED IN LB",LB,"651,000,000"
2025,MONTHLY,JUN,OREGON,OR,41,"MILK - PRODUCTION, MEASURED IN LB",LB,"209,000,000"
2025,MONTHLY,MAR,OREGON,OR,41,"MILK - PRODUCTION, MEASURED IN LB",LB,"210,000,000"
2025,MONTHLY,MAY,OREGON,OR,41,"MILK - PRODUCTION, MEASURED IN LB",LB,"212,000,000"
2025,MONTHLY,NOV,OREGON,OR,41,"MILK - PRODUCTION, MEASURED IN LB",LB,"202,000,000"
2025,MONTHLY,OCT,OREGON,OR,41,"MILK - PRODUCTION, MEASURED IN LB",LB,"214,000,000"
2025,MONTHLY,OCT THRU DEC,OREGON,OR,41,"MILK - PRODUCTION, MEASURED IN LB",LB,"623,000,000"
2025,MONTHLY,SEP,OREGON,OR,41,"MILK - PRODUCTION, MEASURED IN LB",LB,"212,000,000"
2025,MONTHLY,APR THRU JUN,OTHER STATES,OT,98,"MILK - PRODUCTION, MEASURED IN LB",LB,"518,100,000"
2025,MONTHLY,JAN THRU MAR,OTHER STATES,OT,98,"MILK - PRODUCTION, MEASURED IN LB",LB,"521,600,000"
2025,MONTHLY,JUL THRU SEP,OTHER STATES,OT,98,"MILK - PRODUCTION, MEASURED IN LB",LB,"486,100,000"
2025,MONTHLY,OCT THRU DEC,OTHER STATES,OT,98,"MILK - PRODUCTION, MEASURED IN LB",LB,"481,700,000"
2025,MONTHLY,APR,PENNSYLVANIA,PA,42,"MILK - PRODUCTION, MEASURED IN LB",LB,"840,000,000"
2025,MONTHLY,APR THRU JUN,PENNSYLVANIA,PA,42,"MILK - PRODUCTION, MEASURED IN LB",LB,"2,488,000,000"
2025,MONTHLY,AUG,PENNSYLVANIA,PA,42,"MILK - PRODUCTION, MEASURED IN LB",LB,"807,000,000"
2025,MONTHLY,DEC,PENNSYLVANIA,PA,42,"MILK - PRODUCTION, MEASURED IN LB",LB,"801,000,000"
2025,MONTHLY,FEB,PENNSYLVANIA,PA,42,"MILK - PRODUCTION, MEASURED IN LB",LB,"775,000,000"
2025,MONTHLY,JAN,PENNSYLVANIA,PA,42,"MILK - PRODUCTION, MEASURED IN LB",LB,"842,000,000"
2025,MONTHLY,JAN THRU MAR,PENNSYLVANIA,PA,42,"MILK - PRODUCTION, MEASURED IN LB",LB,"2,482,000,000"
2025,MONTHLY,JUL,PENNSYLVANIA,PA,42,"MILK - PRODUCTION, MEASURED IN LB",LB,"810,000,000"
2025,MONTHLY,JUL THRU SEP,PENNSYLVANIA,PA,42,"MILK - PRODUCTION, MEASURED IN LB",LB,"2,399,000,000"
2025,MONTHLY,JUN,PENNSYLVANIA,PA,42,"MILK - PRODUCTION, MEASURED IN LB",LB,"800,000,000"
2025,MONTHLY,MAR,PENNSYLVANIA,PA,42,"MILK - PRODUCTION, MEASURED IN LB",LB,"865,000,000"
2025,MONTHLY,MAY,PENNSYLVANIA,PA,42,"MILK - PRODUCTION, MEASURED IN LB",LB,"848,000,000"
2025,MONTHLY,NOV,PENNSYLVANIA,PA,42,"MILK - PRODUCTION, MEASURED IN LB",LB,"769,000,000"
2025,MONTHLY,OCT,PENNSYLVANIA,PA,42,"MILK - PRODUCTION, MEASURED IN LB",LB,"798,000,000"
2025,MONTHLY,OCT THRU DEC,PENNSYLVANIA,PA,42,"MILK - PRODUCTION, MEASURED IN LB",LB,"2,368,000,000"
2025,MONTHLY,SEP,PENNSYLVANIA,PA,42,"MILK - PRODUCTION, MEASURED IN LB",LB,"782,000,000"
2025,MONTHLY,APR,SOUTH DAKOTA,SD,46,"MILK - PRODUCTION, MEASURED IN LB",LB,"443,000,000"
2025,MONTHLY,APR THRU JUN,SOUTH DAKOTA,SD,46,"MILK - PRODUCTION, MEASURED IN LB",LB,"1,357,000,000"
2025,MONTHLY,AUG,SOUTH DAKOTA,SD,46,"MILK - PRODUCTION, MEASURED IN LB",LB,"467,000,000"
2025,MONTHLY,DEC,SOUTH DAKOTA,SD,46,"MILK - PRODUCTION, MEASURED IN LB",LB,"470,000,000"
2025,MONTHLY,FEB,SOUTH DAKOTA,SD,46,"MILK - PRODUCTION, MEASURED IN LB",LB,"396,000,000"
2025,MONTHLY,JAN,SOUTH DAKOTA,SD,46,"MILK - PRODUCTION, MEASURED IN LB",LB,"431,000,000"
2025,MONTHLY,JAN THRU MAR,SOUTH DAKOTA,SD,46,"MILK - PRODUCTION, MEASURED IN LB",LB,"1,276,000,000"
2025,MONTHLY,JUL,SOUTH DAKOTA,SD,46,"MILK - PRODUCTION, MEASURED IN LB",LB,"469,000,000"
2025,MONTHLY,JUL THRU SEP,SOUTH DAKOTA,SD,46,"MILK - PRODUCTION, MEASURED IN LB",LB,"1,394,000,000"
2025,MONTHLY,JUN,SOUTH DAKOTA,SD,46,"MILK - PRODUCTION, MEASURED IN LB",LB,"449,000,000"
2025,MONTHLY,MAR,SOUTH DAKOTA,SD,46,"MILK - PRODUCTION, MEASURED IN LB",LB,"449,000,000"
2025,MONTHLY,MAY,SOUTH DAKOTA,SD,46,"MILK - PRODUCTION, MEASURED IN LB",LB,"465,000,000"
2025,MONTHLY,NOV,SOUTH DAKOTA,SD,46,"MILK - PRODUCTION, MEASURED IN LB",LB,"454,000,000"
2025,MONTHLY,OCT,SOUTH DAKOTA,SD,46,"MILK - PRODUCTION, MEASURED IN LB",LB,"470,000,000"
2025,MONTHLY,OCT THRU DEC,SOUTH DAKOTA,SD,46,"MILK - PRODUCTION, MEASURED IN LB",LB,"1,394,000,000"
2025,MONTHLY,SEP,SOUTH DAKOTA,SD,46,"MILK - PRODUCTION, MEASURED IN LB",LB,"458,000,000"
2025,MONTHLY,APR THRU JUN,TENNESSEE,TN,47,"MILK - PRODUCTION, MEASURED IN LB",LB,"105,000,000"
2025,MONTHLY,JAN THRU MAR,TENNESSEE,TN,47,"MILK - PRODUCTION, MEASURED IN LB",LB,"104,000,000"
2025,MONTHLY,JUL THRU SEP,TENNESSEE,TN,47,"MILK - PRODUCTION, MEASURED IN LB",LB,"97,000,000"
2025,MONTHLY,OCT THRU DEC,TENNESSEE,TN,47,"MILK - PRODUCTION, MEASURED IN LB",LB,"100,000,000"
2025,MONTHLY,APR,TEXAS,TX,48,"MILK - PRODUCTION, MEASURED IN LB",LB,"1,511,000,000"
2025,MONTHLY,APR THRU JUN,TEXAS,TX,48,"MILK - PRODUCTION, MEASURED IN LB",LB,"4,586,000,000"
2025,MONTHLY,AUG,TEXAS,TX,48,"MILK - PRODUCTION, MEASURED IN LB",LB,"1,533,000,000"
2025,MONTHLY,DEC,TEXAS,TX,48,"MILK - PRODUCTION, MEASURED IN LB",LB,"1,555,000,000"
2025,MONTHLY,FEB,TEXAS,TX,48,"MILK - PRODUCTION, MEASURED IN LB",LB,"1,395,000,000"
2025,MONTHLY,JAN,TEXAS,TX,48,"MILK - PRODUCTION, MEASURED IN LB",LB,"1,485,000,000"
2025,MONTHLY,JAN THRU MAR,TEXAS,TX,48,"MILK - PRODUCTION, MEASURED IN LB",LB,"4,445,000,000"
2025,MONTHLY,JUL,TEXAS,TX,48,"MILK - PRODUCTION, MEASURED IN LB",LB,"1,544,000,000"
2025,MONTHLY,JUL THRU SEP,TEXAS,TX,48,"MILK - PRODUCTION, MEASURED IN LB",LB,"4,577,000,000"
2025,MONTHLY,JUN,TEXAS,TX,48,"MILK - PRODUCTION, MEASURED IN LB",LB,"1,503,000,000"
2025,MONTHLY,MAR,TEXAS,TX,48,"MILK - PRODUCTION, MEASURED IN LB",LB,"1,565,000,000"
2025,MONTHLY,MAY,TEXAS,TX,48,"MILK - PRODUCTION, MEASURED IN LB",LB,"1,572,000,000"
2025,MONTHLY,NOV,TEXAS,TX,48,"MILK - PRODUCTION, MEASURED IN LB",LB,"1,496,000,000"
2025,MONTHLY,OCT,TEXAS,TX,48,"MILK - PRODUCTION, MEASURED IN LB",LB,"1,548,000,000"
2025,MONTHLY,OCT THRU DEC,TEXAS,TX,48,"MILK - PRODUCTION, MEASURED IN LB",LB,"4,599,000,000"
2025,MONTHLY,SEP,TEXAS,TX,48,"MILK - PRODUCTION, MEASURED IN LB",LB,"1,500,000,000"
2025,MONTHLY,APR,US TOTAL,US,99,"MILK - PRODUCTION, MEASURED IN LB",LB,"19,432,000,000"
2025,MONTHLY,APR THRU JUN,US TOTAL,US,99,"MILK - PRODUCTION, MEASURED IN LB",LB,"58,783,000,000"
2025,MONTHLY,AUG,US TOTAL,US,99,"MILK - PRODUCTION, MEASURED IN LB",LB,"19,560,000,000"
2025,MONTHLY,DEC,US TOTAL,US,99,"MILK - PRODUCTION, MEASURED IN LB",LB,"19,529,000,000"
2025,MONTHLY,FEB,US TOTAL,US,99,"MILK - PRODUCTION, MEASURED IN LB",LB,"17,746,000,000"
2025,MONTHLY,JAN,US TOTAL,US,99,"MILK - PRODUCTION, MEASURED IN LB",LB,"19,194,000,000"
2025,MONTHLY,JAN THRU MAR,US TOTAL,US,99,"MILK - PRODUCTION, MEASURED IN LB",LB,"56,865,000,000"
2025,MONTHLY,JUL,US TOTAL,US,99,"MILK - PRODUCTION, MEASURED IN LB",LB,"19,706,000,000"
2025,MONTHLY,JUL THRU SEP,US TOTAL,US,99,"MILK - PRODUCTION, MEASURED IN LB",LB,"58,208,000,000"
2025,MONTHLY,JUN,US TOTAL,US,99,"MILK - PRODUCTION, MEASURED IN LB",LB,"19,254,000,000"
2025,MONTHLY,MAR,US TOTAL,US,99,"MILK - PRODUCTION, MEASURED IN LB",LB,"19,925,000,000"
2025,MONTHLY,MAY,US TOTAL,US,99,"MILK - PRODUCTION, MEASURED IN LB",LB,"20,097,000,000"
2025,MONTHLY,NOV,US TOTAL,US,99,"MILK - PRODUCTION, MEASURED IN LB",LB,"18,804,000,000"
2025,MONTHLY,OCT,US TOTAL,US,99,"MILK - PRODUCTION, MEASURED IN LB",LB,"19,469,000,000"
2025,MONTHLY,OCT THRU DEC,US TOTAL,US,99,"MILK - PRODUCTION, MEASURED IN LB",LB,"57,802,000,000"
2025,MONTHLY,SEP,US TOTAL,US,99,"MILK - PRODUCTION, MEASURED IN LB",LB,"18,942,000,000"
2025,MONTHLY,APR,UTAH,UT,49,"MILK - PRODUCTION, MEASURED IN LB",LB,"188,000,000"
2025,MONTHLY,APR THRU JUN,UTAH,UT,49,"MILK - PRODUCTION, MEASURED IN LB",LB,"577,000,000"
2025,MONTHLY,AUG,UTAH,UT,49,"MILK - PRODUCTION, MEASURED IN LB",LB,"196,000,000"
2025,MONTHLY,DEC,UTAH,UT,49,"MILK - PRODUCTION, MEASURED IN LB",LB,"189,000,000"
2025,MONTHLY,FEB,UTAH,UT,49,"MILK - PRODUCTION, MEASURED IN LB",LB,"166,000,000"
2025,MONTHLY,JAN,UTAH,UT,49,"MILK - PRODUCTION, MEASURED IN LB",LB,"181,000,000"
2025,MONTHLY,JAN THRU MAR,UTAH,UT,49,"MILK - PRODUCTION, MEASURED IN LB",LB,"534,000,000"
2025,MONTHLY,JUL,UTAH,UT,49,"MILK - PRODUCTION, MEASURED IN LB",LB,"198,000,000"
2025,MONTHLY,JUL THRU SEP,UTAH,UT,49,"MILK - PRODUCTION, MEASURED IN LB",LB,"582,000,000"
2025,MONTHLY,JUN,UTAH,UT,49,"MILK - PRODUCTION, MEASURED IN LB",LB,"191,000,000"
2025,MONTHLY,MAR,UTAH,UT,49,"MILK - PRODUCTION, MEASURED IN LB",LB,"187,000,000"
2025,MONTHLY,MAY,UTAH,UT,49,"MILK - PRODUCTION, MEASURED IN LB",LB,"198,000,000"
2025,MONTHLY,NOV,UTAH,UT,49,"MILK - PRODUCTION, MEASURED IN LB",LB,"182,000,000"
2025,MONTHLY,OCT,UTAH,UT,49,"MILK - PRODUCTION, MEASURED IN LB",LB,"191,000,000"
2025,MONTHLY,OCT THRU DEC,UTAH,UT,49,"MILK - PRODUCTION, MEASURED IN LB",LB,"562,000,000"
2025,MONTHLY,SEP,UTAH,UT,49,"MILK - PRODUCTION, MEASURED IN LB",LB,"188,000,000"
2025,MONTHLY,APR,VIRGINIA,VA,51,"MILK - PRODUCTION, MEASURED IN LB",LB,"123,000,000"
2025,MONTHLY,APR THRU JUN,VIRGINIA,VA,51,"MILK - PRODUCTION, MEASURED IN LB",LB,"361,000,000"
2025,MONTHLY,AUG,VIRGINIA,VA,51,"MILK - PRODUCTION, MEASURED IN LB",LB,"115,000,000"
2025,MONTHLY,DEC,VIRGINIA,VA,51,"MILK - PRODUCTION, MEASURED IN LB",LB,"117,000,000"
2025,MONTHLY,FEB,VIRGINIA,VA,51,"MILK - PRODUCTION, MEASURED IN LB",LB,"111,000,000"
2025,MONTHLY,JAN,VIRGINIA,VA,51,"MILK - PRODUCTION, MEASURED IN LB",LB,"119,000,000"
2025,MONTHLY,JAN THRU MAR,VIRGINIA,VA,51,"MILK - PRODUCTION, MEASURED IN LB",LB,"354,000,000"
2025,MONTHLY,JUL,VIRGINIA,VA,51,"MILK - PRODUCTION, MEASURED IN LB",LB,"115,000,000"
2025,MONTHLY,JUL THRU SEP,VIRGINIA,VA,51,"MILK - PRODUCTION, MEASURED IN LB",LB,"342,000,000"
2025,MONTHLY,JUN,VIRGINIA,VA,51,"MILK - PRODUCTION, MEASURED IN LB",LB,"115,000,000"
2025,MONTHLY,MAR,VIRGINIA,VA,51,"MILK - PRODUCTION, MEASURED IN LB",LB,"124,000,000"
2025,MONTHLY,MAY,VIRGINIA,VA,51,"MILK - PRODUCTION, MEASURED IN LB",LB,"123,000,000"
2025,MONTHLY,NOV,VIRGINIA,VA,51,"MILK - PRODUCTION, MEASURED IN LB",LB,"111,000,000"
2025,MONTHLY,OCT,VIRGINIA,VA,51,"MILK - PRODUCTION, MEASURED IN LB",LB,"114,000,000"
2025,MONTHLY,OCT THRU DEC,VIRGINIA,VA,51,"MILK - PRODUCTION, MEASURED IN LB",LB,"342,000,000"
2025,MONTHLY,SEP,VIRGINIA,VA,51,"MILK - PRODUCTION, MEASURED IN LB",LB,"112,000,000"
2025,MONTHLY,APR,VERMONT,VT,50,"MILK - PRODUCTION, MEASURED IN LB",LB,"209,000,000"
2025,MONTHLY,APR THRU JUN,VERMONT,VT,50,"MILK - PRODUCTION, MEASURED IN LB",LB,"632,000,000"
2025,MONTHLY,AUG,VERMONT,VT,50,"MILK - PRODUCTION, MEASURED IN LB",LB,"215,000,000"
2025,MONTHLY,DEC,VERMONT,VT,50,"MILK - PRODUCTION, MEASURED IN LB",LB,"209,000,000"
2025,MONTHLY,FEB,VERMONT,VT,50,"MILK - PRODUCTION, MEASURED IN LB",LB,"192,000,000"
2025,MONTHLY,JAN,VERMONT,VT,50,"MILK - PRODUCTION, MEASURED IN LB",LB,"211,000,000"
2025,MONTHLY,JAN THRU MAR,VERMONT,VT,50,"MILK - PRODUCTION, MEASURED IN LB",LB,"618,000,000"
2025,MONTHLY,JUL,VERMONT,VT,50,"MILK - PRODUCTION, MEASURED IN LB",LB,"214,000,000"
2025,MONTHLY,JUL THRU SEP,VERMONT,VT,50,"MILK - PRODUCTION, MEASURED IN LB",LB,"636,000,000"
2025,MONTHLY,JUN,VERMONT,VT,50,"MILK - PRODUCTION, MEASURED IN LB",LB,"207,000,000"
2025,MONTHLY,MAR,VERMONT,VT,50,"MILK - PRODUCTION, MEASURED IN LB",LB,"215,000,000"
2025,MONTHLY,MAY,VERMONT,VT,50,"MILK - PRODUCTION, MEASURED IN LB",LB,"216,000,000"
2025,MONTHLY,NOV,VERMONT,VT,50,"MILK - PRODUCTION, MEASURED IN LB",LB,"205,000,000"
2025,MONTHLY,OCT,VERMONT,VT,50,"MILK - PRODUCTION, MEASURED IN LB",LB,"213,000,000"
2025,MONTHLY,OCT THRU DEC,VERMONT,VT,50,"MILK - PRODUCTION, MEASURED IN LB",LB,"627,000,000"
2025,MONTHLY,SEP,VERMONT,VT,50,"MILK - PRODUCTION, MEASURED IN LB",LB,"207,000,000"
2025,MONTHLY,APR,WASHINGTON,WA,53,"MILK - PRODUCTION, MEASURED IN LB",LB,"515,000,000"
2025,MONTHLY,APR THRU JUN,WASHINGTON,WA,53,"MILK - PRODUCTION, MEASURED IN LB",LB,"1,494,000,000"
2025,MONTHLY,AUG,WASHINGTON,WA,53,"MILK - PRODUCTION, MEASURED IN LB",LB,"486,000,000"
2025,MONTHLY,DEC,WASHINGTON,WA,53,"MILK - PRODUCTION, MEASURED IN LB",LB,"470,000,000"
2025,MONTHLY,FEB,WASHINGTON,WA,53,"MILK - PRODUCTION, MEASURED IN LB",LB,"464,000,000"
2025,MONTHLY,JAN,WASHINGTON,WA,53,"MILK - PRODUCTION, MEASURED IN LB",LB,"511,000,000"
2025,MONTHLY,JAN THRU MAR,WASHINGTON,WA,53,"MILK - PRODUCTION, MEASURED IN LB",LB,"1,495,000,000"
2025,MONTHLY,JUL,WASHINGTON,WA,53,"MILK - PRODUCTION, MEASURED IN LB",LB,"491,000,000"
2025,MONTHLY,JUL THRU SEP,WASHINGTON,WA,53,"MILK - PRODUCTION, MEASURED IN LB",LB,"1,438,000,000"
2025,MONTHLY,JUN,WASHINGTON,WA,53,"MILK - PRODUCTION, MEASURED IN LB",LB,"480,000,000"
2025,MONTHLY,MAR,WASHINGTON,WA,53,"MILK - PRODUCTION, MEASURED IN LB",LB,"520,000,000"
2025,MONTHLY,MAY,WASHINGTON,WA,53,"MILK - PRODUCTION, MEASURED IN LB",LB,"499,000,000"
2025,MONTHLY,NOV,WASHINGTON,WA,53,"MILK - PRODUCTION, MEASURED IN LB",LB,"455,000,000"
2025,MONTHLY,OCT,WASHINGTON,WA,53,"MILK - PRODUCTION, MEASURED IN LB",LB,"479,000,000"
2025,MONTHLY,OCT THRU DEC,WASHINGTON,WA,53,"MILK - PRODUCTION, MEASURED IN LB",LB,"1,404,000,000"
2025,MONTHLY,SEP,WASHINGTON,WA,53,"MILK - PRODUCTION, MEASURED IN LB",LB,"461,000,000"
2025,MONTHLY,APR,WISCONSIN,WI,55,"MILK - PRODUCTION, MEASURED IN LB",LB,"2,718,000,000"
2025,MONTHLY,APR THRU JUN,WISCONSIN,WI,55,"MILK - PRODUCTION, MEASURED IN LB",LB,"8,251,000,000"
2025,MONTHLY,AUG,WISCONSIN,WI,55,"MILK - PRODUCTION, MEASURED IN LB",LB,"2,782,000,000"
2025,MONTHLY,DEC,WISCONSIN,WI,55,"MILK - PRODUCTION, MEASURED IN LB",LB,"2,737,000,000"
2025,MONTHLY,FEB,WISCONSIN,WI,55,"MILK - PRODUCTION, MEASURED IN LB",LB,"2,479,000,000"
2025,MONTHLY,JAN,WISCONSIN,WI,55,"MILK - PRODUCTION, MEASURED IN LB",LB,"2,694,000,000"
2025,MONTHLY,JAN THRU MAR,WISCONSIN,WI,55,"MILK - PRODUCTION, MEASURED IN LB",LB,"7,952,000,000"
2025,MONTHLY,JUL,WISCONSIN,WI,55,"MILK - PRODUCTION, MEASURED IN LB",LB,"2,779,000,000"
2025,MONTHLY,JUL THRU SEP,WISCONSIN,WI,55,"MILK - PRODUCTION, MEASURED IN LB",LB,"8,255,000,000"
2025,MONTHLY,JUN,WISCONSIN,WI,55,"MILK - PRODUCTION, MEASURED IN LB",LB,"2,699,000,000"
2025,MONTHLY,MAR,WISCONSIN,WI,55,"MILK - PRODUCTION, MEASURED IN LB",LB,"2,779,000,000"
2025,MONTHLY,MAY,WISCONSIN,WI,55,"MILK - PRODUCTION, MEASURED IN LB",LB,"2,834,000,000"
2025,MONTHLY,NOV,WISCONSIN,WI,55,"MILK - PRODUCTION, MEASURED IN LB",LB,"2,637,000,000"
2025,MONTHLY,OCT,WISCONSIN,WI,55,"MILK - PRODUCTION, MEASURED IN LB",LB,"2,756,000,000"
2025,MONTHLY,OCT THRU DEC,WISCONSIN,WI,55,"MILK - PRODUCTION, MEASURED IN LB",LB,"8,130,000,000"
2025,MONTHLY,SEP,WISCONSIN,WI,55,"MILK - PRODUCTION, MEASURED IN LB",LB,"2,694,000,000"
2026,MONTHLY,APR,ARIZONA,AZ,04,"MILK - PRODUCTION, MEASURED IN LB",LB,"430,000,000"
2026,MONTHLY,FEB,ARIZONA,AZ,04,"MILK - PRODUCTION, MEASURED IN LB",LB,"390,000,000"
2026,MONTHLY,JAN,ARIZONA,AZ,04,"MILK - PRODUCTION, MEASURED IN LB",LB,"419,000,000"
2026,MONTHLY,JAN THRU MAR,ARIZONA,AZ,04,"MILK - PRODUCTION, MEASURED IN LB",LB,"1,249,000,000"
2026,MONTHLY,MAR,ARIZONA,AZ,04,"MILK - PRODUCTION, MEASURED IN LB",LB,"441,000,000"
2026,MONTHLY,MAY,ARIZONA,AZ,04,"MILK - PRODUCTION, MEASURED IN LB",LB,"430,000,000"
2026,MONTHLY,APR,CALIFORNIA,CA,06,"MILK - PRODUCTION, MEASURED IN LB",LB,"3,520,000,000"
2026,MONTHLY,FEB,CALIFORNIA,CA,06,"MILK - PRODUCTION, MEASURED IN LB",LB,"3,232,000,000"
2026,MONTHLY,JAN,CALIFORNIA,CA,06,"MILK - PRODUCTION, MEASURED IN LB",LB,"3,501,000,000"
2026,MONTHLY,JAN THRU MAR,CALIFORNIA,CA,06,"MILK - PRODUCTION, MEASURED IN LB",LB,"10,326,000,000"
2026,MONTHLY,MAR,CALIFORNIA,CA,06,"MILK - PRODUCTION, MEASURED IN LB",LB,"3,629,000,000"
2026,MONTHLY,MAY,CALIFORNIA,CA,06,"MILK - PRODUCTION, MEASURED IN LB",LB,"3,608,000,000"
2026,MONTHLY,APR,COLORADO,CO,08,"MILK - PRODUCTION, MEASURED IN LB",LB,"477,000,000"
2026,MONTHLY,FEB,COLORADO,CO,08,"MILK - PRODUCTION, MEASURED IN LB",LB,"433,000,000"
2026,MONTHLY,JAN,COLORADO,CO,08,"MILK - PRODUCTION, MEASURED IN LB",LB,"471,000,000"
2026,MONTHLY,JAN THRU MAR,COLORADO,CO,08,"MILK - PRODUCTION, MEASURED IN LB",LB,"1,390,000,000"
2026,MONTHLY,MAR,COLORADO,CO,08,"MILK - PRODUCTION, MEASURED IN LB",LB,"487,000,000"
2026,MONTHLY,MAY,COLORADO,CO,08,"MILK - PRODUCTION, MEASURED IN LB",LB,"491,000,000"
2026,MONTHLY,APR,FLORIDA,FL,12,"MILK - PRODUCTION, MEASURED IN LB",LB,"195,000,000"
2026,MONTHLY,FEB,FLORIDA,FL,12,"MILK - PRODUCTION, MEASURED IN LB",LB,"169,000,000"
2026,MONTHLY,JAN,FLORIDA,FL,12,"MILK - PRODUCTION, MEASURED IN LB",LB,"183,000,000"
2026,MONTHLY,JAN THRU MAR,FLORIDA,FL,12,"MILK - PRODUCTION, MEASURED IN LB",LB,"545,000,000"
2026,MONTHLY,MAR,FLORIDA,FL,12,"MILK - PRODUCTION, MEASURED IN LB",LB,"192,000,000"
2026,MONTHLY,MAY,FLORIDA,FL,12,"MILK - PRODUCTION, MEASURED IN LB",LB,"195,000,000"
2026,MONTHLY,APR,GEORGIA,GA,13,"MILK - PRODUCTION, MEASURED IN LB",LB,"186,000,000"
2026,MONTHLY,FEB,GEORGIA,GA,13,"MILK - PRODUCTION, MEASURED IN LB",LB,"169,000,000"
2026,MONTHLY,JAN,GEORGIA,GA,13,"MILK - PRODUCTION, MEASURED IN LB",LB,"186,000,000"
2026,MONTHLY,JAN THRU MAR,GEORGIA,GA,13,"MILK - PRODUCTION, MEASURED IN LB",LB,"538,000,000"
2026,MONTHLY,MAR,GEORGIA,GA,13,"MILK - PRODUCTION, MEASURED IN LB",LB,"192,000,000"
2026,MONTHLY,MAY,GEORGIA,GA,13,"MILK - PRODUCTION, MEASURED IN LB",LB,"187,000,000"
2026,MONTHLY,APR,IOWA,IA,19,"MILK - PRODUCTION, MEASURED IN LB",LB,"515,000,000"
2026,MONTHLY,FEB,IOWA,IA,19,"MILK - PRODUCTION, MEASURED IN LB",LB,"472,000,000"
2026,MONTHLY,JAN,IOWA,IA,19,"MILK - PRODUCTION, MEASURED IN LB",LB,"517,000,000"
2026,MONTHLY,JAN THRU MAR,IOWA,IA,19,"MILK - PRODUCTION, MEASURED IN LB",LB,"1,516,000,000"
2026,MONTHLY,MAR,IOWA,IA,19,"MILK - PRODUCTION, MEASURED IN LB",LB,"528,000,000"
2026,MONTHLY,MAY,IOWA,IA,19,"MILK - PRODUCTION, MEASURED IN LB",LB,"531,000,000"
2026,MONTHLY,APR,IDAHO,ID,16,"MILK - PRODUCTION, MEASURED IN LB",LB,"1,552,000,000"
2026,MONTHLY,FEB,IDAHO,ID,16,"MILK - PRODUCTION, MEASURED IN LB",LB,"1,408,000,000"
2026,MONTHLY,JAN,IDAHO,ID,16,"MILK - PRODUCTION, MEASURED IN LB",LB,"1,539,000,000"
2026,MONTHLY,JAN THRU MAR,IDAHO,ID,16,"MILK - PRODUCTION, MEASURED IN LB",LB,"4,507,000,000"
2026,MONTHLY,MAR,IDAHO,ID,16,"MILK - PRODUCTION, MEASURED IN LB",LB,"1,567,000,000"
2026,MONTHLY,MAY,IDAHO,ID,16,"MILK - PRODUCTION, MEASURED IN LB",LB,"1,614,000,000"
2026,MONTHLY,APR,ILLINOIS,IL,17,"MILK - PRODUCTION, MEASURED IN LB",LB,"147,000,000"
2026,MONTHLY,FEB,ILLINOIS,IL,17,"MILK - PRODUCTION, MEASURED IN LB",LB,"133,000,000"
2026,MONTHLY,JAN,ILLINOIS,IL,17,"MILK - PRODUCTION, MEASURED IN LB",LB,"143,000,000"
2026,MONTHLY,JAN THRU MAR,ILLINOIS,IL,17,"MILK - PRODUCTION, MEASURED IN LB",LB,"425,000,000"
2026,MONTHLY,MAR,ILLINOIS,IL,17,"MILK - PRODUCTION, MEASURED IN LB",LB,"151,000,000"
2026,MONTHLY,MAY,ILLINOIS,IL,17,"MILK - PRODUCTION, MEASURED IN LB",LB,"150,000,000"
2026,MONTHLY,APR,INDIANA,IN,18,"MILK - PRODUCTION, MEASURED IN LB",LB,"399,000,000"
2026,MONTHLY,FEB,INDIANA,IN,18,"MILK - PRODUCTION, MEASURED IN LB",LB,"370,000,000"
2026,MONTHLY,JAN,INDIANA,IN,18,"MILK - PRODUCTION, MEASURED IN LB",LB,"402,000,000"
2026,MONTHLY,JAN THRU MAR,INDIANA,IN,18,"MILK - PRODUCTION, MEASURED IN LB",LB,"1,184,000,000"
2026,MONTHLY,MAR,INDIANA,IN,18,"MILK - PRODUCTION, MEASURED IN LB",LB,"410,000,000"
2026,MONTHLY,MAY,INDIANA,IN,18,"MILK - PRODUCTION, MEASURED IN LB",LB,"411,000,000"
2026,MONTHLY,APR,KANSAS,KS,20,"MILK - PRODUCTION, MEASURED IN LB",LB,"490,000,000"
2026,MONTHLY,FEB,KANSAS,KS,20,"MILK - PRODUCTION, MEASURED IN LB",LB,"435,000,000"
2026,MONTHLY,JAN,KANSAS,KS,20,"MILK - PRODUCTION, MEASURED IN LB",LB,"470,000,000"
2026,MONTHLY,JAN THRU MAR,KANSAS,KS,20,"MILK - PRODUCTION, MEASURED IN LB",LB,"1,398,000,000"
2026,MONTHLY,MAR,KANSAS,KS,20,"MILK - PRODUCTION, MEASURED IN LB",LB,"495,000,000"
2026,MONTHLY,MAY,KANSAS,KS,20,"MILK - PRODUCTION, MEASURED IN LB",LB,"509,000,000"
2026,MONTHLY,JAN THRU MAR,KENTUCKY,KY,21,"MILK - PRODUCTION, MEASURED IN LB",LB,"194,000,000"
2026,MONTHLY,JAN THRU MAR,MARYLAND,MD,24,"MILK - PRODUCTION, MEASURED IN LB",LB,"204,000,000"
2026,MONTHLY,JAN THRU MAR,MAINE,ME,23,"MILK - PRODUCTION, MEASURED IN LB",LB,"133,000,000"
2026,MONTHLY,APR,MICHIGAN,MI,26,"MILK - PRODUCTION, MEASURED IN LB",LB,"1,076,000,000"
2026,MONTHLY,FEB,MICHIGAN,MI,26,"MILK - PRODUCTION, MEASURED IN LB",LB,"986,000,000"
2026,MONTHLY,JAN,MICHIGAN,MI,26,"MILK - PRODUCTION, MEASURED IN LB",LB,"1,081,000,000"
2026,MONTHLY,JAN THRU MAR,MICHIGAN,MI,26,"MILK - PRODUCTION, MEASURED IN LB",LB,"3,169,000,000"
2026,MONTHLY,MAR,MICHIGAN,MI,26,"MILK - PRODUCTION, MEASURED IN LB",LB,"1,118,000,000"
2026,MONTHLY,MAY,MICHIGAN,MI,26,"MILK - PRODUCTION, MEASURED IN LB",LB,"1,116,000,000"
2026,MONTHLY,APR,MINNESOTA,MN,27,"MILK - PRODUCTION, MEASURED IN LB",LB,"904,000,000"
2026,MONTHLY,FEB,MINNESOTA,MN,27,"MILK - PRODUCTION, MEASURED IN LB",LB,"829,000,000"
2026,MONTHLY,JAN,MINNESOTA,MN,27,"MILK - PRODUCTION, MEASURED IN LB",LB,"906,000,000"
2026,MONTHLY,JAN THRU MAR,MINNESOTA,MN,27,"MILK - PRODUCTION, MEASURED IN LB",LB,"2,659,000,000"
2026,MONTHLY,MAR,MINNESOTA,MN,27,"MILK - PRODUCTION, MEASURED IN LB",LB,"922,000,000"
2026,MONTHLY,MAY,MINNESOTA,MN,27,"MILK - PRODUCTION, MEASURED IN LB",LB,"936,000,000"
2026,MONTHLY,JAN THRU MAR,MISSOURI,MO,29,"MILK - PRODUCTION, MEASURED IN LB",LB,"188,000,000"
2026,MONTHLY,JAN THRU MAR,NORTH CAROLINA,NC,37,"MILK - PRODUCTION, MEASURED IN LB",LB,"213,000,000"
2026,MONTHLY,JAN THRU MAR,NEBRASKA,NE,31,"MILK - PRODUCTION, MEASURED IN LB",LB,"316,000,000"
2026,MONTHLY,APR,NEW MEXICO,NM,35,"MILK - PRODUCTION, MEASURED IN LB",LB,"507,000,000"
2026,MONTHLY,FEB,NEW MEXICO,NM,35,"MILK - PRODUCTION, MEASURED IN LB",LB,"447,000,000"
2026,MONTHLY,JAN,NEW MEXICO,NM,35,"MILK - PRODUCTION, MEASURED IN LB",LB,"486,000,000"
2026,MONTHLY,JAN THRU MAR,NEW MEXICO,NM,35,"MILK - PRODUCTION, MEASURED IN LB",LB,"1,454,000,000"
2026,MONTHLY,MAR,NEW MEXICO,NM,35,"MILK - PRODUCTION, MEASURED IN LB",LB,"521,000,000"
2026,MONTHLY,MAY,NEW MEXICO,NM,35,"MILK - PRODUCTION, MEASURED IN LB",LB,"515,000,000"
2026,MONTHLY,JAN THRU MAR,NEVADA,NV,32,"MILK - PRODUCTION, MEASURED IN LB",LB,"217,000,000"
2026,MONTHLY,APR,NEW YORK,NY,36,"MILK - PRODUCTION, MEASURED IN LB",LB,"1,406,000,000"
2026,MONTHLY,FEB,NEW YORK,NY,36,"MILK - PRODUCTION, MEASURED IN LB",LB,"1,286,000,000"
2026,MONTHLY,JAN,NEW YORK,NY,36,"MILK - PRODUCTION, MEASURED IN LB",LB,"1,410,000,000"
2026,MONTHLY,JAN THRU MAR,NEW YORK,NY,36,"MILK - PRODUCTION, MEASURED IN LB",LB,"4,133,000,000"
2026,MONTHLY,MAR,NEW YORK,NY,36,"MILK - PRODUCTION, MEASURED IN LB",LB,"1,420,000,000"
2026,MONTHLY,MAY,NEW YORK,NY,36,"MILK - PRODUCTION, MEASURED IN LB",LB,"1,445,000,000"
2026,MONTHLY,APR,OHIO,OH,39,"MILK - PRODUCTION, MEASURED IN LB",LB,"489,000,000"
2026,MONTHLY,FEB,OHIO,OH,39,"MILK - PRODUCTION, MEASURED IN LB",LB,"451,000,000"
2026,MONTHLY,JAN,OHIO,OH,39,"MILK - PRODUCTION, MEASURED IN LB",LB,"494,000,000"
2026,MONTHLY,JAN THRU MAR,OHIO,OH,39,"MILK - PRODUCTION, MEASURED IN LB",LB,"1,448,000,000"
2026,MONTHLY,MAR,OHIO,OH,39,"MILK - PRODUCTION, MEASURED IN LB",LB,"502,000,000"
2026,MONTHLY,MAY,OHIO,OH,39,"MILK - PRODUCTION, MEASURED IN LB",LB,"511,000,000"
2026,MONTHLY,JAN THRU MAR,OKLAHOMA,OK,40,"MILK - PRODUCTION, MEASURED IN LB",LB,"221,000,000"
2026,MONTHLY,APR,OREGON,OR,41,"MILK - PRODUCTION, MEASURED IN LB",LB,"219,000,000"
2026,MONTHLY,FEB,OREGON,OR,41,"MILK - PRODUCTION, MEASURED IN LB",LB,"200,000,000"
2026,MONTHLY,JAN,OREGON,OR,41,"MILK - PRODUCTION, MEASURED IN LB",LB,"215,000,000"
2026,MONTHLY,JAN THRU MAR,OREGON,OR,41,"MILK - PRODUCTION, MEASURED IN LB",LB,"638,000,000"
2026,MONTHLY,MAR,OREGON,OR,41,"MILK - PRODUCTION, MEASURED IN LB",LB,"225,000,000"
2026,MONTHLY,MAY,OREGON,OR,41,"MILK - PRODUCTION, MEASURED IN LB",LB,"227,000,000"
2026,MONTHLY,JAN THRU MAR,OTHER STATES,OT,98,"MILK - PRODUCTION, MEASURED IN LB",LB,"506,400,000"
2026,MONTHLY,APR,PENNSYLVANIA,PA,42,"MILK - PRODUCTION, MEASURED IN LB",LB,"823,000,000"
2026,MONTHLY,FEB,PENNSYLVANIA,PA,42,"MILK - PRODUCTION, MEASURED IN LB",LB,"755,000,000"
2026,MONTHLY,JAN,PENNSYLVANIA,PA,42,"MILK - PRODUCTION, MEASURED IN LB",LB,"817,000,000"
2026,MONTHLY,JAN THRU MAR,PENNSYLVANIA,PA,42,"MILK - PRODUCTION, MEASURED IN LB",LB,"2,417,000,000"
2026,MONTHLY,MAR,PENNSYLVANIA,PA,42,"MILK - PRODUCTION, MEASURED IN LB",LB,"845,000,000"
2026,MONTHLY,MAY,PENNSYLVANIA,PA,42,"MILK - PRODUCTION, MEASURED IN LB",LB,"832,000,000"
2026,MONTHLY,APR,SOUTH DAKOTA,SD,46,"MILK - PRODUCTION, MEASURED IN LB",LB,"466,000,000"
2026,MONTHLY,FEB,SOUTH DAKOTA,SD,46,"MILK - PRODUCTION, MEASURED IN LB",LB,"433,000,000"
2026,MONTHLY,JAN,SOUTH DAKOTA,SD,46,"MILK - PRODUCTION, MEASURED IN LB",LB,"481,000,000"
2026,MONTHLY,JAN THRU MAR,SOUTH DAKOTA,SD,46,"MILK - PRODUCTION, MEASURED IN LB",LB,"1,394,000,000"
2026,MONTHLY,MAR,SOUTH DAKOTA,SD,46,"MILK - PRODUCTION, MEASURED IN LB",LB,"480,000,000"
2026,MONTHLY,MAY,SOUTH DAKOTA,SD,46,"MILK - PRODUCTION, MEASURED IN LB",LB,"487,000,000"
2026,MONTHLY,JAN THRU MAR,TENNESSEE,TN,47,"MILK - PRODUCTION, MEASURED IN LB",LB,"103,000,000"
2026,MONTHLY,APR,TEXAS,TX,48,"MILK - PRODUCTION, MEASURED IN LB",LB,"1,588,000,000"
2026,MONTHLY,FEB,TEXAS,TX,48,"MILK - PRODUCTION, MEASURED IN LB",LB,"1,468,000,000"
2026,MONTHLY,JAN,TEXAS,TX,48,"MILK - PRODUCTION, MEASURED IN LB",LB,"1,598,000,000"
2026,MONTHLY,JAN THRU MAR,TEXAS,TX,48,"MILK - PRODUCTION, MEASURED IN LB",LB,"4,705,000,000"
2026,MONTHLY,MAR,TEXAS,TX,48,"MILK - PRODUCTION, MEASURED IN LB",LB,"1,639,000,000"
2026,MONTHLY,MAY,TEXAS,TX,48,"MILK - PRODUCTION, MEASURED IN LB",LB,"1,635,000,000"
2026,MONTHLY,APR,US TOTAL,US,99,"MILK - PRODUCTION, MEASURED IN LB",LB,"19,955,000,000"
2026,MONTHLY,FEB,US TOTAL,US,99,"MILK - PRODUCTION, MEASURED IN LB",LB,"18,262,000,000"
2026,MONTHLY,JAN,US TOTAL,US,99,"MILK - PRODUCTION, MEASURED IN LB",LB,"19,874,000,000"
2026,MONTHLY,JAN THRU MAR,US TOTAL,US,99,"MILK - PRODUCTION, MEASURED IN LB",LB,"58,598,000,000"
2026,MONTHLY,MAR,US TOTAL,US,99,"MILK - PRODUCTION, MEASURED IN LB",LB,"20,462,000,000"
2026,MONTHLY,MAY,US TOTAL,US,99,"MILK - PRODUCTION, MEASURED IN LB",LB,"20,565,000,000"
2026,MONTHLY,APR,UTAH,UT,49,"MILK - PRODUCTION, MEASURED IN LB",LB,"197,000,000"
2026,MONTHLY,FEB,UTAH,UT,49,"MILK - PRODUCTION, MEASURED IN LB",LB,"177,000,000"
2026,MONTHLY,JAN,UTAH,UT,49,"MILK - PRODUCTION, MEASURED IN LB",LB,"192,000,000"
2026,MONTHLY,JAN THRU MAR,UTAH,UT,49,"MILK - PRODUCTION, MEASURED IN LB",LB,"567,000,000"
2026,MONTHLY,MAR,UTAH,UT,49,"MILK - PRODUCTION, MEASURED IN LB",LB,"198,000,000"
2026,MONTHLY,MAY,UTAH,UT,49,"MILK - PRODUCTION, MEASURED IN LB",LB,"207,000,000"
2026,MONTHLY,APR,VIRGINIA,VA,51,"MILK - PRODUCTION, MEASURED IN LB",LB,"122,000,000"
2026,MONTHLY,FEB,VIRGINIA,VA,51,"MILK - PRODUCTION, MEASURED IN LB",LB,"111,000,000"
2026,MONTHLY,JAN,VIRGINIA,VA,51,"MILK - PRODUCTION, MEASURED IN LB",LB,"121,000,000"
2026,MONTHLY,JAN THRU MAR,VIRGINIA,VA,51,"MILK - PRODUCTION, MEASURED IN LB",LB,"358,000,000"
2026,MONTHLY,MAR,VIRGINIA,VA,51,"MILK - PRODUCTION, MEASURED IN LB",LB,"126,000,000"
2026,MONTHLY,MAY,VIRGINIA,VA,51,"MILK - PRODUCTION, MEASURED IN LB",LB,"122,000,000"
2026,MONTHLY,APR,VERMONT,VT,50,"MILK - PRODUCTION, MEASURED IN LB",LB,"208,000,000"
2026,MONTHLY,FEB,VERMONT,VT,50,"MILK - PRODUCTION, MEASURED IN LB",LB,"193,000,000"
2026,MONTHLY,JAN,VERMONT,VT,50,"MILK - PRODUCTION, MEASURED IN LB",LB,"212,000,000"
2026,MONTHLY,JAN THRU MAR,VERMONT,VT,50,"MILK - PRODUCTION, MEASURED IN LB",LB,"621,000,000"
2026,MONTHLY,MAR,VERMONT,VT,50,"MILK - PRODUCTION, MEASURED IN LB",LB,"216,000,000"
2026,MONTHLY,MAY,VERMONT,VT,50,"MILK - PRODUCTION, MEASURED IN LB",LB,"214,000,000"
2026,MONTHLY,APR,WASHINGTON,WA,53,"MILK - PRODUCTION, MEASURED IN LB",LB,"477,000,000"
2026,MONTHLY,FEB,WASHINGTON,WA,53,"MILK - PRODUCTION, MEASURED IN LB",LB,"439,000,000"
2026,MONTHLY,JAN,WASHINGTON,WA,53,"MILK - PRODUCTION, MEASURED IN LB",LB,"477,000,000"
2026,MONTHLY,JAN THRU MAR,WASHINGTON,WA,53,"MILK - PRODUCTION, MEASURED IN LB",LB,"1,406,000,000"
2026,MONTHLY,MAR,WASHINGTON,WA,53,"MILK - PRODUCTION, MEASURED IN LB",LB,"489,000,000"
2026,MONTHLY,MAY,WASHINGTON,WA,53,"MILK - PRODUCTION, MEASURED IN LB",LB,"495,000,000"
2026,MONTHLY,APR,WISCONSIN,WI,55,"MILK - PRODUCTION, MEASURED IN LB",LB,"2,782,000,000"
2026,MONTHLY,FEB,WISCONSIN,WI,55,"MILK - PRODUCTION, MEASURED IN LB",LB,"2,560,000,000"
2026,MONTHLY,JAN,WISCONSIN,WI,55,"MILK - PRODUCTION, MEASURED IN LB",LB,"2,774,000,000"
2026,MONTHLY,JAN THRU MAR,WISCONSIN,WI,55,"MILK - PRODUCTION, MEASURED IN LB",LB,"8,185,000,000"
2026,MONTHLY,MAR,WISCONSIN,WI,55,"MILK - PRODUCTION, MEASURED IN LB",LB,"2,869,000,000"
2026,MONTHLY,MAY,WISCONSIN,WI,55,"MILK - PRODUCTION, MEASURED IN LB",LB,"2,899,000,000"
